,Unnamed: 0.1,Unnamed: 0,Date,CARR,CARR_6m,CARR_12m
0,0,0,2020-03-19,11.393549919128418,,
1,1,1,2020-03-20,12.105646133422852,,
2,2,2,2020-03-23,10.956794738769531,,
3,3,3,2020-03-24,11.108709335327148,,
4,4,4,2020-03-25,12.770269393920898,,
5,5,5,2020-03-26,14.669195175170898,,
6,6,6,2020-03-27,13.814679145812988,11.393549919128418,
7,7,7,2020-03-30,15.096453666687012,12.105646133422852,
8,8,8,2020-03-31,16.37822914123535,10.956794738769531,
9,9,9,2020-04-01,14.289410591125488,11.108709335327148,
10,10,10,2020-04-02,12.608860969543455,12.770269393920898,
11,11,11,2020-04-03,16.06490707397461,14.669195175170898,
12,12,12,2020-04-06,14.659701347351074,13.814679145812988,11.393549919128418
13,13,13,2020-04-07,14.479303359985352,15.096453666687012,12.105646133422852
14,14,14,2020-04-08,13.539335250854492,16.37822914123535,10.956794738769531
15,15,15,2020-04-09,14.033055305480955,14.289410591125488,11.108709335327148
16,16,16,2020-04-13,13.28297996520996,12.608860969543455,12.770269393920898
17,17,17,2020-04-14,13.169045448303224,16.06490707397461,14.669195175170898
18,18,18,2020-04-15,12.684818267822266,14.659701347351074,13.814679145812988
19,19,19,2020-04-16,12.238570213317873,14.479303359985352,15.096453666687012
20,20,20,2020-04-17,13.045613288879396,13.539335250854492,16.37822914123535
21,21,21,2020-04-20,13.719732284545898,14.033055305480955,14.289410591125488
22,22,22,2020-04-21,13.947602272033691,13.28297996520996,12.608860969543455
23,23,23,2020-04-22,14.04254913330078,13.169045448303224,16.06490707397461
24,24,24,2020-04-23,14.925549507141112,12.684818267822266,14.659701347351074
25,25,25,2020-04-24,15.428766250610352,12.238570213317873,14.479303359985352
26,26,26,2020-04-27,15.950967788696287,13.045613288879396,13.539335250854492
27,27,27,2020-04-28,16.14086151123047,13.719732284545898,14.033055305480955
28,28,28,2020-04-29,16.748519897460938,13.947602272033691,13.28297996520996
29,29,29,2020-04-30,16.81498146057129,14.04254913330078,13.169045448303224
30,30,30,2020-05-01,15.922486305236816,14.925549507141112,12.684818267822266
31,31,31,2020-05-04,15.571184158325195,15.428766250610352,12.238570213317873
32,32,32,2020-05-05,15.16291618347168,15.950967788696287,13.045613288879396
33,33,33,2020-05-06,15.46674346923828,16.14086151123047,13.719732284545898
34,34,34,2020-05-07,15.58067798614502,16.748519897460938,13.947602272033691
35,35,35,2020-05-08,17.432132720947266,16.81498146057129,14.04254913330078
36,36,36,2020-05-11,17.422636032104492,15.922486305236816,14.925549507141112
37,37,37,2020-05-12,16.900436401367188,15.571184158325195,15.428766250610352
38,38,38,2020-05-13,15.60916519165039,15.16291618347168,15.950967788696287
39,39,39,2020-05-14,15.713603019714355,15.46674346923828,16.14086151123047
40,40,40,2020-05-15,15.865517616271973,15.58067798614502,16.748519897460938
41,41,41,2020-05-18,16.663068771362305,17.432132720947266,16.81498146057129
42,42,42,2020-05-19,16.871952056884766,17.422636032104492,15.922486305236816
43,43,43,2020-05-20,17.78343391418457,16.900436401367188,15.571184158325195
44,44,44,2020-05-21,18.46704864501953,15.60916519165039,15.16291618347168
45,45,45,2020-05-22,18.08726119995117,15.713603019714355,15.46674346923828
46,46,46,2020-05-26,18.52401161193848,15.865517616271973,15.58067798614502
47,47,47,2020-05-27,18.97975349426269,16.663068771362305,17.432132720947266
48,48,48,2020-05-28,18.609468460083008,16.871952056884766,17.422636032104492
49,49,49,2020-05-29,19.43549346923828,17.78343391418457,16.900436401367188
50,50,50,2020-06-01,20.717269897460938,18.46704864501953,15.60916519165039
51,51,51,2020-06-02,20.28051948547364,18.08726119995117,15.713603019714355
52,52,52,2020-06-03,21.097055435180664,18.52401161193848,15.865517616271973
53,53,53,2020-06-04,21.5338077545166,18.97975349426269,16.663068771362305
54,54,54,2020-06-05,22.36933708190918,18.609468460083008,16.871952056884766
55,55,55,2020-06-08,23.13840675354004,19.43549346923828,17.78343391418457
56,56,56,2020-06-09,22.037023544311523,20.717269897460938,18.46704864501953
57,57,57,2020-06-10,21.078067779541016,20.28051948547364,18.08726119995117
58,58,58,2020-06-11,19.995681762695312,21.097055435180664,18.52401161193848
59,59,59,2020-06-12,20.45142364501953,21.5338077545166,18.97975349426269
60,60,60,2020-06-15,20.85968780517578,22.36933708190918,18.609468460083008
61,61,61,2020-06-16,20.95463752746582,23.13840675354004,19.43549346923828
62,62,62,2020-06-17,20.185571670532227,22.037023544311523,20.717269897460938
63,63,63,2020-06-18,20.17607879638672,21.078067779541016,20.28051948547364
64,64,64,2020-06-19,20.36596870422364,19.995681762695312,21.097055435180664
65,65,65,2020-06-22,21.59077453613281,20.45142364501953,21.5338077545166
66,66,66,2020-06-23,21.258464813232425,20.85968780517578,22.36933708190918
67,67,67,2020-06-24,20.717269897460938,20.95463752746582,23.13840675354004
68,68,68,2020-06-25,20.50761985778809,20.185571670532227,22.037023544311523
69,69,69,2020-06-26,19.983491897583008,20.17607879638672,21.078067779541016
70,70,70,2020-06-29,21.07939338684082,20.36596870422364,19.995681762695312
71,71,71,2020-06-30,21.174692153930664,21.59077453613281,20.45142364501953
72,72,72,2020-07-01,21.546342849731445,21.258464813232425,20.85968780517578
73,73,73,2020-07-02,21.83222770690918,20.717269897460938,20.95463752746582
74,74,74,2020-07-06,23.071075439453125,20.50761985778809,20.185571670532227
75,75,75,2020-07-07,22.880483627319336,19.983491897583008,20.17607879638672
76,76,76,2020-07-08,22.861421585083008,21.07939338684082,20.36596870422364
77,77,77,2020-07-09,22.78518486022949,21.174692153930664,21.59077453613281
78,78,78,2020-07-10,23.71907997131348,21.546342849731445,21.258464813232425
79,79,79,2020-07-13,23.137779235839844,21.83222770690918,20.717269897460938
80,80,80,2020-07-14,23.96685218811035,23.071075439453125,20.50761985778809
81,81,81,2020-07-15,25.205698013305664,22.880483627319336,19.983491897583008
82,82,82,2020-07-16,25.3581657409668,22.861421585083008,21.07939338684082
83,83,83,2020-07-17,25.234283447265625,22.78518486022949,21.174692153930664
84,84,84,2020-07-20,25.16757583618164,23.71907997131348,21.546342849731445
85,85,85,2020-07-21,25.32004737854004,23.137779235839844,21.83222770690918
86,86,86,2020-07-22,25.3486385345459,23.96685218811035,23.071075439453125
87,87,87,2020-07-23,26.06335830688477,25.205698013305664,22.880483627319336
88,88,88,2020-07-24,25.32958221435547,25.3581657409668,22.861421585083008
89,89,89,2020-07-27,25.01510429382324,25.234283447265625,22.78518486022949
90,90,90,2020-07-28,24.843568801879883,25.16757583618164,23.71907997131348
91,91,91,2020-07-29,25.901355743408203,25.32004737854004,23.137779235839844
92,92,92,2020-07-30,25.6345272064209,25.3486385345459,23.96685218811035
93,93,93,2020-07-31,25.958526611328125,26.06335830688477,25.205698013305664
94,94,94,2020-08-03,26.32065391540528,25.32958221435547,25.3581657409668
95,95,95,2020-08-04,26.463598251342773,25.01510429382324,25.234283447265625
96,96,96,2020-08-05,26.7876033782959,24.843568801879883,25.16757583618164
97,97,97,2020-08-06,26.940074920654297,25.901355743408203,25.32004737854004
98,98,98,2020-08-07,27.60714530944824,25.6345272064209,25.3486385345459
99,99,99,2020-08-10,28.0740909576416,25.958526611328125,26.06335830688477
100,100,100,2020-08-11,28.102684020996094,26.32065391540528,25.32958221435547
101,101,101,2020-08-12,28.388568878173828,26.463598251342773,25.01510429382324
102,102,102,2020-08-13,28.150333404541016,26.7876033782959,24.843568801879883
103,103,103,2020-08-14,28.13127326965332,26.940074920654297,25.901355743408203
104,104,104,2020-08-17,28.43621826171875,27.60714530944824,25.6345272064209
105,105,105,2020-08-18,28.0740909576416,28.0740909576416,25.958526611328125
106,106,106,2020-08-19,27.87397003173828,28.102684020996094,26.32065391540528
107,107,107,2020-08-20,27.64526557922364,28.388568878173828,26.463598251342773
108,108,108,2020-08-21,28.13127326965332,28.150333404541016,26.7876033782959
109,109,109,2020-08-24,28.9508113861084,28.13127326965332,26.940074920654297
110,110,110,2020-08-25,29.03658103942871,28.43621826171875,27.60714530944824
111,111,111,2020-08-26,29.570236206054688,28.0740909576416,28.0740909576416
112,112,112,2020-08-27,28.855518341064453,27.87397003173828,28.102684020996094
113,113,113,2020-08-28,28.87457656860352,27.64526557922364,28.388568878173828
114,114,114,2020-08-31,28.445741653442383,28.13127326965332,28.150333404541016
115,115,115,2020-09-01,28.87457656860352,28.9508113861084,28.13127326965332
116,116,116,2020-09-02,29.33199882507324,29.03658103942871,28.43621826171875
117,117,117,2020-09-03,27.95020866394043,29.570236206054688,28.0740909576416
118,118,118,2020-09-04,28.58868789672852,28.855518341064453,27.87397003173828
119,119,119,2020-09-08,28.17892265319824,28.87457656860352,27.64526557922364
120,120,120,2020-09-09,28.712570190429688,28.445741653442383,28.13127326965332
121,121,121,2020-09-10,27.76914978027344,28.87457656860352,28.9508113861084
122,122,122,2020-09-11,27.86444664001465,29.33199882507324,29.03658103942871
123,123,123,2020-09-14,27.778676986694336,27.95020866394043,29.570236206054688
124,124,124,2020-09-15,28.293275833129883,28.58868789672852,28.855518341064453
125,125,125,2020-09-16,28.826929092407227,28.17892265319824,28.87457656860352
126,126,126,2020-09-17,29.217641830444336,28.712570190429688,28.445741653442383
127,127,127,2020-09-18,29.341527938842773,27.76914978027344,28.87457656860352
128,128,128,2020-09-21,28.12174224853516,27.86444664001465,29.33199882507324
129,129,129,2020-09-22,28.83646011352539,27.778676986694336,27.95020866394043
130,130,130,2020-09-23,27.740556716918945,28.293275833129883,28.58868789672852
131,131,131,2020-09-24,28.474334716796875,28.826929092407227,28.17892265319824
132,132,132,2020-09-25,29.055639266967773,29.217641830444336,28.712570190429688
133,133,133,2020-09-28,29.29388236999512,29.341527938842773,27.76914978027344
134,134,134,2020-09-29,29.065170288085938,28.12174224853516,27.86444664001465
135,135,135,2020-09-30,29.10328865051269,28.83646011352539,27.778676986694336
136,136,136,2020-10-01,29.322465896606445,27.740556716918945,28.293275833129883
137,137,137,2020-10-02,29.76082420349121,28.474334716796875,28.826929092407227
138,138,138,2020-10-05,30.57084274291992,29.055639266967773,29.217641830444336
139,139,139,2020-10-06,30.02765846252441,29.29388236999512,29.341527938842773
140,140,140,2020-10-07,30.60895347595215,29.065170288085938,28.12174224853516
141,141,141,2020-10-08,30.44695472717285,29.10328865051269,28.83646011352539
142,142,142,2020-10-09,30.71378517150879,29.322465896606445,27.740556716918945
143,143,143,2020-10-12,31.44756126403809,29.76082420349121,28.474334716796875
144,144,144,2020-10-13,30.96155548095703,30.57084274291992,29.055639266967773
145,145,145,2020-10-14,30.980607986450195,30.02765846252441,29.29388236999512
146,146,146,2020-10-15,31.066375732421875,30.60895347595215,29.065170288085938
147,147,147,2020-10-16,31.21885108947754,30.44695472717285,29.10328865051269
148,148,148,2020-10-19,30.799549102783203,30.71378517150879,29.322465896606445
149,149,149,2020-10-20,31.66673469543457,31.44756126403809,29.76082420349121
150,150,150,2020-10-21,31.781089782714844,30.96155548095703,30.57084274291992
151,151,151,2020-10-22,32.295692443847656,30.980607986450195,30.02765846252441
152,152,152,2020-10-23,33.28676223754883,31.066375732421875,30.60895347595215
153,153,153,2020-10-26,32.1241569519043,31.21885108947754,30.44695472717285
154,154,154,2020-10-27,32.01932907104492,30.799549102783203,30.71378517150879
155,155,155,2020-10-28,31.733448028564453,31.66673469543457,31.44756126403809
156,156,156,2020-10-29,32.545406341552734,31.781089782714844,30.96155548095703
157,157,157,2020-10-30,31.895841598510746,32.295692443847656,30.980607986450195
158,158,158,2020-11-02,33.529319763183594,33.28676223754883,31.066375732421875
159,159,159,2020-11-03,35.296539306640625,32.1241569519043,31.21885108947754
160,160,160,2020-11-04,35.1341438293457,32.01932907104492,30.799549102783203
161,161,161,2020-11-05,36.4906005859375,31.733448028564453,31.66673469543457
162,162,162,2020-11-06,37.20703887939453,32.545406341552734,31.781089782714844
163,163,163,2020-11-09,37.06374740600586,31.895841598510746,32.295692443847656
164,164,164,2020-11-10,36.11804962158203,33.529319763183594,33.28676223754883
165,165,165,2020-11-11,36.35686111450195,35.296539306640625,32.1241569519043
166,166,166,2020-11-12,36.26133346557617,35.1341438293457,32.01932907104492
167,167,167,2020-11-13,36.576568603515625,36.4906005859375,31.733448028564453
168,168,168,2020-11-16,38.68767547607422,37.20703887939453,32.545406341552734
169,169,169,2020-11-17,38.5539436340332,37.06374740600586,31.895841598510746
170,170,170,2020-11-18,37.627349853515625,36.11804962158203,33.529319763183594
171,171,171,2020-11-19,37.37898254394531,36.35686111450195,35.296539306640625
172,172,172,2020-11-20,36.81538009643555,36.26133346557617,35.1341438293457
173,173,173,2020-11-23,37.03509140014648,36.576568603515625,36.4906005859375
174,174,174,2020-11-24,37.60823822021485,38.68767547607422,37.20703887939453
175,175,175,2020-11-25,36.88225555419922,38.5539436340332,37.06374740600586
176,176,176,2020-11-27,36.11804962158203,37.627349853515625,36.11804962158203
177,177,177,2020-11-30,36.36642074584961,37.37898254394531,36.35686111450195
178,178,178,2020-12-01,35.91745376586914,36.81538009643555,36.26133346557617
179,179,179,2020-12-02,35.18191146850586,37.03509140014648,36.576568603515625
180,180,180,2020-12-03,35.04816436767578,37.60823822021485,38.68767547607422
181,181,181,2020-12-04,36.01296615600586,36.88225555419922,38.5539436340332
182,182,182,2020-12-07,35.19145965576172,36.11804962158203,37.627349853515625
183,183,183,2020-12-08,35.63086700439453,36.36642074584961,37.37898254394531
184,184,184,2020-12-09,36.14670181274414,35.91745376586914,36.81538009643555
185,185,185,2020-12-10,35.860137939453125,35.18191146850586,37.03509140014648
186,186,186,2020-12-11,35.49713516235352,35.04816436767578,37.60823822021485
187,187,187,2020-12-14,34.98130416870117,36.01296615600586,36.88225555419922
188,188,188,2020-12-15,35.984317779541016,35.19145965576172,36.11804962158203
189,189,189,2020-12-16,36.29954528808594,35.63086700439453,36.36642074584961
190,190,190,2020-12-17,36.96823120117188,36.14670181274414,35.91745376586914
191,191,191,2020-12-18,37.054195404052734,35.860137939453125,35.18191146850586
192,192,192,2020-12-21,36.79627990722656,35.49713516235352,35.04816436767578
193,193,193,2020-12-22,36.44172668457031,34.98130416870117,36.01296615600586
194,194,194,2020-12-23,36.56630325317383,35.984317779541016,35.19145965576172
195,195,195,2020-12-24,36.30757522583008,36.29954528808594,35.63086700439453
196,196,196,2020-12-28,36.18300628662109,36.96823120117188,36.14670181274414
197,197,197,2020-12-29,35.617645263671875,37.054195404052734,35.860137939453125
198,198,198,2020-12-30,36.15425491333008,36.79627990722656,35.49713516235352
199,199,199,2020-12-31,36.14468002319336,36.44172668457031,34.98130416870117
200,200,200,2021-01-04,35.483497619628906,36.56630325317383,35.984317779541016
201,201,201,2021-01-05,36.35548782348633,36.30757522583008,36.29954528808594
202,202,202,2021-01-06,38.37736511230469,36.18300628662109,36.96823120117188
203,203,203,2021-01-07,39.37393569946289,35.617645263671875,37.054195404052734
204,204,204,2021-01-08,38.99063873291016,36.15425491333008,36.79627990722656
205,205,205,2021-01-11,39.83388900756836,36.14468002319336,36.44172668457031
206,206,206,2021-01-12,39.99678421020508,35.483497619628906,36.56630325317383
207,207,207,2021-01-13,39.65182113647461,36.35548782348633,36.30757522583008
208,208,208,2021-01-14,39.09604263305664,38.37736511230469,36.18300628662109
209,209,209,2021-01-15,38.69358444213867,39.37393569946289,35.617645263671875
210,210,210,2021-01-19,38.68400573730469,38.99063873291016,36.15425491333008
211,211,211,2021-01-20,38.36778259277344,39.83388900756836,36.14468002319336
212,212,212,2021-01-21,38.0803108215332,39.99678421020508,35.483497619628906
213,213,213,2021-01-22,37.85992050170898,39.65182113647461,36.35548782348633
214,214,214,2021-01-25,37.26581573486328,39.09604263305664,38.37736511230469
215,215,215,2021-01-26,35.76137924194336,38.69358444213867,39.37393569946289
216,216,216,2021-01-27,34.71690368652344,38.68400573730469,38.99063873291016
217,217,217,2021-01-28,36.60463333129883,38.36778259277344,39.83388900756836
218,218,218,2021-01-29,36.8921012878418,38.0803108215332,39.99678421020508
219,219,219,2021-02-01,37.045406341552734,37.85992050170898,39.65182113647461
220,220,220,2021-02-02,36.8729362487793,37.26581573486328,39.09604263305664
221,221,221,2021-02-03,36.55671691894531,35.76137924194336,38.69358444213867
222,222,222,2021-02-04,36.72920608520508,34.71690368652344,38.68400573730469
223,223,223,2021-02-05,37.51495361328125,36.60463333129883,38.36778259277344
224,224,224,2021-02-08,38.04198455810547,36.8921012878418,38.0803108215332
225,225,225,2021-02-09,35.694305419921875,37.045406341552734,37.85992050170898
226,226,226,2021-02-10,35.636810302734375,36.8729362487793,37.26581573486328
227,227,227,2021-02-11,35.646392822265625,36.55671691894531,35.76137924194336
228,228,228,2021-02-12,35.72304916381836,36.72920608520508,34.71690368652344
229,229,229,2021-02-16,35.847625732421875,37.51495361328125,36.60463333129883
230,230,230,2021-02-17,35.68472671508789,38.04198455810547,36.8921012878418
231,231,231,2021-02-18,35.119361877441406,35.694305419921875,37.045406341552734
232,232,232,2021-02-19,36.068016052246094,35.636810302734375,36.8729362487793
233,233,233,2021-02-22,35.74221420288086,35.646392822265625,36.55671691894531
234,234,234,2021-02-23,35.55057144165039,35.72304916381836,36.72920608520508
235,235,235,2021-02-24,35.885955810546875,35.847625732421875,37.51495361328125
236,236,236,2021-02-25,34.63066101074219,35.68472671508789,38.04198455810547
237,237,237,2021-02-26,35.0043830871582,35.119361877441406,35.694305419921875
238,238,238,2021-03-01,35.646392822265625,36.068016052246094,35.636810302734375
239,239,239,2021-03-02,35.58890151977539,35.74221420288086,35.646392822265625
240,240,240,2021-03-03,35.569732666015625,35.55057144165039,35.72304916381836
241,241,241,2021-03-04,34.036556243896484,35.885955810546875,35.847625732421875
242,242,242,2021-03-05,35.397254943847656,34.63066101074219,35.68472671508789
243,243,243,2021-03-08,35.51224899291992,35.0043830871582,35.119361877441406
244,244,244,2021-03-09,35.569732666015625,35.646392822265625,36.068016052246094
245,245,245,2021-03-10,37.16040802001953,35.58890151977539,35.74221420288086
246,246,246,2021-03-11,37.59161758422852,35.569732666015625,35.55057144165039
247,247,247,2021-03-12,37.93658065795898,34.036556243896484,35.885955810546875
248,248,248,2021-03-15,37.94615936279297,35.397254943847656,34.63066101074219
249,249,249,2021-03-16,36.95918273925781,35.51224899291992,35.0043830871582
250,250,250,2021-03-17,37.70659637451172,35.569732666015625,35.646392822265625
251,251,251,2021-03-18,39.28769302368164,37.16040802001953,35.58890151977539
252,252,252,2021-03-19,39.20145034790039,37.59161758422852,35.569732666015625
253,253,253,2021-03-22,39.68056869506836,37.93658065795898,34.036556243896484
254,254,254,2021-03-23,38.60734176635742,37.94615936279297,35.397254943847656
255,255,255,2021-03-24,38.46360778808594,36.95918273925781,35.51224899291992
256,256,256,2021-03-25,38.664833068847656,37.70659637451172,35.569732666015625
257,257,257,2021-03-26,39.37393569946289,39.28769302368164,37.16040802001953
258,258,258,2021-03-29,40.57173538208008,39.20145034790039,37.59161758422852
259,259,259,2021-03-30,40.59089279174805,39.68056869506836,37.93658065795898
260,260,260,2021-03-31,40.45674514770508,38.60734176635742,37.94615936279297
261,261,261,2021-04-01,40.26509094238281,38.46360778808594,36.95918273925781
262,262,262,2021-04-05,40.80170822143555,38.664833068847656,37.70659637451172
263,263,263,2021-04-06,41.022098541259766,39.37393569946289,39.28769302368164
264,264,264,2021-04-07,40.9071159362793,40.57173538208008,39.20145034790039
265,265,265,2021-04-08,40.75379180908203,40.59089279174805,39.68056869506836
266,266,266,2021-04-09,40.964603424072266,40.45674514770508,38.60734176635742
267,267,267,2021-04-12,40.82086563110352,40.26509094238281,38.46360778808594
268,268,268,2021-04-13,41.35748291015625,40.80170822143555,38.664833068847656
269,269,269,2021-04-14,41.328739166259766,41.022098541259766,39.37393569946289
270,270,270,2021-04-15,41.76952362060547,40.9071159362793,40.57173538208008
271,271,271,2021-04-16,42.04741668701172,40.75379180908203,40.59089279174805
272,272,272,2021-04-19,42.03782653808594,40.964603424072266,40.45674514770508
273,273,273,2021-04-20,40.74421310424805,40.82086563110352,40.26509094238281
274,274,274,2021-04-21,41.26166915893555,41.35748291015625,40.80170822143555
275,275,275,2021-04-22,41.29041290283203,41.328739166259766,41.022098541259766
276,276,276,2021-04-23,42.612770080566406,41.76952362060547,40.9071159362793
277,277,277,2021-04-26,42.25822448730469,42.04741668701172,40.75379180908203
278,278,278,2021-04-27,43.082305908203125,42.03782653808594,40.964603424072266
279,279,279,2021-04-28,42.63193893432617,40.74421310424805,40.82086563110352
280,280,280,2021-04-29,42.3061408996582,41.26166915893555,41.35748291015625
281,281,281,2021-04-30,41.87376022338867,41.29041290283203,41.328739166259766
282,282,282,2021-05-03,41.75845718383789,42.612770080566406,41.76952362060547
283,283,283,2021-05-04,41.44137573242188,42.25822448730469,42.04741668701172
284,284,284,2021-05-05,41.57588958740234,43.082305908203125,42.03782653808594
285,285,285,2021-05-06,42.43104553222656,42.63193893432617,40.74421310424805
286,286,286,2021-05-07,43.08442687988281,42.3061408996582,41.26166915893555
287,287,287,2021-05-10,43.632110595703125,41.87376022338867,41.29041290283203
288,288,288,2021-05-11,42.75774002075195,41.75845718383789,42.612770080566406
289,289,289,2021-05-12,40.768775939941406,41.44137573242188,42.25822448730469
290,290,290,2021-05-13,41.556671142578125,41.57588958740234,43.082305908203125
291,291,291,2021-05-14,41.9314079284668,42.43104553222656,42.63193893432617
292,292,292,2021-05-17,42.440650939941406,43.08442687988281,42.3061408996582
293,293,293,2021-05-18,41.95061874389648,43.632110595703125,41.87376022338867
294,294,294,2021-05-19,41.73923110961914,42.75774002075195,41.75845718383789
295,295,295,2021-05-20,42.17161560058594,40.768775939941406,41.44137573242188
296,296,296,2021-05-21,42.16201400756836,41.556671142578125,41.57588958740234
297,297,297,2021-05-24,42.64243316650391,41.9314079284668,42.43104553222656
298,298,298,2021-05-25,42.9691276550293,42.440650939941406,43.08442687988281
299,299,299,2021-05-26,42.9691276550293,41.95061874389648,43.632110595703125
300,300,300,2021-05-27,43.53602981567383,41.73923110961914,42.75774002075195
301,301,301,2021-05-28,44.13175201416016,42.17161560058594,40.768775939941406
302,302,302,2021-06-01,45.01573181152344,42.16201400756836,41.556671142578125
303,303,303,2021-06-02,44.247047424316406,42.64243316650391,41.9314079284668
304,304,304,2021-06-03,43.939579010009766,42.9691276550293,42.440650939941406
305,305,305,2021-06-04,44.09331130981445,42.9691276550293,41.95061874389648
306,306,306,2021-06-07,44.25666427612305,43.53602981567383,41.73923110961914
307,307,307,2021-06-08,44.5449104309082,44.13175201416016,42.17161560058594
308,308,308,2021-06-09,44.38157272338867,45.01573181152344,42.16201400756836
309,309,309,2021-06-10,44.06448745727539,44.247047424316406,42.64243316650391
310,310,310,2021-06-11,44.29508972167969,43.939579010009766,42.9691276550293
311,311,311,2021-06-14,44.400787353515625,44.09331130981445,42.9691276550293
312,312,312,2021-06-15,44.70825958251953,44.25666427612305,43.53602981567383
313,313,313,2021-06-16,45.07337951660156,44.5449104309082,44.13175201416016
314,314,314,2021-06-17,44.323917388916016,44.38157272338867,45.01573181152344
315,315,315,2021-06-18,43.28619384765625,44.06448745727539,44.247047424316406
316,316,316,2021-06-21,44.6794319152832,44.29508972167969,43.939579010009766
317,317,317,2021-06-22,44.3046989440918,44.400787353515625,44.09331130981445
318,318,318,2021-06-23,44.41067123413086,44.70825958251953,44.25666427612305
319,319,319,2021-06-24,44.526275634765625,45.07337951660156,44.5449104309082
320,320,320,2021-06-25,45.335487365722656,44.323917388916016,44.38157272338867
321,321,321,2021-06-28,46.12544250488281,43.28619384765625,44.06448745727539
322,322,322,2021-06-29,46.92502212524414,44.6794319152832,44.29508972167969
323,323,323,2021-06-30,46.81906127929688,44.3046989440918,44.400787353515625
324,324,324,2021-07-01,46.96355819702149,44.41067123413086,44.70825958251953
325,325,325,2021-07-02,46.74198532104492,44.526275634765625,45.07337951660156
326,326,326,2021-07-06,46.404815673828125,45.335487365722656,44.323917388916016
327,327,327,2021-07-07,47.040626525878906,46.12544250488281,43.28619384765625
328,328,328,2021-07-08,46.28921127319336,46.92502212524414,44.6794319152832
329,329,329,2021-07-09,46.50114822387695,46.81906127929688,44.3046989440918
330,330,330,2021-07-12,47.406700134277344,46.96355819702149,44.41067123413086
331,331,331,2021-07-13,47.42597579956055,46.74198532104492,44.526275634765625
332,332,332,2021-07-14,47.20439910888672,46.404815673828125,45.335487365722656
333,333,333,2021-07-15,47.74388122558594,47.040626525878906,46.12544250488281
334,334,334,2021-07-16,47.28147506713867,46.28921127319336,46.92502212524414
335,335,335,2021-07-19,46.48188781738281,46.50114822387695,46.81906127929688
336,336,336,2021-07-20,48.0714225769043,47.406700134277344,46.96355819702149
337,337,337,2021-07-21,48.601261138916016,47.42597579956055,46.74198532104492
338,338,338,2021-07-22,48.94807815551758,47.20439910888672,46.404815673828125
339,339,339,2021-07-23,49.998138427734375,47.74388122558594,47.040626525878906
340,340,340,2021-07-26,49.6224250793457,47.28147506713867,46.28921127319336
341,341,341,2021-07-27,50.05593490600586,46.48188781738281,46.50114822387695
342,342,342,2021-07-28,49.68022155761719,48.0714225769043,47.406700134277344
343,343,343,2021-07-29,51.9633674621582,48.601261138916016,47.42597579956055
344,344,344,2021-07-30,53.225364685058594,48.94807815551758,47.20439910888672
345,345,345,2021-08-02,52.60883331298828,49.998138427734375,47.74388122558594
346,346,346,2021-08-03,55.08464050292969,49.6224250793457,47.28147506713867
347,347,347,2021-08-04,54.94977569580078,50.05593490600586,46.48188781738281
348,348,348,2021-08-05,54.25616455078125,49.68022155761719,48.0714225769043
349,349,349,2021-08-06,54.31396484375,51.9633674621582,48.601261138916016
350,350,350,2021-08-09,54.17909240722656,53.225364685058594,48.94807815551758
351,351,351,2021-08-10,54.53553009033203,52.60883331298828,49.998138427734375
352,352,352,2021-08-11,54.80527114868164,55.08464050292969,49.6224250793457
353,353,353,2021-08-12,53.928619384765625,54.94977569580078,50.05593490600586
354,354,354,2021-08-13,54.09239196777344,54.25616455078125,49.68022155761719
355,355,355,2021-08-16,54.52590560913086,54.31396484375,51.9633674621582
356,356,356,2021-08-17,53.129032135009766,54.17909240722656,53.225364685058594
357,357,357,2021-08-18,53.14829635620117,54.53553009033203,52.60883331298828
358,358,358,2021-08-19,53.225364685058594,54.80527114868164,55.08464050292969
359,359,359,2021-08-20,53.34096908569336,53.928619384765625,54.94977569580078
360,360,360,2021-08-23,53.8322868347168,54.09239196777344,54.25616455078125
361,361,361,2021-08-24,54.53553009033203,54.52590560913086,54.31396484375
362,362,362,2021-08-25,55.62412643432617,53.129032135009766,54.17909240722656
363,363,363,2021-08-26,55.27731704711914,53.14829635620117,54.53553009033203
364,364,364,2021-08-27,56.1828727722168,53.225364685058594,54.80527114868164
365,365,365,2021-08-30,55.90349578857422,53.34096908569336,53.928619384765625
366,366,366,2021-08-31,55.4892463684082,53.8322868347168,54.09239196777344
367,367,367,2021-09-01,55.76863098144531,54.53553009033203,54.52590560913086
368,368,368,2021-09-02,55.79752349853516,55.62412643432617,53.129032135009766
369,369,369,2021-09-03,55.30621719360352,55.27731704711914,53.14829635620117
370,370,370,2021-09-07,54.15982818603516,56.1828727722168,53.225364685058594
371,371,371,2021-09-08,54.58369445800781,55.90349578857422,53.34096908569336
372,372,372,2021-09-09,54.6511344909668,55.4892463684082,53.8322868347168
373,373,373,2021-09-10,54.36213302612305,55.76863098144531,54.53553009033203
374,374,374,2021-09-13,53.69741439819336,55.79752349853516,55.62412643432617
375,375,375,2021-09-14,52.96526336669922,55.30621719360352,55.27731704711914
376,376,376,2021-09-15,53.716678619384766,54.15982818603516,56.1828727722168
377,377,377,2021-09-16,53.05196762084961,54.58369445800781,55.90349578857422
378,378,378,2021-09-17,52.98453521728516,54.6511344909668,55.4892463684082
379,379,379,2021-09-20,51.84777069091797,54.36213302612305,55.76863098144531
380,380,380,2021-09-21,49.79582214355469,53.69741439819336,55.79752349853516
381,381,381,2021-09-22,50.662845611572266,52.96526336669922,55.30621719360352
382,382,382,2021-09-23,51.52986526489258,53.716678619384766,54.15982818603516
383,383,383,2021-09-24,51.17342758178711,53.05196762084961,54.58369445800781
384,384,384,2021-09-27,50.45090103149414,52.98453521728516,54.6511344909668
385,385,385,2021-09-28,50.05593490600586,51.84777069091797,54.36213302612305
386,386,386,2021-09-29,50.91331100463867,49.79582214355469,53.69741439819336
387,387,387,2021-09-30,49.86326217651367,50.662845611572266,52.96526336669922
388,388,388,2021-10-01,50.53760528564453,51.52986526489258,53.716678619384766
389,389,389,2021-10-04,50.41237258911133,51.17342758178711,53.05196762084961
390,390,390,2021-10-05,50.884422302246094,50.45090103149414,52.98453521728516
391,391,391,2021-10-06,50.68210983276367,50.05593490600586,51.84777069091797
392,392,392,2021-10-07,51.39499282836914,50.91331100463867,49.79582214355469
393,393,393,2021-10-08,49.6127815246582,49.86326217651367,50.662845611572266
394,394,394,2021-10-11,49.37194442749024,50.53760528564453,51.52986526489258
395,395,395,2021-10-12,48.45676040649414,50.41237258911133,51.17342758178711
396,396,396,2021-10-13,48.87100601196289,50.884422302246094,50.45090103149414
397,397,397,2021-10-14,51.06745529174805,50.68210983276367,50.05593490600586
398,398,398,2021-10-15,51.47206878662109,51.39499282836914,50.91331100463867
399,399,399,2021-10-18,52.00190734863281,49.6127815246582,49.86326217651367
400,400,400,2021-10-19,51.99227523803711,49.37194442749024,50.53760528564453
401,401,401,2021-10-20,52.04043960571289,48.45676040649414,50.41237258911133
402,402,402,2021-10-21,52.32944488525391,48.87100601196289,50.884422302246094
403,403,403,2021-10-22,52.656982421875,51.06745529174805,50.68210983276367
404,404,404,2021-10-25,52.59918212890625,51.47206878662109,51.39499282836914
405,405,405,2021-10-26,51.76106643676758,52.00190734863281,49.6127815246582
406,406,406,2021-10-27,51.21195983886719,51.99227523803711,49.37194442749024
407,407,407,2021-10-28,52.54439163208008,52.04043960571289,48.45676040649414
408,408,408,2021-10-29,50.429874420166016,52.32944488525391,48.87100601196289
409,409,409,2021-11-01,50.3719367980957,52.656982421875,51.06745529174805
410,410,410,2021-11-02,50.59401321411133,52.59918212890625,51.47206878662109
411,411,411,2021-11-03,50.1788444519043,51.76106643676758,52.00190734863281
412,412,412,2021-11-04,51.14436721801758,51.21195983886719,51.99227523803711
413,413,413,2021-11-05,50.97057342529297,52.54439163208008,52.04043960571289
414,414,414,2021-11-08,51.50161361694336,50.429874420166016,52.32944488525391
415,415,415,2021-11-09,52.92095947265625,50.3719367980957,52.656982421875
416,416,416,2021-11-10,52.74715423583984,50.59401321411133,52.59918212890625
417,417,417,2021-11-11,52.62163925170898,50.1788444519043,51.76106643676758
418,418,418,2021-11-12,54.1858024597168,51.14436721801758,51.21195983886719
419,419,419,2021-11-15,53.78028106689453,50.97057342529297,52.54439163208008
420,420,420,2021-11-16,54.32098007202149,51.50161361694336,50.429874420166016
421,421,421,2021-11-17,54.1858024597168,52.92095947265625,50.3719367980957
422,422,422,2021-11-18,55.05479049682617,52.74715423583984,50.59401321411133
423,423,423,2021-11-19,55.1803092956543,52.62163925170898,50.1788444519043
424,424,424,2021-11-22,54.46581268310547,54.1858024597168,51.14436721801758
425,425,425,2021-11-23,52.9788932800293,53.78028106689453,50.97057342529297
426,426,426,2021-11-24,53.77062225341797,54.32098007202149,51.50161361694336
427,427,427,2021-11-26,53.47130584716797,54.1858024597168,52.92095947265625
428,428,428,2021-11-29,54.050628662109375,55.05479049682617,52.74715423583984
429,429,429,2021-11-30,52.25473785400391,55.1803092956543,52.62163925170898
430,430,430,2021-12-01,51.75265884399414,54.46581268310547,54.1858024597168
431,431,431,2021-12-02,53.60648727416992,52.9788932800293,53.78028106689453
432,432,432,2021-12-03,54.1858024597168,53.77062225341797,54.32098007202149
433,433,433,2021-12-06,53.92510223388672,53.47130584716797,54.1858024597168
434,434,434,2021-12-07,54.68788146972656,54.050628662109375,55.05479049682617
435,435,435,2021-12-08,54.49477005004883,52.25473785400391,55.1803092956543
436,436,436,2021-12-09,54.0602912902832,51.75265884399414,54.46581268310547
437,437,437,2021-12-10,53.59682846069336,53.60648727416992,52.9788932800293
438,438,438,2021-12-13,53.03681945800781,54.1858024597168,53.77062225341797
439,439,439,2021-12-14,51.704383850097656,53.92510223388672,53.47130584716797
440,440,440,2021-12-15,51.704383850097656,54.68788146972656,54.050628662109375
441,441,441,2021-12-16,52.01335144042969,54.49477005004883,52.25473785400391
442,442,442,2021-12-17,50.45883941650391,54.0602912902832,51.75265884399414
443,443,443,2021-12-20,49.15536880493164,53.59682846069336,53.60648727416992
444,444,444,2021-12-21,50.33332443237305,53.03681945800781,54.1858024597168
445,445,445,2021-12-22,50.85622024536133,51.704383850097656,53.92510223388672
446,446,446,2021-12-23,51.14670944213867,51.704383850097656,54.68788146972656
447,447,447,2021-12-27,51.8342170715332,52.01335144042969,54.49477005004883
448,448,448,2021-12-28,51.78580093383789,50.45883941650391,54.0602912902832
449,449,449,2021-12-29,52.03757095336914,49.15536880493164,53.59682846069336
450,450,450,2021-12-30,51.85358810424805,50.33332443237305,53.03681945800781
451,451,451,2021-12-31,52.521728515625,50.85622024536133,51.704383850097656
452,452,452,2022-01-03,50.85622024536133,51.14670944213867,51.704383850097656
453,453,453,2022-01-04,52.115028381347656,51.8342170715332,52.01335144042969
454,454,454,2022-01-05,50.710968017578125,51.78580093383789,50.45883941650391
455,455,455,2022-01-06,51.8051643371582,52.03757095336914,49.15536880493164
456,456,456,2022-01-07,50.19776153564453,51.85358810424805,50.33332443237305
457,457,457,2022-01-10,50.66254806518555,52.521728515625,50.85622024536133
458,458,458,2022-01-11,50.87558364868164,50.85622024536133,51.14670944213867
459,459,459,2022-01-12,51.32101058959961,52.115028381347656,51.8342170715332
460,460,460,2022-01-13,50.54635238647461,50.710968017578125,51.78580093383789
461,461,461,2022-01-14,49.4811897277832,51.8051643371582,52.03757095336914
462,462,462,2022-01-18,48.0771369934082,50.19776153564453,51.85358810424805
463,463,463,2022-01-19,47.244384765625,50.66254806518555,52.521728515625
464,464,464,2022-01-20,46.50844955444336,50.87558364868164,50.85622024536133
465,465,465,2022-01-21,46.28573226928711,51.32101058959961,52.115028381347656
466,466,466,2022-01-24,46.150177001953125,50.54635238647461,50.710968017578125
467,467,467,2022-01-25,45.71442794799805,49.4811897277832,51.8051643371582
468,468,468,2022-01-26,45.19153594970703,48.0771369934082,50.19776153564453
469,469,469,2022-01-27,44.62990951538086,47.244384765625,50.66254806518555
470,470,470,2022-01-28,44.97850799560547,46.50844955444336,50.87558364868164
471,471,471,2022-01-31,46.1695442199707,46.28573226928711,51.32101058959961
472,472,472,2022-02-01,45.55950164794922,46.150177001953125,50.54635238647461
473,473,473,2022-02-02,46.00492477416992,45.71442794799805,49.4811897277832
474,474,474,2022-02-03,44.77516174316406,45.19153594970703,48.0771369934082
475,475,475,2022-02-04,44.3878288269043,44.62990951538086,47.244384765625
476,476,476,2022-02-07,44.27163696289063,44.97850799560547,46.50844955444336
477,477,477,2022-02-08,44.60086441040039,46.1695442199707,46.28573226928711
478,478,478,2022-02-09,46.46004104614258,45.55950164794922,46.150177001953125
479,479,479,2022-02-10,45.65633010864258,46.00492477416992,45.71442794799805
480,480,480,2022-02-11,44.05859756469727,44.77516174316406,45.19153594970703
481,481,481,2022-02-14,43.37109756469727,44.3878288269043,44.62990951538086
482,482,482,2022-02-15,44.30067825317383,44.27163696289063,44.97850799560547
483,483,483,2022-02-16,44.20384979248047,44.60086441040039,46.1695442199707
484,484,484,2022-02-17,43.167747497558594,46.46004104614258,45.55950164794922
485,485,485,2022-02-18,42.683589935302734,45.65633010864258,46.00492477416992
486,486,486,2022-02-22,43.85525894165039,44.05859756469727,44.77516174316406
487,487,487,2022-02-23,42.45118713378906,43.37109756469727,44.3878288269043
488,488,488,2022-02-24,43.29362487792969,44.30067825317383,44.27163696289063
489,489,489,2022-02-25,43.797149658203125,44.20384979248047,44.60086441040039
490,490,490,2022-02-28,43.45824432373047,43.167747497558594,46.46004104614258
491,491,491,2022-03-01,42.334991455078125,42.683589935302734,45.65633010864258
492,492,492,2022-03-02,43.48728942871094,43.85525894165039,44.05859756469727
493,493,493,2022-03-03,44.42655944824219,42.45118713378906,43.37109756469727
494,494,494,2022-03-04,43.574440002441406,43.29362487792969,44.30067825317383
495,495,495,2022-03-07,42.14132308959961,43.797149658203125,44.20384979248047
496,496,496,2022-03-08,42.19942474365234,43.45824432373047,43.167747497558594
497,497,497,2022-03-09,43.17742538452149,42.334991455078125,42.683589935302734
498,498,498,2022-03-10,42.42213821411133,43.48728942871094,43.85525894165039
499,499,499,2022-03-11,41.85083770751953,44.42655944824219,42.45118713378906
500,500,500,2022-03-14,41.55065536499024,43.574440002441406,43.29362487792969
501,501,501,2022-03-15,43.76810836791992,42.14132308959961,43.797149658203125
502,502,502,2022-03-16,45.39488983154297,42.19942474365234,43.45824432373047
503,503,503,2022-03-17,45.62727737426758,43.17742538452149,42.334991455078125
504,504,504,2022-03-18,46.26637268066406,42.42213821411133,43.48728942871094
505,505,505,2022-03-21,45.97587585449219,41.85083770751953,44.42655944824219
506,506,506,2022-03-22,45.98555755615234,41.55065536499024,43.574440002441406
507,507,507,2022-03-23,45.04628753662109,43.76810836791992,42.14132308959961
508,508,508,2022-03-24,44.70737457275391,45.39488983154297,42.19942474365234
509,509,509,2022-03-25,44.920406341552734,45.62727737426758,43.17742538452149
510,510,510,2022-03-28,45.404563903808594,46.26637268066406,42.42213821411133
511,511,511,2022-03-29,46.5568733215332,45.97587585449219,41.85083770751953
512,512,512,2022-03-30,46.06303405761719,45.98555755615234,41.55065536499024
513,513,513,2022-03-31,44.41687774658203,45.04628753662109,43.76810836791992
514,514,514,2022-04-01,44.58149337768555,44.70737457275391,45.39488983154297
515,515,515,2022-04-04,43.81652069091797,44.920406341552734,45.62727737426758
516,516,516,2022-04-05,43.1290168762207,45.404563903808594,46.26637268066406
517,517,517,2022-04-06,42.48992156982422,46.5568733215332,45.97587585449219
518,518,518,2022-04-07,42.305938720703125,46.06303405761719,45.98555755615234
519,519,519,2022-04-08,42.00576019287109,44.41687774658203,45.04628753662109
520,520,520,2022-04-11,41.09554290771485,44.58149337768555,44.70737457275391
521,521,521,2022-04-12,40.45644378662109,43.81652069091797,44.920406341552734
522,522,522,2022-04-13,40.775997161865234,43.1290168762207,45.404563903808594
523,523,523,2022-04-14,39.972286224365234,42.48992156982422,46.5568733215332
524,524,524,2022-04-18,39.981971740722656,42.305938720703125,46.06303405761719
525,525,525,2022-04-19,41.15364074707031,42.00576019287109,44.41687774658203
526,526,526,2022-04-20,42.07353973388672,41.09554290771485,44.58149337768555
527,527,527,2022-04-21,41.463504791259766,40.45644378662109,43.81652069091797
528,528,528,2022-04-22,40.34992980957031,40.775997161865234,43.1290168762207
529,529,529,2022-04-25,40.63074493408203,39.972286224365234,42.48992156982422
530,530,530,2022-04-26,38.78125762939453,39.981971740722656,42.305938720703125
531,531,531,2022-04-27,38.98460006713867,41.15364074707031,42.00576019287109
532,532,532,2022-04-28,38.304237365722656,42.07353973388672,41.09554290771485
533,533,533,2022-04-29,37.19622802734375,41.463504791259766,40.45644378662109
534,534,534,2022-05-02,37.5169677734375,40.34992980957031,40.775997161865234
535,535,535,2022-05-03,37.30313873291016,40.63074493408203,39.972286224365234
536,536,536,2022-05-04,38.304237365722656,38.78125762939453,39.981971740722656
537,537,537,2022-05-05,36.89492034912109,38.98460006713867,41.15364074707031
538,538,538,2022-05-06,36.719970703125,38.304237365722656,42.07353973388672
539,539,539,2022-05-09,37.06015396118164,37.19622802734375,41.463504791259766
540,540,540,2022-05-10,37.021270751953125,37.5169677734375,40.34992980957031
541,541,541,2022-05-11,36.53530502319336,37.30313873291016,40.63074493408203
542,542,542,2022-05-12,38.00293350219727,38.304237365722656,38.78125762939453
543,543,543,2022-05-13,39.06235504150391,36.89492034912109,38.98460006713867
544,544,544,2022-05-16,38.74161529541016,36.719970703125,38.304237365722656
545,545,545,2022-05-17,39.05263519287109,37.06015396118164,37.19622802734375
546,546,546,2022-05-18,36.31175994873047,37.021270751953125,37.5169677734375
547,547,547,2022-05-19,36.3603515625,36.53530502319336,37.30313873291016
548,548,548,2022-05-20,36.89492034912109,38.00293350219727,38.304237365722656
549,549,549,2022-05-23,37.19622802734375,39.06235504150391,36.89492034912109
550,550,550,2022-05-24,36.875484466552734,38.74161529541016,36.719970703125
551,551,551,2022-05-25,37.21566390991211,39.05263519287109,37.06015396118164
552,552,552,2022-05-26,38.22648620605469,36.31175994873047,37.021270751953125
553,553,553,2022-05-27,39.10122680664063,36.3603515625,36.53530502319336
554,554,554,2022-05-31,38.2070541381836,36.89492034912109,38.00293350219727
555,555,555,2022-06-01,37.8474235534668,37.19622802734375,39.06235504150391
556,556,556,2022-06-02,38.95544052124024,36.875484466552734,38.74161529541016
557,557,557,2022-06-03,38.47918701171875,37.21566390991211,39.05263519287109
558,558,558,2022-06-06,38.45975112915039,38.22648620605469,36.31175994873047
559,559,559,2022-06-07,38.86797332763672,39.10122680664063,36.3603515625
560,560,560,2022-06-08,38.2848014831543,38.2070541381836,36.89492034912109
561,561,561,2022-06-09,37.75995635986328,37.8474235534668,37.19622802734375
562,562,562,2022-06-10,36.29232025146485,38.95544052124024,36.875484466552734
563,563,563,2022-06-13,35.4661750793457,38.47918701171875,37.21566390991211
564,564,564,2022-06-14,34.93159866333008,38.45975112915039,38.22648620605469
565,565,565,2022-06-15,35.73830795288086,38.86797332763672,39.10122680664063
566,566,566,2022-06-16,33.609764099121094,38.2848014831543,38.2070541381836
567,567,567,2022-06-17,33.444522857666016,37.75995635986328,37.8474235534668
568,568,568,2022-06-21,34.02769088745117,36.29232025146485,38.95544052124024
569,569,569,2022-06-22,33.949607849121094,35.4661750793457,38.47918701171875
570,570,570,2022-06-23,33.988651275634766,34.93159866333008,38.45975112915039
571,571,571,2022-06-24,35.43331527709961,35.73830795288086,38.86797332763672
572,572,572,2022-06-27,35.24785232543945,33.609764099121094,38.2848014831543
573,573,573,2022-06-28,35.130714416503906,33.444522857666016,37.75995635986328
574,574,574,2022-06-29,34.93549346923828,34.02769088745117,36.29232025146485
575,575,575,2022-06-30,34.808597564697266,33.949607849121094,35.4661750793457
576,576,576,2022-07-01,35.140480041503906,33.988651275634766,34.93159866333008
577,577,577,2022-07-05,35.20880889892578,35.43331527709961,35.73830795288086
578,578,578,2022-07-06,35.316184997558594,35.24785232543945,33.609764099121094
579,579,579,2022-07-07,35.53092575073242,35.130714416503906,33.444522857666016
580,580,580,2022-07-08,35.20880889892578,34.93549346923828,34.02769088745117
581,581,581,2022-07-11,35.65782165527344,34.808597564697266,33.949607849121094
582,582,582,2022-07-12,35.26737594604492,35.140480041503906,33.988651275634766
583,583,583,2022-07-13,34.876922607421875,35.20880889892578,35.43331527709961
584,584,584,2022-07-14,34.759788513183594,35.316184997558594,35.24785232543945
585,585,585,2022-07-15,35.140480041503906,35.53092575073242,35.130714416503906
586,586,586,2022-07-18,34.70122528076172,35.20880889892578,34.93549346923828
587,587,587,2022-07-19,36.28253936767578,35.65782165527344,34.808597564697266
588,588,588,2022-07-20,36.49728775024414,35.26737594604492,35.140480041503906
589,589,589,2022-07-21,37.35628128051758,34.876922607421875,35.20880889892578
590,590,590,2022-07-22,37.58079147338867,34.759788513183594,35.316184997558594
591,591,591,2022-07-25,37.31723403930664,35.140480041503906,35.53092575073242
592,592,592,2022-07-26,37.18057632446289,34.70122528076172,35.20880889892578
593,593,593,2022-07-27,38.5959587097168,36.28253936767578,35.65782165527344
594,594,594,2022-07-28,38.53738784790039,36.49728775024414,35.26737594604492
595,595,595,2022-07-29,39.56231689453125,37.35628128051758,34.876922607421875
596,596,596,2022-08-01,39.60136413574219,37.58079147338867,34.759788513183594
597,597,597,2022-08-02,39.44518661499024,37.31723403930664,35.140480041503906
598,598,598,2022-08-03,39.78682708740234,37.18057632446289,34.70122528076172
599,599,599,2022-08-04,40.81175994873047,38.5959587097168,36.28253936767578
600,600,600,2022-08-05,40.88008880615234,38.53738784790039,36.49728775024414
601,601,601,2022-08-08,40.93865203857422,39.56231689453125,37.35628128051758
602,602,602,2022-08-09,40.7629508972168,39.60136413574219,37.58079147338867
603,603,603,2022-08-10,41.836692810058594,39.44518661499024,37.31723403930664
604,604,604,2022-08-11,42.02215194702149,39.78682708740234,37.18057632446289
605,605,605,2022-08-12,42.920188903808594,40.81175994873047,38.5959587097168
606,606,606,2022-08-15,43.34968566894531,40.88008880615234,38.53738784790039
607,607,607,2022-08-16,43.33015823364258,40.93865203857422,39.56231689453125
608,608,608,2022-08-17,43.07636642456055,40.7629508972168,39.60136413574219
609,609,609,2022-08-18,43.242305755615234,41.836692810058594,39.44518661499024
610,610,610,2022-08-19,41.46575927734375,42.02215194702149,39.78682708740234
611,611,611,2022-08-22,40.62629318237305,42.920188903808594,40.81175994873047
612,612,612,2022-08-23,40.47011184692383,43.34968566894531,40.88008880615234
613,613,613,2022-08-24,40.665340423583984,43.33015823364258,40.93865203857422
614,614,614,2022-08-25,40.98746109008789,43.07636642456055,40.7629508972168
615,615,615,2022-08-26,39.27924346923828,43.242305755615234,41.836692810058594
616,616,616,2022-08-29,38.79117965698242,41.46575927734375,42.02215194702149
617,617,617,2022-08-30,38.3714485168457,40.62629318237305,42.920188903808594
618,618,618,2022-08-31,38.18598175048828,40.47011184692383,43.34968566894531
619,619,619,2022-09-01,38.83999252319336,40.665340423583984,43.33015823364258
620,620,620,2022-09-02,38.63500213623047,40.98746109008789,43.07636642456055
621,621,621,2022-09-06,39.33781051635742,39.27924346923828,43.242305755615234
622,622,622,2022-09-07,40.50916290283203,38.79117965698242,41.46575927734375
623,623,623,2022-09-08,41.11436080932617,38.3714485168457,40.62629318237305
624,624,624,2022-09-09,41.16315841674805,38.18598175048828,40.47011184692383
625,625,625,2022-09-12,41.28030014038086,38.83999252319336,40.665340423583984
626,626,626,2022-09-13,39.90396881103516,38.63500213623047,40.98746109008789
627,627,627,2022-09-14,39.220680236816406,39.33781051635742,39.27924346923828
628,628,628,2022-09-15,39.4354248046875,40.50916290283203,38.79117965698242
629,629,629,2022-09-16,37.52222442626953,41.11436080932617,38.3714485168457
630,630,630,2022-09-19,37.89315032958984,41.16315841674805,38.18598175048828
631,631,631,2022-09-20,36.907264709472656,41.28030014038086,38.83999252319336
632,632,632,2022-09-21,36.61442184448242,39.90396881103516,38.63500213623047
633,633,633,2022-09-22,35.33570098876953,39.220680236816406,39.33781051635742
634,634,634,2022-09-23,35.24785232543945,39.4354248046875,40.50916290283203
635,635,635,2022-09-26,34.43766403198242,37.52222442626953,41.11436080932617
636,636,636,2022-09-27,34.70122528076172,37.89315032958984,41.16315841674805
637,637,637,2022-09-28,36.01898956298828,36.907264709472656,41.28030014038086
638,638,638,2022-09-29,34.76955032348633,36.61442184448242,39.90396881103516
639,639,639,2022-09-30,34.71098327636719,35.33570098876953,39.220680236816406
640,640,640,2022-10-03,35.93113708496094,35.24785232543945,39.4354248046875
641,641,641,2022-10-04,37.658878326416016,34.43766403198242,37.52222442626953
642,642,642,2022-10-05,37.28794860839844,34.70122528076172,37.89315032958984
643,643,643,2022-10-06,36.32158660888672,36.01898956298828,36.907264709472656
644,644,644,2022-10-07,34.486473083496094,34.76955032348633,36.61442184448242
645,645,645,2022-10-10,34.75002670288086,34.71098327636719,35.33570098876953
646,646,646,2022-10-11,34.310768127441406,35.93113708496094,35.24785232543945
647,647,647,2022-10-12,34.047218322753906,37.658878326416016,34.43766403198242
648,648,648,2022-10-13,34.0179328918457,37.28794860839844,34.70122528076172
649,649,649,2022-10-14,33.74462127685547,36.32158660888672,36.01898956298828
650,650,650,2022-10-17,34.70122528076172,34.486473083496094,34.76955032348633
651,651,651,2022-10-18,35.45283889770508,34.75002670288086,34.71098327636719
652,652,652,2022-10-19,34.05698013305664,34.310768127441406,35.93113708496094
653,653,653,2022-10-20,33.246795654296875,34.047218322753906,37.658878326416016
654,654,654,2022-10-21,34.349815368652344,34.0179328918457,37.28794860839844
655,655,655,2022-10-24,34.99406051635742,33.74462127685547,36.32158660888672
656,656,656,2022-10-25,36.39967727661133,34.70122528076172,34.486473083496094
657,657,657,2022-10-26,36.25326156616211,35.45283889770508,34.75002670288086
658,658,658,2022-10-27,37.12553405761719,34.05698013305664,34.310768127441406
659,659,659,2022-10-28,39.15430450439453,33.246795654296875,34.047218322753906
660,660,660,2022-10-31,38.96808242797852,34.349815368652344,34.0179328918457
661,661,661,2022-11-01,38.9190788269043,34.99406051635742,33.74462127685547
662,662,662,2022-11-02,38.3408317565918,36.39967727661133,34.70122528076172
663,663,663,2022-11-03,38.58585357666016,36.25326156616211,35.45283889770508
664,664,664,2022-11-04,39.477725982666016,37.12553405761719,34.05698013305664
665,665,665,2022-11-07,40.22259140014648,39.15430450439453,33.246795654296875
666,666,666,2022-11-08,40.58522415161133,38.96808242797852,34.349815368652344
667,667,667,2022-11-09,39.53653717041016,38.9190788269043,34.99406051635742
668,668,668,2022-11-10,42.61399459838867,38.3408317565918,36.39967727661133
669,669,669,2022-11-11,43.55487060546875,38.58585357666016,36.25326156616211
670,670,670,2022-11-14,42.741397857666016,39.477725982666016,37.12553405761719
671,671,671,2022-11-15,43.4666633605957,40.22259140014648,39.15430450439453
672,672,672,2022-11-16,42.98643112182617,40.58522415161133,38.96808242797852
673,673,673,2022-11-17,42.18275451660156,39.53653717041016,38.9190788269043
674,674,674,2022-11-18,43.04522705078125,42.61399459838867,38.3408317565918
675,675,675,2022-11-21,43.01583099365234,43.55487060546875,38.58585357666016
676,676,676,2022-11-22,43.162841796875,42.741397857666016,39.477725982666016
677,677,677,2022-11-23,43.28044509887695,43.4666633605957,40.22259140014648
678,678,678,2022-11-25,43.3294563293457,42.98643112182617,40.58522415161133
679,679,679,2022-11-28,42.447383880615234,42.18275451660156,39.53653717041016
680,680,680,2022-11-29,42.653202056884766,43.04522705078125,42.61399459838867
681,681,681,2022-11-30,43.437259674072266,43.01583099365234,43.55487060546875
682,682,682,2022-12-01,44.035118103027344,43.162841796875,42.741397857666016
683,683,683,2022-12-02,43.79009246826172,43.28044509887695,43.4666633605957
684,684,684,2022-12-05,42.8884162902832,43.3294563293457,42.98643112182617
685,685,685,2022-12-06,42.16315078735352,42.447383880615234,42.18275451660156
686,686,686,2022-12-07,42.221961975097656,42.653202056884766,43.04522705078125
687,687,687,2022-12-08,42.60419464111328,43.437259674072266,43.01583099365234
688,688,688,2022-12-09,42.16315078735352,44.035118103027344,43.162841796875
689,689,689,2022-12-12,42.39837265014648,43.79009246826172,43.28044509887695
690,690,690,2022-12-13,43.437259674072266,42.8884162902832,43.3294563293457
691,691,691,2022-12-14,42.92761993408203,42.16315078735352,42.447383880615234
692,692,692,2022-12-15,41.61430740356445,42.221961975097656,42.653202056884766
693,693,693,2022-12-16,40.918453216552734,42.60419464111328,43.437259674072266
694,694,694,2022-12-19,40.673431396484375,42.16315078735352,44.035118103027344
695,695,695,2022-12-20,40.5460205078125,42.39837265014648,43.79009246826172
696,696,696,2022-12-21,41.43697738647461,43.437259674072266,42.8884162902832
697,697,697,2022-12-22,41.03334045410156,42.92761993408203,42.16315078735352
698,698,698,2022-12-23,41.14163589477539,41.61430740356445,42.221961975097656
699,699,699,2022-12-27,41.22039031982422,40.918453216552734,42.60419464111328
700,700,700,2022-12-28,40.32451248168945,40.673431396484375,42.16315078735352
701,701,701,2022-12-29,41.20070266723633,40.5460205078125,42.39837265014648
702,702,702,2022-12-30,40.61001205444336,41.43697738647461,43.437259674072266
703,703,703,2023-01-03,40.96442794799805,41.03334045410156,42.92761993408203
704,704,704,2023-01-04,41.377906799316406,41.14163589477539,41.61430740356445
705,705,705,2023-01-05,40.88566589355469,41.22039031982422,40.918453216552734
706,706,706,2023-01-06,42.46084213256836,40.32451248168945,40.673431396484375
707,707,707,2023-01-09,42.825103759765625,41.20070266723633,40.5460205078125
708,708,708,2023-01-10,43.317344665527344,40.61001205444336,41.43697738647461
709,709,709,2023-01-11,44.48888397216797,40.96442794799805,41.03334045410156
710,710,710,2023-01-12,44.547950744628906,41.377906799316406,41.14163589477539
711,711,711,2023-01-13,45.158329010009766,40.88566589355469,41.22039031982422
712,712,712,2023-01-17,44.72515869140625,42.46084213256836,40.32451248168945
713,713,713,2023-01-18,42.84479522705078,42.825103759765625,41.20070266723633
714,714,714,2023-01-19,41.25976943969727,43.317344665527344,40.61001205444336
715,715,715,2023-01-20,41.90953063964844,44.48888397216797,40.96442794799805
716,716,716,2023-01-23,42.608516693115234,44.547950744628906,41.377906799316406
717,717,717,2023-01-24,43.02199935913086,45.158329010009766,40.88566589355469
718,718,718,2023-01-25,42.8349494934082,44.72515869140625,42.46084213256836
719,719,719,2023-01-26,42.9727783203125,42.84479522705078,42.825103759765625
720,720,720,2023-01-27,42.9432373046875,41.25976943969727,43.317344665527344
721,721,721,2023-01-30,42.90386199951172,41.90953063964844,44.48888397216797
722,722,722,2023-01-31,44.8236083984375,42.608516693115234,44.547950744628906
723,723,723,2023-02-01,45.42414474487305,43.02199935913086,45.158329010009766
724,724,724,2023-02-02,46.39878082275391,42.8349494934082,44.72515869140625
725,725,725,2023-02-03,46.162506103515625,42.9727783203125,42.84479522705078
726,726,726,2023-02-06,45.433990478515625,42.9432373046875,41.25976943969727
727,727,727,2023-02-07,43.7012939453125,42.90386199951172,41.90953063964844
728,728,728,2023-02-08,44.36090087890625,44.8236083984375,42.608516693115234
729,729,729,2023-02-09,44.22306823730469,45.42414474487305,43.02199935913086
730,730,730,2023-02-10,44.13447189331055,46.39878082275391,42.8349494934082
731,731,731,2023-02-13,44.73500061035156,46.162506103515625,42.9727783203125
732,732,732,2023-02-14,44.429813385009766,45.433990478515625,42.9432373046875
733,733,733,2023-02-15,44.77438354492188,43.7012939453125,42.90386199951172
734,734,734,2023-02-16,44.528263092041016,44.36090087890625,44.8236083984375
735,735,735,2023-02-17,44.5184211730957,44.22306823730469,45.42414474487305
736,736,736,2023-02-21,43.14998626708984,44.13447189331055,46.39878082275391
737,737,737,2023-02-22,42.92354965209961,44.73500061035156,46.162506103515625
738,738,738,2023-02-23,43.7603645324707,44.429813385009766,45.433990478515625
739,739,739,2023-02-24,43.56346893310547,44.77438354492188,43.7012939453125
740,740,740,2023-02-27,44.262451171875,44.528263092041016,44.36090087890625
741,741,741,2023-02-28,44.33135986328125,44.5184211730957,44.22306823730469
742,742,742,2023-03-01,44.8826789855957,43.14998626708984,44.13447189331055
743,743,743,2023-03-02,45.37491989135742,42.92354965209961,44.73500061035156
744,744,744,2023-03-03,47.04854202270508,43.7603645324707,44.429813385009766
745,745,745,2023-03-06,47.629390716552734,43.56346893310547,44.77438354492188
746,746,746,2023-03-07,46.81226348876953,44.262451171875,44.528263092041016
747,747,747,2023-03-08,46.65475082397461,44.33135986328125,44.5184211730957
748,748,748,2023-03-09,45.433990478515625,44.8826789855957,43.14998626708984
749,749,749,2023-03-10,44.93190383911133,45.37491989135742,42.92354965209961
750,750,750,2023-03-13,44.05570602416992,47.04854202270508,43.7603645324707
751,751,751,2023-03-14,45.04019546508789,47.629390716552734,43.56346893310547
752,752,752,2023-03-15,42.63805389404297,46.81226348876953,44.262451171875
753,753,753,2023-03-16,43.78990173339844,46.65475082397461,44.33135986328125
754,754,754,2023-03-17,43.07122039794922,45.433990478515625,44.8826789855957
755,755,755,2023-03-20,44.291988372802734,44.93190383911133,45.37491989135742
756,756,756,2023-03-21,44.49872589111328,44.05570602416992,47.04854202270508
757,757,757,2023-03-22,43.49455261230469,45.04019546508789,47.629390716552734
758,758,758,2023-03-23,43.61268615722656,42.63805389404297,46.81226348876953
759,759,759,2023-03-24,43.238582611083984,43.78990173339844,46.65475082397461
760,760,760,2023-03-27,43.61268615722656,43.07122039794922,45.433990478515625
761,761,761,2023-03-28,44.05570602416992,44.291988372802734,44.93190383911133
762,762,762,2023-03-29,44.67593765258789,44.49872589111328,44.05570602416992
763,763,763,2023-03-30,44.39043426513672,43.49455261230469,45.04019546508789
764,764,764,2023-03-31,45.04019546508789,43.61268615722656,42.63805389404297
765,765,765,2023-04-03,44.98112487792969,43.238582611083984,43.78990173339844
766,766,766,2023-04-04,42.224571228027344,43.61268615722656,43.07122039794922
767,767,767,2023-04-05,41.44682312011719,44.05570602416992,44.291988372802734
768,768,768,2023-04-06,41.15148162841797,44.67593765258789,44.49872589111328
769,769,769,2023-04-10,41.64372253417969,44.39043426513672,43.49455261230469
770,770,770,2023-04-11,42.84479522705078,45.04019546508789,43.61268615722656
771,771,771,2023-04-12,43.17951965332031,44.98112487792969,43.238582611083984
772,772,772,2023-04-13,43.415794372558594,42.224571228027344,43.61268615722656
773,773,773,2023-04-14,43.61268615722656,41.44682312011719,44.05570602416992
774,774,774,2023-04-17,44.07540130615234,41.15148162841797,44.67593765258789
775,775,775,2023-04-18,44.114776611328125,41.64372253417969,44.39043426513672
776,776,776,2023-04-19,44.28213882446289,42.84479522705078,45.04019546508789
777,777,777,2023-04-20,44.67593765258789,43.17951965332031,44.98112487792969
778,778,778,2023-04-21,44.5184211730957,43.415794372558594,42.224571228027344
779,779,779,2023-04-24,41.27945709228516,43.61268615722656,41.44682312011719
780,780,780,2023-04-25,41.66341018676758,44.07540130615234,41.15148162841797
781,781,781,2023-04-26,40.01932144165039,44.114776611328125,41.64372253417969
782,782,782,2023-04-27,40.81674957275391,44.28213882446289,42.84479522705078
783,783,783,2023-04-28,41.17116928100586,44.67593765258789,43.17951965332031
784,784,784,2023-05-01,40.53125,44.5184211730957,43.415794372558594
785,785,785,2023-05-02,41.17116928100586,41.27945709228516,43.61268615722656
786,786,786,2023-05-03,40.45249557495117,41.66341018676758,44.07540130615234
787,787,787,2023-05-04,40.64533233642578,40.01932144165039,44.114776611328125
788,788,788,2023-05-05,41.91117858886719,40.81674957275391,44.28213882446289
789,789,789,2023-05-08,42.12874221801758,41.17116928100586,44.67593765258789
790,790,790,2023-05-09,42.3067512512207,40.53125,44.5184211730957
791,791,791,2023-05-10,42.60343170166016,41.17116928100586,41.27945709228516
792,792,792,2023-05-11,42.356201171875,40.45249557495117,41.66341018676758
793,793,793,2023-05-12,41.93095779418945,40.64533233642578,40.01932144165039
794,794,794,2023-05-15,42.336421966552734,41.91117858886719,40.81674957275391
795,795,795,2023-05-16,41.68372344970703,42.12874221801758,41.17116928100586
796,796,796,2023-05-17,42.42542266845703,42.3067512512207,40.53125
797,797,797,2023-05-18,42.79133224487305,42.60343170166016,41.17116928100586
798,798,798,2023-05-19,42.31664276123047,42.356201171875,40.45249557495117
799,799,799,2023-05-22,41.96062469482422,41.93095779418945,40.64533233642578
800,800,800,2023-05-23,41.05079650878906,42.336421966552734,41.91117858886719
801,801,801,2023-05-24,40.84312438964844,41.68372344970703,42.12874221801758
802,802,802,2023-05-25,40.744232177734375,42.42542266845703,42.3067512512207
803,803,803,2023-05-26,40.43766021728516,42.79133224487305,42.60343170166016
804,804,804,2023-05-30,41.28814697265625,42.31664276123047,42.356201171875
805,805,805,2023-05-31,40.447547912597656,41.96062469482422,41.93095779418945
806,806,806,2023-06-01,41.04091262817383,41.05079650878906,42.336421966552734
807,807,807,2023-06-02,42.959449768066406,40.84312438964844,41.68372344970703
808,808,808,2023-06-05,42.72210311889648,40.744232177734375,42.42542266845703
809,809,809,2023-06-06,43.36491394042969,40.43766021728516,42.79133224487305
810,810,810,2023-06-07,45.09555435180664,41.28814697265625,42.31664276123047
811,811,811,2023-06-08,45.09555435180664,40.447547912597656,41.96062469482422
812,812,812,2023-06-09,44.79887008666992,41.04091262817383,41.05079650878906
813,813,813,2023-06-12,45.32301330566406,42.959449768066406,40.84312438964844
814,814,814,2023-06-13,46.25261306762695,42.72210311889648,40.744232177734375
815,815,815,2023-06-14,45.649356842041016,43.36491394042969,40.43766021728516
816,816,816,2023-06-15,46.0251579284668,45.09555435180664,41.28814697265625
817,817,817,2023-06-16,46.36139678955078,45.09555435180664,40.447547912597656
818,818,818,2023-06-20,47.08332061767578,44.79887008666992,41.04091262817383
819,819,819,2023-06-21,47.68657302856445,45.32301330566406,42.959449768066406
820,820,820,2023-06-22,47.512840270996094,46.25261306762695,42.72210311889648
821,821,821,2023-06-23,47.70146179199219,45.649356842041016,43.36491394042969
822,822,822,2023-06-26,48.27725601196289,46.0251579284668,45.09555435180664
823,823,823,2023-06-27,49.13101577758789,46.36139678955078,45.09555435180664
824,824,824,2023-06-28,48.962249755859375,47.08332061767578,44.79887008666992
825,825,825,2023-06-29,49.13101577758789,47.68657302856445,45.32301330566406
826,826,826,2023-06-30,49.349422454833984,47.512840270996094,46.25261306762695
827,827,827,2023-07-03,49.67702865600586,47.70146179199219,45.649356842041016
828,828,828,2023-07-05,48.88283157348633,48.27725601196289,46.0251579284668
829,829,829,2023-07-06,48.71406173706055,49.13101577758789,46.36139678955078
830,830,830,2023-07-07,48.9721794128418,48.962249755859375,47.08332061767578
831,831,831,2023-07-10,50.888179779052734,49.13101577758789,47.68657302856445
832,832,832,2023-07-11,52.61555862426758,49.349422454833984,47.512840270996094
833,833,833,2023-07-12,52.73468399047852,49.67702865600586,47.70146179199219
834,834,834,2023-07-13,52.73468399047852,48.88283157348633,48.27725601196289
835,835,835,2023-07-14,53.449466705322266,48.71406173706055,49.13101577758789
836,836,836,2023-07-17,54.16424179077149,48.9721794128418,48.962249755859375
837,837,837,2023-07-18,54.83930969238281,50.888179779052734,49.13101577758789
838,838,838,2023-07-19,54.829383850097656,52.61555862426758,49.349422454833984
839,839,839,2023-07-20,54.27344131469727,52.73468399047852,49.67702865600586
840,840,840,2023-07-21,53.36011505126953,52.73468399047852,48.88283157348633
841,841,841,2023-07-24,53.41968536376953,53.449466705322266,48.71406173706055
842,842,842,2023-07-25,53.51895523071289,54.16424179077149,48.9721794128418
843,843,843,2023-07-26,54.03518295288086,54.83930969238281,50.888179779052734
844,844,844,2023-07-27,56.338356018066406,54.829383850097656,52.61555862426758
845,845,845,2023-07-28,58.56210708618164,54.27344131469727,52.73468399047852
846,846,846,2023-07-31,59.118045806884766,53.36011505126953,52.73468399047852
847,847,847,2023-08-01,59.36623001098633,53.41968536376953,53.449466705322266
848,848,848,2023-08-02,58.55217742919922,53.51895523071289,54.16424179077149
849,849,849,2023-08-03,57.67856216430664,54.03518295288086,54.83930969238281
850,850,850,2023-08-04,56.66596221923828,56.338356018066406,54.829383850097656
851,851,851,2023-08-07,57.67856216430664,58.56210708618164,54.27344131469727
852,852,852,2023-08-08,56.97371292114258,59.118045806884766,53.36011505126953
853,853,853,2023-08-09,55.75263595581055,59.36623001098633,53.41968536376953
854,854,854,2023-08-10,54.99814987182617,58.55217742919922,53.51895523071289
855,855,855,2023-08-11,55.13713455200195,57.67856216430664,54.03518295288086
856,856,856,2023-08-14,55.613651275634766,56.66596221923828,56.338356018066406
857,857,857,2023-08-15,55.00807571411133,57.67856216430664,58.56210708618164
858,858,858,2023-08-16,54.074893951416016,56.97371292114258,59.118045806884766
859,859,859,2023-08-17,52.66519165039063,55.75263595581055,59.36623001098633
860,860,860,2023-08-18,53.00272750854492,54.99814987182617,58.55217742919922
861,861,861,2023-08-21,53.18142318725586,55.13713455200195,57.67856216430664
862,862,862,2023-08-22,53.40975189208984,55.613651275634766,56.66596221923828
863,863,863,2023-08-23,54.829383850097656,55.00807571411133,57.67856216430664
864,864,864,2023-08-24,53.53881072998047,54.074893951416016,56.97371292114258
865,865,865,2023-08-25,54.62090301513672,52.66519165039063,55.75263595581055
866,866,866,2023-08-28,55.16691589355469,53.00272750854492,54.99814987182617
867,867,867,2023-08-29,56.34828186035156,53.18142318725586,55.13713455200195
868,868,868,2023-08-30,56.765235900878906,53.40975189208984,55.613651275634766
869,869,869,2023-08-31,57.03327941894531,54.829383850097656,55.00807571411133
870,870,870,2023-09-01,57.51972198486328,53.53881072998047,54.074893951416016
871,871,871,2023-09-05,56.01074981689453,54.62090301513672,52.66519165039063
872,872,872,2023-09-06,55.99089431762695,55.16691589355469,53.00272750854492
873,873,873,2023-09-07,56.8347282409668,56.34828186035156,53.18142318725586
874,874,874,2023-09-08,58.234500885009766,56.765235900878906,53.40975189208984
875,875,875,2023-09-11,58.51247024536133,57.03327941894531,54.829383850097656
876,876,876,2023-09-12,56.16958999633789,57.51972198486328,53.53881072998047
877,877,877,2023-09-13,54.83930969238281,56.01074981689453,54.62090301513672
878,878,878,2023-09-14,54.362789154052734,55.99089431762695,55.16691589355469
879,879,879,2023-09-15,54.0649642944336,56.8347282409668,56.34828186035156
880,880,880,2023-09-18,53.99547576904297,58.234500885009766,56.765235900878906
881,881,881,2023-09-19,53.45938873291016,58.51247024536133,57.03327941894531
882,882,882,2023-09-20,53.43953704833984,56.16958999633789,57.51972198486328
883,883,883,2023-09-21,52.178749084472656,54.83930969238281,56.01074981689453
884,884,884,2023-09-22,52.48649978637695,54.362789154052734,55.99089431762695
885,885,885,2023-09-25,53.19135284423828,54.0649642944336,56.8347282409668
886,886,886,2023-09-26,52.337589263916016,53.99547576904297,58.234500885009766
887,887,887,2023-09-27,54.68046951293945,53.45938873291016,58.51247024536133
888,888,888,2023-09-28,55.53422927856445,53.43953704833984,56.16958999633789
889,889,889,2023-09-29,54.79960250854492,52.178749084472656,54.83930969238281
890,890,890,2023-10-02,54.16424179077149,52.48649978637695,54.362789154052734
891,891,891,2023-10-03,53.13178634643555,53.19135284423828,54.0649642944336
892,892,892,2023-10-04,54.2138786315918,52.337589263916016,53.99547576904297
893,893,893,2023-10-05,53.121856689453125,54.68046951293945,53.45938873291016
894,894,894,2023-10-06,53.88627243041992,55.53422927856445,53.43953704833984
895,895,895,2023-10-09,54.62090301513672,54.79960250854492,52.178749084472656
896,896,896,2023-10-10,55.01800155639648,54.16424179077149,52.48649978637695
897,897,897,2023-10-11,55.63350677490234,53.13178634643555,53.19135284423828
898,898,898,2023-10-12,54.08481979370117,54.2138786315918,52.337589263916016
899,899,899,2023-10-13,52.178749084472656,53.121856689453125,54.68046951293945
900,900,900,2023-10-16,52.76446914672852,53.88627243041992,55.53422927856445
901,901,901,2023-10-17,52.51628494262695,54.62090301513672,54.79960250854492
902,902,902,2023-10-18,49.786231994628906,55.01800155639648,54.16424179077149
903,903,903,2023-10-19,48.64457321166992,55.63350677490234,53.13178634643555
904,904,904,2023-10-20,47.92979431152344,54.08481979370117,54.2138786315918
905,905,905,2023-10-23,48.148197174072266,52.178749084472656,53.121856689453125
906,906,906,2023-10-24,47.80073928833008,52.76446914672852,53.88627243041992
907,907,907,2023-10-25,46.69878768920898,52.51628494262695,54.62090301513672
908,908,908,2023-10-26,46.24530792236328,49.786231994628906,55.01800155639648
909,909,909,2023-10-27,46.344970703125,48.64457321166992,55.63350677490234
910,910,910,2023-10-30,47.21207046508789,47.92979431152344,54.08481979370117
911,911,911,2023-10-31,47.50110626220703,48.148197174072266,52.178749084472656
912,912,912,2023-11-01,49.49443817138672,47.80073928833008,52.76446914672852
913,913,913,2023-11-02,49.80340576171875,46.69878768920898,52.51628494262695
914,914,914,2023-11-03,50.36153411865234,46.24530792236328,49.786231994628906
915,915,915,2023-11-06,50.1024055480957,46.344970703125,48.64457321166992
916,916,916,2023-11-07,50.28180313110352,47.21207046508789,47.92979431152344
917,917,917,2023-11-08,50.78013610839844,47.50110626220703,48.148197174072266
918,918,918,2023-11-09,50.26187133789063,49.49443817138672,47.80073928833008
919,919,919,2023-11-10,51.32830429077149,49.80340576171875,46.69878768920898
920,920,920,2023-11-13,50.77016830444336,50.36153411865234,46.24530792236328
921,921,921,2023-11-14,52.63393783569336,50.1024055480957,46.344970703125
922,922,922,2023-11-15,52.17546844482422,50.28180313110352,47.21207046508789
923,923,923,2023-11-16,52.50436782836914,50.78013610839844,47.50110626220703
924,924,924,2023-11-17,53.04256820678711,50.26187133789063,49.49443817138672
925,925,925,2023-11-20,53.41133499145508,51.32830429077149,49.80340576171875
926,926,926,2023-11-21,52.55420303344727,50.77016830444336,50.36153411865234
927,927,927,2023-11-22,52.57413482666016,52.63393783569336,50.1024055480957
928,928,928,2023-11-24,52.803367614746094,52.17546844482422,50.28180313110352
929,929,929,2023-11-27,51.96616744995117,52.50436782836914,50.78013610839844
930,930,930,2023-11-28,51.45787048339844,53.04256820678711,50.26187133789063
931,931,931,2023-11-29,52.03593444824219,53.41133499145508,51.32830429077149
932,932,932,2023-11-30,51.78676986694336,52.55420303344727,50.77016830444336
933,933,933,2023-12-01,53.04256820678711,52.57413482666016,52.63393783569336
934,934,934,2023-12-04,53.281768798828125,52.803367614746094,52.17546844482422
935,935,935,2023-12-05,52.39473342895508,51.96616744995117,52.50436782836914
936,936,936,2023-12-06,52.83326721191406,51.45787048339844,53.04256820678711
937,937,937,2023-12-07,52.71366882324219,52.03593444824219,53.41133499145508
938,938,938,2023-12-08,55.08573532104492,51.78676986694336,52.55420303344727
939,939,939,2023-12-11,55.763465881347656,53.04256820678711,52.57413482666016
940,940,940,2023-12-12,56.1422004699707,53.281768798828125,52.803367614746094
941,941,941,2023-12-13,55.61396789550781,52.39473342895508,51.96616744995117
942,942,942,2023-12-14,58.61393356323242,52.83326721191406,51.45787048339844
943,943,943,2023-12-15,57.13886642456055,52.71366882324219,52.03593444824219
944,944,944,2023-12-18,56.57076644897461,55.08573532104492,51.78676986694336
945,945,945,2023-12-19,56.80000305175781,55.763465881347656,53.04256820678711
946,946,946,2023-12-20,56.0,56.1422004699707,53.281768798828125
947,947,947,2023-12-21,56.91999816894531,55.61396789550781,52.39473342895508
948,948,948,2023-12-22,57.09999847412109,58.61393356323242,52.83326721191406
949,949,949,2023-12-26,57.43999862670898,57.13886642456055,52.71366882324219
950,950,950,2023-12-27,57.77999877929688,56.57076644897461,55.08573532104492
951,951,951,2023-12-28,57.63999938964844,56.80000305175781,55.763465881347656
952,952,952,2023-12-29,57.45000076293945,56.0,56.1422004699707
953,953,953,2024-01-02,56.45000076293945,56.91999816894531,55.61396789550781
954,954,954,2024-01-03,54.900001525878906,57.09999847412109,58.61393356323242
955,955,955,2024-01-04,55.47999954223633,57.43999862670898,57.13886642456055
956,956,956,2024-01-05,55.720001220703125,57.77999877929688,56.57076644897461
957,957,957,2024-01-08,56.41999816894531,57.63999938964844,56.80000305175781
958,958,958,2024-01-09,56.79999923706055,57.45000076293945,56.0
959,959,959,2024-01-10,57.040000915527344,56.45000076293945,56.91999816894531
960,960,960,2024-01-11,56.86000061035156,54.900001525878906,57.09999847412109
961,961,961,2024-01-12,56.13999938964844,55.47999954223633,57.43999862670898
962,962,962,2024-01-16,55.84999847412109,55.720001220703125,57.77999877929688
963,963,963,2024-01-17,55.060001373291016,56.41999816894531,57.63999938964844
964,964,964,2024-01-18,55.400001525878906,56.79999923706055,57.45000076293945
965,965,965,2024-01-19,55.880001068115234,57.040000915527344,56.45000076293945
966,966,966,2024-01-22,56.31999969482422,56.86000061035156,54.900001525878906
967,967,967,2024-01-23,55.90999984741211,56.13999938964844,55.47999954223633
968,968,968,2024-01-24,54.970001220703125,55.84999847412109,55.720001220703125
969,969,969,2024-01-25,56.310001373291016,55.060001373291016,56.41999816894531
970,970,970,2024-01-26,55.5099983215332,55.400001525878906,56.79999923706055
971,971,971,2024-01-29,56.310001373291016,55.880001068115234,57.040000915527344
972,972,972,2024-01-30,56.33000183105469,56.31999969482422,56.86000061035156
973,973,973,2024-01-31,54.709999084472656,55.90999984741211,56.13999938964844
974,974,974,2024-02-01,55.59000015258789,54.970001220703125,55.84999847412109
975,975,975,2024-02-02,56.77999877929688,56.310001373291016,55.060001373291016
976,976,976,2024-02-05,56.459999084472656,55.5099983215332,55.400001525878906
