,Unnamed: 0.1,Unnamed: 0,Date,CI,CI_6m,CI_12m
0,0,0,2019-02-05,176.8607177734375,,
1,1,1,2019-02-06,177.8377227783203,,
2,2,2,2019-02-07,176.3959197998047,,
3,3,3,2019-02-08,172.04197692871094,,
4,4,4,2019-02-11,173.48377990722656,,
5,5,5,2019-02-12,175.59915161132812,,
6,6,6,2019-02-13,179.08987426757812,176.8607177734375,
7,7,7,2019-02-14,182.33399963378903,177.8377227783203,
8,8,8,2019-02-15,187.69337463378903,176.3959197998047,
9,9,9,2019-02-19,188.0822906494141,172.04197692871094,
10,10,10,2019-02-20,184.1362152099609,173.48377990722656,
11,11,11,2019-02-21,182.00192260742188,175.59915161132812,
12,12,12,2019-02-22,183.8042449951172,179.08987426757812,176.8607177734375
13,13,13,2019-02-25,181.76483154296875,182.33399963378903,177.8377227783203
14,14,14,2019-02-26,178.4732666015625,187.69337463378903,176.3959197998047
15,15,15,2019-02-27,171.4254150390625,188.0822906494141,172.04197692871094
16,16,16,2019-02-28,165.46836853027344,184.1362152099609,173.48377990722656
17,17,17,2019-03-01,169.08245849609375,182.00192260742188,175.59915161132812
18,18,18,2019-03-04,162.85032653808594,183.8042449951172,179.08987426757812
19,19,19,2019-03-05,161.36111450195312,181.76483154296875,182.33399963378903
20,20,20,2019-03-06,156.42852783203125,178.4732666015625,187.69337463378903
21,21,21,2019-03-07,155.3850860595703,171.4254150390625,188.0822906494141
22,22,22,2019-03-08,154.787353515625,165.46836853027344,184.1362152099609
23,23,23,2019-03-11,155.2522735595703,169.08245849609375,182.00192260742188
24,24,24,2019-03-12,155.8879852294922,162.85032653808594,183.8042449951172
25,25,25,2019-03-13,159.39852905273438,161.36111450195312,181.76483154296875
26,26,26,2019-03-14,160.878662109375,156.42852783203125,178.4732666015625
27,27,27,2019-03-15,157.9279022216797,155.3850860595703,171.4254150390625
28,28,28,2019-03-18,158.55410766601562,154.787353515625,165.46836853027344
29,29,29,2019-03-19,163.9337921142578,155.2522735595703,169.08245849609375
30,30,30,2019-03-20,159.27517700195312,155.8879852294922,162.85032653808594
31,31,31,2019-03-21,160.2239990234375,159.39852905273438,161.36111450195312
32,32,32,2019-03-22,157.58633422851562,160.878662109375,156.42852783203125
33,33,33,2019-03-25,155.38510131835938,157.9279022216797,155.3850860595703
34,34,34,2019-03-26,152.51023864746094,158.55410766601562,154.787353515625
35,35,35,2019-03-27,151.60887145996094,163.9337921142578,155.2522735595703
36,36,36,2019-03-28,151.51397705078125,159.27517700195312,155.8879852294922
37,37,37,2019-03-29,152.5861358642578,160.2239990234375,159.39852905273438
38,38,38,2019-04-01,153.58236694335938,157.58633422851562,160.878662109375
39,39,39,2019-04-02,150.49879455566406,155.38510131835938,157.9279022216797
40,40,40,2019-04-03,150.8593292236328,152.51023864746094,158.55410766601562
41,41,41,2019-04-04,153.21234130859375,151.60887145996094,163.9337921142578
42,42,42,2019-04-05,157.62429809570312,151.51397705078125,159.27517700195312
43,43,43,2019-04-08,158.82925415039062,152.5861358642578,160.2239990234375
44,44,44,2019-04-09,160.47068786621094,153.58236694335938,157.58633422851562
45,45,45,2019-04-10,159.58831787109375,150.49879455566406,155.38510131835938
46,46,46,2019-04-11,155.61280822753906,150.8593292236328,152.51023864746094
47,47,47,2019-04-12,152.37741088867188,153.21234130859375,151.60887145996094
48,48,48,2019-04-15,155.43255615234375,157.62429809570312,151.51397705078125
49,49,49,2019-04-16,143.306884765625,158.82925415039062,152.5861358642578
50,50,50,2019-04-17,138.04104614257812,160.47068786621094,153.58236694335938
51,51,51,2019-04-18,141.37135314941406,159.58831787109375,150.49879455566406
52,52,52,2019-04-22,140.4130096435547,155.61280822753906,150.8593292236328
53,53,53,2019-04-23,145.94456481933594,152.37741088867188,153.21234130859375
54,54,54,2019-04-24,146.32403564453125,155.43255615234375,157.62429809570312
55,55,55,2019-04-25,148.78143310546875,143.306884765625,158.82925415039062
56,56,56,2019-04-26,152.6999969482422,138.04104614257812,160.47068786621094
57,57,57,2019-04-29,152.44383239746094,141.37135314941406,159.58831787109375
58,58,58,2019-04-30,150.70751953125,140.4130096435547,155.61280822753906
59,59,59,2019-05-01,153.7057342529297,145.94456481933594,152.37741088867188
60,60,60,2019-05-02,150.11923217773438,146.32403564453125,155.43255615234375
61,61,61,2019-05-03,145.00523376464844,148.78143310546875,143.306884765625
62,62,62,2019-05-06,150.66957092285156,152.6999969482422,138.04104614257812
63,63,63,2019-05-07,147.21591186523438,152.44383239746094,141.37135314941406
64,64,64,2019-05-08,148.49681091308594,150.70751953125,140.4130096435547
65,65,65,2019-05-09,147.88011169433594,153.7057342529297,145.94456481933594
66,66,66,2019-05-10,150.32798767089844,150.11923217773438,146.32403564453125
67,67,67,2019-05-13,149.26535034179688,145.00523376464844,148.78143310546875
68,68,68,2019-05-14,147.33926391601562,150.66957092285156,152.6999969482422
69,69,69,2019-05-15,147.3203125,147.21591186523438,152.44383239746094
70,70,70,2019-05-16,145.91604614257812,148.49681091308594,150.70751953125
71,71,71,2019-05-17,146.9312744140625,147.88011169433594,153.7057342529297
72,72,72,2019-05-20,145.80221557617188,150.32798767089844,150.11923217773438
73,73,73,2019-05-21,146.74154663085938,149.26535034179688,145.00523376464844
74,74,74,2019-05-22,145.00523376464844,147.33926391601562,150.66957092285156
75,75,75,2019-05-23,142.32962036132812,147.3203125,147.21591186523438
76,76,76,2019-05-24,141.8267364501953,145.91604614257812,148.49681091308594
77,77,77,2019-05-28,138.98985290527344,146.9312744140625,147.88011169433594
78,78,78,2019-05-29,140.8115234375,145.80221557617188,150.32798767089844
79,79,79,2019-05-30,140.4130096435547,146.74154663085938,149.26535034179688
80,80,80,2019-05-31,140.44151306152344,145.00523376464844,147.33926391601562
81,81,81,2019-06-03,142.70912170410156,142.32962036132812,147.3203125
82,82,82,2019-06-04,146.16275024414062,141.8267364501953,145.91604614257812
83,83,83,2019-06-05,145.93502807617188,138.98985290527344,146.9312744140625
84,84,84,2019-06-06,145.84967041015625,140.8115234375,145.80221557617188
85,85,85,2019-06-07,149.4076385498047,140.4130096435547,146.74154663085938
86,86,86,2019-06-10,148.53475952148438,140.44151306152344,145.00523376464844
87,87,87,2019-06-11,148.35450744628906,142.70912170410156,142.32962036132812
88,88,88,2019-06-12,148.07933044433594,146.16275024414062,141.8267364501953
89,89,89,2019-06-13,150.01486206054688,145.93502807617188,138.98985290527344
90,90,90,2019-06-14,150.29953002929688,145.84967041015625,140.8115234375
91,91,91,2019-06-17,150.9636993408203,149.4076385498047,140.4130096435547
92,92,92,2019-06-18,151.65631103515625,148.53475952148438,140.44151306152344
93,93,93,2019-06-19,151.99790954589844,148.35450744628906,142.70912170410156
94,94,94,2019-06-20,151.5709228515625,148.07933044433594,146.16275024414062
95,95,95,2019-06-21,152.8992462158203,150.01486206054688,145.93502807617188
96,96,96,2019-06-24,152.24456787109375,150.29953002929688,145.84967041015625
97,97,97,2019-06-25,151.884033203125,150.9636993408203,149.4076385498047
98,98,98,2019-06-26,148.87632751464844,151.65631103515625,148.53475952148438
99,99,99,2019-06-27,149.80618286132812,151.99790954589844,148.35450744628906
100,100,100,2019-06-28,149.4835662841797,151.5709228515625,148.07933044433594
101,101,101,2019-07-01,150.6221160888672,152.8992462158203,150.01486206054688
102,102,102,2019-07-02,153.52545166015625,152.24456787109375,150.29953002929688
103,103,103,2019-07-03,156.39083862304688,151.884033203125,150.9636993408203
104,104,104,2019-07-05,155.07200622558594,148.87632751464844,151.65631103515625
105,105,105,2019-07-08,153.44956970214844,149.80618286132812,151.99790954589844
106,106,106,2019-07-09,151.5519256591797,149.4835662841797,151.5709228515625
107,107,107,2019-07-10,152.29202270507812,150.6221160888672,152.8992462158203
108,108,108,2019-07-11,166.36273193359375,153.52545166015625,152.24456787109375
109,109,109,2019-07-12,170.03460693359375,156.39083862304688,151.884033203125
110,110,110,2019-07-15,167.9662322998047,155.07200622558594,148.87632751464844
111,111,111,2019-07-16,170.74618530273438,153.44956970214844,149.80618286132812
112,112,112,2019-07-17,169.34194946289062,151.5519256591797,149.4835662841797
113,113,113,2019-07-18,167.88079833984375,152.29202270507812,150.6221160888672
114,114,114,2019-07-19,164.7971954345703,166.36273193359375,153.52545166015625
115,115,115,2019-07-22,161.87490844726562,170.03460693359375,156.39083862304688
116,116,116,2019-07-23,163.2886199951172,167.9662322998047,155.07200622558594
117,117,117,2019-07-24,162.51058959960938,170.74618530273438,153.44956970214844
118,118,118,2019-07-25,158.0227813720703,169.34194946289062,151.5519256591797
119,119,119,2019-07-26,158.734375,167.88079833984375,152.29202270507812
120,120,120,2019-07-29,163.42144775390625,164.7971954345703,166.36273193359375
121,121,121,2019-07-30,163.430908203125,161.87490844726562,170.03460693359375
122,122,122,2019-07-31,161.22024536132812,163.2886199951172,167.9662322998047
123,123,123,2019-08-01,158.98106384277344,162.51058959960938,170.74618530273438
124,124,124,2019-08-02,156.1536407470703,158.0227813720703,169.34194946289062
125,125,125,2019-08-05,150.8593292236328,158.734375,167.88079833984375
126,126,126,2019-08-06,155.33766174316406,163.42144775390625,164.7971954345703
127,127,127,2019-08-07,157.9563446044922,163.430908203125,161.87490844726562
128,128,128,2019-08-08,158.07020568847656,161.22024536132812,163.2886199951172
129,129,129,2019-08-09,161.20126342773438,158.98106384277344,162.51058959960938
130,130,130,2019-08-12,157.13087463378906,156.1536407470703,158.0227813720703
131,131,131,2019-08-13,160.7932891845703,150.8593292236328,158.734375
132,132,132,2019-08-14,151.9789276123047,155.33766174316406,163.42144775390625
133,133,133,2019-08-15,151.52349853515625,157.9563446044922,163.430908203125
134,134,134,2019-08-16,152.98464965820312,158.07020568847656,161.22024536132812
135,135,135,2019-08-19,154.63551330566406,161.20126342773438,158.98106384277344
136,136,136,2019-08-20,152.8992462158203,157.13087463378906,156.1536407470703
137,137,137,2019-08-21,154.0283203125,160.7932891845703,150.8593292236328
138,138,138,2019-08-22,147.80416870117188,151.9789276123047,155.33766174316406
139,139,139,2019-08-23,145.45118713378906,151.52349853515625,157.9563446044922
140,140,140,2019-08-26,145.0811309814453,152.98464965820312,158.07020568847656
141,141,141,2019-08-27,138.7810821533203,154.63551330566406,161.20126342773438
142,142,142,2019-08-28,139.90066528320312,152.8992462158203,157.13087463378906
143,143,143,2019-08-29,144.69212341308594,154.0283203125,160.7932891845703
144,144,144,2019-08-30,146.0868377685547,147.80416870117188,151.9789276123047
145,145,145,2019-09-03,147.0546417236328,145.45118713378906,151.52349853515625
146,146,146,2019-09-04,145.10958862304688,145.0811309814453,152.98464965820312
147,147,147,2019-09-05,143.2689208984375,138.7810821533203,154.63551330566406
148,148,148,2019-09-06,145.92555236816406,139.90066528320312,152.8992462158203
149,149,149,2019-09-09,153.8575439453125,144.69212341308594,154.0283203125
150,150,150,2019-09-10,156.54263305664062,146.0868377685547,147.80416870117188
151,151,151,2019-09-11,153.60133361816406,147.0546417236328,145.45118713378906
152,152,152,2019-09-12,150.84034729003906,145.10958862304688,145.0811309814453
153,153,153,2019-09-13,152.6146240234375,143.2689208984375,138.7810821533203
154,154,154,2019-09-16,157.02650451660156,145.92555236816406,139.90066528320312
155,155,155,2019-09-17,153.2313232421875,153.8575439453125,144.69212341308594
156,156,156,2019-09-18,152.2255859375,156.54263305664062,146.0868377685547
157,157,157,2019-09-19,156.27696228027344,153.60133361816406,147.0546417236328
158,158,158,2019-09-20,153.11746215820312,150.84034729003906,145.10958862304688
159,159,159,2019-09-23,151.95045471191406,152.6146240234375,143.2689208984375
160,160,160,2019-09-24,149.82513427734375,157.02650451660156,145.92555236816406
161,161,161,2019-09-25,147.27288818359375,153.2313232421875,153.8575439453125
162,162,162,2019-09-26,142.1208953857422,152.2255859375,156.54263305664062
163,163,163,2019-09-27,141.8267364501953,156.27696228027344,153.60133361816406
164,164,164,2019-09-30,144.01846313476562,153.11746215820312,150.84034729003906
165,165,165,2019-10-01,142.72808837890625,151.95045471191406,152.6146240234375
166,166,166,2019-10-02,141.59902954101562,149.82513427734375,157.02650451660156
167,167,167,2019-10-03,141.00132751464844,147.27288818359375,153.2313232421875
168,168,168,2019-10-04,143.02224731445312,142.1208953857422,152.2255859375
169,169,169,2019-10-07,141.5610809326172,141.8267364501953,156.27696228027344
170,170,170,2019-10-08,139.65399169921875,144.01846313476562,153.11746215820312
171,171,171,2019-10-09,141.93112182617188,142.72808837890625,151.95045471191406
172,172,172,2019-10-10,143.1076202392578,141.59902954101562,149.82513427734375
173,173,173,2019-10-11,144.5972137451172,141.00132751464844,147.27288818359375
174,174,174,2019-10-14,143.81922912597656,143.02224731445312,142.1208953857422
175,175,175,2019-10-15,151.95994567871094,141.5610809326172,141.8267364501953
176,176,176,2019-10-16,153.20285034179688,139.65399169921875,144.01846313476562
177,177,177,2019-10-17,156.3339080810547,141.93112182617188,142.72808837890625
178,178,178,2019-10-18,158.3358612060547,143.1076202392578,141.59902954101562
179,179,179,2019-10-21,158.20303344726562,144.5972137451172,141.00132751464844
180,180,180,2019-10-22,161.65670776367188,143.81922912597656,143.02224731445312
181,181,181,2019-10-23,164.05715942382812,151.95994567871094,141.5610809326172
182,182,182,2019-10-24,161.40052795410156,153.20285034179688,139.65399169921875
183,183,183,2019-10-25,162.70985412597656,156.3339080810547,141.93112182617188
184,184,184,2019-10-28,165.84088134765625,158.3358612060547,143.1076202392578
185,185,185,2019-10-29,168.86756896972656,158.20303344726562,144.5972137451172
186,186,186,2019-10-30,167.4064178466797,161.65670776367188,143.81922912597656
187,187,187,2019-10-31,169.32301330566406,164.05715942382812,151.95994567871094
188,188,188,2019-11-01,170.31922912597656,161.40052795410156,153.20285034179688
189,189,189,2019-11-04,173.74441528320312,162.70985412597656,156.3339080810547
190,190,190,2019-11-05,172.53944396972656,165.84088134765625,158.3358612060547
191,191,191,2019-11-06,173.75390625,168.86756896972656,158.20303344726562
192,192,192,2019-11-07,175.8507537841797,167.4064178466797,161.65670776367188
193,193,193,2019-11-08,178.56431579589844,169.32301330566406,164.05715942382812
194,194,194,2019-11-11,177.57754516601562,170.31922912597656,161.40052795410156
195,195,195,2019-11-12,179.29490661621094,173.74441528320312,162.70985412597656
196,196,196,2019-11-13,180.5093536376953,172.53944396972656,165.84088134765625
197,197,197,2019-11-14,179.98753356933594,173.75390625,168.86756896972656
198,198,198,2019-11-15,185.97442626953125,175.8507537841797,167.4064178466797
199,199,199,2019-11-18,188.2231292724609,178.56431579589844,169.32301330566406
200,200,200,2019-11-19,189.77915954589844,177.57754516601562,170.31922912597656
201,201,201,2019-11-20,189.6747894287109,179.29490661621094,173.74441528320312
202,202,202,2019-11-21,190.908203125,180.5093536376953,172.53944396972656
203,203,203,2019-11-22,191.51547241210932,179.98753356933594,173.75390625
204,204,204,2019-11-25,193.43202209472656,185.97442626953125,175.8507537841797
205,205,205,2019-11-26,190.1112060546875,188.2231292724609,178.56431579589844
206,206,206,2019-11-27,189.7886199951172,189.77915954589844,177.57754516601562
207,207,207,2019-11-29,189.68429565429688,189.6747894287109,179.29490661621094
208,208,208,2019-12-02,186.8568572998047,190.908203125,180.5093536376953
209,209,209,2019-12-03,185.32928466796875,191.51547241210932,179.98753356933594
210,210,210,2019-12-04,186.6670837402344,193.43202209472656,185.97442626953125
211,211,211,2019-12-05,185.575927734375,190.1112060546875,188.2231292724609
212,212,212,2019-12-06,188.74496459960932,189.7886199951172,189.77915954589844
213,213,213,2019-12-09,185.9175262451172,189.68429565429688,189.6747894287109
214,214,214,2019-12-10,181.89459228515625,186.8568572998047,190.908203125
215,215,215,2019-12-11,181.9325408935547,185.32928466796875,191.51547241210932
216,216,216,2019-12-12,183.64990234375,186.6670837402344,193.43202209472656
217,217,217,2019-12-13,180.14878845214844,185.575927734375,190.1112060546875
218,218,218,2019-12-16,185.13951110839844,188.74496459960932,189.7886199951172
219,219,219,2019-12-17,183.61192321777344,185.9175262451172,189.68429565429688
220,220,220,2019-12-18,188.0522918701172,181.89459228515625,186.8568572998047
221,221,221,2019-12-19,188.5457000732422,181.9325408935547,185.32928466796875
222,222,222,2019-12-20,194.1151580810547,183.64990234375,186.6670837402344
223,223,223,2019-12-23,195.89892578125,180.14878845214844,185.575927734375
224,224,224,2019-12-24,193.5648651123047,185.13951110839844,188.74496459960932
225,225,225,2019-12-26,193.9158935546875,183.61192321777344,185.9175262451172
226,226,226,2019-12-27,193.5553741455078,188.0522918701172,181.89459228515625
227,227,227,2019-12-30,192.57809448242188,188.5457000732422,181.9325408935547
228,228,228,2019-12-31,194.02029418945312,194.1151580810547,183.64990234375
229,229,229,2020-01-02,194.44723510742188,195.89892578125,180.14878845214844
230,230,230,2020-01-03,192.77735900878903,193.5648651123047,185.13951110839844
231,231,231,2020-01-06,196.3258819580078,193.9158935546875,183.61192321777344
232,232,232,2020-01-07,197.28414916992188,193.5553741455078,188.0522918701172
233,233,233,2020-01-08,200.58596801757807,192.57809448242188,188.5457000732422
234,234,234,2020-01-09,200.0546722412109,194.02029418945312,194.1151580810547
235,235,235,2020-01-10,199.51382446289065,194.44723510742188,195.89892578125
236,236,236,2020-01-13,193.0904541015625,192.77735900878903,193.5648651123047
237,237,237,2020-01-14,194.6844482421875,196.3258819580078,193.9158935546875
238,238,238,2020-01-15,197.5687866210937,197.28414916992188,193.5553741455078
239,239,239,2020-01-16,200.1495361328125,200.58596801757807,192.57809448242188
240,240,240,2020-01-17,201.6391448974609,200.0546722412109,194.02029418945312
241,241,241,2020-01-21,202.09457397460932,199.51382446289065,194.44723510742188
242,242,242,2020-01-22,200.4436492919922,193.0904541015625,192.77735900878903
243,243,243,2020-01-23,201.80995178222656,194.6844482421875,196.3258819580078
244,244,244,2020-01-24,195.4624481201172,197.5687866210937,197.28414916992188
245,245,245,2020-01-27,189.7127227783203,200.1495361328125,200.58596801757807
246,246,246,2020-01-28,194.8172912597656,201.6391448974609,200.0546722412109
247,247,247,2020-01-29,192.17010498046875,202.09457397460932,199.51382446289065
248,248,248,2020-01-30,186.9042510986328,200.4436492919922,193.0904541015625
249,249,249,2020-01-31,182.53030395507807,201.80995178222656,194.6844482421875
250,250,250,2020-02-03,181.95152282714844,195.4624481201172,197.5687866210937
251,251,251,2020-02-04,186.78094482421875,189.7127227783203,200.1495361328125
252,252,252,2020-02-05,195.9084014892578,194.8172912597656,201.6391448974609
253,253,253,2020-02-06,201.01290893554688,192.17010498046875,202.09457397460932
254,254,254,2020-02-07,198.2234649658203,186.9042510986328,200.4436492919922
255,255,255,2020-02-10,199.5517578125,182.53030395507807,201.80995178222656
256,256,256,2020-02-11,204.16294860839844,181.95152282714844,195.4624481201172
257,257,257,2020-02-12,211.1650848388672,186.78094482421875,189.7127227783203
258,258,258,2020-02-13,210.52940368652344,195.9084014892578,194.8172912597656
259,259,259,2020-02-14,209.0587615966797,201.01290893554688,192.17010498046875
260,260,260,2020-02-18,210.5863494873047,198.2234649658203,186.9042510986328
261,261,261,2020-02-19,210.1024169921875,199.5517578125,182.53030395507807
262,262,262,2020-02-20,209.12518310546875,204.16294860839844,181.95152282714844
263,263,263,2020-02-21,206.070053100586,211.1650848388672,186.78094482421875
264,264,264,2020-02-24,190.10174560546875,210.52940368652344,195.9084014892578
265,265,265,2020-02-25,181.9420166015625,209.0587615966797,201.01290893554688
266,266,266,2020-02-26,179.24745178222656,210.5863494873047,198.2234649658203
267,267,267,2020-02-27,172.6153106689453,210.1024169921875,199.5517578125
268,268,268,2020-02-28,173.57363891601562,209.12518310546875,204.16294860839844
269,269,269,2020-03-02,184.38995361328125,206.070053100586,211.1650848388672
270,270,270,2020-03-03,179.56057739257812,190.10174560546875,210.52940368652344
271,271,271,2020-03-04,198.81173706054688,181.9420166015625,209.0587615966797
272,272,272,2020-03-05,190.64254760742188,179.24745178222656,210.5863494873047
273,273,273,2020-03-06,185.509521484375,172.6153106689453,210.1024169921875
274,274,274,2020-03-09,172.3374786376953,173.57363891601562,209.12518310546875
275,275,275,2020-03-10,187.6827392578125,184.38995361328125,206.070053100586
276,276,276,2020-03-11,177.68032836914062,179.56057739257812,190.10174560546875
277,277,277,2020-03-12,155.8914337158203,198.81173706054688,181.9420166015625
278,278,278,2020-03-13,170.69570922851562,190.64254760742188,179.24745178222656
279,279,279,2020-03-16,143.00404357910156,185.509521484375,172.6153106689453
280,280,280,2020-03-17,147.1796112060547,172.3374786376953,173.57363891601562
281,281,281,2020-03-18,135.62088012695312,187.6827392578125,184.38995361328125
282,282,282,2020-03-19,139.04672241210938,177.68032836914062,179.56057739257812
283,283,283,2020-03-20,134.84268188476562,155.8914337158203,198.81173706054688
284,284,284,2020-03-23,123.42626953125,170.69570922851562,190.64254760742188
285,285,285,2020-03-24,139.69204711914062,143.00404357910156,185.509521484375
286,286,286,2020-03-25,148.82139587402344,147.1796112060547,172.3374786376953
287,287,287,2020-03-26,160.89259338378906,135.62088012695312,187.6827392578125
288,288,288,2020-03-27,153.0634002685547,139.04672241210938,177.68032836914062
289,289,289,2020-03-30,169.16783142089844,134.84268188476562,155.8914337158203
290,290,290,2020-03-31,168.14292907714844,123.42626953125,170.69570922851562
291,291,291,2020-04-01,164.24258422851562,139.69204711914062,143.00404357910156
292,292,292,2020-04-02,160.19984436035156,148.82139587402344,147.1796112060547
293,293,293,2020-04-03,155.4833221435547,160.89259338378906,135.62088012695312
294,294,294,2020-04-06,164.64112854003906,153.0634002685547,139.04672241210938
295,295,295,2020-04-07,168.13343811035156,169.16783142089844,134.84268188476562
296,296,296,2020-04-08,176.72181701660156,168.14292907714844,123.42626953125
297,297,297,2020-04-09,172.55575561523438,164.24258422851562,139.69204711914062
298,298,298,2020-04-13,168.4276123046875,160.19984436035156,148.82139587402344
299,299,299,2020-04-14,176.15245056152344,155.4833221435547,160.89259338378906
300,300,300,2020-04-15,173.2864990234375,164.64112854003906,153.0634002685547
301,301,301,2020-04-16,185.3861694335937,168.13343811035156,169.16783142089844
302,302,302,2020-04-17,184.22837829589844,176.72181701660156,168.14292907714844
303,303,303,2020-04-20,179.07533264160156,172.55575561523438,164.24258422851562
304,304,304,2020-04-21,168.835693359375,168.4276123046875,160.19984436035156
305,305,305,2020-04-22,173.2769775390625,176.15245056152344,155.4833221435547
306,306,306,2020-04-23,174.88076782226562,173.2864990234375,164.64112854003906
307,307,307,2020-04-24,178.600830078125,185.3861694335937,168.13343811035156
308,308,308,2020-04-27,182.9757232666016,184.22837829589844,176.72181701660156
309,309,309,2020-04-28,179.9199676513672,179.07533264160156,172.55575561523438
310,310,310,2020-04-29,185.879638671875,168.835693359375,168.4276123046875
311,311,311,2020-04-30,185.7942352294922,173.2769775390625,176.15245056152344
312,312,312,2020-05-01,177.54747009277344,174.88076782226562,173.2864990234375
313,313,313,2020-05-04,175.19395446777344,178.600830078125,185.3861694335937
314,314,314,2020-05-05,180.67916870117188,182.9757232666016,184.22837829589844
315,315,315,2020-05-06,174.07415771484375,179.9199676513672,179.07533264160156
316,316,316,2020-05-07,174.785888671875,185.879638671875,168.835693359375
317,317,317,2020-05-08,179.61627197265625,185.7942352294922,173.2769775390625
318,318,318,2020-05-11,179.35052490234375,177.54747009277344,174.88076782226562
319,319,319,2020-05-12,179.89146423339844,175.19395446777344,178.600830078125
320,320,320,2020-05-13,171.777587890625,180.67916870117188,182.9757232666016
321,321,321,2020-05-14,175.05160522460938,174.07415771484375,179.9199676513672
322,322,322,2020-05-15,180.45138549804688,174.785888671875,185.879638671875
323,323,323,2020-05-18,183.6400146484375,179.61627197265625,185.7942352294922
324,324,324,2020-05-19,181.998275756836,179.35052490234375,177.54747009277344
325,325,325,2020-05-20,178.6672821044922,179.89146423339844,175.19395446777344
326,326,326,2020-05-21,179.05636596679688,171.777587890625,180.67916870117188
327,327,327,2020-05-22,179.3600311279297,175.05160522460938,174.07415771484375
328,328,328,2020-05-26,185.92710876464844,180.45138549804688,174.785888671875
329,329,329,2020-05-27,189.2865447998047,183.6400146484375,179.61627197265625
330,330,330,2020-05-28,190.33990478515625,181.998275756836,179.35052490234375
331,331,331,2020-05-29,187.25567626953125,178.6672821044922,179.89146423339844
332,332,332,2020-06-01,187.9958648681641,179.05636596679688,171.777587890625
333,333,333,2020-06-02,191.04217529296875,179.3600311279297,175.05160522460938
334,334,334,2020-06-03,191.08963012695312,185.92710876464844,180.45138549804688
335,335,335,2020-06-04,192.06710815429688,189.2865447998047,183.6400146484375
336,336,336,2020-06-05,198.79544067382807,190.33990478515625,181.998275756836
337,337,337,2020-06-08,204.8310546875,187.25567626953125,178.6672821044922
338,338,338,2020-06-09,203.55943298339844,187.9958648681641,179.05636596679688
339,339,339,2020-06-10,198.3399658203125,191.04217529296875,179.3600311279297
340,340,340,2020-06-11,181.7894744873047,191.08963012695312,185.92710876464844
341,341,341,2020-06-12,180.3280029296875,192.06710815429688,189.2865447998047
342,342,342,2020-06-15,177.58543395996094,198.79544067382807,190.33990478515625
343,343,343,2020-06-16,183.17498779296875,204.8310546875,187.25567626953125
344,344,344,2020-06-17,182.0172576904297,203.55943298339844,187.9958648681641
345,345,345,2020-06-18,180.2900390625,198.3399658203125,191.04217529296875
346,346,346,2020-06-19,181.6376342773437,181.7894744873047,191.08963012695312
347,347,347,2020-06-22,180.669677734375,180.3280029296875,192.06710815429688
348,348,348,2020-06-23,182.501220703125,177.58543395996094,198.79544067382807
349,349,349,2020-06-24,174.5865936279297,183.17498779296875,204.8310546875
350,350,350,2020-06-25,176.0195770263672,182.0172576904297,203.55943298339844
351,351,351,2020-06-26,175.62098693847656,180.2900390625,198.3399658203125
352,352,352,2020-06-29,177.98399353027344,181.6376342773437,181.7894744873047
353,353,353,2020-06-30,178.0789031982422,180.669677734375,180.3280029296875
354,354,354,2020-07-01,180.78350830078125,182.501220703125,177.58543395996094
355,355,355,2020-07-02,180.7740631103516,174.5865936279297,183.17498779296875
356,356,356,2020-07-06,179.67320251464844,176.0195770263672,182.0172576904297
357,357,357,2020-07-07,172.76451110839844,175.62098693847656,180.2900390625
358,358,358,2020-07-08,170.89503479003906,177.98399353027344,181.6376342773437
359,359,359,2020-07-09,165.0302276611328,178.0789031982422,180.669677734375
360,360,360,2020-07-10,166.58656311035156,180.78350830078125,182.501220703125
361,361,361,2020-07-13,168.32321166992188,180.7740631103516,174.5865936279297
362,362,362,2020-07-14,172.87840270996094,179.67320251464844,176.0195770263672
363,363,363,2020-07-15,171.80604553222656,172.76451110839844,175.62098693847656
364,364,364,2020-07-16,170.819091796875,170.89503479003906,177.98399353027344
365,365,365,2020-07-17,170.6387481689453,165.0302276611328,178.0789031982422
366,366,366,2020-07-20,166.89022827148438,166.58656311035156,180.78350830078125
367,367,367,2020-07-21,169.20578002929688,168.32321166992188,180.7740631103516
368,368,368,2020-07-22,167.90567016601562,172.87840270996094,179.67320251464844
369,369,369,2020-07-23,169.98399353027344,171.80604553222656,172.76451110839844
370,370,370,2020-07-24,171.78709411621094,170.819091796875,170.89503479003906
371,371,371,2020-07-27,166.54861450195312,170.6387481689453,165.0302276611328
372,372,372,2020-07-28,166.78587341308594,166.89022827148438,166.58656311035156
373,373,373,2020-07-29,172.5272674560547,169.20578002929688,168.32321166992188
374,374,374,2020-07-30,169.36712646484375,167.90567016601562,172.87840270996094
375,375,375,2020-07-31,163.88197326660156,169.98399353027344,171.80604553222656
376,376,376,2020-08-03,164.17613220214844,171.78709411621094,170.819091796875
377,377,377,2020-08-04,164.650634765625,166.54861450195312,170.6387481689453
378,378,378,2020-08-05,165.9507598876953,166.78587341308594,166.89022827148438
379,379,379,2020-08-06,164.24258422851562,172.5272674560547,169.20578002929688
380,380,380,2020-08-07,169.10140991210938,169.36712646484375,167.90567016601562
381,381,381,2020-08-10,173.6660919189453,163.88197326660156,169.98399353027344
382,382,382,2020-08-11,173.07769775390625,164.17613220214844,171.78709411621094
383,383,383,2020-08-12,174.9187469482422,164.650634765625,166.54861450195312
384,384,384,2020-08-13,171.65420532226562,165.9507598876953,166.78587341308594
385,385,385,2020-08-14,174.04566955566406,164.24258422851562,172.5272674560547
386,386,386,2020-08-17,172.89739990234375,169.10140991210938,169.36712646484375
387,387,387,2020-08-18,172.650634765625,173.6660919189453,163.88197326660156
388,388,388,2020-08-19,172.00534057617188,173.07769775390625,164.17613220214844
389,389,389,2020-08-20,168.93060302734375,174.9187469482422,164.650634765625
390,390,390,2020-08-21,169.20578002929688,171.65420532226562,165.9507598876953
391,391,391,2020-08-24,168.61740112304688,174.04566955566406,164.24258422851562
392,392,392,2020-08-25,168.3612060546875,172.89739990234375,169.10140991210938
393,393,393,2020-08-26,165.22003173828125,172.650634765625,173.6660919189453
394,394,394,2020-08-27,168.04803466796875,172.00534057617188,173.07769775390625
395,395,395,2020-08-28,171.91041564941406,168.93060302734375,174.9187469482422
396,396,396,2020-08-31,168.32321166992188,169.20578002929688,171.65420532226562
397,397,397,2020-09-01,167.1654510498047,168.61740112304688,174.04566955566406
398,398,398,2020-09-02,172.0907440185547,168.3612060546875,172.89739990234375
399,399,399,2020-09-03,169.3291473388672,165.22003173828125,172.650634765625
400,400,400,2020-09-04,169.49998474121094,168.04803466796875,172.00534057617188
401,401,401,2020-09-08,165.10614013671875,171.91041564941406,168.93060302734375
402,402,402,2020-09-09,165.153564453125,168.32321166992188,169.20578002929688
403,403,403,2020-09-10,161.08238220214844,167.1654510498047,168.61740112304688
404,404,404,2020-09-11,160.72177124023438,172.0907440185547,168.3612060546875
405,405,405,2020-09-14,163.08480834960938,169.3291473388672,165.22003173828125
406,406,406,2020-09-15,158.00765991210938,169.49998474121094,168.04803466796875
407,407,407,2020-09-16,159.99105834960938,165.10614013671875,171.91041564941406
408,408,408,2020-09-17,160.38014221191406,165.153564453125,168.32321166992188
409,409,409,2020-09-18,159.35523986816406,161.08238220214844,167.1654510498047
410,410,410,2020-09-21,156.54620361328125,160.72177124023438,172.0907440185547
411,411,411,2020-09-22,153.49044799804688,163.08480834960938,169.3291473388672
412,412,412,2020-09-23,152.3136749267578,158.00765991210938,169.49998474121094
413,413,413,2020-09-24,152.67428588867188,159.99105834960938,165.10614013671875
414,414,414,2020-09-25,154.16421508789062,160.38014221191406,165.153564453125
415,415,415,2020-09-28,155.910400390625,159.35523986816406,161.08238220214844
416,416,416,2020-09-29,155.9293670654297,156.54620361328125,160.72177124023438
417,417,417,2020-09-30,160.7692413330078,153.49044799804688,163.08480834960938
418,418,418,2020-10-01,158.84278869628906,152.3136749267578,158.00765991210938
419,419,419,2020-10-02,158.7003936767578,152.67428588867188,159.99105834960938
420,420,420,2020-10-05,163.43589782714844,154.16421508789062,160.38014221191406
421,421,421,2020-10-06,162.16427612304688,155.910400390625,159.35523986816406
422,422,422,2020-10-07,167.30780029296875,155.9293670654297,156.54620361328125
423,423,423,2020-10-08,168.7977294921875,160.7692413330078,153.49044799804688
424,424,424,2020-10-09,167.40267944335938,158.84278869628906,152.3136749267578
425,425,425,2020-10-12,168.40866088867188,158.7003936767578,152.67428588867188
426,426,426,2020-10-13,165.67556762695312,163.43589782714844,154.16421508789062
427,427,427,2020-10-14,165.59011840820312,162.16427612304688,155.910400390625
428,428,428,2020-10-15,167.80130004882812,167.30780029296875,155.9293670654297
429,429,429,2020-10-16,168.82618713378906,168.7977294921875,160.7692413330078
430,430,430,2020-10-19,162.9044647216797,167.40267944335938,158.84278869628906
431,431,431,2020-10-20,162.36354064941406,168.40866088867188,158.7003936767578
432,432,432,2020-10-21,165.65655517578125,165.67556762695312,163.43589782714844
433,433,433,2020-10-22,170.18325805664062,165.59011840820312,162.16427612304688
434,434,434,2020-10-23,175.08006286621094,167.80130004882812,167.30780029296875
435,435,435,2020-10-26,172.6031951904297,168.82618713378906,168.7977294921875
436,436,436,2020-10-27,169.1962890625,162.9044647216797,167.40267944335938
437,437,437,2020-10-28,159.7443084716797,162.36354064941406,168.40866088867188
438,438,438,2020-10-29,155.0657501220703,165.65655517578125,165.67556762695312
439,439,439,2020-10-30,158.4536895751953,170.18325805664062,165.59011840820312
440,440,440,2020-11-02,165.92225646972656,175.08006286621094,167.80130004882812
441,441,441,2020-11-03,174.50120544433594,172.6031951904297,168.82618713378906
442,442,442,2020-11-04,199.87733459472656,169.1962890625,162.9044647216797
443,443,443,2020-11-05,203.2367553710937,159.7443084716797,162.36354064941406
444,444,444,2020-11-06,191.1940155029297,155.0657501220703,165.65655517578125
445,445,445,2020-11-09,200.42774963378903,158.4536895751953,170.18325805664062
446,446,446,2020-11-10,208.9686889648437,165.92225646972656,175.08006286621094
447,447,447,2020-11-11,209.832275390625,174.50120544433594,172.6031951904297
448,448,448,2020-11-12,208.92123413085932,199.87733459472656,169.1962890625
449,449,449,2020-11-13,208.48471069335932,203.2367553710937,159.7443084716797
450,450,450,2020-11-16,207.16558837890625,191.1940155029297,155.0657501220703
451,451,451,2020-11-17,203.8536071777344,200.42774963378903,158.4536895751953
452,452,452,2020-11-18,200.1715087890625,208.9686889648437,165.92225646972656
453,453,453,2020-11-19,194.29721069335932,209.832275390625,174.50120544433594
454,454,454,2020-11-20,194.37315368652344,208.92123413085932,199.87733459472656
455,455,455,2020-11-23,196.385009765625,208.48471069335932,203.2367553710937
456,456,456,2020-11-24,199.3079376220703,207.16558837890625,191.1940155029297
457,457,457,2020-11-25,196.4514617919922,203.8536071777344,200.42774963378903
458,458,458,2020-11-27,201.66143798828125,200.1715087890625,208.9686889648437
459,459,459,2020-11-30,198.4727783203125,194.29721069335932,209.832275390625
460,460,460,2020-12-01,196.9259185791016,194.37315368652344,208.92123413085932
461,461,461,2020-12-02,201.1964111328125,196.385009765625,208.48471069335932
462,462,462,2020-12-03,202.50604248046875,199.3079376220703,207.16558837890625
463,463,463,2020-12-04,206.5487365722656,196.4514617919922,203.8536071777344
464,464,464,2020-12-07,207.44081115722656,201.66143798828125,200.1715087890625
465,465,465,2020-12-08,207.5167236328125,198.4727783203125,194.29721069335932
466,466,466,2020-12-09,205.9319305419922,196.9259185791016,194.37315368652344
467,467,467,2020-12-10,201.8037872314453,201.1964111328125,196.385009765625
468,468,468,2020-12-11,198.67205810546875,202.50604248046875,199.3079376220703
469,469,469,2020-12-14,192.78829956054688,206.5487365722656,196.4514617919922
470,470,470,2020-12-15,195.02793884277344,207.44081115722656,201.66143798828125
471,471,471,2020-12-16,192.0765838623047,207.5167236328125,198.4727783203125
472,472,472,2020-12-17,192.2948608398437,205.9319305419922,196.9259185791016
473,473,473,2020-12-18,187.0279235839844,201.8037872314453,201.1964111328125
474,474,474,2020-12-21,187.31260681152344,198.67205810546875,202.50604248046875
475,475,475,2020-12-22,185.0255584716797,192.78829956054688,206.5487365722656
476,476,476,2020-12-23,188.83102416992188,195.02793884277344,207.44081115722656
477,477,477,2020-12-24,188.6886749267578,192.0765838623047,207.5167236328125
478,478,478,2020-12-28,191.8488006591797,192.2948608398437,205.9319305419922
479,479,479,2020-12-29,193.64242553710932,187.0279235839844,201.8037872314453
480,480,480,2020-12-30,193.64242553710932,187.31260681152344,198.67205810546875
481,481,481,2020-12-31,197.561767578125,185.0255584716797,192.78829956054688
482,482,482,2021-01-04,195.22723388671875,188.83102416992188,195.02793884277344
483,483,483,2021-01-05,193.0540313720703,188.6886749267578,192.0765838623047
484,484,484,2021-01-06,198.7480010986328,191.8488006591797,192.2948608398437
485,485,485,2021-01-07,209.2533721923828,193.64242553710932,187.0279235839844
486,486,486,2021-01-08,209.5380706787109,193.64242553710932,187.31260681152344
487,487,487,2021-01-11,208.7029571533203,197.561767578125,185.0255584716797
488,488,488,2021-01-12,213.732650756836,195.22723388671875,188.83102416992188
489,489,489,2021-01-13,212.39454650878903,193.0540313720703,188.6886749267578
490,490,490,2021-01-14,209.5191192626953,198.7480010986328,191.8488006591797
491,491,491,2021-01-15,207.7349853515625,209.2533721923828,193.64242553710932
492,492,492,2021-01-19,209.5380706787109,209.5380706787109,193.64242553710932
493,493,493,2021-01-20,216.7694549560547,208.7029571533203,197.561767578125
494,494,494,2021-01-21,214.65318298339844,213.732650756836,195.22723388671875
495,495,495,2021-01-22,212.02444458007807,212.39454650878903,193.0540313720703
496,496,496,2021-01-25,208.8643035888672,209.5191192626953,198.7480010986328
497,497,497,2021-01-26,204.75515747070312,207.7349853515625,209.2533721923828
498,498,498,2021-01-27,201.71836853027344,209.5380706787109,209.5380706787109
499,499,499,2021-01-28,207.63058471679688,216.7694549560547,208.7029571533203
500,500,500,2021-01-29,205.97935485839844,214.65318298339844,213.732650756836
501,501,501,2021-02-01,205.7420959472656,212.02444458007807,212.39454650878903
502,502,502,2021-02-02,206.70057678222656,208.8643035888672,209.5191192626953
503,503,503,2021-02-03,208.2379302978516,204.75515747070312,207.7349853515625
504,504,504,2021-02-04,194.9045867919922,201.71836853027344,209.5380706787109
505,505,505,2021-02-05,193.0540313720703,207.63058471679688,216.7694549560547
506,506,506,2021-02-08,195.54039001464844,205.97935485839844,214.65318298339844
507,507,507,2021-02-09,200.2284393310547,205.7420959472656,212.02444458007807
508,508,508,2021-02-10,200.39926147460932,206.70057678222656,208.8643035888672
509,509,509,2021-02-11,197.82749938964844,208.2379302978516,204.75515747070312
510,510,510,2021-02-12,196.37551879882807,194.9045867919922,201.71836853027344
511,511,511,2021-02-16,192.90220642089844,193.0540313720703,207.63058471679688
512,512,512,2021-02-17,197.4099273681641,195.54039001464844,205.97935485839844
513,513,513,2021-02-18,195.1608123779297,200.2284393310547,205.7420959472656
514,514,514,2021-02-19,193.8417053222656,200.39926147460932,206.70057678222656
515,515,515,2021-02-22,198.4822998046875,197.82749938964844,208.2379302978516
516,516,516,2021-02-23,201.82276916503903,196.37551879882807,194.9045867919922
517,517,517,2021-02-24,203.9769744873047,192.90220642089844,193.0540313720703
518,518,518,2021-02-25,198.66259765625,197.4099273681641,195.54039001464844
519,519,519,2021-02-26,199.1940460205078,195.1608123779297,200.2284393310547
520,520,520,2021-03-01,203.9864654541016,193.8417053222656,200.39926147460932
521,521,521,2021-03-02,208.3138732910156,198.4822998046875,197.82749938964844
522,522,522,2021-03-03,209.37677001953125,201.82276916503903,196.37551879882807
523,523,523,2021-03-04,213.12530517578125,203.9769744873047,192.90220642089844
524,524,524,2021-03-05,218.85720825195312,198.66259765625,197.4099273681641
525,525,525,2021-03-08,223.82997131347656,199.1940460205078,195.1608123779297
526,526,526,2021-03-09,225.49774169921875,203.9864654541016,193.8417053222656
527,527,527,2021-03-10,227.0321350097656,208.3138732910156,198.4822998046875
528,528,528,2021-03-11,227.8803253173828,209.37677001953125,201.82276916503903
529,529,529,2021-03-12,232.0260772705078,213.12530517578125,203.9769744873047
530,530,530,2021-03-15,233.9607391357422,218.85720825195312,198.66259765625
531,531,531,2021-03-16,230.3391876220703,223.82997131347656,199.1940460205078
532,532,532,2021-03-17,230.54884338378903,225.49774169921875,203.9864654541016
533,533,533,2021-03-18,232.369140625,227.0321350097656,208.3138732910156
534,534,534,2021-03-19,231.83544921875,227.8803253173828,209.37677001953125
535,535,535,2021-03-22,231.0158233642578,232.0260772705078,213.12530517578125
536,536,536,2021-03-23,227.2418212890625,233.9607391357422,218.85720825195312
537,537,537,2021-03-24,229.24319458007807,230.3391876220703,223.82997131347656
538,538,538,2021-03-25,230.0532684326172,230.54884338378903,225.49774169921875
539,539,539,2021-03-26,232.33102416992188,232.369140625,227.0321350097656
540,540,540,2021-03-29,235.9239654541016,231.83544921875,227.8803253173828
541,541,541,2021-03-30,234.2561492919922,231.0158233642578,232.0260772705078
542,542,542,2021-03-31,230.38682556152344,227.2418212890625,233.9607391357422
543,543,543,2021-04-01,230.47262573242188,229.24319458007807,230.3391876220703
544,544,544,2021-04-05,231.9116973876953,230.0532684326172,230.54884338378903
545,545,545,2021-04-06,227.8994140625,232.33102416992188,232.369140625
546,546,546,2021-04-07,228.938217163086,235.9239654541016,231.83544921875
547,547,547,2021-04-08,227.0607452392578,234.2561492919922,231.0158233642578
548,548,548,2021-04-09,234.5420684814453,230.38682556152344,227.2418212890625
549,549,549,2021-04-12,234.27520751953125,230.47262573242188,229.24319458007807
550,550,550,2021-04-13,233.74151611328125,231.9116973876953,230.0532684326172
551,551,551,2021-04-14,237.72520446777344,227.8994140625,232.33102416992188
552,552,552,2021-04-15,242.41412353515625,228.938217163086,235.9239654541016
553,553,553,2021-04-16,240.7082061767578,227.0607452392578,234.2561492919922
554,554,554,2021-04-19,240.6319580078125,234.5420684814453,230.38682556152344
555,555,555,2021-04-20,241.4706420898437,234.27520751953125,230.47262573242188
556,556,556,2021-04-21,241.1179962158203,233.74151611328125,231.9116973876953
557,557,557,2021-04-22,240.6796264648437,237.72520446777344,227.8994140625
558,558,558,2021-04-23,239.9743804931641,242.41412353515625,228.938217163086
559,559,559,2021-04-26,237.66802978515625,240.7082061767578,227.0607452392578
560,560,560,2021-04-27,238.67825317382807,240.6319580078125,234.5420684814453
561,561,561,2021-04-28,235.53323364257807,241.4706420898437,234.27520751953125
562,562,562,2021-04-29,238.48765563964844,241.1179962158203,233.74151611328125
563,563,563,2021-04-30,237.3153839111328,240.6796264648437,237.72520446777344
564,564,564,2021-05-03,240.212646484375,239.9743804931641,242.41412353515625
565,565,565,2021-05-04,247.312744140625,237.66802978515625,240.7082061767578
566,566,566,2021-05-05,246.2834625244141,238.67825317382807,240.6319580078125
567,567,567,2021-05-06,244.8634490966797,235.53323364257807,241.4706420898437
568,568,568,2021-05-07,248.9138336181641,238.48765563964844,241.1179962158203
569,569,569,2021-05-10,254.37472534179688,237.3153839111328,240.6796264648437
570,570,570,2021-05-11,248.6088714599609,240.212646484375,239.9743804931641
571,571,571,2021-05-12,246.5693817138672,247.312744140625,237.66802978515625
572,572,572,2021-05-13,251.6013641357422,246.2834625244141,238.67825317382807
573,573,573,2021-05-14,251.14393615722656,244.8634490966797,235.53323364257807
574,574,574,2021-05-17,252.2875823974609,248.9138336181641,238.48765563964844
575,575,575,2021-05-18,250.8104248046875,254.37472534179688,237.3153839111328
576,576,576,2021-05-19,250.0956115722656,248.6088714599609,240.212646484375
577,577,577,2021-05-20,248.4182891845703,246.5693817138672,247.312744140625
578,578,578,2021-05-21,249.92404174804688,251.6013641357422,246.2834625244141
579,579,579,2021-05-24,249.24737548828125,251.14393615722656,244.8634490966797
580,580,580,2021-05-25,247.40805053710932,252.2875823974609,248.9138336181641
581,581,581,2021-05-26,247.2079162597656,250.8104248046875,254.37472534179688
582,582,582,2021-05-27,247.312744140625,250.0956115722656,248.6088714599609
583,583,583,2021-05-28,246.6932678222656,248.4182891845703,246.5693817138672
584,584,584,2021-06-01,245.57823181152344,249.92404174804688,251.6013641357422
585,585,585,2021-06-02,243.41482543945312,249.24737548828125,251.14393615722656
586,586,586,2021-06-03,244.90155029296875,247.40805053710932,252.2875823974609
587,587,587,2021-06-04,241.0608367919922,247.2079162597656,250.8104248046875
588,588,588,2021-06-07,236.9082489013672,247.312744140625,250.0956115722656
589,589,589,2021-06-08,235.30078125,246.6932678222656,248.4182891845703
590,590,590,2021-06-09,231.5596160888672,245.57823181152344,249.92404174804688
591,591,591,2021-06-10,229.301513671875,243.41482543945312,249.24737548828125
592,592,592,2021-06-11,231.4065399169922,244.90155029296875,247.40805053710932
593,593,593,2021-06-14,229.2441253662109,241.0608367919922,247.2079162597656
594,594,594,2021-06-15,228.7561492919922,236.9082489013672,247.312744140625
595,595,595,2021-06-16,226.75640869140625,235.30078125,246.6932678222656
596,596,596,2021-06-17,226.4693603515625,231.5596160888672,245.57823181152344
597,597,597,2021-06-18,221.95315551757807,229.301513671875,243.41482543945312
598,598,598,2021-06-21,226.26841735839844,231.4065399169922,244.90155029296875
599,599,599,2021-06-22,225.8187255859375,229.2441253662109,241.0608367919922
600,600,600,2021-06-23,222.8717041015625,228.7561492919922,236.9082489013672
601,601,601,2021-06-24,224.6322631835937,226.75640869140625,235.30078125
602,602,602,2021-06-25,226.86163330078125,226.4693603515625,231.5596160888672
603,603,603,2021-06-28,229.6746826171875,221.95315551757807,229.301513671875
604,604,604,2021-06-29,226.4693603515625,226.26841735839844,231.4065399169922
605,605,605,2021-06-30,226.8329620361328,225.8187255859375,229.2441253662109
606,606,606,2021-07-01,228.0098114013672,222.8717041015625,228.7561492919922
607,607,607,2021-07-02,227.75146484375,224.6322631835937,226.75640869140625
608,608,608,2021-07-06,225.0819549560547,226.86163330078125,226.4693603515625
609,609,609,2021-07-07,225.7421722412109,229.6746826171875,221.95315551757807
610,610,610,2021-07-08,221.41732788085932,226.4693603515625,226.26841735839844
611,611,611,2021-07-09,224.7566375732422,226.8329620361328,225.8187255859375
612,612,612,2021-07-12,225.0628204345703,228.0098114013672,222.8717041015625
613,613,613,2021-07-13,225.38815307617188,227.75146484375,224.6322631835937
614,614,614,2021-07-14,225.8282928466797,225.0819549560547,226.86163330078125
615,615,615,2021-07-15,224.7662048339844,225.7421722412109,229.6746826171875
616,616,616,2021-07-16,223.7328643798828,221.41732788085932,226.4693603515625
617,617,617,2021-07-19,217.80056762695312,224.7566375732422,226.8329620361328
618,618,618,2021-07-20,222.00103759765625,225.0628204345703,228.0098114013672
619,619,619,2021-07-21,223.4840850830078,225.38815307617188,227.75146484375
620,620,620,2021-07-22,222.2115173339844,225.8282928466797,225.0819549560547
621,621,621,2021-07-23,222.8238677978516,224.7662048339844,225.7421722412109
622,622,622,2021-07-26,218.5755920410156,223.7328643798828,221.41732788085932
623,623,623,2021-07-27,218.99661254882807,217.80056762695312,224.7566375732422
624,624,624,2021-07-28,217.4369964599609,222.00103759765625,225.0628204345703
625,625,625,2021-07-29,219.0635681152344,223.4840850830078,225.38815307617188
626,626,626,2021-07-30,219.5802764892578,222.2115173339844,225.8282928466797
627,627,627,2021-08-02,219.4462890625,222.8238677978516,224.7662048339844
628,628,628,2021-08-03,223.8572235107422,218.5755920410156,223.7328643798828
629,629,629,2021-08-04,221.4843292236328,218.99661254882807,217.80056762695312
630,630,630,2021-08-05,197.30552673339844,217.4369964599609,222.00103759765625
631,631,631,2021-08-06,200.2620849609375,219.0635681152344,223.4840850830078
632,632,632,2021-08-09,202.0322265625,219.5802764892578,222.2115173339844
633,633,633,2021-08-10,201.84085083007807,219.4462890625,222.8238677978516
634,634,634,2021-08-11,202.1757354736328,223.8572235107422,218.5755920410156
635,635,635,2021-08-12,200.62567138671875,221.4843292236328,218.99661254882807
636,636,636,2021-08-13,201.5155334472656,197.30552673339844,217.4369964599609
637,637,637,2021-08-16,201.79299926757807,200.2620849609375,219.0635681152344
638,638,638,2021-08-17,201.41026306152344,202.0322265625,219.5802764892578
639,639,639,2021-08-18,196.72186279296875,201.84085083007807,219.4462890625
640,640,640,2021-08-19,197.2768402099609,202.1757354736328,223.8572235107422
641,641,641,2021-08-20,198.56851196289065,200.62567138671875,221.4843292236328
642,642,642,2021-08-23,198.7694702148437,201.5155334472656,197.30552673339844
643,643,643,2021-08-24,202.740234375,201.79299926757807,200.2620849609375
644,644,644,2021-08-25,202.2618408203125,201.41026306152344,202.0322265625
645,645,645,2021-08-26,198.8172912597656,196.72186279296875,201.84085083007807
646,646,646,2021-08-27,201.5824584960937,197.2768402099609,202.1757354736328
647,647,647,2021-08-30,198.5111389160156,198.56851196289065,200.62567138671875
648,648,648,2021-08-31,202.51060485839844,198.7694702148437,201.5155334472656
649,649,649,2021-09-01,201.93655395507807,202.740234375,201.79299926757807
650,650,650,2021-09-02,208.787353515625,202.2618408203125,201.41026306152344
651,651,651,2021-09-03,207.55303955078125,198.8172912597656,196.72186279296875
652,652,652,2021-09-07,207.9375457763672,201.5824584960937,197.2768402099609
653,653,653,2021-09-08,205.09225463867188,198.5111389160156,198.56851196289065
654,654,654,2021-09-09,205.6593780517578,202.51060485839844,198.7694702148437
655,655,655,2021-09-10,196.7582244873047,201.93655395507807,202.740234375
656,656,656,2021-09-13,200.9973297119141,208.787353515625,202.2618408203125
657,657,657,2021-09-14,195.758529663086,207.55303955078125,198.8172912597656
658,658,658,2021-09-15,198.5749664306641,207.9375457763672,201.5824584960937
659,659,659,2021-09-16,197.5560607910156,205.09225463867188,198.5111389160156
660,660,660,2021-09-17,197.65219116210932,205.6593780517578,202.51060485839844
661,661,661,2021-09-20,194.6819305419922,196.7582244873047,201.93655395507807
662,662,662,2021-09-21,194.5473480224609,200.9973297119141,208.787353515625
663,663,663,2021-09-22,194.162826538086,195.758529663086,207.55303955078125
664,664,664,2021-09-23,194.6146240234375,198.5749664306641,207.9375457763672
665,665,665,2021-09-24,195.9891967773437,197.5560607910156,205.09225463867188
666,666,666,2021-09-27,198.6038055419922,197.65219116210932,205.6593780517578
667,667,667,2021-09-28,195.40286254882807,194.6819305419922,196.7582244873047
668,668,668,2021-09-29,196.0276336669922,194.5473480224609,200.9973297119141
669,669,669,2021-09-30,192.4037628173828,194.162826538086,195.758529663086
670,670,670,2021-10-01,194.7492218017578,194.6146240234375,198.5749664306641
671,671,671,2021-10-04,191.72125244140625,195.9891967773437,197.5560607910156
672,672,672,2021-10-05,193.59567260742188,198.6038055419922,197.65219116210932
673,673,673,2021-10-06,195.3740234375,195.40286254882807,194.6819305419922
674,674,674,2021-10-07,196.7774658203125,196.0276336669922,194.5473480224609
675,675,675,2021-10-08,197.2292022705078,192.4037628173828,194.162826538086
676,676,676,2021-10-11,196.0276336669922,194.7492218017578,194.6146240234375
677,677,677,2021-10-12,194.26858520507807,191.72125244140625,195.9891967773437
678,678,678,2021-10-13,191.7404937744141,193.59567260742188,198.6038055419922
679,679,679,2021-10-14,195.1721343994141,195.3740234375,195.40286254882807
680,680,680,2021-10-15,198.20008850097656,196.7774658203125,196.0276336669922
681,681,681,2021-10-18,196.6428680419922,197.2292022705078,192.4037628173828
682,682,682,2021-10-19,198.62306213378903,196.0276336669922,194.7492218017578
683,683,683,2021-10-20,206.4379730224609,194.26858520507807,191.72125244140625
684,684,684,2021-10-21,207.8510284423828,191.7404937744141,193.59567260742188
685,685,685,2021-10-22,208.0144500732422,195.1721343994141,195.3740234375
686,686,686,2021-10-25,207.26467895507807,198.20008850097656,196.7774658203125
687,687,687,2021-10-26,207.312728881836,196.6428680419922,197.2292022705078
688,688,688,2021-10-27,205.1306915283203,198.62306213378903,196.0276336669922
689,689,689,2021-10-28,207.3896331787109,206.4379730224609,194.26858520507807
690,690,690,2021-10-29,205.3325653076172,207.8510284423828,191.7404937744141
691,691,691,2021-11-01,207.7549285888672,208.0144500732422,195.1721343994141
692,692,692,2021-11-02,206.38995361328125,207.26467895507807,198.20008850097656
693,693,693,2021-11-03,209.7927703857422,207.312728881836,196.6428680419922
694,694,694,2021-11-04,204.90000915527344,205.1306915283203,198.62306213378903
695,695,695,2021-11-05,205.8227996826172,207.3896331787109,206.4379730224609
696,696,696,2021-11-08,209.7062530517578,205.3325653076172,207.8510284423828
697,697,697,2021-11-09,207.8221893310547,207.7549285888672,208.0144500732422
698,698,698,2021-11-10,209.3986358642578,206.38995361328125,207.26467895507807
699,699,699,2021-11-11,209.2640686035156,209.7927703857422,207.312728881836
700,700,700,2021-11-12,209.2929229736328,204.90000915527344,205.1306915283203
701,701,701,2021-11-15,207.1781616210937,205.8227996826172,207.3896331787109
702,702,702,2021-11-16,209.3217620849609,209.7062530517578,205.3325653076172
703,703,703,2021-11-17,208.5719757080078,207.8221893310547,207.7549285888672
704,704,704,2021-11-18,210.27340698242188,209.3986358642578,206.38995361328125
705,705,705,2021-11-19,202.35269165039065,209.2640686035156,209.7927703857422
706,706,706,2021-11-22,203.35240173339844,209.2929229736328,204.90000915527344
707,707,707,2021-11-23,204.9769287109375,207.1781616210937,205.8227996826172
708,708,708,2021-11-24,202.41998291015625,209.3217620849609,209.7062530517578
709,709,709,2021-11-26,194.2012939453125,208.5719757080078,207.8221893310547
710,710,710,2021-11-29,191.87506103515625,210.27340698242188,209.3986358642578
711,711,711,2021-11-30,184.4638214111328,202.35269165039065,209.2640686035156
712,712,712,2021-12-01,187.174560546875,203.35240173339844,209.2929229736328
713,713,713,2021-12-02,190.12559509277344,204.9769287109375,207.1781616210937
714,714,714,2021-12-03,192.11538696289065,202.41998291015625,209.3217620849609
715,715,715,2021-12-06,199.5832061767578,194.2012939453125,208.5719757080078
716,716,716,2021-12-07,200.9163818359375,191.87506103515625,210.27340698242188
717,717,717,2021-12-08,201.244873046875,184.4638214111328,202.35269165039065
718,718,718,2021-12-09,204.1334686279297,187.174560546875,203.35240173339844
719,719,719,2021-12-10,207.6499938964844,190.12559509277344,204.9769287109375
720,720,720,2021-12-13,207.85287475585932,192.11538696289065,202.41998291015625
721,721,721,2021-12-14,209.2730255126953,199.5832061767578,194.2012939453125
722,722,722,2021-12-15,210.0845489501953,200.9163818359375,191.87506103515625
723,723,723,2021-12-16,211.2534942626953,201.244873046875,184.4638214111328
724,724,724,2021-12-17,212.17127990722656,204.1334686279297,187.174560546875
725,725,725,2021-12-20,209.64015197753903,207.6499938964844,190.12559509277344
726,726,726,2021-12-21,212.770263671875,207.85287475585932,192.11538696289065
727,727,727,2021-12-22,214.7893829345703,209.2730255126953,199.5832061767578
728,728,728,2021-12-23,218.2286071777344,210.0845489501953,200.9163818359375
729,729,729,2021-12-27,220.1317901611328,211.2534942626953,201.244873046875
730,730,730,2021-12-28,222.7209014892578,212.17127990722656,204.1334686279297
731,731,731,2021-12-29,223.79324340820312,209.64015197753903,207.6499938964844
732,732,732,2021-12-30,222.9237823486328,212.770263671875,207.85287475585932
733,733,733,2021-12-31,221.841796875,214.7893829345703,209.2730255126953
734,734,734,2022-01-03,226.2567749023437,218.2286071777344,210.0845489501953
735,735,735,2022-01-04,225.3872985839844,220.1317901611328,211.2534942626953
736,736,736,2022-01-05,228.4980926513672,222.7209014892578,212.17127990722656
737,737,737,2022-01-06,219.82264709472656,223.79324340820312,209.64015197753903
738,738,738,2022-01-07,225.2713623046875,222.9237823486328,212.770263671875
739,739,739,2022-01-10,225.7640838623047,221.841796875,214.7893829345703
740,740,740,2022-01-11,231.99530029296875,226.2567749023437,218.2286071777344
741,741,741,2022-01-12,230.6814422607422,225.3872985839844,220.1317901611328
742,742,742,2022-01-13,232.3914031982422,228.4980926513672,222.7209014892578
743,743,743,2022-01-14,233.9564666748047,219.82264709472656,223.79324340820312
744,744,744,2022-01-18,231.8407440185547,225.2713623046875,222.9237823486328
745,745,745,2022-01-19,230.7007751464844,225.7640838623047,221.841796875
746,746,746,2022-01-20,232.23684692382807,231.99530029296875,226.2567749023437
747,747,747,2022-01-21,228.2372436523437,230.6814422607422,225.3872985839844
748,748,748,2022-01-24,228.4014892578125,232.3914031982422,228.4980926513672
749,749,749,2022-01-25,226.7784576416016,233.9564666748047,219.82264709472656
750,750,750,2022-01-26,226.0828857421875,231.8407440185547,225.2713623046875
751,751,751,2022-01-27,219.7164001464844,230.7007751464844,225.7640838623047
752,752,752,2022-01-28,225.53219604492188,232.23684692382807,231.99530029296875
753,753,753,2022-01-31,222.6436309814453,228.2372436523437,230.6814422607422
754,754,754,2022-02-01,218.24794006347656,228.4014892578125,232.3914031982422
755,755,755,2022-02-02,222.2185516357422,226.7784576416016,233.9564666748047
756,756,756,2022-02-03,210.18115234375,226.0828857421875,231.8407440185547
757,757,757,2022-02-04,213.86192321777344,219.7164001464844,230.7007751464844
758,758,758,2022-02-07,216.86642456054688,225.53219604492188,232.23684692382807
759,759,759,2022-02-08,223.90921020507807,222.6436309814453,228.2372436523437
760,760,760,2022-02-09,224.4985198974609,218.24794006347656,228.4014892578125
761,761,761,2022-02-10,222.46006774902344,222.2185516357422,226.7784576416016
762,762,762,2022-02-11,219.7840118408203,210.18115234375,226.0828857421875
763,763,763,2022-02-14,217.6006622314453,213.86192321777344,219.7164001464844
764,764,764,2022-02-15,220.6631622314453,216.86642456054688,225.53219604492188
765,765,765,2022-02-16,221.23312377929688,223.90921020507807,222.6436309814453
766,766,766,2022-02-17,219.40724182128903,224.4985198974609,218.24794006347656
767,767,767,2022-02-18,220.89498901367188,222.46006774902344,222.2185516357422
768,768,768,2022-02-22,220.00621032714844,219.7840118408203,210.18115234375
769,769,769,2022-02-23,217.45574951171875,217.6006622314453,213.86192321777344
770,770,770,2022-02-24,216.8181304931641,220.6631622314453,216.86642456054688
771,771,771,2022-02-25,224.94290161132807,221.23312377929688,223.90921020507807
772,772,772,2022-02-28,229.71536254882807,219.40724182128903,224.4985198974609
773,773,773,2022-03-01,229.05841064453125,220.89498901367188,222.46006774902344
774,774,774,2022-03-02,232.35275268554688,220.00621032714844,219.7840118408203
775,775,775,2022-03-03,229.74432373046875,217.45574951171875,217.6006622314453
776,776,776,2022-03-04,233.43478393554688,216.8181304931641,220.6631622314453
777,777,777,2022-03-07,229.7829742431641,224.94290161132807,221.23312377929688
778,778,778,2022-03-08,222.3768920898437,229.71536254882807,219.40724182128903
779,779,779,2022-03-09,224.4734649658203,229.05841064453125,220.89498901367188
780,780,780,2022-03-10,222.726303100586,232.35275268554688,220.00621032714844
781,781,781,2022-03-11,220.20263671875,229.74432373046875,217.45574951171875
782,782,782,2022-03-14,219.56198120117188,233.43478393554688,216.8181304931641
783,783,783,2022-03-15,226.24009704589844,229.7829742431641,224.94290161132807
784,784,784,2022-03-16,230.5303649902344,222.3768920898437,229.71536254882807
785,785,785,2022-03-17,235.27688598632807,224.4734649658203,229.05841064453125
786,786,786,2022-03-18,234.0829620361328,222.726303100586,232.35275268554688
787,787,787,2022-03-21,236.363998413086,220.20263671875,229.74432373046875
788,788,788,2022-03-22,236.38340759277344,219.56198120117188,233.43478393554688
789,789,789,2022-03-23,231.50100708007807,226.24009704589844,229.7829742431641
790,790,790,2022-03-24,234.99539184570312,230.5303649902344,222.3768920898437
791,791,791,2022-03-25,236.43194580078125,235.27688598632807,224.4734649658203
792,792,792,2022-03-28,236.5095977783203,234.0829620361328,222.726303100586
793,793,793,2022-03-29,236.198974609375,236.363998413086,220.20263671875
794,794,794,2022-03-30,238.61593627929688,236.38340759277344,219.56198120117188
795,795,795,2022-03-31,232.57846069335932,231.50100708007807,226.24009704589844
796,796,796,2022-04-01,239.0236053466797,234.99539184570312,230.5303649902344
797,797,797,2022-04-04,235.15069580078125,236.43194580078125,235.27688598632807
798,798,798,2022-04-05,237.89764404296875,236.5095977783203,234.0829620361328
799,799,799,2022-04-06,242.28500366210932,236.198974609375,236.363998413086
800,800,800,2022-04-07,247.6430206298828,238.61593627929688,236.38340759277344
801,801,801,2022-04-08,250.33172607421875,232.57846069335932,231.50100708007807
802,802,802,2022-04-11,246.6626434326172,239.0236053466797,234.99539184570312
803,803,803,2022-04-12,247.3421173095703,235.15069580078125,236.43194580078125
804,804,804,2022-04-13,251.3897399902344,237.89764404296875,236.5095977783203
805,805,805,2022-04-14,251.603271484375,242.28500366210932,236.198974609375
806,806,806,2022-04-18,251.360595703125,247.6430206298828,238.61593627929688
807,807,807,2022-04-19,253.369873046875,250.33172607421875,232.57846069335932
808,808,808,2022-04-20,260.9797668457031,246.6626434326172,239.0236053466797
809,809,809,2022-04-21,256.8448181152344,247.3421173095703,235.15069580078125
810,810,810,2022-04-22,247.57508850097656,251.3897399902344,237.89764404296875
811,811,811,2022-04-25,246.89561462402344,251.603271484375,242.28500366210932
812,812,812,2022-04-26,245.1872711181641,251.360595703125,247.6430206298828
813,813,813,2022-04-27,243.41094970703125,253.369873046875,250.33172607421875
814,814,814,2022-04-28,246.77914428710932,260.9797668457031,246.6626434326172
815,815,815,2022-04-29,239.5380401611328,256.8448181152344,247.3421173095703
816,816,816,2022-05-02,238.8876953125,247.57508850097656,251.3897399902344
817,817,817,2022-05-03,240.03309631347656,246.89561462402344,251.603271484375
818,818,818,2022-05-04,248.1671600341797,245.1872711181641,251.360595703125
819,819,819,2022-05-05,244.68251037597656,243.41094970703125,253.369873046875
820,820,820,2022-05-06,259.067626953125,246.77914428710932,260.9797668457031
821,821,821,2022-05-09,253.73873901367188,239.5380401611328,256.8448181152344
822,822,822,2022-05-10,253.00099182128903,238.8876953125,247.57508850097656
823,823,823,2022-05-11,252.5642242431641,240.03309631347656,246.89561462402344
824,824,824,2022-05-12,252.39920043945312,248.1671600341797,245.1872711181641
825,825,825,2022-05-13,251.5838623046875,244.68251037597656,243.41094970703125
826,826,826,2022-05-16,258.66961669921875,259.067626953125,246.77914428710932
827,827,827,2022-05-17,263.3869934082031,253.73873901367188,239.5380401611328
828,828,828,2022-05-18,250.01144409179688,253.00099182128903,238.8876953125
829,829,829,2022-05-19,249.34165954589844,252.5642242431641,240.03309631347656
830,830,830,2022-05-20,251.87503051757807,252.39920043945312,248.1671600341797
831,831,831,2022-05-23,255.6412048339844,251.5838623046875,244.68251037597656
832,832,832,2022-05-24,257.1845092773437,258.66961669921875,259.067626953125
833,833,833,2022-05-25,257.9513854980469,263.3869934082031,253.73873901367188
834,834,834,2022-05-26,260.9894714355469,250.01144409179688,253.00099182128903
835,835,835,2022-05-27,264.40625,249.34165954589844,252.5642242431641
836,836,836,2022-05-31,260.4168395996094,251.87503051757807,252.39920043945312
837,837,837,2022-06-01,256.8156433105469,255.6412048339844,251.5838623046875
838,838,838,2022-06-02,255.69940185546875,257.1845092773437,258.66961669921875
839,839,839,2022-06-03,246.51705932617188,257.9513854980469,263.3869934082031
840,840,840,2022-06-06,250.7393951416016,260.9894714355469,250.01144409179688
841,841,841,2022-06-07,255.69178771972656,264.40625,249.34165954589844
842,842,842,2022-06-08,254.22946166992188,260.4168395996094,251.87503051757807
843,843,843,2022-06-09,251.10983276367188,256.8156433105469,255.6412048339844
844,844,844,2022-06-10,246.92759704589844,255.69940185546875,257.1845092773437
845,845,845,2022-06-13,236.1454315185547,246.51705932617188,257.9513854980469
846,846,846,2022-06-14,239.5380096435547,250.7393951416016,260.9894714355469
847,847,847,2022-06-15,240.8931121826172,255.69178771972656,264.40625
848,848,848,2022-06-16,242.06298828125,254.22946166992188,260.4168395996094
849,849,849,2022-06-17,238.3779144287109,251.10983276367188,256.8156433105469
850,850,850,2022-06-21,245.84548950195312,246.92759704589844,255.69940185546875
851,851,851,2022-06-22,249.4720458984375,236.1454315185547,246.51705932617188
852,852,852,2022-06-23,253.15708923339844,239.5380096435547,250.7393951416016
853,853,853,2022-06-24,258.4701843261719,240.8931121826172,255.69178771972656
854,854,854,2022-06-27,261.151123046875,242.06298828125,254.22946166992188
855,855,855,2022-06-28,259.5230407714844,238.3779144287109,251.10983276367188
856,856,856,2022-06-29,260.6247253417969,245.84548950195312,246.92759704589844
857,857,857,2022-06-30,256.900634765625,249.4720458984375,236.1454315185547
858,858,858,2022-07-01,261.2973327636719,253.15708923339844,239.5380096435547
859,859,859,2022-07-05,258.1875,258.4701843261719,240.8931121826172
860,860,860,2022-07-06,264.280517578125,261.151123046875,242.06298828125
861,861,861,2022-07-07,268.8526611328125,259.5230407714844,238.3779144287109
862,862,862,2022-07-08,272.1770324707031,260.6247253417969,245.84548950195312
863,863,863,2022-07-11,272.8789367675781,256.900634765625,249.4720458984375
864,864,864,2022-07-12,272.3330383300781,261.2973327636719,253.15708923339844
865,865,865,2022-07-13,266.8736877441406,258.1875,258.4701843261719
866,866,866,2022-07-14,258.2557373046875,264.280517578125,261.151123046875
867,867,867,2022-07-15,267.22467041015625,268.8526611328125,259.5230407714844
868,868,868,2022-07-18,261.6093139648437,272.1770324707031,260.6247253417969
869,869,869,2022-07-19,267.70233154296875,272.8789367675781,256.900634765625
870,870,870,2022-07-20,260.0202331542969,272.3330383300781,261.2973327636719
871,871,871,2022-07-21,259.6595458984375,266.8736877441406,258.1875
872,872,872,2022-07-22,262.43798828125,258.2557373046875,264.280517578125
873,873,873,2022-07-25,265.78179931640625,267.22467041015625,268.8526611328125
874,874,874,2022-07-26,267.926513671875,261.6093139648437,272.1770324707031
875,875,875,2022-07-27,267.8291015625,267.70233154296875,272.8789367675781
876,876,876,2022-07-28,266.35699462890625,260.0202331542969,272.3330383300781
877,877,877,2022-07-29,268.4432067871094,259.6595458984375,266.8736877441406
878,878,878,2022-08-01,266.5422058105469,262.43798828125,258.2557373046875
879,879,879,2022-08-02,264.6217041015625,265.78179931640625,267.22467041015625
880,880,880,2022-08-03,264.9141540527344,267.926513671875,261.6093139648437
881,881,881,2022-08-04,273.0641784667969,267.8291015625,267.70233154296875
882,882,882,2022-08-05,274.69219970703125,266.35699462890625,260.0202331542969
883,883,883,2022-08-08,274.69219970703125,268.4432067871094,259.6595458984375
884,884,884,2022-08-09,277.880126953125,266.5422058105469,262.43798828125
885,885,885,2022-08-10,279.8591003417969,264.6217041015625,265.78179931640625
886,886,886,2022-08-11,278.8159484863281,264.9141540527344,267.926513671875
887,887,887,2022-08-12,283.6123962402344,273.0641784667969,267.8291015625
888,888,888,2022-08-15,283.56365966796875,274.69219970703125,266.35699462890625
889,889,889,2022-08-16,283.3101501464844,274.69219970703125,268.4432067871094
890,890,890,2022-08-17,284.2752990722656,277.880126953125,266.5422058105469
891,891,891,2022-08-18,283.5831604003906,279.8591003417969,264.6217041015625
892,892,892,2022-08-19,285.62066650390625,278.8159484863281,264.9141540527344
893,893,893,2022-08-22,284.1778259277344,283.6123962402344,273.0641784667969
894,894,894,2022-08-23,279.1376647949219,283.56365966796875,274.69219970703125
895,895,895,2022-08-24,281.50665283203125,283.3101501464844,274.69219970703125
896,896,896,2022-08-25,284.5189819335937,284.2752990722656,277.880126953125
897,897,897,2022-08-26,277.7143249511719,283.5831604003906,279.8591003417969
898,898,898,2022-08-29,279.97607421875,285.62066650390625,278.8159484863281
899,899,899,2022-08-30,277.9093322753906,284.1778259277344,283.6123962402344
900,900,900,2022-08-31,276.3300476074219,279.1376647949219,283.56365966796875
901,901,901,2022-09-01,280.8047180175781,281.50665283203125,283.3101501464844
902,902,902,2022-09-02,280.4732666015625,284.5189819335937,284.2752990722656
903,903,903,2022-09-06,279.171630859375,277.7143249511719,283.5831604003906
904,904,904,2022-09-07,283.8204040527344,279.97607421875,285.62066650390625
905,905,905,2022-09-08,284.5152587890625,277.9093322753906,284.1778259277344
906,906,906,2022-09-09,286.5998840332031,276.3300476074219,279.1376647949219
907,907,907,2022-09-12,287.8819885253906,280.8047180175781,281.50665283203125
908,908,908,2022-09-13,280.7081604003906,280.4732666015625,284.5189819335937
909,909,909,2022-09-14,278.0265197753906,279.171630859375,277.7143249511719
910,910,910,2022-09-15,283.7812194824219,283.8204040527344,279.97607421875
911,911,911,2022-09-16,284.1629333496094,284.5152587890625,277.9093322753906
912,912,912,2022-09-19,283.1549072265625,286.5998840332031,276.3300476074219
913,913,913,2022-09-20,281.9413146972656,287.8819885253906,280.8047180175781
914,914,914,2022-09-21,278.8780212402344,280.7081604003906,280.4732666015625
915,915,915,2022-09-22,276.8717041015625,278.0265197753906,279.171630859375
916,916,916,2022-09-23,271.8510131835937,283.7812194824219,283.8204040527344
917,917,917,2022-09-26,270.90167236328125,284.1629333496094,284.5152587890625
918,918,918,2022-09-27,271.70416259765625,283.1549072265625,286.5998840332031
919,919,919,2022-09-28,276.5291442871094,281.9413146972656,287.8819885253906
920,920,920,2022-09-29,274.58154296875,278.8780212402344,280.7081604003906
921,921,921,2022-09-30,271.5574035644531,276.8717041015625,278.0265197753906
922,922,922,2022-10-03,281.099609375,271.8510131835937,283.7812194824219
923,923,923,2022-10-04,286.77606201171875,270.90167236328125,284.1629333496094
924,924,924,2022-10-05,287.7644958496094,271.70416259765625,283.1549072265625
925,925,925,2022-10-06,286.834716796875,276.5291442871094,281.9413146972656
926,926,926,2022-10-07,282.23492431640625,274.58154296875,278.8780212402344
927,927,927,2022-10-10,279.6413879394531,271.5574035644531,276.8717041015625
928,928,928,2022-10-11,284.75018310546875,281.099609375,271.8510131835937
929,929,929,2022-10-12,282.21533203125,286.77606201171875,270.90167236328125
930,930,930,2022-10-13,291.297607421875,287.7644958496094,271.70416259765625
931,931,931,2022-10-14,289.0074462890625,286.834716796875,276.5291442871094
932,932,932,2022-10-17,283.7421264648437,282.23492431640625,274.58154296875
933,933,933,2022-10-18,287.4806823730469,279.6413879394531,271.5574035644531
934,934,934,2022-10-19,286.834716796875,284.75018310546875,281.099609375
935,935,935,2022-10-20,288.03857421875,282.21533203125,286.77606201171875
936,936,936,2022-10-21,294.91876220703125,291.297607421875,287.7644958496094
937,937,937,2022-10-24,300.4091796875,289.0074462890625,286.834716796875
938,938,938,2022-10-25,304.2946472167969,283.7421264648437,282.23492431640625
939,939,939,2022-10-26,308.2388000488281,287.4806823730469,279.6413879394531
940,940,940,2022-10-27,309.8340148925781,286.834716796875,284.75018310546875
941,941,941,2022-10-28,317.8397216796875,288.03857421875,282.21533203125
942,942,942,2022-10-31,316.1758728027344,294.91876220703125,291.297607421875
943,943,943,2022-11-01,318.1920471191406,300.4091796875,289.0074462890625
944,944,944,2022-11-02,314.02276611328125,304.2946472167969,283.7421264648437
945,945,945,2022-11-03,317.3307800292969,308.2388000488281,287.4806823730469
946,946,946,2022-11-04,315.2657470703125,309.8340148925781,286.834716796875
947,947,947,2022-11-07,317.4579772949219,317.8397216796875,288.03857421875
948,948,948,2022-11-08,320.7561950683594,316.1758728027344,294.91876220703125
949,949,949,2022-11-09,318.06475830078125,318.1920471191406,300.4091796875
950,950,950,2022-11-10,316.449951171875,314.02276611328125,304.2946472167969
951,951,951,2022-11-11,297.3459167480469,317.3307800292969,308.2388000488281
952,952,952,2022-11-14,300.3113098144531,315.2657470703125,309.8340148925781
953,953,953,2022-11-15,298.66717529296875,317.4579772949219,317.8397216796875
954,954,954,2022-11-16,300.15478515625,320.7561950683594,316.1758728027344
955,955,955,2022-11-17,305.4494934082031,318.06475830078125,318.1920471191406
956,956,956,2022-11-18,312.407958984375,316.449951171875,314.02276611328125
957,957,957,2022-11-21,308.5715026855469,297.3459167480469,317.3307800292969
958,958,958,2022-11-22,312.54498291015625,300.3113098144531,315.2657470703125
959,959,959,2022-11-23,313.0245056152344,298.66717529296875,317.4579772949219
960,960,960,2022-11-25,316.9980163574219,300.15478515625,320.7561950683594
961,961,961,2022-11-28,312.7015686035156,305.4494934082031,318.06475830078125
962,962,962,2022-11-29,313.8662109375,312.407958984375,316.449951171875
963,963,963,2022-11-30,321.8817443847656,308.5715026855469,297.3459167480469
964,964,964,2022-12-01,316.5576171875,312.54498291015625,300.3113098144531
965,965,965,2022-12-02,320.2276916503906,313.0245056152344,298.66717529296875
966,966,966,2022-12-05,321.5141906738281,316.9980163574219,300.15478515625
967,967,967,2022-12-06,323.72381591796875,312.7015686035156,305.4494934082031
968,968,968,2022-12-07,326.2280578613281,313.8662109375,312.407958984375
969,969,969,2022-12-08,327.5145568847656,321.8817443847656,308.5715026855469
970,970,970,2022-12-09,326.1593322753906,316.5576171875,312.54498291015625
971,971,971,2022-12-12,333.2103881835937,320.2276916503906,313.0245056152344
972,972,972,2022-12-13,324.3228759765625,321.5141906738281,316.9980163574219
973,973,973,2022-12-14,328.67333984375,323.72381591796875,312.7015686035156
974,974,974,2022-12-15,325.5013122558594,326.2280578613281,313.8662109375
975,975,975,2022-12-16,321.4159851074219,327.5145568847656,321.8817443847656
976,976,976,2022-12-19,324.8433532714844,326.1593322753906,316.5576171875
977,977,977,2022-12-20,323.6256103515625,333.2103881835937,320.2276916503906
978,978,978,2022-12-21,327.1806335449219,324.3228759765625,321.5141906738281
979,979,979,2022-12-22,327.2984924316406,328.67333984375,323.72381591796875
980,980,980,2022-12-23,328.3099975585937,325.5013122558594,326.2280578613281
981,981,981,2022-12-27,328.1037902832031,321.4159851074219,327.5145568847656
982,982,982,2022-12-28,325.8941650390625,324.8433532714844,326.1593322753906
983,983,983,2022-12-29,324.784423828125,323.6256103515625,333.2103881835937
984,984,984,2022-12-30,325.393310546875,327.1806335449219,324.3228759765625
985,985,985,2023-01-03,315.71026611328125,327.2984924316406,328.67333984375
986,986,986,2023-01-04,304.7308959960937,328.3099975585937,325.5013122558594
987,987,987,2023-01-05,298.7305603027344,328.1037902832031,321.4159851074219
988,988,988,2023-01-06,297.2476806640625,325.8941650390625,324.8433532714844
989,989,989,2023-01-09,297.6012268066406,324.784423828125,323.6256103515625
990,990,990,2023-01-10,298.3377685546875,325.393310546875,327.1806335449219
991,991,991,2023-01-11,303.6801147460937,315.71026611328125,327.2984924316406
992,992,992,2023-01-12,304.65234375,304.7308959960937,328.3099975585937
993,993,993,2023-01-13,308.5707092285156,298.7305603027344,328.1037902832031
994,994,994,2023-01-17,309.3465576171875,297.2476806640625,325.8941650390625
995,995,995,2023-01-18,302.82568359375,297.6012268066406,324.784423828125
996,996,996,2023-01-19,305.08447265625,298.3377685546875,325.393310546875
997,997,997,2023-01-20,302.82568359375,303.6801147460937,315.71026611328125
998,998,998,2023-01-23,302.63916015625,304.65234375,304.7308959960937
999,999,999,2023-01-24,303.4444274902344,308.5707092285156,298.7305603027344
1000,1000,1000,2023-01-25,307.9618835449219,309.3465576171875,297.2476806640625
1001,1001,1001,2023-01-26,307.578857421875,302.82568359375,297.6012268066406
1002,1002,1002,2023-01-27,302.7668151855469,305.08447265625,298.3377685546875
1003,1003,1003,2023-01-30,304.789794921875,302.82568359375,303.6801147460937
1004,1004,1004,2023-01-31,310.9866027832031,302.63916015625,304.65234375
1005,1005,1005,2023-02-01,307.6574401855469,303.4444274902344,308.5707092285156
1006,1006,1006,2023-02-02,296.1183166503906,307.9618835449219,309.3465576171875
1007,1007,1007,2023-02-03,287.3387756347656,307.578857421875,302.82568359375
1008,1008,1008,2023-02-06,283.2632751464844,302.7668151855469,305.08447265625
1009,1009,1009,2023-02-07,283.8132019042969,304.789794921875,302.82568359375
1010,1010,1010,2023-02-08,284.99169921875,310.9866027832031,302.63916015625
1011,1011,1011,2023-02-09,286.2781677246094,307.6574401855469,303.4444274902344
1012,1012,1012,2023-02-10,291.1883850097656,296.1183166503906,307.9618835449219
1013,1013,1013,2023-02-13,293.2016296386719,287.3387756347656,307.578857421875
1014,1014,1014,2023-02-14,293.9872436523437,283.2632751464844,302.7668151855469
1015,1015,1015,2023-02-15,293.22125244140625,283.8132019042969,304.789794921875
1016,1016,1016,2023-02-16,294.0559997558594,284.99169921875,310.9866027832031
1017,1017,1017,2023-02-17,295.65673828125,286.2781677246094,307.6574401855469
1018,1018,1018,2023-02-21,288.70379638671875,291.1883850097656,296.1183166503906
1019,1019,1019,2023-02-22,289.626953125,293.2016296386719,287.3387756347656
1020,1020,1020,2023-02-23,289.3617858886719,293.9872436523437,283.2632751464844
1021,1021,1021,2023-02-24,288.45831298828125,293.22125244140625,283.8132019042969
1022,1022,1022,2023-02-27,291.04107666015625,294.0559997558594,284.99169921875
1023,1023,1023,2023-02-28,286.8575439453125,295.65673828125,286.2781677246094
1024,1024,1024,2023-03-01,283.56768798828125,288.70379638671875,291.1883850097656
1025,1025,1025,2023-03-02,282.4284973144531,289.626953125,293.2016296386719
1026,1026,1026,2023-03-03,281.8196105957031,289.3617858886719,293.9872436523437
1027,1027,1027,2023-03-06,283.2926940917969,288.45831298828125,293.22125244140625
1028,1028,1028,2023-03-07,277.8485717773437,291.04107666015625,294.0559997558594
1029,1029,1029,2023-03-08,275.4815368652344,286.8575439453125,295.65673828125
1030,1030,1030,2023-03-09,268.193115234375,283.56768798828125,288.70379638671875
1031,1031,1031,2023-03-10,271.85211181640625,282.4284973144531,289.626953125
1032,1032,1032,2023-03-13,269.2976989746094,281.8196105957031,289.3617858886719
1033,1033,1033,2023-03-14,268.3903503417969,283.2926940917969,288.45831298828125
1034,1034,1034,2023-03-15,266.6446533203125,277.8485717773437,291.04107666015625
1035,1035,1035,2023-03-16,270.65875244140625,275.4815368652344,286.8575439453125
1036,1036,1036,2023-03-17,265.7471923828125,268.193115234375,283.56768798828125
1037,1037,1037,2023-03-20,269.1497802734375,271.85211181640625,282.4284973144531
1038,1038,1038,2023-03-21,272.81866455078125,269.2976989746094,281.8196105957031
1039,1039,1039,2023-03-22,266.7235717773437,268.3903503417969,283.2926940917969
1040,1040,1040,2023-03-23,253.0540313720703,266.6446533203125,277.8485717773437
1041,1041,1041,2023-03-24,256.6341247558594,270.65875244140625,275.4815368652344
1042,1042,1042,2023-03-27,258.1825561523437,265.7471923828125,268.193115234375
1043,1043,1043,2023-03-28,252.97512817382807,269.1497802734375,271.85211181640625
1044,1044,1044,2023-03-29,250.53907775878903,272.81866455078125,269.2976989746094
1045,1045,1045,2023-03-30,250.59825134277344,266.7235717773437,268.3903503417969
1046,1046,1046,2023-03-31,252.0184631347656,253.0540313720703,266.6446533203125
1047,1047,1047,2023-04-03,258.3995361328125,256.6341247558594,270.65875244140625
1048,1048,1048,2023-04-04,253.0146026611328,258.1825561523437,265.7471923828125
1049,1049,1049,2023-04-05,262.2262268066406,252.97512817382807,269.1497802734375
1050,1050,1050,2023-04-06,261.64434814453125,250.53907775878903,272.81866455078125
1051,1051,1051,2023-04-10,259.48443603515625,250.59825134277344,266.7235717773437
1052,1052,1052,2023-04-11,262.8180236816406,252.0184631347656,253.0540313720703
1053,1053,1053,2023-04-12,257.1864624023437,258.3995361328125,256.6341247558594
1054,1054,1054,2023-04-13,260.1846923828125,253.0146026611328,258.1825561523437
1055,1055,1055,2023-04-14,255.5394287109375,262.2262268066406,252.97512817382807
1056,1056,1056,2023-04-17,255.1153259277344,261.64434814453125,250.53907775878903
1057,1057,1057,2023-04-18,256.1213073730469,259.48443603515625,250.59825134277344
1058,1058,1058,2023-04-19,252.5806427001953,262.8180236816406,252.0184631347656
1059,1059,1059,2023-04-20,252.26502990722656,257.1864624023437,258.3995361328125
1060,1060,1060,2023-04-21,248.6553192138672,260.1846923828125,253.0146026611328
1061,1061,1061,2023-04-24,252.5806427001953,255.5394287109375,262.2262268066406
1062,1062,1062,2023-04-25,250.22348022460932,255.1153259277344,261.64434814453125
1063,1063,1063,2023-04-26,244.7595977783203,256.1213073730469,259.48443603515625
1064,1064,1064,2023-04-27,246.8899383544922,252.5806427001953,262.8180236816406
1065,1065,1065,2023-04-28,249.8092498779297,252.26502990722656,257.1864624023437
1066,1066,1066,2023-05-01,251.3971099853516,248.6553192138672,260.1846923828125
1067,1067,1067,2023-05-02,246.9786834716797,252.5806427001953,255.5394287109375
1068,1068,1068,2023-05-03,242.6194305419922,250.22348022460932,255.1153259277344
1069,1069,1069,2023-05-04,240.34117126464844,244.7595977783203,256.1213073730469
1070,1070,1070,2023-05-05,257.1568603515625,246.8899383544922,252.5806427001953
1071,1071,1071,2023-05-08,261.0526123046875,249.8092498779297,252.26502990722656
1072,1072,1072,2023-05-09,259.1787109375,251.3971099853516,248.6553192138672
1073,1073,1073,2023-05-10,259.82965087890625,246.9786834716797,252.5806427001953
1074,1074,1074,2023-05-11,256.4270324707031,242.6194305419922,250.22348022460932
1075,1075,1075,2023-05-12,253.044189453125,240.34117126464844,244.7595977783203
1076,1076,1076,2023-05-15,254.4545135498047,257.1568603515625,246.8899383544922
1077,1077,1077,2023-05-16,251.9691619873047,261.0526123046875,249.8092498779297
1078,1078,1078,2023-05-17,259.6028137207031,259.1787109375,251.3971099853516
1079,1079,1079,2023-05-18,252.9652557373047,259.82965087890625,246.9786834716797
1080,1080,1080,2023-05-19,251.6239624023437,256.4270324707031,242.6194305419922
1081,1081,1081,2023-05-22,252.00860595703125,253.044189453125,240.34117126464844
1082,1082,1082,2023-05-23,248.45806884765625,254.4545135498047,257.1568603515625
1083,1083,1083,2023-05-24,246.3277587890625,251.9691619873047,261.0526123046875
1084,1084,1084,2023-05-25,243.6747436523437,259.6028137207031,259.1787109375
1085,1085,1085,2023-05-26,240.7455444335937,252.9652557373047,259.82965087890625
1086,1086,1086,2023-05-30,239.3056182861328,251.6239624023437,256.4270324707031
1087,1087,1087,2023-05-31,244.0100555419922,252.00860595703125,253.044189453125
1088,1088,1088,2023-06-01,249.90786743164065,248.45806884765625,254.4545135498047
1089,1089,1089,2023-06-02,253.49786376953125,246.3277587890625,251.9691619873047
1090,1090,1090,2023-06-05,259.1293640136719,243.6747436523437,259.6028137207031
1091,1091,1091,2023-06-06,260.80401611328125,240.7455444335937,252.9652557373047
1092,1092,1092,2023-06-07,259.4068298339844,239.3056182861328,251.6239624023437
1093,1093,1093,2023-06-08,262.1020812988281,244.0100555419922,252.00860595703125
1094,1094,1094,2023-06-09,263.4595947265625,249.90786743164065,248.45806884765625
1095,1095,1095,2023-06-12,264.5595092773437,253.49786376953125,246.3277587890625
1096,1096,1096,2023-06-13,269.7716064453125,259.1293640136719,243.6747436523437
1097,1097,1097,2023-06-14,261.3688049316406,260.80401611328125,240.7455444335937
1098,1098,1098,2023-06-15,267.0367126464844,259.4068298339844,239.3056182861328
1099,1099,1099,2023-06-16,266.3827209472656,262.1020812988281,244.0100555419922
1100,1100,1100,2023-06-20,267.5916442871094,263.4595947265625,249.90786743164065
1101,1101,1101,2023-06-21,271.33721923828125,264.5595092773437,253.49786376953125
1102,1102,1102,2023-06-22,272.8235778808594,269.7716064453125,259.1293640136719
1103,1103,1103,2023-06-23,272.3479309082031,261.3688049316406,260.80401611328125
1104,1104,1104,2023-06-26,273.89373779296875,267.0367126464844,259.4068298339844
1105,1105,1105,2023-06-27,273.2892761230469,266.3827209472656,262.1020812988281
1106,1106,1106,2023-06-28,272.23895263671875,267.5916442871094,263.4595947265625
1107,1107,1107,2023-06-29,274.7261047363281,271.33721923828125,264.5595092773437
1108,1108,1108,2023-06-30,278.04559326171875,272.8235778808594,269.7716064453125
1109,1109,1109,2023-07-03,277.7780456542969,272.3479309082031,261.3688049316406
1110,1110,1110,2023-07-05,278.1942443847656,273.89373779296875,267.0367126464844
1111,1111,1111,2023-07-06,276.4601745605469,273.2892761230469,266.3827209472656
1112,1112,1112,2023-07-07,274.5972900390625,272.23895263671875,267.5916442871094
1113,1113,1113,2023-07-10,275.80615234375,274.7261047363281,271.33721923828125
1114,1114,1114,2023-07-11,279.1752319335937,278.04559326171875,272.8235778808594
1115,1115,1115,2023-07-12,266.2440185546875,277.7780456542969,272.3479309082031
1116,1116,1116,2023-07-13,267.6015319824219,278.1942443847656,273.89373779296875
1117,1117,1117,2023-07-14,280.1859436035156,276.4601745605469,273.2892761230469
1118,1118,1118,2023-07-17,278.6004943847656,274.5972900390625,272.23895263671875
1119,1119,1119,2023-07-18,282.2271728515625,275.80615234375,274.7261047363281
1120,1120,1120,2023-07-19,289.9958190917969,279.1752319335937,278.04559326171875
1121,1121,1121,2023-07-20,291.5416259765625,266.2440185546875,277.7780456542969
1122,1122,1122,2023-07-21,291.0956726074219,267.6015319824219,278.1942443847656
1123,1123,1123,2023-07-24,289.4012451171875,280.1859436035156,276.4601745605469
1124,1124,1124,2023-07-25,292.00732421875,278.6004943847656,274.5972900390625
1125,1125,1125,2023-07-26,288.04376220703125,282.2271728515625,275.80615234375
1126,1126,1126,2023-07-27,290.0849914550781,289.9958190917969,279.1752319335937
1127,1127,1127,2023-07-28,289.44091796875,291.5416259765625,266.2440185546875
1128,1128,1128,2023-07-31,292.41357421875,291.0956726074219,267.6015319824219
1129,1129,1129,2023-08-01,292.9486999511719,289.4012451171875,280.1859436035156
1130,1130,1130,2023-08-02,296.6744384765625,292.00732421875,278.6004943847656
1131,1131,1131,2023-08-03,285.0215148925781,288.04376220703125,282.2271728515625
1132,1132,1132,2023-08-04,283.9711608886719,290.0849914550781,289.9958190917969
1133,1133,1133,2023-08-07,289.1634521484375,289.44091796875,291.5416259765625
1134,1134,1134,2023-08-08,289.4904479980469,292.41357421875,291.0956726074219
1135,1135,1135,2023-08-09,285.7052307128906,292.9486999511719,289.4012451171875
1136,1136,1136,2023-08-10,286.2799377441406,296.6744384765625,292.00732421875
1137,1137,1137,2023-08-11,286.87451171875,285.0215148925781,288.04376220703125
1138,1138,1138,2023-08-14,287.20147705078125,283.9711608886719,290.0849914550781
1139,1139,1139,2023-08-15,286.656494140625,289.1634521484375,289.44091796875
1140,1140,1140,2023-08-16,286.3294982910156,289.4904479980469,292.41357421875
1141,1141,1141,2023-08-17,268.0672607421875,285.7052307128906,292.9486999511719
1142,1142,1142,2023-08-18,273.49737548828125,286.2799377441406,296.6744384765625
1143,1143,1143,2023-08-21,278.6996154785156,286.87451171875,285.0215148925781
1144,1144,1144,2023-08-22,277.5204162597656,287.20147705078125,283.9711608886719
1145,1145,1145,2023-08-23,279.264404296875,286.656494140625,289.1634521484375
1146,1146,1146,2023-08-24,279.8094177246094,286.3294982910156,289.4904479980469
1147,1147,1147,2023-08-25,276.6880798339844,268.0672607421875,285.7052307128906
1148,1148,1148,2023-08-28,278.9869384765625,273.49737548828125,286.2799377441406
1149,1149,1149,2023-08-29,279.0761413574219,278.6996154785156,286.87451171875
1150,1150,1150,2023-08-30,280.0967712402344,277.5204162597656,287.20147705078125
1151,1151,1151,2023-08-31,273.7451171875,279.264404296875,286.656494140625
1152,1152,1152,2023-09-01,274.1513671875,279.8094177246094,286.3294982910156
1153,1153,1153,2023-09-05,277.4458923339844,276.6880798339844,268.0672607421875
1154,1154,1154,2023-09-06,274.3404846191406,278.9869384765625,273.49737548828125
1155,1155,1155,2023-09-07,279.9739990234375,279.0761413574219,278.6996154785156
1156,1156,1156,2023-09-08,280.1631164550781,280.0967712402344,277.5204162597656
1157,1157,1157,2023-09-11,283.48748779296875,273.7451171875,279.264404296875
1158,1158,1158,2023-09-12,285.1894836425781,274.1513671875,279.8094177246094
1159,1159,1159,2023-09-13,283.87567138671875,277.4458923339844,276.6880798339844
1160,1160,1160,2023-09-14,281.98455810546875,274.3404846191406,278.9869384765625
1161,1161,1161,2023-09-15,281.8949890136719,279.9739990234375,279.0761413574219
1162,1162,1162,2023-09-18,284.00506591796875,280.1631164550781,280.0967712402344
1163,1163,1163,2023-09-19,283.308349609375,283.48748779296875,273.7451171875
1164,1164,1164,2023-09-20,285.9857482910156,285.1894836425781,274.1513671875
1165,1165,1165,2023-09-21,289.47930908203125,283.87567138671875,277.4458923339844
1166,1166,1166,2023-09-22,288.0858764648437,281.98455810546875,274.3404846191406
1167,1167,1167,2023-09-25,292.96295166015625,281.8949890136719,279.9739990234375
1168,1168,1168,2023-09-26,287.12042236328125,284.00506591796875,280.1631164550781
1169,1169,1169,2023-09-27,287.2597351074219,283.308349609375,283.48748779296875
1170,1170,1170,2023-09-28,288.9617614746094,285.9857482910156,285.1894836425781
1171,1171,1171,2023-09-29,284.7316589355469,289.47930908203125,283.87567138671875
1172,1172,1172,2023-10-02,286.1947631835937,288.0858764648437,281.98455810546875
1173,1173,1173,2023-10-03,283.07940673828125,292.96295166015625,281.8949890136719
1174,1174,1174,2023-10-04,283.7462463378906,287.12042236328125,284.00506591796875
1175,1175,1175,2023-10-05,284.0150146484375,287.2597351074219,283.308349609375
1176,1176,1176,2023-10-06,286.8815612792969,288.9617614746094,285.9857482910156
1177,1177,1177,2023-10-09,288.3148193359375,284.7316589355469,289.47930908203125
1178,1178,1178,2023-10-10,290.39501953125,286.1947631835937,288.0858764648437
1179,1179,1179,2023-10-11,293.07244873046875,283.07940673828125,292.96295166015625
1180,1180,1180,2023-10-12,294.4161071777344,283.7462463378906,287.12042236328125
1181,1181,1181,2023-10-13,303.66265869140625,284.0150146484375,287.2597351074219
1182,1182,1182,2023-10-16,310.66973876953125,286.8815612792969,288.9617614746094
1183,1183,1183,2023-10-17,309.1468811035156,288.3148193359375,284.7316589355469
1184,1184,1184,2023-10-18,310.4806213378906,290.39501953125,286.1947631835937
1185,1185,1185,2023-10-19,308.7189025878906,293.07244873046875,283.07940673828125
1186,1186,1186,2023-10-20,305.3447570800781,294.4161071777344,283.7462463378906
1187,1187,1187,2023-10-23,299.6415405273437,303.66265869140625,284.0150146484375
1188,1188,1188,2023-10-24,303.2147827148437,310.66973876953125,286.8815612792969
1189,1189,1189,2023-10-25,302.4682922363281,309.1468811035156,288.3148193359375
1190,1190,1190,2023-10-26,302.7967224121094,310.4806213378906,290.39501953125
1191,1191,1191,2023-10-27,301.8212890625,308.7189025878906,293.07244873046875
1192,1192,1192,2023-10-30,303.79205322265625,305.3447570800781,294.4161071777344
1193,1193,1193,2023-10-31,307.7534484863281,299.6415405273437,303.66265869140625
1194,1194,1194,2023-11-01,307.96246337890625,303.2147827148437,310.66973876953125
1195,1195,1195,2023-11-02,317.3981018066406,302.4682922363281,309.1468811035156
1196,1196,1196,2023-11-03,309.1966552734375,302.7967224121094,310.4806213378906
1197,1197,1197,2023-11-06,305.40447998046875,301.8212890625,308.7189025878906
1198,1198,1198,2023-11-07,293.64971923828125,303.79205322265625,305.3447570800781
1199,1199,1199,2023-11-08,293.9682312011719,307.7534484863281,299.6415405273437
1200,1200,1200,2023-11-09,287.558349609375,307.96246337890625,303.2147827148437
1201,1201,1201,2023-11-10,291.8382263183594,317.3981018066406,302.4682922363281
1202,1202,1202,2023-11-13,292.7439880371094,309.1966552734375,302.7967224121094
1203,1203,1203,2023-11-14,288.7228698730469,305.40447998046875,301.8212890625
1204,1204,1204,2023-11-15,281.6560974121094,293.64971923828125,303.79205322265625
1205,1205,1205,2023-11-16,280.9195556640625,293.9682312011719,307.7534484863281
1206,1206,1206,2023-11-17,281.2380676269531,287.558349609375,307.96246337890625
1207,1207,1207,2023-11-20,282.96990966796875,291.8382263183594,317.3981018066406
1208,1208,1208,2023-11-21,285.149658203125,292.7439880371094,309.1966552734375
1209,1209,1209,2023-11-22,286.9611511230469,288.7228698730469,305.40447998046875
1210,1210,1210,2023-11-24,286.5033264160156,281.6560974121094,293.64971923828125
1211,1211,1211,2023-11-27,284.9207763671875,280.9195556640625,293.9682312011719
1212,1212,1212,2023-11-28,284.7415771484375,281.2380676269531,287.558349609375
1213,1213,1213,2023-11-29,261.6401672363281,282.96990966796875,291.8382263183594
1214,1214,1214,2023-11-30,261.650146484375,285.149658203125,292.7439880371094
1215,1215,1215,2023-12-01,267.76141357421875,286.9611511230469,288.7228698730469
1216,1216,1216,2023-12-04,261.67999267578125,286.5033264160156,281.6560974121094
1217,1217,1217,2023-12-05,257.7799987792969,284.9207763671875,280.9195556640625
1218,1218,1218,2023-12-06,257.489990234375,284.7415771484375,281.2380676269531
1219,1219,1219,2023-12-07,257.94000244140625,261.6401672363281,282.96990966796875
1220,1220,1220,2023-12-08,258.79998779296875,261.650146484375,285.149658203125
1221,1221,1221,2023-12-11,301.9700012207031,267.76141357421875,286.9611511230469
1222,1222,1222,2023-12-12,296.7099914550781,261.67999267578125,286.5033264160156
1223,1223,1223,2023-12-13,297.17999267578125,257.7799987792969,284.9207763671875
1224,1224,1224,2023-12-14,298.6400146484375,257.489990234375,284.7415771484375
1225,1225,1225,2023-12-15,290.5,257.94000244140625,261.6401672363281
1226,1226,1226,2023-12-18,292.07000732421875,258.79998779296875,261.650146484375
1227,1227,1227,2023-12-19,294.32000732421875,301.9700012207031,267.76141357421875
1228,1228,1228,2023-12-20,295.8500061035156,296.7099914550781,261.67999267578125
1229,1229,1229,2023-12-21,297.239990234375,297.17999267578125,257.7799987792969
1230,1230,1230,2023-12-22,298.0899963378906,298.6400146484375,257.489990234375
1231,1231,1231,2023-12-26,300.1199951171875,290.5,257.94000244140625
1232,1232,1232,2023-12-27,299.1400146484375,292.07000732421875,258.79998779296875
1233,1233,1233,2023-12-28,299.3999938964844,294.32000732421875,301.9700012207031
1234,1234,1234,2023-12-29,299.45001220703125,295.8500061035156,296.7099914550781
1235,1235,1235,2024-01-02,310.1000061035156,297.239990234375,297.17999267578125
1236,1236,1236,2024-01-03,303.6600036621094,298.0899963378906,298.6400146484375
1237,1237,1237,2024-01-04,306.2200012207031,300.1199951171875,290.5
1238,1238,1238,2024-01-05,313.5899963378906,299.1400146484375,292.07000732421875
1239,1239,1239,2024-01-08,313.6300048828125,299.3999938964844,294.32000732421875
1240,1240,1240,2024-01-09,312.8699951171875,299.45001220703125,295.8500061035156
1241,1241,1241,2024-01-10,307.7200012207031,310.1000061035156,297.239990234375
1242,1242,1242,2024-01-11,307.3900146484375,303.6600036621094,298.0899963378906
1243,1243,1243,2024-01-12,305.010009765625,306.2200012207031,300.1199951171875
1244,1244,1244,2024-01-16,306.94000244140625,313.5899963378906,299.1400146484375
1245,1245,1245,2024-01-17,308.4800109863281,313.6300048828125,299.3999938964844
1246,1246,1246,2024-01-18,309.0799865722656,312.8699951171875,299.45001220703125
1247,1247,1247,2024-01-19,302.0599975585937,307.7200012207031,310.1000061035156
1248,1248,1248,2024-01-22,305.0299987792969,307.3900146484375,303.6600036621094
1249,1249,1249,2024-01-23,304.3999938964844,305.010009765625,306.2200012207031
1250,1250,1250,2024-01-24,304.5,306.94000244140625,313.5899963378906
1251,1251,1251,2024-01-25,298.57000732421875,308.4800109863281,313.6300048828125
1252,1252,1252,2024-01-26,297.82000732421875,309.0799865722656,312.8699951171875
1253,1253,1253,2024-01-29,298.8800048828125,302.0599975585937,307.7200012207031
1254,1254,1254,2024-01-30,298.95001220703125,305.0299987792969,307.3900146484375
1255,1255,1255,2024-01-31,300.95001220703125,304.3999938964844,305.010009765625
1256,1256,1256,2024-02-01,307.32000732421875,304.5,306.94000244140625
1257,1257,1257,2024-02-02,323.8399963378906,298.57000732421875,308.4800109863281
1258,1258,1258,2024-02-05,326.5950012207031,297.82000732421875,309.0799865722656
