,Unnamed: 0.1,Unnamed: 0,Date,GRMN,GRMN_6m,GRMN_12m
0,0,0,2019-02-05,61.34672164916992,,
1,1,1,2019-02-06,61.46124267578125,,
2,2,2,2019-02-07,61.29384994506836,,
3,3,3,2019-02-08,61.89289093017578,,
4,4,4,2019-02-11,62.14834976196289,,
5,5,5,2019-02-12,63.02926254272461,,
6,6,6,2019-02-13,62.89712905883789,61.34672164916992,
7,7,7,2019-02-14,62.8883056640625,61.46124267578125,
8,8,8,2019-02-15,63.090919494628906,61.29384994506836,
9,9,9,2019-02-19,62.51833724975586,61.89289093017578,
10,10,10,2019-02-20,73.16856384277344,62.14834976196289,
11,11,11,2019-02-21,72.6047592163086,63.02926254272461,
12,12,12,2019-02-22,73.17737579345703,62.89712905883789,61.34672164916992
13,13,13,2019-02-25,73.60022735595703,62.8883056640625,61.46124267578125
14,14,14,2019-02-26,73.68830871582031,63.090919494628906,61.29384994506836
15,15,15,2019-02-27,74.14637756347656,62.51833724975586,61.89289093017578
16,16,16,2019-02-28,73.97019958496094,73.16856384277344,62.14834976196289
17,17,17,2019-03-01,74.60444641113281,72.6047592163086,63.02926254272461
18,18,18,2019-03-04,74.64849090576172,73.17737579345703,62.89712905883789
19,19,19,2019-03-05,73.97019958496094,73.60022735595703,62.8883056640625
20,20,20,2019-03-06,73.54735565185547,73.68830871582031,63.090919494628906
21,21,21,2019-03-07,73.12451171875,74.14637756347656,62.51833724975586
22,22,22,2019-03-08,72.83380889892578,73.97019958496094,73.16856384277344
23,23,23,2019-03-11,73.873291015625,74.60444641113281,72.6047592163086
24,24,24,2019-03-12,74.46348571777344,74.64849090576172,73.17737579345703
25,25,25,2019-03-13,73.94377136230469,73.97019958496094,73.60022735595703
26,26,26,2019-03-14,73.61578369140625,73.54735565185547,73.68830871582031
27,27,27,2019-03-15,73.80191802978516,73.12451171875,74.14637756347656
28,28,28,2019-03-18,74.42247772216797,72.83380889892578,73.97019958496094
29,29,29,2019-03-19,74.18313598632812,73.873291015625,74.60444641113281
30,30,30,2019-03-20,74.66182708740234,74.46348571777344,74.64849090576172
31,31,31,2019-03-21,74.98983001708984,73.94377136230469,73.97019958496094
32,32,32,2019-03-22,74.0944595336914,73.61578369140625,73.54735565185547
33,33,33,2019-03-25,74.59092712402344,73.80191802978516,73.12451171875
34,34,34,2019-03-26,75.54833221435547,74.42247772216797,72.83380889892578
35,35,35,2019-03-27,76.1423110961914,74.18313598632812,73.873291015625
36,36,36,2019-03-28,75.89409637451172,74.66182708740234,74.46348571777344
37,37,37,2019-03-29,76.55010986328125,74.98983001708984,73.94377136230469
38,38,38,2019-04-01,77.90644836425781,74.0944595336914,73.61578369140625
39,39,39,2019-04-02,78.23446655273438,74.59092712402344,73.80191802978516
40,40,40,2019-04-03,78.50927734375,75.54833221435547,74.42247772216797
41,41,41,2019-04-04,78.19013214111328,76.1423110961914,74.18313598632812
42,42,42,2019-04-05,78.16354370117188,75.89409637451172,74.66182708740234
43,43,43,2019-04-08,78.98799133300781,76.55010986328125,74.98983001708984
44,44,44,2019-04-09,78.21673583984375,77.90644836425781,74.0944595336914
45,45,45,2019-04-10,78.72205352783203,78.23446655273438,74.59092712402344
46,46,46,2019-04-11,78.908203125,78.50927734375,75.54833221435547
47,47,47,2019-04-12,78.85501098632812,78.19013214111328,76.1423110961914
48,48,48,2019-04-15,78.59793853759766,78.16354370117188,75.89409637451172
49,49,49,2019-04-16,77.80892181396484,78.98799133300781,76.55010986328125
50,50,50,2019-04-17,76.40825653076172,78.21673583984375,77.90644836425781
51,51,51,2019-04-18,76.70968627929688,78.72205352783203,78.23446655273438
52,52,52,2019-04-22,76.3018798828125,78.908203125,78.50927734375
53,53,53,2019-04-23,77.07313537597656,78.85501098632812,78.19013214111328
54,54,54,2019-04-24,76.78945922851562,78.59793853759766,78.16354370117188
55,55,55,2019-04-25,75.98274230957031,77.80892181396484,78.98799133300781
56,56,56,2019-04-26,76.0625228881836,76.40825653076172,78.21673583984375
57,57,57,2019-04-29,75.7611083984375,76.70968627929688,78.72205352783203
58,58,58,2019-04-30,76.00931549072266,76.3018798828125,78.908203125
59,59,59,2019-05-01,70.97396087646484,77.07313537597656,78.85501098632812
60,60,60,2019-05-02,69.82148742675781,76.78945922851562,78.59793853759766
61,61,61,2019-05-03,70.52183532714844,75.98274230957031,77.80892181396484
62,62,62,2019-05-06,70.3090591430664,76.0625228881836,76.40825653076172
63,63,63,2019-05-07,69.47576904296875,75.7611083984375,76.70968627929688
64,64,64,2019-05-08,69.75057220458984,76.00931549072266,76.3018798828125
65,65,65,2019-05-09,69.6441879272461,70.97396087646484,77.07313537597656
66,66,66,2019-05-10,70.3090591430664,69.82148742675781,76.78945922851562
67,67,67,2019-05-13,68.50946044921875,70.52183532714844,75.98274230957031
68,68,68,2019-05-14,69.13887786865234,70.3090591430664,76.0625228881836
69,69,69,2019-05-15,70.06085968017578,69.47576904296875,75.7611083984375
70,70,70,2019-05-16,70.3977279663086,69.75057220458984,76.00931549072266
71,71,71,2019-05-17,69.27185821533203,69.6441879272461,70.97396087646484
72,72,72,2019-05-20,68.49173736572266,70.3090591430664,69.82148742675781
73,73,73,2019-05-21,68.88180541992188,68.50946044921875,70.52183532714844
74,74,74,2019-05-22,68.46514892578125,69.13887786865234,70.3090591430664
75,75,75,2019-05-23,68.5271987915039,70.06085968017578,69.47576904296875
76,76,76,2019-05-24,68.83746337890625,70.3977279663086,69.75057220458984
77,77,77,2019-05-28,68.13713073730469,69.27185821533203,69.6441879272461
78,78,78,2019-05-29,67.71160888671875,68.49173736572266,70.3090591430664
79,79,79,2019-05-30,68.4739990234375,68.88180541992188,68.50946044921875
80,80,80,2019-05-31,67.80026245117188,68.46514892578125,69.13887786865234
81,81,81,2019-06-03,67.9864273071289,68.5271987915039,70.06085968017578
82,82,82,2019-06-04,69.40483856201172,68.83746337890625,70.3977279663086
83,83,83,2019-06-05,69.5555419921875,68.13713073730469,69.27185821533203
84,84,84,2019-06-06,69.47576904296875,67.71160888671875,68.49173736572266
85,85,85,2019-06-07,69.98992919921875,68.4739990234375,68.88180541992188
86,86,86,2019-06-10,71.07147979736328,67.80026245117188,68.46514892578125
87,87,87,2019-06-11,71.10694122314453,67.9864273071289,68.5271987915039
88,88,88,2019-06-12,71.52359771728516,69.40483856201172,68.83746337890625
89,89,89,2019-06-13,71.35514831542969,69.5555419921875,68.13713073730469
90,90,90,2019-06-14,71.23908996582031,69.47576904296875,67.71160888671875
91,91,91,2019-06-17,71.39087677001953,69.98992919921875,68.4739990234375
92,92,92,2019-06-18,72.18549346923828,71.07147979736328,67.80026245117188
93,93,93,2019-06-19,72.87296295166016,71.10694122314453,67.9864273071289
94,94,94,2019-06-20,72.98011016845703,71.52359771728516,69.40483856201172
95,95,95,2019-06-21,72.50691986083984,71.35514831542969,69.5555419921875
96,96,96,2019-06-24,72.60511779785156,71.23908996582031,69.47576904296875
97,97,97,2019-06-25,71.59622192382812,71.39087677001953,69.98992919921875
98,98,98,2019-06-26,71.6319351196289,72.18549346923828,71.07147979736328
99,99,99,2019-06-27,71.66764831542969,72.87296295166016,71.10694122314453
100,100,100,2019-06-28,71.24801635742188,72.98011016845703,71.52359771728516
101,101,101,2019-07-01,71.328369140625,72.50691986083984,71.35514831542969
102,102,102,2019-07-02,71.453369140625,72.60511779785156,71.23908996582031
103,103,103,2019-07-03,71.92656707763672,71.59622192382812,71.39087677001953
104,104,104,2019-07-05,71.20337677001953,71.6319351196289,72.18549346923828
105,105,105,2019-07-08,70.9355239868164,71.66764831542969,72.87296295166016
106,106,106,2019-07-09,70.65876770019531,71.24801635742188,72.98011016845703
107,107,107,2019-07-10,70.30162811279297,71.328369140625,72.50691986083984
108,108,108,2019-07-11,70.52481079101562,71.453369140625,72.60511779785156
109,109,109,2019-07-12,71.23908996582031,71.92656707763672,71.59622192382812
110,110,110,2019-07-15,71.2748031616211,71.20337677001953,71.6319351196289
111,111,111,2019-07-16,72.37297821044922,70.9355239868164,71.66764831542969
112,112,112,2019-07-17,72.42655944824219,70.65876770019531,71.24801635742188
113,113,113,2019-07-18,73.21224975585938,70.30162811279297,71.328369140625
114,114,114,2019-07-19,72.39082336425781,70.52481079101562,71.453369140625
115,115,115,2019-07-22,72.15869903564453,71.23908996582031,71.92656707763672
116,116,116,2019-07-23,71.75691986083984,71.2748031616211,71.20337677001953
117,117,117,2019-07-24,70.97122192382812,72.37297821044922,70.9355239868164
118,118,118,2019-07-25,70.123046875,72.42655944824219,70.65876770019531
119,119,119,2019-07-26,69.89985656738281,73.21224975585938,70.30162811279297
120,120,120,2019-07-29,70.19447326660156,72.39082336425781,70.52481079101562
121,121,121,2019-07-30,68.39094543457031,72.15869903564453,71.23908996582031
122,122,122,2019-07-31,70.16769409179688,71.75691986083984,71.2748031616211
123,123,123,2019-08-01,68.51594543457031,70.97122192382812,72.37297821044922
124,124,124,2019-08-02,67.5784683227539,70.123046875,72.42655944824219
125,125,125,2019-08-05,67.27490997314453,69.89985656738281,73.21224975585938
126,126,126,2019-08-06,68.43560791015625,70.19447326660156,72.39082336425781
127,127,127,2019-08-07,68.98023223876953,68.39094543457031,72.15869903564453
128,128,128,2019-08-08,70.22125244140625,70.16769409179688,71.75691986083984
129,129,129,2019-08-09,70.56946563720703,68.51594543457031,70.97122192382812
130,130,130,2019-08-12,69.46236419677734,67.5784683227539,70.123046875
131,131,131,2019-08-13,70.61409759521484,67.27490997314453,69.89985656738281
132,132,132,2019-08-14,68.31061553955078,68.43560791015625,70.19447326660156
133,133,133,2019-08-15,68.55166625976562,68.98023223876953,68.39094543457031
134,134,134,2019-08-16,68.89985656738281,70.22125244140625,70.16769409179688
135,135,135,2019-08-19,69.81055450439453,70.56946563720703,68.51594543457031
136,136,136,2019-08-20,70.26589965820312,69.46236419677734,67.5784683227539
137,137,137,2019-08-21,71.5337142944336,70.61409759521484,67.27490997314453
138,138,138,2019-08-22,71.67657470703125,68.31061553955078,68.43560791015625
139,139,139,2019-08-23,69.96234130859375,68.55166625976562,68.98023223876953
140,140,140,2019-08-26,70.49803924560547,68.89985656738281,70.22125244140625
141,141,141,2019-08-27,71.25694274902344,69.81055450439453,70.56946563720703
142,142,142,2019-08-28,71.73905944824219,70.26589965820312,69.46236419677734
143,143,143,2019-08-29,72.24798583984375,71.5337142944336,70.61409759521484
144,144,144,2019-08-30,72.82833099365234,71.67657470703125,68.31061553955078
145,145,145,2019-09-03,72.50691986083984,69.96234130859375,68.55166625976562
146,146,146,2019-09-04,73.70331573486328,70.49803924560547,68.89985656738281
147,147,147,2019-09-05,74.14972686767578,71.25694274902344,69.81055450439453
148,148,148,2019-09-06,74.51579284667969,71.73905944824219,70.26589965820312
149,149,149,2019-09-09,76.0157470703125,72.24798583984375,71.5337142944336
150,150,150,2019-09-10,74.91755676269531,72.82833099365234,71.67657470703125
151,151,151,2019-09-11,75.14076232910156,72.50691986083984,69.96234130859375
152,152,152,2019-09-12,76.35501861572266,73.70331573486328,70.49803924560547
153,153,153,2019-09-13,76.7055435180664,74.14972686767578,71.25694274902344
154,154,154,2019-09-16,76.46287536621094,74.51579284667969,71.73905944824219
155,155,155,2019-09-17,76.58871459960938,76.0157470703125,72.24798583984375
156,156,156,2019-09-18,77.2358627319336,74.91755676269531,72.82833099365234
157,157,157,2019-09-19,76.84038543701172,75.14076232910156,72.50691986083984
158,158,158,2019-09-20,76.42691040039062,76.35501861572266,73.70331573486328
159,159,159,2019-09-23,75.93257904052734,76.7055435180664,74.14972686767578
160,160,160,2019-09-24,75.32138061523438,76.46287536621094,74.51579284667969
161,161,161,2019-09-25,75.68988800048828,76.58871459960938,76.0157470703125
162,162,162,2019-09-26,75.82470703125,77.2358627319336,74.91755676269531
163,163,163,2019-09-27,76.22917175292969,76.84038543701172,75.14076232910156
164,164,164,2019-09-30,76.121337890625,76.42691040039062,76.35501861572266
165,165,165,2019-10-01,75.94154357910156,75.93257904052734,76.7055435180664
166,166,166,2019-10-02,74.51242065429688,75.32138061523438,76.46287536621094
167,167,167,2019-10-03,75.15959167480469,75.68988800048828,76.58871459960938
168,168,168,2019-10-04,76.37298583984375,75.82470703125,77.2358627319336
169,169,169,2019-10-07,76.07637023925781,76.22917175292969,76.84038543701172
170,170,170,2019-10-08,74.86296081542969,76.121337890625,76.42691040039062
171,171,171,2019-10-09,76.04942321777344,75.94154357910156,75.93257904052734
172,172,172,2019-10-10,76.9482421875,74.51242065429688,75.32138061523438
173,173,173,2019-10-11,78.26951599121094,75.15959167480469,75.68988800048828
174,174,174,2019-10-14,77.85604858398438,76.37298583984375,75.82470703125
175,175,175,2019-10-15,77.56843566894531,76.07637023925781,76.22917175292969
176,176,176,2019-10-16,78.38634490966797,74.86296081542969,76.121337890625
177,177,177,2019-10-17,78.63801574707031,76.04942321777344,75.94154357910156
178,178,178,2019-10-18,78.6110610961914,76.9482421875,74.51242065429688
179,179,179,2019-10-21,78.25151824951172,78.26951599121094,75.15959167480469
180,180,180,2019-10-22,78.57511138916016,77.85604858398438,76.37298583984375
181,181,181,2019-10-23,77.81111907958984,77.56843566894531,76.07637023925781
182,182,182,2019-10-24,77.64933013916016,78.38634490966797,74.86296081542969
183,183,183,2019-10-25,78.40433502197266,78.63801574707031,76.04942321777344
184,184,184,2019-10-28,78.7818374633789,78.6110610961914,76.9482421875
185,185,185,2019-10-29,79.01553344726562,78.25151824951172,78.26951599121094
186,186,186,2019-10-30,86.60160827636719,78.57511138916016,77.85604858398438
187,187,187,2019-10-31,84.2646713256836,77.81111907958984,77.56843566894531
188,188,188,2019-11-01,84.90280151367188,77.64933013916016,78.38634490966797
189,189,189,2019-11-04,84.69610595703125,78.40433502197266,78.63801574707031
190,190,190,2019-11-05,83.8511962890625,78.7818374633789,78.6110610961914
191,191,191,2019-11-06,83.78827667236328,79.01553344726562,78.25151824951172
192,192,192,2019-11-07,85.35224151611328,86.60160827636719,78.57511138916016
193,193,193,2019-11-08,86.18814086914062,84.2646713256836,77.81111907958984
194,194,194,2019-11-11,87.0060806274414,84.90280151367188,77.64933013916016
195,195,195,2019-11-12,86.3858871459961,84.69610595703125,78.40433502197266
196,196,196,2019-11-13,86.18814086914062,83.8511962890625,78.7818374633789
197,197,197,2019-11-14,86.96112823486328,83.78827667236328,79.01553344726562
198,198,198,2019-11-15,85.97242736816406,85.35224151611328,86.60160827636719
199,199,199,2019-11-18,86.37689208984375,86.18814086914062,84.2646713256836
200,200,200,2019-11-19,87.11393737792969,87.0060806274414,84.90280151367188
201,201,201,2019-11-20,87.07796478271484,86.3858871459961,84.69610595703125
202,202,202,2019-11-21,88.15657806396484,86.18814086914062,83.8511962890625
203,203,203,2019-11-22,87.36561584472656,86.96112823486328,83.78827667236328
204,204,204,2019-11-25,87.77904510498047,85.97242736816406,85.35224151611328
205,205,205,2019-11-26,88.34530639648438,86.37689208984375,86.18814086914062
206,206,206,2019-11-27,88.21050262451172,87.11393737792969,87.0060806274414
207,207,207,2019-11-29,87.8060302734375,87.07796478271484,86.3858871459961
208,208,208,2019-12-02,87.11393737792969,88.15657806396484,86.18814086914062
209,209,209,2019-12-03,86.72744750976562,87.36561584472656,86.96112823486328
210,210,210,2019-12-04,86.51171112060547,87.77904510498047,85.97242736816406
211,211,211,2019-12-05,85.92747497558594,88.34530639648438,86.37689208984375
212,212,212,2019-12-06,86.75440216064453,88.21050262451172,87.11393737792969
213,213,213,2019-12-09,87.18582916259766,87.8060302734375,87.07796478271484
214,214,214,2019-12-10,86.9251708984375,87.11393737792969,88.15657806396484
215,215,215,2019-12-11,87.71613311767578,86.72744750976562,87.36561584472656
216,216,216,2019-12-12,87.88692474365234,86.51171112060547,87.77904510498047
217,217,217,2019-12-13,88.08582305908203,85.92747497558594,88.34530639648438
218,218,218,2019-12-16,88.41128540039062,86.75440216064453,88.21050262451172
219,219,219,2019-12-17,88.49264526367188,87.18582916259766,87.8060302734375
220,220,220,2019-12-18,88.12197875976562,86.9251708984375,87.11393737792969
221,221,221,2019-12-19,88.27568054199219,87.71613311767578,86.72744750976562
222,222,222,2019-12-20,89.21592712402344,87.88692474365234,86.51171112060547
223,223,223,2019-12-23,89.13455963134766,88.08582305908203,85.92747497558594
224,224,224,2019-12-24,88.99896240234375,88.41128540039062,86.75440216064453
225,225,225,2019-12-26,88.66444396972656,88.49264526367188,87.18582916259766
226,226,226,2019-12-27,89.07127380371094,88.12197875976562,86.9251708984375
227,227,227,2019-12-30,88.5559310913086,88.27568054199219,87.71613311767578
228,228,228,2019-12-31,88.20333862304688,89.21592712402344,87.88692474365234
229,229,229,2020-01-02,88.90853881835938,89.13455963134766,88.08582305908203
230,230,230,2020-01-03,88.3389663696289,88.99896240234375,88.41128540039062
231,231,231,2020-01-06,88.32088470458984,88.66444396972656,88.49264526367188
232,232,232,2020-01-07,88.1852798461914,89.07127380371094,88.12197875976562
233,233,233,2020-01-08,87.6970443725586,88.5559310913086,88.27568054199219
234,234,234,2020-01-09,88.0586929321289,88.20333862304688,89.21592712402344
235,235,235,2020-01-10,87.24501037597656,88.90853881835938,89.13455963134766
236,236,236,2020-01-13,88.23046112060547,88.3389663696289,88.99896240234375
237,237,237,2020-01-14,87.95924377441406,88.32088470458984,88.66444396972656
238,238,238,2020-01-15,87.86884307861328,88.1852798461914,89.07127380371094
239,239,239,2020-01-16,89.02606964111328,87.6970443725586,88.5559310913086
240,240,240,2020-01-17,89.54141998291016,88.0586929321289,88.20333862304688
241,241,241,2020-01-21,90.94274139404295,87.24501037597656,88.90853881835938
242,242,242,2020-01-22,90.6082534790039,88.23046112060547,88.3389663696289
243,243,243,2020-01-23,90.9156265258789,87.95924377441406,88.32088470458984
244,244,244,2020-01-24,90.03866577148438,87.86884307861328,88.1852798461914
245,245,245,2020-01-27,88.98991394042969,89.02606964111328,87.6970443725586
246,246,246,2020-01-28,92.14519500732422,89.54141998291016,88.0586929321289
247,247,247,2020-01-29,90.88848876953124,90.94274139404295,87.24501037597656
248,248,248,2020-01-30,89.7945556640625,90.6082534790039,88.23046112060547
249,249,249,2020-01-31,87.65184020996094,90.9156265258789,87.95924377441406
250,250,250,2020-02-03,88.70964050292969,90.03866577148438,87.86884307861328
251,251,251,2020-02-04,89.36962127685547,88.98991394042969,89.02606964111328
252,252,252,2020-02-05,88.63732147216797,92.14519500732422,89.54141998291016
253,253,253,2020-02-06,88.46553039550781,90.88848876953124,90.94274139404295
254,254,254,2020-02-07,86.97377014160156,89.7945556640625,90.6082534790039
255,255,255,2020-02-10,88.3389663696289,87.65184020996094,90.9156265258789
256,256,256,2020-02-11,88.63732147216797,88.70964050292969,90.03866577148438
257,257,257,2020-02-12,88.42937469482422,89.36962127685547,88.98991394042969
258,258,258,2020-02-13,88.87239074707031,88.63732147216797,92.14519500732422
259,259,259,2020-02-14,88.76388549804688,88.46553039550781,90.88848876953124
260,260,260,2020-02-18,87.80553436279297,86.97377014160156,89.7945556640625
261,261,261,2020-02-19,93.7273406982422,88.3389663696289,87.65184020996094
262,262,262,2020-02-20,90.237548828125,88.63732147216797,88.70964050292969
263,263,263,2020-02-21,87.31732940673828,88.42937469482422,89.36962127685547
264,264,264,2020-02-24,86.21434020996094,88.87239074707031,88.63732147216797
265,265,265,2020-02-25,83.17658233642578,88.76388549804688,88.46553039550781
266,266,266,2020-02-26,81.71195220947266,87.80553436279297,86.97377014160156
267,267,267,2020-02-27,80.71745300292969,93.7273406982422,88.3389663696289
268,268,268,2020-02-28,79.9128189086914,90.237548828125,88.63732147216797
269,269,269,2020-03-02,84.50560760498047,87.31732940673828,88.42937469482422
270,270,270,2020-03-03,81.43167877197266,86.21434020996094,88.87239074707031
271,271,271,2020-03-04,84.45137023925781,83.17658233642578,88.76388549804688
272,272,272,2020-03-05,80.807861328125,81.71195220947266,87.80553436279297
273,273,273,2020-03-06,79.12625122070312,80.71745300292969,93.7273406982422
274,274,274,2020-03-09,73.37621307373047,79.9128189086914,90.237548828125
275,275,275,2020-03-10,76.32355499267578,84.50560760498047,87.31732940673828
276,276,276,2020-03-11,72.78855895996094,81.43167877197266,86.21434020996094
277,277,277,2020-03-12,65.89032745361328,84.45137023925781,83.17658233642578
278,278,278,2020-03-13,70.4737548828125,80.807861328125,81.71195220947266
279,279,279,2020-03-16,64.55995178222656,79.12625122070312,80.71745300292969
280,280,280,2020-03-17,67.36649322509766,73.37621307373047,79.9128189086914
281,281,281,2020-03-18,65.34358978271484,76.32355499267578,84.50560760498047
282,282,282,2020-03-19,63.88564300537109,72.78855895996094,81.43167877197266
283,283,283,2020-03-20,60.16786193847656,65.89032745361328,84.45137023925781
284,284,284,2020-03-23,57.98093032836914,70.4737548828125,80.807861328125
285,285,285,2020-03-24,64.12256622314453,64.55995178222656,79.12625122070312
286,286,286,2020-03-25,65.34358978271484,67.36649322509766,73.37621307373047
287,287,287,2020-03-26,67.63986206054688,65.34358978271484,76.32355499267578
288,288,288,2020-03-27,67.00199890136719,63.88564300537109,72.78855895996094
289,289,289,2020-03-30,69.88146209716797,60.16786193847656,65.89032745361328
290,290,290,2020-03-31,68.30506896972656,57.98093032836914,70.4737548828125
291,291,291,2020-04-01,65.07023620605469,64.12256622314453,64.55995178222656
292,292,292,2020-04-02,66.93822479248047,65.34358978271484,67.36649322509766
293,293,293,2020-04-03,65.20690155029297,67.63986206054688,65.34358978271484
294,294,294,2020-04-06,68.7424545288086,67.00199890136719,63.88564300537109
295,295,295,2020-04-07,67.63986206054688,69.88146209716797,60.16786193847656
296,296,296,2020-04-08,70.49198913574219,68.30506896972656,57.98093032836914
297,297,297,2020-04-09,71.66746520996094,65.07023620605469,64.12256622314453
298,298,298,2020-04-13,70.91114044189453,66.93822479248047,65.34358978271484
299,299,299,2020-04-14,74.71092224121094,65.20690155029297,67.63986206054688
300,300,300,2020-04-15,71.01138305664062,68.7424545288086,67.00199890136719
301,301,301,2020-04-16,71.67656707763672,67.63986206054688,69.88146209716797
302,302,302,2020-04-17,74.82028198242188,70.49198913574219,68.30506896972656
303,303,303,2020-04-20,72.94316864013672,71.66746520996094,65.07023620605469
304,304,304,2020-04-21,71.11162567138672,70.91114044189453,66.93822479248047
305,305,305,2020-04-22,71.9499282836914,74.71092224121094,65.20690155029297
306,306,306,2020-04-23,72.259765625,71.01138305664062,68.7424545288086
307,307,307,2020-04-24,71.91349029541016,71.67656707763672,67.63986206054688
308,308,308,2020-04-27,73.57191467285156,74.82028198242188,70.49198913574219
309,309,309,2020-04-28,75.99575805664062,72.94316864013672,71.66746520996094
310,310,310,2020-04-29,75.54924774169922,71.11162567138672,70.91114044189453
311,311,311,2020-04-30,73.9546127319336,71.9499282836914,74.71092224121094
312,312,312,2020-05-01,72.7244873046875,72.259765625,71.01138305664062
313,313,313,2020-05-04,72.64246368408203,71.91349029541016,71.67656707763672
314,314,314,2020-05-05,73.59014129638672,73.57191467285156,74.82028198242188
315,315,315,2020-05-06,71.7403564453125,75.99575805664062,72.94316864013672
316,316,316,2020-05-07,71.11162567138672,75.54924774169922,71.11162567138672
317,317,317,2020-05-08,74.11865234375,73.9546127319336,71.9499282836914
318,318,318,2020-05-11,73.6539306640625,72.7244873046875,72.259765625
319,319,319,2020-05-12,72.36911010742188,72.64246368408203,71.91349029541016
320,320,320,2020-05-13,71.23007202148438,73.59014129638672,73.57191467285156
321,321,321,2020-05-14,70.43731689453125,71.7403564453125,75.99575805664062
322,322,322,2020-05-15,71.10250091552734,71.11162567138672,75.54924774169922
323,323,323,2020-05-18,74.61981201171875,74.11865234375,73.9546127319336
324,324,324,2020-05-19,74.76560974121094,73.6539306640625,72.7244873046875
325,325,325,2020-05-20,76.42404174804688,72.36911010742188,72.64246368408203
326,326,326,2020-05-21,76.72471618652344,71.23007202148438,73.59014129638672
327,327,327,2020-05-22,76.44224548339844,70.43731689453125,71.7403564453125
328,328,328,2020-05-26,78.93899536132812,71.10250091552734,71.11162567138672
329,329,329,2020-05-27,80.30582427978516,74.61981201171875,74.11865234375
330,330,330,2020-05-28,82.83901977539062,74.76560974121094,73.6539306640625
331,331,331,2020-05-29,82.16470336914062,76.42404174804688,72.36911010742188
332,332,332,2020-06-01,82.50186920166016,76.72471618652344,71.23007202148438
333,333,333,2020-06-02,84.2331771850586,76.44224548339844,70.43731689453125
334,334,334,2020-06-03,87.22198486328125,78.93899536132812,71.10250091552734
335,335,335,2020-06-04,84.98947143554688,80.30582427978516,74.61981201171875
336,336,336,2020-06-05,87.9600830078125,82.83901977539062,74.76560974121094
337,337,337,2020-06-08,90.48414611816406,82.16470336914062,76.42404174804688
338,338,338,2020-06-09,89.41801452636719,82.50186920166016,76.72471618652344
339,339,339,2020-06-10,88.33367919921875,84.2331771850586,76.44224548339844
340,340,340,2020-06-11,83.30374908447266,87.22198486328125,78.93899536132812
341,341,341,2020-06-12,84.0926513671875,84.98947143554688,80.30582427978516
342,342,342,2020-06-15,85.83560180664062,87.9600830078125,82.83901977539062
343,343,343,2020-06-16,87.21160888671875,90.48414611816406,82.16470336914062
344,344,344,2020-06-17,88.03722381591797,89.41801452636719,82.50186920166016
345,345,345,2020-06-18,87.31251525878906,88.33367919921875,84.2331771850586
346,346,346,2020-06-19,90.2113265991211,83.30374908447266,87.22198486328125
347,347,347,2020-06-22,89.46826171875,84.0926513671875,84.98947143554688
348,348,348,2020-06-23,89.65174102783203,85.83560180664062,87.9600830078125
349,349,349,2020-06-24,87.41341400146484,87.21160888671875,90.48414611816406
350,350,350,2020-06-25,88.27572631835938,88.03722381591797,89.41801452636719
351,351,351,2020-06-26,87.01896667480469,87.31251525878906,88.33367919921875
352,352,352,2020-06-29,88.20233917236328,90.2113265991211,83.30374908447266
353,353,353,2020-06-30,89.44076538085938,89.46826171875,84.0926513671875
354,354,354,2020-07-01,89.1013412475586,89.65174102783203,85.83560180664062
355,355,355,2020-07-02,89.46826171875,87.41341400146484,87.21160888671875
356,356,356,2020-07-06,90.89014434814452,88.27572631835938,88.03722381591797
357,357,357,2020-07-07,90.5599136352539,87.01896667480469,87.31251525878906
358,358,358,2020-07-08,90.06453704833984,88.20233917236328,90.2113265991211
359,359,359,2020-07-09,88.90869140625,89.44076538085938,89.46826171875
360,360,360,2020-07-10,89.06464385986328,89.1013412475586,89.65174102783203
361,361,361,2020-07-13,88.51424407958984,89.46826171875,87.41341400146484
362,362,362,2020-07-14,89.75264739990234,90.89014434814452,88.27572631835938
363,363,363,2020-07-15,91.22956848144533,90.5599136352539,87.01896667480469
364,364,364,2020-07-16,92.68814086914062,90.06453704833984,88.20233917236328
365,365,365,2020-07-17,92.119384765625,88.90869140625,89.44076538085938
366,366,366,2020-07-20,91.91757202148438,89.06464385986328,89.1013412475586
367,367,367,2020-07-21,91.55980682373048,88.51424407958984,89.46826171875
368,368,368,2020-07-22,92.9725112915039,89.75264739990234,90.89014434814452
369,369,369,2020-07-23,91.91757202148438,91.22956848144533,90.5599136352539
370,370,370,2020-07-24,88.74357604980469,92.68814086914062,90.06453704833984
371,371,371,2020-07-27,92.00013732910156,92.119384765625,88.90869140625
372,372,372,2020-07-28,91.14701080322266,91.91757202148438,89.06464385986328
373,373,373,2020-07-29,90.61493682861328,91.55980682373048,88.51424407958984
374,374,374,2020-07-30,91.74327087402344,92.9725112915039,89.75264739990234
375,375,375,2020-07-31,90.44064331054688,91.91757202148438,91.22956848144533
376,376,376,2020-08-03,91.70658111572266,88.74357604980469,92.68814086914062
377,377,377,2020-08-04,91.67906188964844,92.00013732910156,92.119384765625
378,378,378,2020-08-05,93.89903259277344,91.14701080322266,91.91757202148438
379,379,379,2020-08-06,93.87150573730467,90.61493682861328,91.55980682373048
380,380,380,2020-08-07,93.46788787841795,91.74327087402344,92.9725112915039
381,381,381,2020-08-10,93.66969299316406,90.44064331054688,91.91757202148438
382,382,382,2020-08-11,93.11012268066406,91.70658111572266,88.74357604980469
383,383,383,2020-08-12,94.74298095703124,91.67906188964844,92.00013732910156
384,384,384,2020-08-13,95.97222900390624,93.89903259277344,91.14701080322266
385,385,385,2020-08-14,95.66032409667967,93.87150573730467,90.61493682861328
386,386,386,2020-08-17,95.8437957763672,93.46788787841795,91.74327087402344
387,387,387,2020-08-18,95.60530090332033,93.66969299316406,90.44064331054688
388,388,388,2020-08-19,95.39427947998048,93.11012268066406,91.70658111572266
389,389,389,2020-08-20,94.43108367919922,94.74298095703124,91.67906188964844
390,390,390,2020-08-21,93.9632568359375,95.97222900390624,93.89903259277344
391,391,391,2020-08-24,95.07322692871094,95.66032409667967,93.87150573730467
392,392,392,2020-08-25,95.07322692871094,95.8437957763672,93.46788787841795
393,393,393,2020-08-26,96.01807403564452,95.60530090332033,93.66969299316406
394,394,394,2020-08-27,94.0916748046875,95.39427947998048,93.11012268066406
395,395,395,2020-08-28,95.18331146240234,94.43108367919922,94.74298095703124
396,396,396,2020-08-31,95.0457000732422,93.9632568359375,95.97222900390624
397,397,397,2020-09-01,95.40345764160156,95.07322692871094,95.66032409667967
398,398,398,2020-09-02,97.0638656616211,95.07322692871094,95.8437957763672
399,399,399,2020-09-03,92.9358139038086,96.01807403564452,95.60530090332033
400,400,400,2020-09-04,93.32110595703124,94.0916748046875,95.39427947998048
401,401,401,2020-09-08,91.14701080322266,95.18331146240234,94.43108367919922
402,402,402,2020-09-09,92.77986907958984,95.0457000732422,93.9632568359375
403,403,403,2020-09-10,91.1836929321289,95.40345764160156,95.07322692871094
404,404,404,2020-09-11,91.77996826171876,97.0638656616211,95.07322692871094
405,405,405,2020-09-14,92.01993560791016,92.9358139038086,96.01807403564452
406,406,406,2020-09-15,92.27838134765624,93.32110595703124,94.0916748046875
407,407,407,2020-09-16,90.81085968017578,91.14701080322266,95.18331146240234
408,408,408,2020-09-17,90.635498046875,92.77986907958984,95.0457000732422
409,409,409,2020-09-18,88.90953826904297,91.1836929321289,95.40345764160156
410,410,410,2020-09-21,86.99900817871094,91.77996826171876,97.0638656616211
411,411,411,2020-09-22,87.81121063232422,92.01993560791016,92.9358139038086
412,412,412,2020-09-23,86.26062774658203,92.27838134765624,93.32110595703124
413,413,413,2020-09-24,85.54070281982422,90.81085968017578,91.14701080322266
414,414,414,2020-09-25,86.34369659423828,90.635498046875,92.77986907958984
415,415,415,2020-09-28,88.03273010253906,88.90953826904297,91.1836929321289
416,416,416,2020-09-29,87.69123840332031,86.99900817871094,91.77996826171876
417,417,417,2020-09-30,87.55277252197266,87.81121063232422,92.01993560791016
418,418,418,2020-10-01,87.38664245605469,86.26062774658203,92.27838134765624
419,419,419,2020-10-02,87.61737823486328,85.54070281982422,90.81085968017578
420,420,420,2020-10-05,89.10336303710938,86.34369659423828,90.635498046875
421,421,421,2020-10-06,87.82044982910156,88.03273010253906,88.90953826904297
422,422,422,2020-10-07,89.45408630371094,87.69123840332031,86.99900817871094
423,423,423,2020-10-08,90.57087707519533,87.55277252197266,87.81121063232422
424,424,424,2020-10-09,91.20773315429688,87.38664245605469,86.26062774658203
425,425,425,2020-10-12,91.4384765625,87.61737823486328,85.54070281982422
426,426,426,2020-10-13,91.19850158691406,89.10336303710938,86.34369659423828
427,427,427,2020-10-14,90.90313720703124,87.82044982910156,88.03273010253906
428,428,428,2020-10-15,91.4015655517578,89.45408630371094,87.69123840332031
429,429,429,2020-10-16,91.48462677001952,90.57087707519533,87.55277252197266
430,430,430,2020-10-19,90.19245147705078,91.20773315429688,87.38664245605469
431,431,431,2020-10-20,91.18003845214844,91.4384765625,87.61737823486328
432,432,432,2020-10-21,90.81085968017578,91.19850158691406,89.10336303710938
433,433,433,2020-10-22,91.4107894897461,90.90313720703124,87.82044982910156
434,434,434,2020-10-23,93.07213592529295,91.4015655517578,89.45408630371094
435,435,435,2020-10-26,91.76151275634766,91.48462677001952,90.57087707519533
436,436,436,2020-10-27,91.01390075683594,90.19245147705078,91.20773315429688
437,437,437,2020-10-28,90.05403137207031,91.18003845214844,91.4384765625
438,438,438,2020-10-29,92.97061157226562,90.81085968017578,91.19850158691406
439,439,439,2020-10-30,96.00715637207033,91.4107894897461,90.90313720703124
440,440,440,2020-11-02,101.42498016357422,93.07213592529295,91.4015655517578
441,441,441,2020-11-03,102.0987548828125,91.76151275634766,91.48462677001952
442,442,442,2020-11-04,102.689453125,91.01390075683594,90.19245147705078
443,443,443,2020-11-05,104.54461669921876,90.05403137207031,91.18003845214844
444,444,444,2020-11-06,106.31672668457033,92.97061157226562,90.81085968017578
445,445,445,2020-11-09,106.39055633544922,96.00715637207033,91.4107894897461
446,446,446,2020-11-10,105.38452911376952,101.42498016357422,93.07213592529295
447,447,447,2020-11-11,105.9752197265625,102.0987548828125,91.76151275634766
448,448,448,2020-11-12,104.9876480102539,102.689453125,91.01390075683594
449,449,449,2020-11-13,106.72281646728516,104.54461669921876,90.05403137207031
450,450,450,2020-11-16,108.45799255371094,106.31672668457033,92.97061157226562
451,451,451,2020-11-17,108.2918701171875,106.39055633544922,96.00715637207033
452,452,452,2020-11-18,105.49528503417967,105.38452911376952,101.42498016357422
453,453,453,2020-11-19,105.48605346679688,105.9752197265625,102.0987548828125
454,454,454,2020-11-20,105.67063903808594,104.9876480102539,102.689453125
455,455,455,2020-11-23,105.82756805419922,106.72281646728516,104.54461669921876
456,456,456,2020-11-24,107.4888916015625,108.45799255371094,106.31672668457033
457,457,457,2020-11-25,107.40583038330078,108.2918701171875,106.39055633544922
458,458,458,2020-11-27,108.03343200683594,105.49528503417967,105.38452911376952
459,459,459,2020-11-30,107.76579284667967,105.48605346679688,105.9752197265625
460,460,460,2020-12-01,110.57161712646484,105.67063903808594,104.9876480102539
461,461,461,2020-12-02,109.3532943725586,105.82756805419922,106.72281646728516
462,462,462,2020-12-03,110.0547332763672,107.4888916015625,108.45799255371094
463,463,463,2020-12-04,111.9929656982422,107.40583038330078,108.2918701171875
464,464,464,2020-12-07,111.95606994628906,108.03343200683594,105.49528503417967
465,465,465,2020-12-08,113.38665771484376,107.76579284667967,105.48605346679688
466,466,466,2020-12-09,110.2485809326172,110.57161712646484,105.67063903808594
467,467,467,2020-12-10,109.46404266357422,109.3532943725586,105.82756805419922
468,468,468,2020-12-11,109.77784729003906,110.0547332763672,107.4888916015625
469,469,469,2020-12-14,108.73880004882812,111.9929656982422,107.40583038330078
470,470,470,2020-12-15,110.57569885253906,111.95606994628906,108.03343200683594
471,471,471,2020-12-16,109.77784729003906,113.38665771484376,107.76579284667967
472,472,472,2020-12-17,110.0561752319336,110.2485809326172,110.57161712646484
473,473,473,2020-12-18,110.85401153564452,109.46404266357422,109.3532943725586
474,474,474,2020-12-21,109.6386947631836,109.77784729003906,110.0547332763672
475,475,475,2020-12-22,110.52930450439452,108.73880004882812,111.9929656982422
476,476,476,2020-12-23,111.5498046875,110.57569885253906,111.95606994628906
477,477,477,2020-12-24,111.52197265625,109.77784729003906,113.38665771484376
478,478,478,2020-12-28,112.00440216064452,110.0561752319336,110.2485809326172
479,479,479,2020-12-29,110.75196838378906,110.85401153564452,109.46404266357422
480,480,480,2020-12-30,110.8818359375,109.6386947631836,109.77784729003906
481,481,481,2020-12-31,111.01173400878906,110.52930450439452,108.73880004882812
482,482,482,2021-01-04,110.21388244628906,111.5498046875,110.57569885253906
483,483,483,2021-01-05,109.99122619628906,111.52197265625,109.77784729003906
484,484,484,2021-01-06,110.84474182128906,112.00440216064452,110.0561752319336
485,485,485,2021-01-07,112.77439880371094,110.75196838378906,110.85401153564452
486,486,486,2021-01-08,113.16405487060548,110.8818359375,109.6386947631836
487,487,487,2021-01-11,112.46826171875,111.01173400878906,110.52930450439452
488,488,488,2021-01-12,113.2011489868164,110.21388244628906,111.5498046875
489,489,489,2021-01-13,112.06006622314452,109.99122619628906,111.52197265625
490,490,490,2021-01-14,112.14356231689452,110.84474182128906,112.00440216064452
491,491,491,2021-01-15,112.26416015625,112.77439880371094,110.75196838378906
492,492,492,2021-01-19,113.82274627685548,113.16405487060548,110.8818359375
493,493,493,2021-01-20,115.01951599121094,112.46826171875,111.01173400878906
494,494,494,2021-01-21,114.8339614868164,113.2011489868164,110.21388244628906
495,495,495,2021-01-22,114.88034057617188,112.06006622314452,109.99122619628906
496,496,496,2021-01-25,114.59274291992188,112.14356231689452,110.84474182128906
497,497,497,2021-01-26,112.63524627685548,112.26416015625,112.77439880371094
498,498,498,2021-01-27,108.8315658569336,113.82274627685548,113.16405487060548
499,499,499,2021-01-28,108.98001861572266,115.01951599121094,112.46826171875
500,500,500,2021-01-29,106.55864715576172,114.8339614868164,113.2011489868164
501,501,501,2021-02-01,108.8779754638672,114.88034057617188,112.06006622314452
502,502,502,2021-02-02,110.27883911132812,114.59274291992188,112.14356231689452
503,503,503,2021-02-03,110.34376525878906,112.63524627685548,112.26416015625
504,504,504,2021-02-04,110.64991760253906,108.8315658569336,113.82274627685548
505,505,505,2021-02-05,111.63331604003906,108.98001861572266,115.01951599121094
506,506,506,2021-02-08,115.16793823242188,106.55864715576172,114.8339614868164
507,507,507,2021-02-09,117.00484466552734,108.8779754638672,114.88034057617188
508,508,508,2021-02-10,118.86028289794922,110.27883911132812,114.59274291992188
509,509,509,2021-02-11,120.07561492919922,110.34376525878906,112.63524627685548
510,510,510,2021-02-12,121.25382995605467,110.64991760253906,108.8315658569336
511,511,511,2021-02-16,122.9051742553711,111.63331604003906,108.98001861572266
512,512,512,2021-02-17,120.14982604980467,115.16793823242188,106.55864715576172
513,513,513,2021-02-18,118.37787628173828,117.00484466552734,108.8779754638672
514,514,514,2021-02-19,118.75823211669922,118.86028289794922,110.27883911132812
515,515,515,2021-02-22,118.42425537109376,120.07561492919922,110.34376525878906
516,516,516,2021-02-23,116.92135620117188,121.25382995605467,110.64991760253906
517,517,517,2021-02-24,119.16643524169922,122.9051742553711,111.63331604003906
518,518,518,2021-02-25,115.35347747802734,120.14982604980467,115.16793823242188
519,519,519,2021-02-26,115.05661010742188,118.37787628173828,117.00484466552734
520,520,520,2021-03-01,118.99945068359376,118.75823211669922,118.86028289794922
521,521,521,2021-03-02,117.8305206298828,118.42425537109376,120.07561492919922
522,522,522,2021-03-03,114.87107849121094,116.92135620117188,121.25382995605467
523,523,523,2021-03-04,111.19727325439452,119.16643524169922,122.9051742553711
524,524,524,2021-03-05,113.5722427368164,115.35347747802734,120.14982604980467
525,525,525,2021-03-08,113.66503143310548,115.05661010742188,118.37787628173828
526,526,526,2021-03-09,116.1791534423828,118.99945068359376,118.75823211669922
527,527,527,2021-03-10,117.7191925048828,117.8305206298828,118.42425537109376
528,528,528,2021-03-11,118.48920440673828,114.87107849121094,116.92135620117188
529,529,529,2021-03-12,118.81546783447266,111.19727325439452,119.16643524169922
530,530,530,2021-03-15,119.42137145996094,113.5722427368164,115.35347747802734
531,531,531,2021-03-16,119.5798568725586,113.66503143310548,115.05661010742188
532,532,532,2021-03-17,117.8553237915039,116.1791534423828,118.99945068359376
533,533,533,2021-03-18,116.94178009033205,117.7191925048828,117.8305206298828
534,534,534,2021-03-19,117.18415069580078,118.48920440673828,114.87107849121094
535,535,535,2021-03-22,118.92733001708984,118.81546783447266,111.19727325439452
536,536,536,2021-03-23,117.60364532470705,119.42137145996094,113.5722427368164
537,537,537,2021-03-24,118.18158721923828,119.5798568725586,113.66503143310548
538,538,538,2021-03-25,118.8993682861328,117.8553237915039,116.1791534423828
539,539,539,2021-03-26,119.66373443603516,116.94178009033205,117.7191925048828
540,540,540,2021-03-29,121.1552276611328,117.18415069580078,118.48920440673828
541,541,541,2021-03-30,121.86368560791016,118.92733001708984,118.81546783447266
542,542,542,2021-03-31,122.90772247314452,117.60364532470705,119.42137145996094
543,543,543,2021-04-01,123.52294158935548,118.18158721923828,119.5798568725586
544,544,544,2021-04-05,126.7109832763672,118.8993682861328,117.8553237915039
545,545,545,2021-04-06,127.26099395751952,119.66373443603516,116.94178009033205
546,546,546,2021-04-07,126.14241790771484,121.1552276611328,117.18415069580078
547,547,547,2021-04-08,126.43135833740234,121.86368560791016,118.92733001708984
548,548,548,2021-04-09,128.3143768310547,122.90772247314452,117.60364532470705
549,549,549,2021-04-12,128.50079345703125,123.52294158935548,118.18158721923828
550,550,550,2021-04-13,129.2652130126953,126.7109832763672,118.8993682861328
551,551,551,2021-04-14,128.27708435058594,127.26099395751952,119.66373443603516
552,552,552,2021-04-15,129.1533203125,126.14241790771484,121.1552276611328
553,553,553,2021-04-16,131.06427001953125,126.43135833740234,121.86368560791016
554,554,554,2021-04-19,131.01771545410156,128.3143768310547,122.90772247314452
555,555,555,2021-04-20,128.82705688476562,128.50079345703125,123.52294158935548
556,556,556,2021-04-21,129.57281494140625,129.2652130126953,126.7109832763672
557,557,557,2021-04-22,129.7219696044922,128.27708435058594,127.26099395751952
558,558,558,2021-04-23,131.763427734375,129.1533203125,126.14241790771484
559,559,559,2021-04-26,132.0430908203125,131.06427001953125,126.43135833740234
560,560,560,2021-04-27,131.54901123046875,131.01771545410156,128.3143768310547
561,561,561,2021-04-28,128.06268310546875,128.82705688476562,128.50079345703125
562,562,562,2021-04-29,129.27452087402344,129.57281494140625,129.2652130126953
563,563,563,2021-04-30,127.93219757080078,129.7219696044922,128.27708435058594
564,564,564,2021-05-03,128.53814697265625,131.763427734375,129.1533203125
565,565,565,2021-05-04,127.9507827758789,132.0430908203125,131.06427001953125
566,566,566,2021-05-05,130.13211059570312,131.54901123046875,131.01771545410156
567,567,567,2021-05-06,131.7541046142578,128.06268310546875,128.82705688476562
568,568,568,2021-05-07,133.82351684570312,129.27452087402344,129.57281494140625
569,569,569,2021-05-10,132.72357177734375,127.93219757080078,129.7219696044922
570,570,570,2021-05-11,131.05496215820312,128.53814697265625,131.763427734375
571,571,571,2021-05-12,126.9160614013672,127.9507827758789,132.0430908203125
572,572,572,2021-05-13,128.72450256347656,130.13211059570312,131.54901123046875
573,573,573,2021-05-14,130.8685302734375,131.7541046142578,128.06268310546875
574,574,574,2021-05-17,130.59820556640625,133.82351684570312,129.27452087402344
575,575,575,2021-05-18,130.7566680908203,132.72357177734375,127.93219757080078
576,576,576,2021-05-19,128.79908752441406,131.05496215820312,128.53814697265625
577,577,577,2021-05-20,129.8338165283203,126.9160614013672,127.9507827758789
578,578,578,2021-05-21,130.35581970214844,128.72450256347656,130.13211059570312
579,579,579,2021-05-24,130.49566650390625,130.8685302734375,131.7541046142578
580,580,580,2021-05-25,131.31597900390625,130.59820556640625,133.82351684570312
581,581,581,2021-05-26,131.97784423828125,130.7566680908203,132.72357177734375
582,582,582,2021-05-27,132.72357177734375,128.79908752441406,131.05496215820312
583,583,583,2021-05-28,132.59307861328125,129.8338165283203,126.9160614013672
584,584,584,2021-06-01,133.22695922851562,130.35581970214844,128.72450256347656
585,585,585,2021-06-02,132.25747680664062,130.49566650390625,130.8685302734375
586,586,586,2021-06-03,132.57443237304688,131.31597900390625,130.59820556640625
587,587,587,2021-06-04,133.8981170654297,131.97784423828125,130.7566680908203
588,588,588,2021-06-07,133.55322265625,132.72357177734375,128.79908752441406
589,589,589,2021-06-08,132.88201904296875,132.59307861328125,129.8338165283203
590,590,590,2021-06-09,132.52783203125,133.22695922851562,130.35581970214844
591,591,591,2021-06-10,132.9286651611328,132.25747680664062,130.49566650390625
592,592,592,2021-06-11,134.942138671875,132.57443237304688,131.31597900390625
593,593,593,2021-06-14,133.6216583251953,133.8981170654297,131.97784423828125
594,594,594,2021-06-15,134.28660583496094,133.55322265625,132.72357177734375
595,595,595,2021-06-16,132.81626892089844,132.88201904296875,132.59307861328125
596,596,596,2021-06-17,132.04830932617188,132.52783203125,133.22695922851562
597,597,597,2021-06-18,130.6810302734375,132.9286651611328,132.25747680664062
598,598,598,2021-06-21,132.99420166015625,134.942138671875,132.57443237304688
599,599,599,2021-06-22,133.32199096679688,133.6216583251953,133.8981170654297
600,600,600,2021-06-23,132.8630828857422,134.28660583496094,133.55322265625
601,601,601,2021-06-24,133.9588165283203,132.81626892089844,132.88201904296875
602,602,602,2021-06-25,135.20437622070312,132.04830932617188,132.52783203125
603,603,603,2021-06-28,135.11073303222656,130.6810302734375,132.9286651611328
604,604,604,2021-06-29,136.15023803710938,132.99420166015625,134.942138671875
605,605,605,2021-06-30,135.4572296142578,133.32199096679688,133.6216583251953
606,606,606,2021-07-01,136.81515502929688,132.8630828857422,134.28660583496094
607,607,607,2021-07-02,137.6674041748047,133.9588165283203,132.81626892089844
608,608,608,2021-07-06,137.33026123046875,135.20437622070312,132.04830932617188
609,609,609,2021-07-07,138.44473266601562,135.11073303222656,130.6810302734375
610,610,610,2021-07-08,137.42388916015625,136.15023803710938,132.99420166015625
611,611,611,2021-07-09,139.36248779296875,135.4572296142578,133.32199096679688
612,612,612,2021-07-12,140.37391662597656,136.81515502929688,132.8630828857422
613,613,613,2021-07-13,139.62469482421875,137.6674041748047,133.9588165283203
614,614,614,2021-07-14,139.886962890625,137.33026123046875,135.20437622070312
615,615,615,2021-07-15,139.64346313476562,138.44473266601562,135.11073303222656
616,616,616,2021-07-16,139.90567016601562,137.42388916015625,136.15023803710938
617,617,617,2021-07-19,138.25741577148438,139.36248779296875,135.4572296142578
618,618,618,2021-07-20,140.29901123046875,140.37391662597656,136.81515502929688
619,619,619,2021-07-21,142.32188415527344,139.62469482421875,137.6674041748047
620,620,620,2021-07-22,141.47901916503906,139.886962890625,137.33026123046875
621,621,621,2021-07-23,144.34474182128906,139.64346313476562,138.44473266601562
622,622,622,2021-07-26,143.55804443359375,139.90567016601562,137.42388916015625
623,623,623,2021-07-27,142.3874053955078,138.25741577148438,139.36248779296875
624,624,624,2021-07-28,146.18031311035156,140.29901123046875,140.37391662597656
625,625,625,2021-07-29,147.8004913330078,142.32188415527344,139.62469482421875
626,626,626,2021-07-30,147.21983337402344,141.47901916503906,139.886962890625
627,627,627,2021-08-02,147.82858276367188,144.34474182128906,139.64346313476562
628,628,628,2021-08-03,150.75985717773438,143.55804443359375,139.90567016601562
629,629,629,2021-08-04,151.97732543945312,142.3874053955078,138.25741577148438
630,630,630,2021-08-05,153.48509216308594,146.18031311035156,140.29901123046875
631,631,631,2021-08-06,155.20828247070312,147.8004913330078,142.32188415527344
632,632,632,2021-08-09,154.9554443359375,147.21983337402344,141.47901916503906
633,633,633,2021-08-10,155.14273071289062,147.82858276367188,144.34474182128906
634,634,634,2021-08-11,156.61306762695312,150.75985717773438,143.55804443359375
635,635,635,2021-08-12,155.41432189941406,151.97732543945312,142.3874053955078
636,636,636,2021-08-13,156.88465881347656,153.48509216308594,146.18031311035156
637,637,637,2021-08-16,158.1302032470703,155.20828247070312,147.8004913330078
638,638,638,2021-08-17,156.36953735351562,154.9554443359375,147.21983337402344
639,639,639,2021-08-18,154.1875,155.14273071289062,147.82858276367188
640,640,640,2021-08-19,156.21035766601562,156.61306762695312,150.75985717773438
641,641,641,2021-08-20,159.60989379882812,155.41432189941406,151.97732543945312
642,642,642,2021-08-23,160.47149658203125,156.88465881347656,153.48509216308594
643,643,643,2021-08-24,162.41943359375,158.1302032470703,155.20828247070312
644,644,644,2021-08-25,161.65150451660156,156.36953735351562,154.9554443359375
645,645,645,2021-08-26,161.94183349609375,154.1875,155.14273071289062
646,646,646,2021-08-27,164.69517517089844,156.21035766601562,156.61306762695312
647,647,647,2021-08-30,167.05520629882812,159.60989379882812,155.41432189941406
648,648,648,2021-08-31,163.35592651367188,160.47149658203125,156.88465881347656
649,649,649,2021-09-01,164.3580322265625,162.41943359375,158.1302032470703
650,650,650,2021-09-02,164.5265655517578,161.65150451660156,156.36953735351562
651,651,651,2021-09-03,164.92929077148438,161.94183349609375,154.1875
652,652,652,2021-09-07,163.4215087890625,164.69517517089844,156.21035766601562
653,653,653,2021-09-08,162.1197509765625,167.05520629882812,159.60989379882812
654,654,654,2021-09-09,162.1197509765625,163.35592651367188,160.47149658203125
655,655,655,2021-09-10,161.63275146484375,164.3580322265625,162.41943359375
656,656,656,2021-09-13,160.37783813476562,164.5265655517578,161.65150451660156
657,657,657,2021-09-14,159.33424377441406,164.92929077148438,161.94183349609375
658,658,658,2021-09-15,159.01455688476562,163.4215087890625,164.69517517089844
659,659,659,2021-09-16,158.53506469726562,162.1197509765625,167.05520629882812
660,660,660,2021-09-17,157.2563934326172,162.1197509765625,163.35592651367188
661,661,661,2021-09-20,156.99313354492188,161.63275146484375,164.3580322265625
662,662,662,2021-09-21,156.3538055419922,160.37783813476562,164.5265655517578
663,663,663,2021-09-22,159.22142028808594,159.33424377441406,164.92929077148438
664,664,664,2021-09-23,161.5342559814453,159.01455688476562,163.4215087890625
665,665,665,2021-09-24,162.29583740234375,158.53506469726562,162.1197509765625
666,666,666,2021-09-27,152.88449096679688,157.2563934326172,162.1197509765625
667,667,667,2021-09-28,148.5972442626953,156.99313354492188,161.63275146484375
668,668,668,2021-09-29,148.55963134765625,156.3538055419922,160.37783813476562
669,669,669,2021-09-30,146.16217041015625,159.22142028808594,159.33424377441406
670,670,670,2021-10-01,145.83309936523438,161.5342559814453,159.01455688476562
671,671,671,2021-10-04,145.97412109375,162.29583740234375,158.53506469726562
672,672,672,2021-10-05,147.873291015625,152.88449096679688,157.2563934326172
673,673,673,2021-10-06,146.94248962402344,148.5972442626953,156.99313354492188
674,674,674,2021-10-07,147.23394775390625,148.55963134765625,156.3538055419922
675,675,675,2021-10-08,146.16217041015625,146.16217041015625,159.22142028808594
676,676,676,2021-10-11,144.37576293945312,145.83309936523438,161.5342559814453
677,677,677,2021-10-12,144.63902282714844,145.97412109375,162.29583740234375
678,678,678,2021-10-13,145.51341247558594,147.873291015625,152.88449096679688
679,679,679,2021-10-14,147.8450927734375,146.94248962402344,148.5972442626953
680,680,680,2021-10-15,146.79209899902344,147.23394775390625,148.55963134765625
681,681,681,2021-10-18,149.8665008544922,146.16217041015625,146.16217041015625
682,682,682,2021-10-19,149.9887237548828,144.37576293945312,145.83309936523438
683,683,683,2021-10-20,152.60247802734375,144.63902282714844,145.97412109375
684,684,684,2021-10-21,154.19137573242188,145.51341247558594,147.873291015625
685,685,685,2021-10-22,155.27259826660156,147.8450927734375,146.94248962402344
686,686,686,2021-10-25,154.24778747558594,146.79209899902344,147.23394775390625
687,687,687,2021-10-26,150.7126922607422,149.8665008544922,146.16217041015625
688,688,688,2021-10-27,137.46539306640625,149.9887237548828,144.37576293945312
689,689,689,2021-10-28,136.37477111816406,152.60247802734375,144.63902282714844
690,690,690,2021-10-29,135.011474609375,154.19137573242188,145.51341247558594
691,691,691,2021-11-01,132.87722778320312,155.27259826660156,147.8450927734375
692,692,692,2021-11-02,135.6226043701172,154.24778747558594,146.79209899902344
693,693,693,2021-11-03,134.57896423339844,150.7126922607422,149.8665008544922
694,694,694,2021-11-04,134.16529846191406,137.46539306640625,149.9887237548828
695,695,695,2021-11-05,133.67637634277344,136.37477111816406,152.60247802734375
696,696,696,2021-11-08,137.70040893554688,135.011474609375,154.19137573242188
697,697,697,2021-11-09,136.27134704589844,132.87722778320312,155.27259826660156
698,698,698,2021-11-10,134.47555541992188,135.6226043701172,154.24778747558594
699,699,699,2021-11-11,133.5447540283203,134.57896423339844,150.7126922607422
700,700,700,2021-11-12,134.5225830078125,134.16529846191406,137.46539306640625
701,701,701,2021-11-15,136.59100341796875,133.67637634277344,136.37477111816406
702,702,702,2021-11-16,137.18333435058594,137.70040893554688,135.011474609375
703,703,703,2021-11-17,136.1679229736328,136.27134704589844,132.87722778320312
704,704,704,2021-11-18,135.895263671875,134.47555541992188,135.6226043701172
705,705,705,2021-11-19,134.25933837890625,133.5447540283203,134.57896423339844
706,706,706,2021-11-22,133.97727966308594,134.5225830078125,134.16529846191406
707,707,707,2021-11-23,134.2405242919922,136.59100341796875,133.67637634277344
708,708,708,2021-11-24,134.55079650878906,137.18333435058594,137.70040893554688
709,709,709,2021-11-26,131.0532684326172,136.1679229736328,136.27134704589844
710,710,710,2021-11-29,130.91224670410156,135.895263671875,134.47555541992188
711,711,711,2021-11-30,125.55314636230467,134.25933837890625,133.5447540283203
712,712,712,2021-12-01,124.32149505615234,133.97727966308594,134.5225830078125
713,713,713,2021-12-02,126.01385498046876,134.2405242919922,136.59100341796875
714,714,714,2021-12-03,126.98223876953124,134.55079650878906,137.18333435058594
715,715,715,2021-12-06,125.98564910888672,131.0532684326172,136.1679229736328
716,716,716,2021-12-07,129.70880126953125,130.91224670410156,135.895263671875
717,717,717,2021-12-08,130.65838623046875,125.55314636230467,134.25933837890625
718,718,718,2021-12-09,127.26432037353516,124.32149505615234,133.97727966308594
719,719,719,2021-12-10,127.96944427490234,126.01385498046876,134.2405242919922
720,720,720,2021-12-13,126.6343765258789,126.98223876953124,134.55079650878906
721,721,721,2021-12-14,126.73831176757812,125.98564910888672,131.0532684326172
722,722,722,2021-12-15,127.96664428710938,129.70880126953125,130.91224670410156
723,723,723,2021-12-16,126.88948822021484,130.65838623046875,125.55314636230467
724,724,724,2021-12-17,124.94300842285156,127.26432037353516,124.32149505615234
725,725,725,2021-12-20,122.18392944335938,127.96944427490234,126.01385498046876
726,726,726,2021-12-21,125.5194091796875,126.6343765258789,126.98223876953124
727,727,727,2021-12-22,126.70997619628906,126.73831176757812,125.98564910888672
728,728,728,2021-12-23,127.06900787353516,127.96664428710938,129.70880126953125
729,729,729,2021-12-27,128.4485321044922,126.88948822021484,130.65838623046875
730,730,730,2021-12-28,128.2784881591797,124.94300842285156,127.26432037353516
731,731,731,2021-12-29,128.52415466308594,122.18392944335938,127.96944427490234
732,732,732,2021-12-30,129.17611694335938,125.5194091796875,126.6343765258789
733,733,733,2021-12-31,128.66587829589844,126.70997619628906,126.73831176757812
734,734,734,2022-01-03,126.19026947021484,127.06900787353516,127.96664428710938
735,735,735,2022-01-04,126.20917510986328,128.4485321044922,126.88948822021484
736,736,736,2022-01-05,125.71783447265624,128.2784881591797,124.94300842285156
737,737,737,2022-01-06,125.46270751953124,128.52415466308594,122.18392944335938
738,738,738,2022-01-07,123.7335433959961,129.17611694335938,125.5194091796875
739,739,739,2022-01-10,122.88316345214844,128.66587829589844,126.70997619628906
740,740,740,2022-01-11,124.517822265625,126.19026947021484,127.06900787353516
741,741,741,2022-01-12,124.7256851196289,126.20917510986328,128.4485321044922
742,742,742,2022-01-13,124.86743927001952,125.71783447265624,128.2784881591797
743,743,743,2022-01-14,125.0847625732422,125.46270751953124,128.52415466308594
744,744,744,2022-01-18,125.46270751953124,123.7335433959961,129.17611694335938
745,745,745,2022-01-19,123.99811553955078,122.88316345214844,128.66587829589844
746,746,746,2022-01-20,116.49568176269533,124.517822265625,126.19026947021484
747,747,747,2022-01-21,114.74763488769533,124.7256851196289,126.20917510986328
748,748,748,2022-01-24,116.60906982421876,124.86743927001952,125.71783447265624
749,749,749,2022-01-25,114.6814956665039,125.0847625732422,125.46270751953124
750,750,750,2022-01-26,113.8783187866211,125.46270751953124,123.7335433959961
751,751,751,2022-01-27,112.309814453125,123.99811553955078,122.88316345214844
752,752,752,2022-01-28,114.56809997558594,116.49568176269533,124.517822265625
753,753,753,2022-01-31,117.56340789794922,114.74763488769533,124.7256851196289
754,754,754,2022-02-01,118.45162200927734,116.60906982421876,124.86743927001952
755,755,755,2022-02-02,120.21856689453124,114.6814956665039,125.0847625732422
756,756,756,2022-02-03,118.2059326171875,113.8783187866211,125.46270751953124
757,757,757,2022-02-04,117.88468170166016,112.309814453125,123.99811553955078
758,758,758,2022-02-07,118.19650268554688,114.56809997558594,116.49568176269533
759,759,759,2022-02-08,119.39649963378906,117.56340789794922,114.74763488769533
760,760,760,2022-02-09,121.60755157470705,118.45162200927734,116.60906982421876
761,761,761,2022-02-10,117.36497497558594,120.21856689453124,114.6814956665039
762,762,762,2022-02-11,116.43899536132812,118.2059326171875,113.8783187866211
763,763,763,2022-02-14,114.10511016845705,117.88468170166016,112.309814453125
764,764,764,2022-02-15,113.27359008789062,118.19650268554688,114.56809997558594
765,765,765,2022-02-16,112.99958801269533,119.39649963378906,117.56340789794922
766,766,766,2022-02-17,107.07510375976562,121.60755157470705,118.45162200927734
767,767,767,2022-02-18,108.20897674560548,117.36497497558594,120.21856689453124
768,768,768,2022-02-22,105.66722106933594,116.43899536132812,118.2059326171875
769,769,769,2022-02-23,103.7396469116211,114.10511016845705,117.88468170166016
770,770,770,2022-02-24,104.32547760009766,113.27359008789062,118.19650268554688
771,771,771,2022-02-25,105.66722106933594,112.99958801269533,119.39649963378906
772,772,772,2022-02-28,104.35382080078124,107.07510375976562,121.60755157470705
773,773,773,2022-03-01,103.93807220458984,108.20897674560548,117.36497497558594
774,774,774,2022-03-02,107.63260650634766,105.66722106933594,116.43899536132812
775,775,775,2022-03-03,105.8750991821289,103.7396469116211,114.10511016845705
776,776,776,2022-03-04,104.4766616821289,104.32547760009766,113.27359008789062
777,777,777,2022-03-07,102.65302276611328,105.66722106933594,112.99958801269533
778,778,778,2022-03-08,103.91918182373048,104.35382080078124,107.07510375976562
779,779,779,2022-03-09,104.61840057373048,103.93807220458984,108.20897674560548
780,780,780,2022-03-10,105.00579833984376,107.63260650634766,105.66722106933594
781,781,781,2022-03-11,103.74909210205078,105.8750991821289,103.7396469116211
782,782,782,2022-03-14,103.96775817871094,104.4766616821289,104.32547760009766
783,783,783,2022-03-15,104.28147888183594,102.65302276611328,105.66722106933594
784,784,784,2022-03-16,106.4110336303711,103.91918182373048,104.35382080078124
785,785,785,2022-03-17,110.76521301269533,104.61840057373048,103.93807220458984
786,786,786,2022-03-18,113.71236419677734,105.00579833984376,107.63260650634766
787,787,787,2022-03-21,110.94583892822266,103.74909210205078,105.8750991821289
788,788,788,2022-03-22,112.69512939453124,103.96775817871094,104.4766616821289
789,789,789,2022-03-23,110.15676879882812,104.28147888183594,102.65302276611328
790,790,790,2022-03-24,111.0599136352539,106.4110336303711,103.91918182373048
791,791,791,2022-03-25,110.82225036621094,110.76521301269533,104.61840057373048
792,792,792,2022-03-28,113.00885009765624,113.71236419677734,105.00579833984376
793,793,793,2022-03-29,115.40459442138672,110.94583892822266,103.74909210205078
794,794,794,2022-03-30,114.35883331298828,112.69512939453124,103.96775817871094
795,795,795,2022-03-31,112.76166534423828,110.15676879882812,104.28147888183594
796,796,796,2022-04-01,110.38493347167967,111.0599136352539,106.4110336303711
797,797,797,2022-04-04,112.89476776123048,110.82225036621094,110.76521301269533
798,798,798,2022-04-05,111.26908111572266,113.00885009765624,113.71236419677734
799,799,799,2022-04-06,108.64517211914062,115.40459442138672,110.94583892822266
800,800,800,2022-04-07,109.66241455078124,114.35883331298828,112.69512939453124
801,801,801,2022-04-08,108.6071319580078,112.76166534423828,110.15676879882812
802,802,802,2022-04-11,106.23040771484376,110.38493347167967,111.0599136352539
803,803,803,2022-04-12,106.30645751953124,112.89476776123048,110.82225036621094
804,804,804,2022-04-13,107.4948272705078,111.26908111572266,113.00885009765624
805,805,805,2022-04-14,105.82160186767578,108.64517211914062,115.40459442138672
806,806,806,2022-04-18,105.11810302734376,109.66241455078124,114.35883331298828
807,807,807,2022-04-19,107.61841583251952,108.6071319580078,112.76166534423828
808,808,808,2022-04-20,109.0254364013672,106.23040771484376,110.38493347167967
809,809,809,2022-04-21,107.64694213867188,106.30645751953124,112.89476776123048
810,810,810,2022-04-22,105.05155181884766,107.4948272705078,111.26908111572266
811,811,811,2022-04-25,107.24764251708984,105.82160186767578,108.64517211914062
812,812,812,2022-04-26,104.5761947631836,105.11810302734376,109.66241455078124
813,813,813,2022-04-27,104.10086059570312,107.61841583251952,108.6071319580078
814,814,814,2022-04-28,105.18463134765624,109.0254364013672,106.23040771484376
815,815,815,2022-04-29,104.32902526855467,107.64694213867188,106.30645751953124
816,816,816,2022-05-02,106.29695892333984,105.05155181884766,107.4948272705078
817,817,817,2022-05-03,106.27793884277344,107.24764251708984,105.82160186767578
818,818,818,2022-05-04,108.56910705566406,104.5761947631836,105.11810302734376
819,819,819,2022-05-05,103.38783264160156,104.10086059570312,107.61841583251952
820,820,820,2022-05-06,100.8019561767578,105.18463134765624,109.0254364013672
821,821,821,2022-05-09,97.6361312866211,104.32902526855467,107.64694213867188
822,822,822,2022-05-10,96.24812316894533,106.29695892333984,105.05155181884766
823,823,823,2022-05-11,93.12035369873048,106.27793884277344,107.24764251708984
824,824,824,2022-05-12,94.5654067993164,108.56910705566406,104.5761947631836
825,825,825,2022-05-13,96.36221313476562,103.38783264160156,104.10086059570312
826,826,826,2022-05-16,96.27664947509766,100.8019561767578,105.18463134765624
827,827,827,2022-05-17,99.39492797851562,97.6361312866211,104.32902526855467
828,828,828,2022-05-18,96.2101058959961,96.24812316894533,106.29695892333984
829,829,829,2022-05-19,95.81080627441406,93.12035369873048,106.27793884277344
830,830,830,2022-05-20,95.6872329711914,94.5654067993164,108.56910705566406
831,831,831,2022-05-23,96.37171936035156,96.36221313476562,103.38783264160156
832,832,832,2022-05-24,94.06153869628906,96.27664947509766,100.8019561767578
833,833,833,2022-05-25,94.44181060791016,99.39492797851562,97.6361312866211
834,834,834,2022-05-26,97.43648529052734,96.2101058959961,96.24812316894533
835,835,835,2022-05-27,100.33611297607422,95.81080627441406,93.12035369873048
836,836,836,2022-05-31,100.41216278076172,95.6872329711914,94.5654067993164
837,837,837,2022-06-01,98.40621185302734,96.37171936035156,96.36221313476562
838,838,838,2022-06-02,101.71461486816406,94.06153869628906,96.27664947509766
839,839,839,2022-06-03,99.64209747314452,94.44181060791016,99.39492797851562
840,840,840,2022-06-06,99.45195770263672,97.43648529052734,96.2101058959961
841,841,841,2022-06-07,100.57379150390624,100.33611297607422,95.81080627441406
842,842,842,2022-06-08,98.4537353515625,100.41216278076172,95.6872329711914
843,843,843,2022-06-09,96.8565673828125,98.40621185302734,96.37171936035156
844,844,844,2022-06-10,95.00272369384766,101.71461486816406,94.06153869628906
845,845,845,2022-06-13,92.7210464477539,99.64209747314452,94.44181060791016
846,846,846,2022-06-14,91.95099639892578,99.45195770263672,97.43648529052734
847,847,847,2022-06-15,92.19818115234376,100.57379150390624,100.33611297607422
848,848,848,2022-06-16,88.87425994873047,98.4537353515625,100.41216278076172
849,849,849,2022-06-17,89.53520965576172,96.8565673828125,98.40621185302734
850,850,850,2022-06-21,91.62344360351562,95.00272369384766,101.71461486816406
851,851,851,2022-06-22,92.41851043701172,92.7210464477539,99.64209747314452
852,852,852,2022-06-23,94.71746826171876,91.95099639892578,99.45195770263672
853,853,853,2022-06-24,95.91484832763672,92.19818115234376,100.57379150390624
854,854,854,2022-06-27,95.93401336669922,88.87425994873047,98.4537353515625
855,855,855,2022-06-28,94.04693603515624,89.53520965576172,96.8565673828125
856,856,856,2022-06-29,94.86115264892578,91.62344360351562,95.00272369384766
857,857,857,2022-06-30,94.1139907836914,92.41851043701172,92.7210464477539
858,858,858,2022-07-01,94.3438720703125,94.71746826171876,91.95099639892578
859,859,859,2022-07-05,95.74242401123048,95.91484832763672,92.19818115234376
860,860,860,2022-07-06,96.37464904785156,95.93401336669922,88.87425994873047
861,861,861,2022-07-07,99.6410903930664,94.04693603515624,89.53520965576172
862,862,862,2022-07-08,98.64488220214844,94.86115264892578,91.62344360351562
863,863,863,2022-07-11,96.36505126953124,94.1139907836914,92.41851043701172
864,864,864,2022-07-12,97.46665954589844,94.3438720703125,94.71746826171876
865,865,865,2022-07-13,95.98190307617188,95.74242401123048,95.91484832763672
866,866,866,2022-07-14,93.83619689941406,96.37464904785156,95.93401336669922
867,867,867,2022-07-15,95.6945343017578,99.6410903930664,94.04693603515624
868,868,868,2022-07-18,95.56999969482422,98.64488220214844,94.86115264892578
869,869,869,2022-07-19,98.89391326904295,96.36505126953124,94.1139907836914
870,870,870,2022-07-20,101.74847412109376,97.46665954589844,94.3438720703125
871,871,871,2022-07-21,103.34817504882812,95.98190307617188,95.74242401123048
872,872,872,2022-07-22,100.53192901611328,93.83619689941406,96.37464904785156
873,873,873,2022-07-25,99.69856262207033,95.6945343017578,99.6410903930664
874,874,874,2022-07-26,98.18507385253906,95.56999969482422,98.64488220214844
875,875,875,2022-07-27,89.62142181396484,98.89391326904295,96.36505126953124
876,876,876,2022-07-28,93.91283416748048,101.74847412109376,97.46665954589844
877,877,877,2022-07-29,93.51051330566406,103.34817504882812,95.98190307617188
878,878,878,2022-08-01,94.13314056396484,100.53192901611328,93.83619689941406
879,879,879,2022-08-02,92.41851043701172,99.69856262207033,95.6945343017578
880,880,880,2022-08-03,93.70208740234376,98.18507385253906,95.56999969482422
881,881,881,2022-08-04,93.69252014160156,89.62142181396484,98.89391326904295
882,882,882,2022-08-05,93.49134826660156,93.91283416748048,101.74847412109376
883,883,883,2022-08-08,94.4013671875,93.51051330566406,103.34817504882812
884,884,884,2022-08-09,91.11575317382812,94.13314056396484,100.53192901611328
885,885,885,2022-08-10,94.18104553222656,92.41851043701172,99.69856262207033
886,886,886,2022-08-11,94.5163116455078,93.70208740234376,98.18507385253906
887,887,887,2022-08-12,95.8573760986328,93.69252014160156,89.62142181396484
888,888,888,2022-08-15,95.3401107788086,93.49134826660156,93.91283416748048
889,889,889,2022-08-16,95.3975830078125,94.4013671875,93.51051330566406
890,890,890,2022-08-17,94.5163116455078,91.11575317382812,94.13314056396484
891,891,891,2022-08-18,94.91862487792967,94.18104553222656,92.41851043701172
892,892,892,2022-08-19,93.0411376953125,94.5163116455078,93.70208740234376
893,893,893,2022-08-22,90.3302764892578,95.8573760986328,93.69252014160156
894,894,894,2022-08-23,89.88007354736328,95.3401107788086,93.49134826660156
895,895,895,2022-08-24,89.94711303710938,95.3975830078125,94.4013671875
896,896,896,2022-08-25,91.1349105834961,94.5163116455078,91.11575317382812
897,897,897,2022-08-26,87.60025024414062,94.91862487792967,94.18104553222656
898,898,898,2022-08-29,86.75729370117188,93.0411376953125,94.5163116455078
899,899,899,2022-08-30,85.73234558105469,90.3302764892578,95.8573760986328
900,900,900,2022-08-31,84.76484680175781,89.88007354736328,95.3401107788086
901,901,901,2022-09-01,85.63655090332031,89.94711303710938,95.3975830078125
902,902,902,2022-09-02,84.78401184082031,91.1349105834961,94.5163116455078
903,903,903,2022-09-06,84.09432983398438,87.60025024414062,94.91862487792967
904,904,904,2022-09-07,86.91056060791016,86.75729370117188,93.0411376953125
905,905,905,2022-09-08,86.13465881347656,85.73234558105469,90.3302764892578
906,906,906,2022-09-09,87.01592254638672,84.76484680175781,89.88007354736328
907,907,907,2022-09-12,89.02752685546875,85.63655090332031,89.94711303710938
908,908,908,2022-09-13,85.06181335449219,84.78401184082031,91.1349105834961
909,909,909,2022-09-14,85.33224487304688,84.09432983398438,87.60025024414062
910,910,910,2022-09-15,83.98006439208984,86.91056060791016,86.75729370117188
911,911,911,2022-09-16,82.8017349243164,86.13465881347656,85.73234558105469
912,912,912,2022-09-19,84.35673522949219,87.01592254638672,84.76484680175781
913,913,913,2022-09-20,82.54095458984375,89.02752685546875,85.63655090332031
914,914,914,2022-09-21,81.50749969482422,85.06181335449219,84.78401184082031
915,915,915,2022-09-22,80.1070327758789,85.33224487304688,84.09432983398438
916,916,916,2022-09-23,79.94283294677734,83.98006439208984,86.91056060791016
917,917,917,2022-09-26,79.51786804199219,82.8017349243164,86.13465881347656
918,918,918,2022-09-27,78.89006805419922,84.35673522949219,87.01592254638672
919,919,919,2022-09-28,81.03423309326172,82.54095458984375,89.02752685546875
920,920,920,2022-09-29,78.97698974609375,81.50749969482422,85.06181335449219
921,921,921,2022-09-30,77.56685638427734,80.1070327758789,85.33224487304688
922,922,922,2022-10-03,79.5564956665039,79.94283294677734,83.98006439208984
923,923,923,2022-10-04,80.64790344238281,79.51786804199219,82.8017349243164
924,924,924,2022-10-05,80.30986022949219,78.89006805419922,84.35673522949219
925,925,925,2022-10-06,79.653076171875,81.03423309326172,82.54095458984375
926,926,926,2022-10-07,76.97769927978516,78.97698974609375,81.50749969482422
927,927,927,2022-10-10,76.86180114746094,77.56685638427734,80.1070327758789
928,928,928,2022-10-11,75.81868743896484,79.5564956665039,79.94283294677734
929,929,929,2022-10-12,75.78971862792969,80.64790344238281,79.51786804199219
930,930,930,2022-10-13,77.6827621459961,80.30986022949219,78.89006805419922
931,931,931,2022-10-14,76.7265853881836,79.653076171875,81.03423309326172
932,932,932,2022-10-17,78.98664855957031,76.97769927978516,78.97698974609375
933,933,933,2022-10-18,80.08772277832031,76.86180114746094,77.56685638427734
934,934,934,2022-10-19,78.42646026611328,75.81868743896484,79.5564956665039
935,935,935,2022-10-20,78.09808349609375,75.78971862792969,80.64790344238281
936,936,936,2022-10-21,79.94283294677734,77.6827621459961,80.30986022949219
937,937,937,2022-10-24,79.83659362792969,76.7265853881836,79.653076171875
938,938,938,2022-10-25,81.99042510986328,78.98664855957031,76.97769927978516
939,939,939,2022-10-26,82.01939392089844,80.08772277832031,76.86180114746094
940,940,940,2022-10-27,83.00455474853516,78.42646026611328,75.81868743896484
941,941,941,2022-10-28,85.46745300292969,78.09808349609375,75.78971862792969
942,942,942,2022-10-31,85.03284454345703,79.94283294677734,77.6827621459961
943,943,943,2022-11-01,84.5788803100586,79.83659362792969,76.7265853881836
944,944,944,2022-11-02,81.64271545410156,81.99042510986328,78.98664855957031
945,945,945,2022-11-03,81.15013885498047,82.01939392089844,80.08772277832031
946,946,946,2022-11-04,83.57440948486328,83.00455474853516,78.42646026611328
947,947,947,2022-11-07,83.6227035522461,85.46745300292969,78.09808349609375
948,948,948,2022-11-08,83.8641586303711,85.03284454345703,79.94283294677734
949,949,949,2022-11-09,82.6568603515625,84.5788803100586,79.83659362792969
950,950,950,2022-11-10,88.19113159179688,81.64271545410156,81.99042510986328
951,951,951,2022-11-11,90.55746459960938,81.15013885498047,82.01939392089844
952,952,952,2022-11-14,88.16215515136719,83.57440948486328,83.00455474853516
953,953,953,2022-11-15,89.36946105957031,83.6227035522461,85.46745300292969
954,954,954,2022-11-16,87.26393127441406,83.8641586303711,85.03284454345703
955,955,955,2022-11-17,87.68890380859375,82.6568603515625,84.5788803100586
956,956,956,2022-11-18,87.92070007324219,88.19113159179688,81.64271545410156
957,957,957,2022-11-21,87.36051177978516,90.55746459960938,81.15013885498047
958,958,958,2022-11-22,87.38948822021484,88.16215515136719,83.57440948486328
959,959,959,2022-11-23,87.5536880493164,89.36946105957031,83.6227035522461
960,960,960,2022-11-25,87.968994140625,87.26393127441406,83.8641586303711
961,961,961,2022-11-28,86.60714721679688,87.68890380859375,82.6568603515625
962,962,962,2022-11-29,86.74237060546875,87.92070007324219,88.19113159179688
963,963,963,2022-11-30,89.81375885009766,87.36051177978516,90.55746459960938
964,964,964,2022-12-01,91.13697052001952,87.38948822021484,88.16215515136719
965,965,965,2022-12-02,91.09832763671876,87.5536880493164,89.36946105957031
966,966,966,2022-12-05,90.6926727294922,87.968994140625,87.26393127441406
967,967,967,2022-12-06,91.27218627929688,86.60714721679688,87.68890380859375
968,968,968,2022-12-07,91.11763763427734,86.74237060546875,87.92070007324219
969,969,969,2022-12-08,92.3442611694336,89.81375885009766,87.36051177978516
970,970,970,2022-12-09,91.7840805053711,91.13697052001952,87.38948822021484
971,971,971,2022-12-12,93.06864166259766,91.09832763671876,87.5536880493164
972,972,972,2022-12-13,93.55156707763672,90.6926727294922,87.968994140625
973,973,973,2022-12-14,93.22068786621094,91.27218627929688,86.60714721679688
974,974,974,2022-12-15,90.2330322265625,91.11763763427734,86.74237060546875
975,975,975,2022-12-16,88.74407958984375,92.3442611694336,89.81375885009766
976,976,976,2022-12-19,87.87793731689453,91.7840805053711,91.13697052001952
977,977,977,2022-12-20,87.9460678100586,93.06864166259766,91.09832763671876
978,978,978,2022-12-21,89.59073638916016,93.55156707763672,90.6926727294922
979,979,979,2022-12-22,88.57862091064453,93.22068786621094,91.27218627929688
980,980,980,2022-12-23,88.81219482421875,90.2330322265625,91.11763763427734
981,981,981,2022-12-27,89.3182373046875,88.74407958984375,92.3442611694336
982,982,982,2022-12-28,87.82927703857422,87.87793731689453,91.7840805053711
983,983,983,2022-12-29,90.3498077392578,87.9460678100586,93.06864166259766
984,984,984,2022-12-30,89.81456756591797,89.59073638916016,93.55156707763672
985,985,985,2023-01-03,91.06023406982422,88.57862091064453,93.22068786621094
986,986,986,2023-01-04,92.9773941040039,88.81219482421875,90.2330322265625
987,987,987,2023-01-05,92.76329040527344,89.3182373046875,88.74407958984375
988,988,988,2023-01-06,95.4979248046875,87.82927703857422,87.87793731689453
989,989,989,2023-01-09,95.59524536132812,90.3498077392578,87.9460678100586
990,990,990,2023-01-10,96.26673126220705,89.81456756591797,89.59073638916016
991,991,991,2023-01-11,97.24964141845705,91.06023406982422,88.57862091064453
992,992,992,2023-01-12,95.51738739013672,92.9773941040039,88.81219482421875
993,993,993,2023-01-13,95.57576751708984,92.76329040527344,89.3182373046875
994,994,994,2023-01-17,95.15731048583984,95.4979248046875,87.82927703857422
995,995,995,2023-01-18,94.03816223144533,95.59524536132812,90.3498077392578
996,996,996,2023-01-19,92.78274536132812,96.26673126220705,89.81456756591797
997,997,997,2023-01-20,94.25225067138672,97.24964141845705,91.06023406982422
998,998,998,2023-01-23,95.86773681640624,95.51738739013672,92.9773941040039
999,999,999,2023-01-24,95.52711486816406,95.57576751708984,92.76329040527344
1000,1000,1000,2023-01-25,95.97478485107422,95.15731048583984,95.4979248046875
1001,1001,1001,2023-01-26,95.67308807373048,94.03816223144533,95.59524536132812
1002,1002,1002,2023-01-27,96.04290771484376,92.78274536132812,96.26673126220705
1003,1003,1003,2023-01-30,94.7485809326172,94.25225067138672,97.24964141845705
1004,1004,1004,2023-01-31,96.22779846191406,95.86773681640624,95.51738739013672
1005,1005,1005,2023-02-01,98.39798736572266,95.52711486816406,95.57576751708984
1006,1006,1006,2023-02-02,100.21784210205078,95.97478485107422,95.15731048583984
1007,1007,1007,2023-02-03,98.81645965576172,95.67308807373048,94.03816223144533
1008,1008,1008,2023-02-06,95.8190689086914,96.04290771484376,92.78274536132812
1009,1009,1009,2023-02-07,96.1012954711914,94.7485809326172,94.25225067138672
1010,1010,1010,2023-02-08,94.38849639892578,96.22779846191406,95.86773681640624
1011,1011,1011,2023-02-09,93.65861511230467,98.39798736572266,95.52711486816406
1012,1012,1012,2023-02-10,93.33747863769533,100.21784210205078,95.97478485107422
1013,1013,1013,2023-02-13,95.12811279296876,98.81645965576172,95.67308807373048
1014,1014,1014,2023-02-14,94.69991302490234,95.8190689086914,96.04290771484376
1015,1015,1015,2023-02-15,95.5465850830078,96.1012954711914,94.7485809326172
1016,1016,1016,2023-02-16,94.5442123413086,94.38849639892578,96.22779846191406
1017,1017,1017,2023-02-17,94.40796661376952,93.65861511230467,98.39798736572266
1018,1018,1018,2023-02-21,91.43977355957033,93.33747863769533,100.21784210205078
1019,1019,1019,2023-02-22,95.17677307128906,95.12811279296876,98.81645965576172
1020,1020,1020,2023-02-23,98.1936264038086,94.69991302490234,95.8190689086914
1021,1021,1021,2023-02-24,95.66336822509766,95.5465850830078,96.1012954711914
1022,1022,1022,2023-02-27,95.7412109375,94.5442123413086,94.38849639892578
1023,1023,1023,2023-02-28,95.4979248046875,94.40796661376952,93.65861511230467
1024,1024,1024,2023-03-01,94.15493774414062,91.43977355957033,93.33747863769533
1025,1025,1025,2023-03-02,95.5368423461914,95.17677307128906,95.12811279296876
1026,1026,1026,2023-03-03,96.59761810302734,98.1936264038086,94.69991302490234
1027,1027,1027,2023-03-06,95.76068115234376,95.66336822509766,95.5465850830078
1028,1028,1028,2023-03-07,95.6438980102539,95.7412109375,94.5442123413086
1029,1029,1029,2023-03-08,95.4979248046875,95.4979248046875,94.40796661376952
1030,1030,1030,2023-03-09,94.1841278076172,94.15493774414062,91.43977355957033
1031,1031,1031,2023-03-10,92.49080657958984,95.5368423461914,95.17677307128906
1032,1032,1032,2023-03-13,93.35693359375,96.59761810302734,98.1936264038086
1033,1033,1033,2023-03-14,95.15149688720705,95.76068115234376,95.66336822509766
1034,1034,1034,2023-03-15,94.03357696533205,95.6438980102539,95.7412109375
1035,1035,1035,2023-03-16,95.42608642578124,95.4979248046875,95.4979248046875
1036,1036,1036,2023-03-17,94.16104888916016,94.1841278076172,94.15493774414062
1037,1037,1037,2023-03-20,94.94557189941406,92.49080657958984,95.5368423461914
1038,1038,1038,2023-03-21,95.47511291503906,93.35693359375,96.59761810302734
1039,1039,1039,2023-03-22,93.45499420166016,95.15149688720705,95.76068115234376
1040,1040,1040,2023-03-23,93.24906158447266,94.03357696533205,95.6438980102539
1041,1041,1041,2023-03-24,94.06299591064452,95.42608642578124,95.4979248046875
1042,1042,1042,2023-03-27,94.53369903564452,94.16104888916016,94.1841278076172
1043,1043,1043,2023-03-28,94.86711883544922,94.94557189941406,92.49080657958984
1044,1044,1044,2023-03-29,96.54400634765624,95.47511291503906,93.35693359375
1045,1045,1045,2023-03-30,96.90685272216795,93.45499420166016,95.15149688720705
1046,1046,1046,2023-03-31,98.96619415283205,93.24906158447266,94.03357696533205
1047,1047,1047,2023-04-03,98.7700653076172,94.06299591064452,95.42608642578124
1048,1048,1048,2023-04-04,98.1424560546875,94.53369903564452,94.16104888916016
1049,1049,1049,2023-04-05,96.29884338378906,94.86711883544922,94.94557189941406
1050,1050,1050,2023-04-06,96.15176391601562,96.54400634765624,95.47511291503906
1051,1051,1051,2023-04-10,96.3576889038086,96.90685272216795,93.45499420166016
1052,1052,1052,2023-04-11,96.6812973022461,98.96619415283205,93.24906158447266
1053,1053,1053,2023-04-12,96.3772964477539,98.7700653076172,94.06299591064452
1054,1054,1054,2023-04-13,97.52465057373048,98.1424560546875,94.53369903564452
1055,1055,1055,2023-04-14,96.94607543945312,96.29884338378906,94.86711883544922
1056,1056,1056,2023-04-17,97.60310363769533,96.15176391601562,96.54400634765624
1057,1057,1057,2023-04-18,97.51485443115234,96.3576889038086,96.90685272216795
1058,1058,1058,2023-04-19,96.24982452392578,96.6812973022461,98.96619415283205
1059,1059,1059,2023-04-20,96.28904724121094,96.3772964477539,98.7700653076172
1060,1060,1060,2023-04-21,95.83795166015624,97.52465057373048,98.1424560546875
1061,1061,1061,2023-04-24,95.80853271484376,96.94607543945312,96.29884338378906
1062,1062,1062,2023-04-25,94.21989440917967,97.60310363769533,96.15176391601562
1063,1063,1063,2023-04-26,93.35693359375,97.51485443115234,96.3576889038086
1064,1064,1064,2023-04-27,95.06324768066406,96.24982452392578,96.6812973022461
1065,1065,1065,2023-04-28,96.2694320678711,96.28904724121094,96.3772964477539
1066,1066,1066,2023-05-01,96.4165267944336,95.83795166015624,97.52465057373048
1067,1067,1067,2023-05-02,95.2887954711914,95.80853271484376,96.94607543945312
1068,1068,1068,2023-05-03,98.1424560546875,94.21989440917967,97.60310363769533
1069,1069,1069,2023-05-04,99.61341857910156,93.35693359375,97.51485443115234
1070,1070,1070,2023-05-05,101.77082824707033,95.06324768066406,96.24982452392578
1071,1071,1071,2023-05-08,101.5550765991211,96.2694320678711,96.28904724121094
1072,1072,1072,2023-05-09,101.94733428955078,96.4165267944336,95.83795166015624
1073,1073,1073,2023-05-10,101.81986236572266,95.2887954711914,95.80853271484376
1074,1074,1074,2023-05-11,101.5550765991211,98.1424560546875,94.21989440917967
1075,1075,1075,2023-05-12,101.76101684570312,99.61341857910156,93.35693359375
1076,1076,1076,2023-05-15,101.81005859375,101.77082824707033,95.06324768066406
1077,1077,1077,2023-05-16,100.6921157836914,101.5550765991211,96.2694320678711
1078,1078,1078,2023-05-17,100.95689392089844,101.94733428955078,96.4165267944336
1079,1079,1079,2023-05-18,102.24153137207033,101.81986236572266,95.2887954711914
1080,1080,1080,2023-05-19,101.98656463623048,101.5550765991211,98.1424560546875
1081,1081,1081,2023-05-22,102.79068756103516,101.76101684570312,99.61341857910156
1082,1082,1082,2023-05-23,102.0355987548828,101.81005859375,101.77082824707033
1083,1083,1083,2023-05-24,100.7215347290039,100.6921157836914,101.5550765991211
1084,1084,1084,2023-05-25,101.63352966308594,100.95689392089844,101.94733428955078
1085,1085,1085,2023-05-26,101.81986236572266,102.24153137207033,101.81986236572266
1086,1086,1086,2023-05-30,103.45752716064452,101.98656463623048,101.5550765991211
1087,1087,1087,2023-05-31,101.15302276611328,102.79068756103516,101.76101684570312
1088,1088,1088,2023-06-01,101.8590850830078,102.0355987548828,101.81005859375
1089,1089,1089,2023-06-02,104.40874481201172,100.7215347290039,100.6921157836914
1090,1090,1090,2023-06-05,103.4869384765625,101.63352966308594,100.95689392089844
1091,1091,1091,2023-06-06,103.38887786865234,101.81986236572266,102.24153137207033
1092,1092,1092,2023-06-07,103.8890151977539,103.45752716064452,101.98656463623048
1093,1093,1093,2023-06-08,103.59481811523438,101.15302276611328,102.79068756103516
1094,1094,1094,2023-06-09,103.30062103271484,101.8590850830078,102.0355987548828
1095,1095,1095,2023-06-12,104.30087280273438,104.40874481201172,100.7215347290039
1096,1096,1096,2023-06-13,105.48744201660156,103.4869384765625,101.63352966308594
1097,1097,1097,2023-06-14,104.48719787597656,103.38887786865234,101.81986236572266
1098,1098,1098,2023-06-15,104.09494018554688,103.8890151977539,103.45752716064452
1099,1099,1099,2023-06-16,104.66764831542967,103.59481811523438,101.15302276611328
1100,1100,1100,2023-06-20,104.09494018554688,103.30062103271484,101.8590850830078
1101,1101,1101,2023-06-21,103.27537536621094,104.30087280273438,104.40874481201172
1102,1102,1102,2023-06-22,102.10033416748048,105.48744201660156,103.4869384765625
1103,1103,1103,2023-06-23,100.28345489501952,104.48719787597656,103.38887786865234
1104,1104,1104,2023-06-26,101.19190216064452,104.09494018554688,103.8890151977539
1105,1105,1105,2023-06-27,102.19908142089844,104.66764831542967,103.59481811523438
1106,1106,1106,2023-06-28,101.09314727783205,104.09494018554688,103.30062103271484
1107,1107,1107,2023-06-29,102.29781341552734,103.27537536621094,104.30087280273438
1108,1108,1108,2023-06-30,102.9791488647461,102.10033416748048,105.48744201660156
1109,1109,1109,2023-07-03,102.44593048095705,100.28345489501952,104.48719787597656
1110,1110,1110,2023-07-05,103.92707824707033,101.19190216064452,104.09494018554688
1111,1111,1111,2023-07-06,106.05992889404295,102.19908142089844,104.66764831542967
1112,1112,1112,2023-07-07,103.70984649658205,101.09314727783205,104.09494018554688
1113,1113,1113,2023-07-10,104.75652313232422,102.29781341552734,103.27537536621094
1114,1114,1114,2023-07-11,105.7636947631836,102.9791488647461,102.10033416748048
1115,1115,1115,2023-07-12,105.339111328125,102.44593048095705,100.28345489501952
1116,1116,1116,2023-07-13,106.22779083251952,103.92707824707033,101.19190216064452
1117,1117,1117,2023-07-14,105.34898376464844,106.05992889404295,102.19908142089844
1118,1118,1118,2023-07-17,105.06262969970705,103.70984649658205,101.09314727783205
1119,1119,1119,2023-07-18,106.09942626953124,104.75652313232422,102.29781341552734
1120,1120,1120,2023-07-19,106.3265380859375,105.7636947631836,102.9791488647461
1121,1121,1121,2023-07-20,105.27986145019533,105.339111328125,102.44593048095705
1122,1122,1122,2023-07-21,104.63803100585938,106.22779083251952,103.92707824707033
1123,1123,1123,2023-07-24,104.5392837524414,105.34898376464844,106.05992889404295
1124,1124,1124,2023-07-25,105.1514892578125,105.06262969970705,103.70984649658205
1125,1125,1125,2023-07-26,104.2924346923828,106.09942626953124,104.75652313232422
1126,1126,1126,2023-07-27,103.85796356201172,106.3265380859375,105.7636947631836
1127,1127,1127,2023-07-28,103.37411499023438,105.27986145019533,105.339111328125
1128,1128,1128,2023-07-31,104.55902862548828,104.63803100585938,106.22779083251952
1129,1129,1129,2023-08-01,105.01324462890624,104.5392837524414,105.34898376464844
1130,1130,1130,2023-08-02,106.37590789794922,105.1514892578125,105.06262969970705
1131,1131,1131,2023-08-03,104.98362731933594,104.2924346923828,106.09942626953124
1132,1132,1132,2023-08-04,104.79601287841795,103.85796356201172,106.3265380859375
1133,1133,1133,2023-08-07,104.78614807128906,103.37411499023438,105.27986145019533
1134,1134,1134,2023-08-08,103.60122680664062,104.55902862548828,104.63803100585938
1135,1135,1135,2023-08-09,103.16676330566406,105.01324462890624,104.5392837524414
1136,1136,1136,2023-08-10,102.48543548583984,106.37590789794922,105.1514892578125
1137,1137,1137,2023-08-11,102.20895385742188,104.98362731933594,104.2924346923828
1138,1138,1138,2023-08-14,102.71253204345705,104.79601287841795,103.85796356201172
1139,1139,1139,2023-08-15,101.68561553955078,104.78614807128906,103.37411499023438
1140,1140,1140,2023-08-16,101.03390502929688,103.60122680664062,104.55902862548828
1141,1141,1141,2023-08-17,100.51056671142578,103.16676330566406,105.01324462890624
1142,1142,1142,2023-08-18,100.27359008789062,102.48543548583984,106.37590789794922
1143,1143,1143,2023-08-21,100.42169952392578,102.20895385742188,104.98362731933594
1144,1144,1144,2023-08-22,101.39925384521484,102.71253204345705,104.79601287841795
1145,1145,1145,2023-08-23,102.0608367919922,101.68561553955078,104.78614807128906
1146,1146,1146,2023-08-24,101.03390502929688,101.03390502929688,103.60122680664062
1147,1147,1147,2023-08-25,102.05096435546876,100.51056671142578,103.16676330566406
1148,1148,1148,2023-08-28,103.36424255371094,100.27359008789062,102.48543548583984
1149,1149,1149,2023-08-29,104.17393493652344,100.42169952392578,102.20895385742188
1150,1150,1150,2023-08-30,104.51953125,101.39925384521484,102.71253204345705
1151,1151,1151,2023-08-31,104.68739318847656,102.0608367919922,101.68561553955078
1152,1152,1152,2023-09-01,104.70714569091795,101.03390502929688,101.03390502929688
1153,1153,1153,2023-09-05,103.60122680664062,102.05096435546876,100.51056671142578
1154,1154,1154,2023-09-06,102.35707092285156,103.36424255371094,100.27359008789062
1155,1155,1155,2023-09-07,101.43875885009766,104.17393493652344,100.42169952392578
1156,1156,1156,2023-09-08,101.4782485961914,104.51953125,101.39925384521484
1157,1157,1157,2023-09-11,104.2331771850586,104.68739318847656,102.0608367919922
1158,1158,1158,2023-09-12,104.30229949951172,104.70714569091795,101.03390502929688
1159,1159,1159,2023-09-13,105.14161682128906,103.60122680664062,102.05096435546876
1160,1160,1160,2023-09-14,105.95690155029295,102.35707092285156,103.36424255371094
1161,1161,1161,2023-09-15,105.50949096679688,101.43875885009766,104.17393493652344
1162,1162,1162,2023-09-18,106.43414306640624,101.4782485961914,104.51953125
1163,1163,1163,2023-09-19,105.81770324707033,104.2331771850586,104.68739318847656
1164,1164,1164,2023-09-20,106.16568756103516,104.30229949951172,104.70714569091795
1165,1165,1165,2023-09-21,104.43569946289062,105.14161682128906,103.60122680664062
1166,1166,1166,2023-09-22,104.7041473388672,105.95690155029295,102.35707092285156
1167,1167,1167,2023-09-25,104.79363250732422,105.50949096679688,101.43875885009766
1168,1168,1168,2023-09-26,102.63611602783205,106.43414306640624,101.4782485961914
1169,1169,1169,2023-09-27,102.63611602783205,105.81770324707033,104.2331771850586
1170,1170,1170,2023-09-28,104.5450668334961,106.16568756103516,104.30229949951172
1171,1171,1171,2023-09-29,104.59477996826172,104.43569946289062,105.14161682128906
1172,1172,1172,2023-10-02,102.9145050048828,104.7041473388672,105.95690155029295
1173,1173,1173,2023-10-03,102.9145050048828,104.79363250732422,105.50949096679688
1174,1174,1174,2023-10-04,103.50110626220705,102.63611602783205,106.43414306640624
1175,1175,1175,2023-10-05,103.98828887939452,102.63611602783205,105.81770324707033
1176,1176,1176,2023-10-06,105.51942443847656,104.5450668334961,106.16568756103516
1177,1177,1177,2023-10-09,106.5534439086914,104.59477996826172,104.43569946289062
1178,1178,1178,2023-10-10,107.18976593017578,102.9145050048828,104.7041473388672
1179,1179,1179,2023-10-11,108.10447692871094,102.9145050048828,104.79363250732422
1180,1180,1180,2023-10-12,106.97102355957033,103.50110626220705,102.63611602783205
1181,1181,1181,2023-10-13,106.37448120117188,103.98828887939452,102.63611602783205
1182,1182,1182,2023-10-16,107.22953033447266,105.51942443847656,104.5450668334961
1183,1183,1183,2023-10-17,106.21540832519533,106.5534439086914,104.59477996826172
1184,1184,1184,2023-10-18,104.45558166503906,107.18976593017578,102.9145050048828
1185,1185,1185,2023-10-19,103.72978973388672,108.10447692871094,102.9145050048828
1186,1186,1186,2023-10-20,102.68582153320312,106.97102355957033,103.50110626220705
1187,1187,1187,2023-10-23,101.393310546875,106.37448120117188,103.98828887939452
1188,1188,1188,2023-10-24,101.75122833251952,107.22953033447266,105.51942443847656
1189,1189,1189,2023-10-25,101.1546859741211,106.21540832519533,106.5534439086914
1190,1190,1190,2023-10-26,100.27974700927734,104.45558166503906,107.18976593017578
1191,1191,1191,2023-10-27,99.13636016845705,103.72978973388672,108.10447692871094
1192,1192,1192,2023-10-30,100.69733428955078,102.68582153320312,106.97102355957033
1193,1193,1193,2023-10-31,101.9401397705078,101.393310546875,106.37448120117188
1194,1194,1194,2023-11-01,112.8768539428711,101.75122833251952,107.22953033447266
1195,1195,1195,2023-11-02,113.79156494140624,101.1546859741211,106.21540832519533
1196,1196,1196,2023-11-03,114.94489288330078,100.27974700927734,104.45558166503906
1197,1197,1197,2023-11-06,115.62097930908205,99.13636016845705,103.72978973388672
1198,1198,1198,2023-11-07,114.04012298583984,100.69733428955078,102.68582153320312
1199,1199,1199,2023-11-08,115.41218566894533,101.9401397705078,101.393310546875
1200,1200,1200,2023-11-09,114.69632720947266,112.8768539428711,101.75122833251952
1201,1201,1201,2023-11-10,115.94908142089844,113.79156494140624,101.1546859741211
1202,1202,1202,2023-11-13,115.80989074707033,114.94489288330078,100.27974700927734
1203,1203,1203,2023-11-14,118.24578857421876,115.62097930908205,99.13636016845705
1204,1204,1204,2023-11-15,118.15630340576172,114.04012298583984,100.69733428955078
1205,1205,1205,2023-11-16,118.44464111328124,115.41218566894533,101.9401397705078
1206,1206,1206,2023-11-17,118.82245635986328,114.69632720947266,112.8768539428711
1207,1207,1207,2023-11-20,119.37923431396484,115.94908142089844,113.79156494140624
1208,1208,1208,2023-11-21,118.633544921875,115.80989074707033,114.94489288330078
1209,1209,1209,2023-11-22,119.67750549316406,118.24578857421876,115.62097930908205
1210,1210,1210,2023-11-24,120.33370971679688,118.15630340576172,114.04012298583984
1211,1211,1211,2023-11-27,120.77117919921876,118.44464111328124,115.41218566894533
1212,1212,1212,2023-11-28,120.69163513183594,118.82245635986328,114.69632720947266
1213,1213,1213,2023-11-29,120.30387878417967,119.37923431396484,115.94908142089844
1214,1214,1214,2023-11-30,121.5367431640625,118.633544921875,115.80989074707033
1215,1215,1215,2023-12-01,122.92869567871094,119.67750549316406,118.24578857421876
1216,1216,1216,2023-12-04,123.46559143066406,120.33370971679688,118.15630340576172
1217,1217,1217,2023-12-05,123.46559143066406,120.77117919921876,118.44464111328124
1218,1218,1218,2023-12-06,124.36041259765624,120.69163513183594,118.82245635986328
1219,1219,1219,2023-12-07,123.67437744140624,120.30387878417967,119.37923431396484
1220,1220,1220,2023-12-08,123.87322235107422,121.5367431640625,118.633544921875
1221,1221,1221,2023-12-11,124.4797134399414,122.92869567871094,119.67750549316406
1222,1222,1222,2023-12-12,124.80782318115234,123.46559143066406,120.33370971679688
1223,1223,1223,2023-12-13,126.15999603271484,123.46559143066406,120.77117919921876
1224,1224,1224,2023-12-14,125.5999984741211,124.36041259765624,120.69163513183594
1225,1225,1225,2023-12-15,126.12999725341795,123.67437744140624,120.30387878417967
1226,1226,1226,2023-12-18,126.45999908447266,123.87322235107422,121.5367431640625
1227,1227,1227,2023-12-19,127.04000091552734,124.4797134399414,122.92869567871094
1228,1228,1228,2023-12-20,126.0500030517578,124.80782318115234,123.46559143066406
1229,1229,1229,2023-12-21,127.41999816894533,126.15999603271484,123.46559143066406
1230,1230,1230,2023-12-22,128.05999755859375,125.5999984741211,124.36041259765624
1231,1231,1231,2023-12-26,128.91000366210938,126.12999725341795,123.67437744140624
1232,1232,1232,2023-12-27,128.6699981689453,126.45999908447266,123.87322235107422
1233,1233,1233,2023-12-28,128.75999450683594,127.04000091552734,124.4797134399414
1234,1234,1234,2023-12-29,128.5399932861328,126.0500030517578,124.80782318115234
1235,1235,1235,2024-01-02,126.55999755859376,127.41999816894533,126.15999603271484
1236,1236,1236,2024-01-03,124.1500015258789,128.05999755859375,125.5999984741211
1237,1237,1237,2024-01-04,123.80999755859376,128.91000366210938,126.12999725341795
1238,1238,1238,2024-01-05,122.8499984741211,128.6699981689453,126.45999908447266
1239,1239,1239,2024-01-08,123.0199966430664,128.75999450683594,127.04000091552734
1240,1240,1240,2024-01-09,121.87999725341795,128.5399932861328,126.0500030517578
1241,1241,1241,2024-01-10,123.25,126.55999755859376,127.41999816894533
1242,1242,1242,2024-01-11,123.18000030517578,124.1500015258789,128.05999755859375
1243,1243,1243,2024-01-12,123.8499984741211,123.80999755859376,128.91000366210938
1244,1244,1244,2024-01-16,123.58999633789062,122.8499984741211,128.6699981689453
1245,1245,1245,2024-01-17,123.37000274658205,123.0199966430664,128.75999450683594
1246,1246,1246,2024-01-18,124.27999877929688,121.87999725341795,128.5399932861328
1247,1247,1247,2024-01-19,125.4800033569336,123.25,126.55999755859376
1248,1248,1248,2024-01-22,126.70999908447266,123.18000030517578,124.1500015258789
1249,1249,1249,2024-01-23,127.0500030517578,123.8499984741211,123.80999755859376
1250,1250,1250,2024-01-24,125.11000061035156,123.58999633789062,122.8499984741211
1251,1251,1251,2024-01-25,125.04000091552734,123.37000274658205,123.0199966430664
1252,1252,1252,2024-01-26,124.73999786376952,124.27999877929688,121.87999725341795
1253,1253,1253,2024-01-29,125.19000244140624,125.4800033569336,123.25
1254,1254,1254,2024-01-30,121.86000061035156,126.70999908447266,123.18000030517578
1255,1255,1255,2024-01-31,119.48999786376952,127.0500030517578,123.8499984741211
1256,1256,1256,2024-02-01,121.01000213623048,125.11000061035156,123.58999633789062
1257,1257,1257,2024-02-02,120.41000366210938,125.04000091552734,123.37000274658205
1258,1258,1258,2024-02-05,119.8000030517578,124.73999786376952,124.27999877929688
