,Unnamed: 0.1,Unnamed: 0,Date,KLAC,KLAC_6m,KLAC_12m
0,0,0,2019-02-05,98.6975555419922,,
1,1,1,2019-02-06,99.6588363647461,,
2,2,2,2019-02-07,97.49596405029295,,
3,3,3,2019-02-08,97.60688018798828,,
4,4,4,2019-02-11,97.6253662109375,,
5,5,5,2019-02-12,99.08574676513672,,
6,6,6,2019-02-13,99.71429443359376,98.6975555419922,
7,7,7,2019-02-14,99.7235870361328,99.6588363647461,
8,8,8,2019-02-15,100.70094299316406,97.49596405029295,
9,9,9,2019-02-19,100.7660903930664,97.60688018798828,
10,10,10,2019-02-20,105.05696105957033,97.6253662109375,
11,11,11,2019-02-21,105.16864776611328,99.08574676513672,
12,12,12,2019-02-22,106.56482696533205,99.71429443359376,98.6975555419922
13,13,13,2019-02-25,107.74691009521484,99.7235870361328,99.6588363647461
14,14,14,2019-02-26,108.08199310302734,100.70094299316406,97.49596405029295
15,15,15,2019-02-27,106.9464340209961,100.7660903930664,97.60688018798828
16,16,16,2019-02-28,107.49561309814452,105.05696105957033,97.6253662109375
17,17,17,2019-03-01,107.76551055908205,105.16864776611328,99.08574676513672
18,18,18,2019-03-04,108.63115692138672,106.56482696533205,99.71429443359376
19,19,19,2019-03-05,107.26290893554688,107.74691009521484,99.7235870361328
20,20,20,2019-03-06,106.57412719726562,108.08199310302734,100.70094299316406
21,21,21,2019-03-07,106.69513702392578,106.9464340209961,100.7660903930664
22,22,22,2019-03-08,106.06220245361328,107.49561309814452,105.05696105957033
23,23,23,2019-03-11,108.83592224121094,107.76551055908205,105.16864776611328
24,24,24,2019-03-12,108.59392547607422,108.63115692138672,106.56482696533205
25,25,25,2019-03-13,108.78938293457033,107.26290893554688,107.74691009521484
26,26,26,2019-03-14,109.07791900634766,106.57412719726562,108.08199310302734
27,27,27,2019-03-15,111.33970642089844,106.69513702392578,106.9464340209961
28,28,28,2019-03-18,111.58170318603516,106.06220245361328,107.49561309814452
29,29,29,2019-03-19,111.84233856201172,108.83592224121094,107.76551055908205
30,30,30,2019-03-20,111.62826538085938,108.59392547607422,108.63115692138672
31,31,31,2019-03-21,115.23037719726562,108.78938293457033,107.26290893554688
32,32,32,2019-03-22,112.18671417236328,109.07791900634766,106.57412719726562
33,33,33,2019-03-25,111.13494873046876,111.33970642089844,106.69513702392578
34,34,34,2019-03-26,111.73064422607422,111.58170318603516,106.06220245361328
35,35,35,2019-03-27,109.9249267578125,111.84233856201172,108.83592224121094
36,36,36,2019-03-28,109.33854675292967,111.62826538085938,108.59392547607422
37,37,37,2019-03-29,111.1442642211914,115.23037719726562,108.78938293457033
38,38,38,2019-04-01,113.70391845703124,112.18671417236328,109.07791900634766
39,39,39,2019-04-02,113.50843048095705,111.13494873046876,111.33970642089844
40,40,40,2019-04-03,115.48168182373048,111.73064422607422,111.58170318603516
41,41,41,2019-04-04,115.40721893310548,109.9249267578125,111.84233856201172
42,42,42,2019-04-05,115.73299407958984,109.33854675292967,111.62826538085938
43,43,43,2019-04-08,116.08670806884766,111.1442642211914,115.23037719726562
44,44,44,2019-04-09,113.67596435546876,113.70391845703124,112.18671417236328
45,45,45,2019-04-10,114.80220794677734,113.50843048095705,111.13494873046876
46,46,46,2019-04-11,114.40198516845705,115.48168182373048,111.73064422607422
47,47,47,2019-04-12,114.885986328125,115.40721893310548,109.9249267578125
48,48,48,2019-04-15,113.78768157958984,115.73299407958984,109.33854675292967
49,49,49,2019-04-16,115.74229431152344,116.08670806884766,111.1442642211914
50,50,50,2019-04-17,115.1559066772461,113.67596435546876,113.70391845703124
51,51,51,2019-04-18,115.60267639160156,114.80220794677734,113.50843048095705
52,52,52,2019-04-22,114.5509033203125,114.40198516845705,115.48168182373048
53,53,53,2019-04-23,114.63468170166016,114.885986328125,115.40721893310548
54,54,54,2019-04-24,116.94300842285156,113.78768157958984,115.73299407958984
55,55,55,2019-04-25,116.72891235351562,115.74229431152344,116.08670806884766
56,56,56,2019-04-26,117.0826187133789,115.1559066772461,113.67596435546876
57,57,57,2019-04-29,117.32462310791016,115.60267639160156,114.80220794677734
58,58,58,2019-04-30,118.6556625366211,114.5509033203125,114.40198516845705
59,59,59,2019-05-01,117.24085235595705,114.63468170166016,114.885986328125
60,60,60,2019-05-02,119.29788208007812,116.94300842285156,113.78768157958984
61,61,61,2019-05-03,119.57711029052734,116.72891235351562,115.74229431152344
62,62,62,2019-05-06,115.98430633544922,117.0826187133789,115.1559066772461
63,63,63,2019-05-07,108.86384582519533,117.32462310791016,115.60267639160156
64,64,64,2019-05-08,106.62066650390624,118.6556625366211,114.5509033203125
65,65,65,2019-05-09,106.22974395751952,117.24085235595705,114.63468170166016
66,66,66,2019-05-10,106.12736511230467,119.29788208007812,116.94300842285156
67,67,67,2019-05-13,101.29662322998048,119.57711029052734,116.72891235351562
68,68,68,2019-05-14,102.69309997558594,115.98430633544922,117.0826187133789
69,69,69,2019-05-15,103.42414855957033,108.86384582519533,117.32462310791016
70,70,70,2019-05-16,101.95269775390624,106.62066650390624,118.6556625366211
71,71,71,2019-05-17,101.78397369384766,106.22974395751952,117.24085235595705
72,72,72,2019-05-20,98.9816436767578,106.12736511230467,119.29788208007812
73,73,73,2019-05-21,100.12507629394533,101.29662322998048,119.57711029052734
74,74,74,2019-05-22,99.24407196044922,102.69309997558594,115.98430633544922
75,75,75,2019-05-23,97.96942138671876,103.42414855957033,108.86384582519533
76,76,76,2019-05-24,97.29461669921876,101.95269775390624,106.62066650390624
77,77,77,2019-05-28,96.29177856445312,101.78397369384766,106.22974395751952
78,78,78,2019-05-29,96.9009780883789,98.9816436767578,106.12736511230467
79,79,79,2019-05-30,97.94132995605467,100.12507629394533,101.29662322998048
80,80,80,2019-05-31,96.60105895996094,99.24407196044922,102.69309997558594
81,81,81,2019-06-03,95.39202117919922,97.96942138671876,103.42414855957033
82,82,82,2019-06-04,98.7098388671875,97.29461669921876,101.95269775390624
83,83,83,2019-06-05,99.63771057128906,96.29177856445312,101.78397369384766
84,84,84,2019-06-06,101.09042358398438,96.9009780883789,98.9816436767578
85,85,85,2019-06-07,102.5525131225586,97.94132995605467,100.12507629394533
86,86,86,2019-06-10,106.33895111083984,96.60105895996094,99.24407196044922
87,87,87,2019-06-11,107.06063079833984,95.39202117919922,97.96942138671876
88,88,88,2019-06-12,103.18982696533205,98.7098388671875,97.29461669921876
89,89,89,2019-06-13,103.97711944580078,99.63771057128906,96.29177856445312
90,90,90,2019-06-14,102.81495666503906,101.09042358398438,96.9009780883789
91,91,91,2019-06-17,101.1560287475586,102.5525131225586,97.94132995605467
92,92,92,2019-06-18,104.60507202148438,106.33895111083984,96.60105895996094
93,93,93,2019-06-19,105.21429443359376,107.06063079833984,95.39202117919922
94,94,94,2019-06-20,106.64825439453124,103.18982696533205,98.7098388671875
95,95,95,2019-06-21,106.77944946289062,103.97711944580078,99.63771057128906
96,96,96,2019-06-24,106.11402893066406,102.81495666503906,101.09042358398438
97,97,97,2019-06-25,105.97344207763672,101.1560287475586,102.5525131225586
98,98,98,2019-06-26,109.51618957519533,104.60507202148438,106.33895111083984
99,99,99,2019-06-27,110.350341796875,105.21429443359376,107.06063079833984
100,100,100,2019-06-28,110.78144073486328,106.64825439453124,103.18982696533205
101,101,101,2019-07-01,114.08053588867188,106.77944946289062,103.97711944580078
102,102,102,2019-07-02,112.12171173095705,106.11402893066406,102.81495666503906
103,103,103,2019-07-03,111.58748626708984,105.97344207763672,101.1560287475586
104,104,104,2019-07-05,110.50029754638672,109.51618957519533,104.60507202148438
105,105,105,2019-07-08,109.9848175048828,110.350341796875,105.21429443359376
106,106,106,2019-07-09,110.38780975341795,110.78144073486328,106.64825439453124
107,107,107,2019-07-10,112.10295867919922,114.08053588867188,106.77944946289062
108,108,108,2019-07-11,112.5247039794922,112.12171173095705,106.11402893066406
109,109,109,2019-07-12,115.20523071289062,111.58748626708984,105.97344207763672
110,110,110,2019-07-15,115.78631591796876,110.50029754638672,109.51618957519533
111,111,111,2019-07-16,114.81157684326172,109.9848175048828,110.350341796875
112,112,112,2019-07-17,117.6139144897461,110.38780975341795,110.78144073486328
113,113,113,2019-07-18,125.03682708740234,112.10295867919922,114.08053588867188
114,114,114,2019-07-19,123.67784881591795,112.5247039794922,112.12171173095705
115,115,115,2019-07-22,128.5421142578125,115.20523071289062,111.58748626708984
116,116,116,2019-07-23,131.37255859375,115.78631591796876,110.50029754638672
117,117,117,2019-07-24,133.69691467285156,114.81157684326172,109.9848175048828
118,118,118,2019-07-25,130.9320831298828,117.6139144897461,110.38780975341795
119,119,119,2019-07-26,130.69773864746094,125.03682708740234,112.10295867919922
120,120,120,2019-07-29,130.7539825439453,123.67784881591795,112.5247039794922
121,121,121,2019-07-30,131.2132568359375,128.5421142578125,115.20523071289062
122,122,122,2019-07-31,127.76419067382812,131.37255859375,115.78631591796876
123,123,123,2019-08-01,128.18597412109375,133.69691467285156,114.81157684326172
124,124,124,2019-08-02,124.87751770019533,130.9320831298828,117.6139144897461
125,125,125,2019-08-05,118.52303314208984,130.69773864746094,125.03682708740234
126,126,126,2019-08-06,127.1268539428711,130.7539825439453,123.67784881591795
127,127,127,2019-08-07,125.72103881835938,131.2132568359375,128.5421142578125
128,128,128,2019-08-08,128.71083068847656,127.76419067382812,131.37255859375
129,129,129,2019-08-09,127.54863739013672,128.18597412109375,133.69691467285156
130,130,130,2019-08-12,125.77725982666016,124.87751770019533,130.9320831298828
131,131,131,2019-08-13,126.73323059082033,118.52303314208984,130.69773864746094
132,132,132,2019-08-14,123.5665512084961,127.1268539428711,130.7539825439453
133,133,133,2019-08-15,124.44303894042967,125.72103881835938,131.2132568359375
134,134,134,2019-08-16,128.28831481933594,128.71083068847656,127.76419067382812
135,135,135,2019-08-19,132.2843475341797,127.54863739013672,128.18597412109375
136,136,136,2019-08-20,132.29376220703125,125.77725982666016,124.87751770019533
137,137,137,2019-08-21,133.7357177734375,126.73323059082033,118.52303314208984
138,138,138,2019-08-22,135.30966186523438,123.5665512084961,127.1268539428711
139,139,139,2019-08-23,131.15338134765625,124.44303894042967,125.72103881835938
140,140,140,2019-08-26,133.1608428955078,128.28831481933594,128.71083068847656
141,141,141,2019-08-27,134.22581481933594,132.2843475341797,127.54863739013672
142,142,142,2019-08-28,135.30026245117188,132.29376220703125,125.77725982666016
143,143,143,2019-08-29,137.9485626220703,133.7357177734375,126.73323059082033
144,144,144,2019-08-30,139.3905487060547,135.30966186523438,123.5665512084961
145,145,145,2019-09-03,141.30372619628906,131.15338134765625,124.44303894042967
146,146,146,2019-09-04,141.98231506347656,133.1608428955078,128.28831481933594
147,147,147,2019-09-05,142.3121795654297,134.22581481933594,132.2843475341797
148,148,148,2019-09-06,142.2933349609375,135.30026245117188,132.29376220703125
149,149,149,2019-09-09,141.85037231445312,137.9485626220703,133.7357177734375
150,150,150,2019-09-10,140.191650390625,139.3905487060547,135.30966186523438
151,151,151,2019-09-11,141.98231506347656,141.30372619628906,131.15338134765625
152,152,152,2019-09-12,141.0021514892578,141.98231506347656,133.1608428955078
153,153,153,2019-09-13,141.67129516601562,142.3121795654297,134.22581481933594
154,154,154,2019-09-16,142.49124145507812,142.2933349609375,135.30026245117188
155,155,155,2019-09-17,143.8201141357422,141.85037231445312,137.9485626220703
156,156,156,2019-09-18,148.89056396484375,140.191650390625,139.3905487060547
157,157,157,2019-09-19,148.17433166503906,141.98231506347656,141.30372619628906
158,158,158,2019-09-20,146.55328369140625,141.0021514892578,141.98231506347656
159,159,159,2019-09-23,148.5136260986328,141.67129516601562,142.3121795654297
160,160,160,2019-09-24,147.4957275390625,142.49124145507812,142.2933349609375
161,161,161,2019-09-25,151.3504180908203,143.8201141357422,141.85037231445312
162,162,162,2019-09-26,152.63217163085938,148.89056396484375,140.191650390625
163,163,163,2019-09-27,149.36184692382812,148.17433166503906,141.98231506347656
164,164,164,2019-09-30,150.27598571777344,146.55328369140625,141.0021514892578
165,165,165,2019-10-01,149.18272399902344,148.5136260986328,141.67129516601562
166,166,166,2019-10-02,146.12913513183594,147.4957275390625,142.49124145507812
167,167,167,2019-10-03,147.9292755126953,151.3504180908203,143.8201141357422
168,168,168,2019-10-04,151.84051513671875,152.63217163085938,148.89056396484375
169,169,169,2019-10-07,151.78396606445312,149.36184692382812,148.17433166503906
170,170,170,2019-10-08,145.6296844482422,150.27598571777344,146.55328369140625
171,171,171,2019-10-09,148.41934204101562,149.18272399902344,148.5136260986328
172,172,172,2019-10-10,148.3439483642578,146.12913513183594,147.4957275390625
173,173,173,2019-10-11,151.001708984375,147.9292755126953,151.3504180908203
174,174,174,2019-10-14,149.8519287109375,151.84051513671875,152.63217163085938
175,175,175,2019-10-15,153.2070770263672,151.78396606445312,149.36184692382812
176,176,176,2019-10-16,150.45509338378906,145.6296844482422,150.27598571777344
177,177,177,2019-10-17,152.2174530029297,148.41934204101562,149.18272399902344
178,178,178,2019-10-18,150.502197265625,148.3439483642578,146.12913513183594
179,179,179,2019-10-21,154.56423950195312,151.001708984375,147.9292755126953
180,180,180,2019-10-22,153.45213317871094,149.8519287109375,151.84051513671875
181,181,181,2019-10-23,149.58802795410156,153.2070770263672,151.78396606445312
182,182,182,2019-10-24,159.0315399169922,150.45509338378906,145.6296844482422
183,183,183,2019-10-25,160.1624755859375,152.2174530029297,148.41934204101562
184,184,184,2019-10-28,164.72398376464844,150.502197265625,148.3439483642578
185,185,185,2019-10-29,160.48292541503906,154.56423950195312,151.001708984375
186,186,186,2019-10-30,163.0087127685547,153.45213317871094,149.8519287109375
187,187,187,2019-10-31,159.31427001953125,149.58802795410156,153.2070770263672
188,188,188,2019-11-01,162.49978637695312,159.0315399169922,150.45509338378906
189,189,189,2019-11-04,164.00772094726562,160.1624755859375,152.2174530029297
190,190,190,2019-11-05,162.0850830078125,164.72398376464844,150.502197265625
191,191,191,2019-11-06,162.5940399169922,160.48292541503906,154.56423950195312
192,192,192,2019-11-07,162.05682373046875,163.0087127685547,153.45213317871094
193,193,193,2019-11-08,164.18679809570312,159.31427001953125,149.58802795410156
194,194,194,2019-11-11,164.39413452148438,162.49978637695312,159.0315399169922
195,195,195,2019-11-12,164.3847198486328,164.00772094726562,160.1624755859375
196,196,196,2019-11-13,166.2036895751953,162.0850830078125,164.72398376464844
197,197,197,2019-11-14,166.43930053710938,162.5940399169922,160.48292541503906
198,198,198,2019-11-15,168.43753051757812,162.05682373046875,163.0087127685547
199,199,199,2019-11-18,167.623046875,164.18679809570312,159.31427001953125
200,200,200,2019-11-19,166.66661071777344,164.39413452148438,162.49978637695312
201,201,201,2019-11-20,164.46945190429688,164.3847198486328,164.00772094726562
202,202,202,2019-11-21,153.02943420410156,166.2036895751953,162.0850830078125
203,203,203,2019-11-22,150.09368896484375,166.43930053710938,162.5940399169922
204,204,204,2019-11-25,154.69619750976562,168.43753051757812,162.05682373046875
205,205,205,2019-11-26,153.5408477783203,167.623046875,164.18679809570312
206,206,206,2019-11-27,156.87432861328125,166.66661071777344,164.39413452148438
207,207,207,2019-11-29,155.17919921875,164.46945190429688,164.3847198486328
208,208,208,2019-12-02,152.52749633789062,153.02943420410156,166.2036895751953
209,209,209,2019-12-03,148.09544372558594,150.09368896484375,166.43930053710938
210,210,210,2019-12-04,151.76986694335938,154.69619750976562,168.43753051757812
211,211,211,2019-12-05,152.94422912597656,153.5408477783203,167.623046875
212,212,212,2019-12-06,154.2605438232422,156.87432861328125,166.66661071777344
213,213,213,2019-12-09,152.35707092285156,155.17919921875,164.46945190429688
214,214,214,2019-12-10,153.76809692382812,152.52749633789062,153.02943420410156
215,215,215,2019-12-11,158.26649475097656,148.09544372558594,150.09368896484375
216,216,216,2019-12-12,162.37657165527344,151.76986694335938,154.69619750976562
217,217,217,2019-12-13,162.16819763183594,152.94422912597656,153.5408477783203
218,218,218,2019-12-16,162.94476318359375,154.2605438232422,156.87432861328125
219,219,219,2019-12-17,166.63815307617188,152.35707092285156,155.17919921875
220,220,220,2019-12-18,165.9752197265625,153.76809692382812,152.52749633789062
221,221,221,2019-12-19,166.1646270751953,158.26649475097656,148.09544372558594
222,222,222,2019-12-20,168.06814575195312,162.37657165527344,151.76986694335938
223,223,223,2019-12-23,167.7272186279297,162.16819763183594,152.94422912597656
224,224,224,2019-12-24,168.67425537109375,162.94476318359375,154.2605438232422
225,225,225,2019-12-26,169.28033447265625,166.63815307617188,152.35707092285156
226,226,226,2019-12-27,169.06251525878906,165.9752197265625,153.76809692382812
227,227,227,2019-12-30,168.9204559326172,166.1646270751953,158.26649475097656
228,228,228,2019-12-31,168.73109436035156,168.06814575195312,162.37657165527344
229,229,229,2020-01-02,172.89801025390625,167.7272186279297,162.16819763183594
230,230,230,2020-01-03,169.59286499023438,168.67425537109375,162.94476318359375
231,231,231,2020-01-06,165.77638244628906,169.28033447265625,166.63815307617188
232,232,232,2020-01-07,167.09271240234375,169.06251525878906,165.9752197265625
233,233,233,2020-01-08,167.310546875,168.9204559326172,166.1646270751953
234,234,234,2020-01-09,166.1930694580078,168.73109436035156,168.06814575195312
235,235,235,2020-01-10,163.8444366455078,172.89801025390625,167.7272186279297
236,236,236,2020-01-13,165.82374572753906,169.59286499023438,168.67425537109375
237,237,237,2020-01-14,168.07765197753906,165.77638244628906,169.28033447265625
238,238,238,2020-01-15,168.4943084716797,167.09271240234375,169.06251525878906
239,239,239,2020-01-16,171.32591247558594,167.310546875,168.9204559326172
240,240,240,2020-01-17,169.2613983154297,166.1930694580078,168.73109436035156
241,241,241,2020-01-21,169.33717346191406,163.8444366455078,172.89801025390625
242,242,242,2020-01-22,170.58726501464844,165.82374572753906,169.59286499023438
243,243,243,2020-01-23,172.87901306152344,168.07765197753906,165.77638244628906
244,244,244,2020-01-24,169.8959197998047,168.4943084716797,167.09271240234375
245,245,245,2020-01-27,161.28749084472656,171.32591247558594,167.310546875
246,246,246,2020-01-28,166.60975646972656,169.2613983154297,166.1930694580078
247,247,247,2020-01-29,162.622802734375,169.33717346191406,163.8444366455078
248,248,248,2020-01-30,163.75924682617188,170.58726501464844,165.82374572753906
249,249,249,2020-01-31,156.95960998535156,172.87901306152344,168.07765197753906
250,250,250,2020-02-03,160.92762756347656,169.8959197998047,168.4943084716797
251,251,251,2020-02-04,169.3277130126953,161.28749084472656,171.32591247558594
252,252,252,2020-02-05,162.20608520507812,166.60975646972656,169.2613983154297
253,253,253,2020-02-06,162.64173889160156,162.622802734375,169.33717346191406
254,254,254,2020-02-07,156.35348510742188,163.75924682617188,170.58726501464844
255,255,255,2020-02-10,159.97113037109375,156.95960998535156,172.87901306152344
256,256,256,2020-02-11,163.87281799316406,160.92762756347656,169.8959197998047
257,257,257,2020-02-12,166.6476287841797,169.3277130126953,161.28749084472656
258,258,258,2020-02-13,169.251953125,162.20608520507812,166.60975646972656
259,259,259,2020-02-14,166.94117736816406,162.64173889160156,162.622802734375
260,260,260,2020-02-18,160.26467895507812,156.35348510742188,163.75924682617188
261,261,261,2020-02-19,163.8159942626953,159.97113037109375,156.95960998535156
262,262,262,2020-02-20,159.21932983398438,163.87281799316406,160.92762756347656
263,263,263,2020-02-21,153.3378143310547,166.6476287841797,169.3277130126953
264,264,264,2020-02-24,146.3047637939453,169.251953125,162.20608520507812
265,265,265,2020-02-25,140.29002380371094,166.94117736816406,162.64173889160156
266,266,266,2020-02-26,140.15679931640625,160.26467895507812,156.35348510742188
267,267,267,2020-02-27,140.84201049804688,163.8159942626953,159.97113037109375
268,268,268,2020-02-28,146.28573608398438,159.21932983398438,163.87281799316406
269,269,269,2020-03-02,151.0727996826172,153.3378143310547,166.6476287841797
270,270,270,2020-03-03,146.38087463378906,146.3047637939453,169.251953125
271,271,271,2020-03-04,152.94760131835938,140.29002380371094,166.94117736816406
272,272,272,2020-03-05,149.12179565429688,140.15679931640625,160.26467895507812
273,273,273,2020-03-06,148.1605682373047,140.84201049804688,163.8159942626953
274,274,274,2020-03-09,137.92030334472656,146.28573608398438,159.21932983398438
275,275,275,2020-03-10,147.1042022705078,151.0727996826172,153.3378143310547
276,276,276,2020-03-11,137.92030334472656,146.38087463378906,146.3047637939453
277,277,277,2020-03-12,119.30503845214844,152.94760131835938,140.29002380371094
278,278,278,2020-03-13,138.34852600097656,149.12179565429688,140.15679931640625
279,279,279,2020-03-16,123.24507904052734,148.1605682373047,140.84201049804688
280,280,280,2020-03-17,142.4027862548828,137.92030334472656,146.28573608398438
281,281,281,2020-03-18,125.6433563232422,147.1042022705078,151.0727996826172
282,282,282,2020-03-19,121.20845794677734,137.92030334472656,146.38087463378906
283,283,283,2020-03-20,108.51276397705078,119.30503845214844,152.94760131835938
284,284,284,2020-03-23,110.73974609375,138.34852600097656,149.12179565429688
285,285,285,2020-03-24,129.7737274169922,123.24507904052734,148.1605682373047
286,286,286,2020-03-25,130.83010864257812,142.4027862548828,137.92030334472656
287,287,287,2020-03-26,142.5264892578125,125.6433563232422,147.1042022705078
288,288,288,2020-03-27,135.36972045898438,121.20845794677734,137.92030334472656
289,289,289,2020-03-30,142.29812622070312,108.51276397705078,119.30503845214844
290,290,290,2020-03-31,136.7972869873047,110.73974609375,138.34852600097656
291,291,291,2020-04-01,125.25318145751952,129.7737274169922,123.24507904052734
292,292,292,2020-04-02,126.04306030273438,130.83010864257812,142.4027862548828
293,293,293,2020-04-03,121.76042938232422,142.5264892578125,125.6433563232422
294,294,294,2020-04-06,141.32737731933594,135.36972045898438,121.20845794677734
295,295,295,2020-04-07,140.15679931640625,142.29812622070312,108.51276397705078
296,296,296,2020-04-08,145.0104522705078,136.7972869873047,110.73974609375
297,297,297,2020-04-09,142.86912536621094,125.25318145751952,129.7737274169922
298,298,298,2020-04-13,144.74398803710938,126.04306030273438,130.83010864257812
299,299,299,2020-04-14,153.91835021972656,121.76042938232422,142.5264892578125
300,300,300,2020-04-15,145.81939697265625,141.32737731933594,135.36972045898438
301,301,301,2020-04-16,149.083740234375,140.15679931640625,142.29812622070312
302,302,302,2020-04-17,153.42347717285156,145.0104522705078,136.7972869873047
303,303,303,2020-04-20,148.75064086914062,142.86912536621094,125.25318145751952
304,304,304,2020-04-21,141.41302490234375,144.74398803710938,126.04306030273438
305,305,305,2020-04-22,151.01568603515625,153.91835021972656,121.76042938232422
306,306,306,2020-04-23,151.7484893798828,145.81939697265625,141.32737731933594
307,307,307,2020-04-24,156.9542999267578,149.083740234375,140.15679931640625
308,308,308,2020-04-27,158.0391845703125,153.42347717285156,145.0104522705078
309,309,309,2020-04-28,158.2390899658203,148.75064086914062,142.86912536621094
310,310,310,2020-04-29,167.39442443847656,141.41302490234375,144.74398803710938
311,311,311,2020-04-30,156.16433715820312,151.01568603515625,153.91835021972656
312,312,312,2020-05-01,143.01187133789062,151.7484893798828,145.81939697265625
313,313,313,2020-05-04,144.6583251953125,156.9542999267578,149.083740234375
314,314,314,2020-05-05,148.11300659179688,158.0391845703125,153.42347717285156
315,315,315,2020-05-06,155.8978729248047,158.2390899658203,148.75064086914062
316,316,316,2020-05-07,155.92645263671875,167.39442443847656,141.41302490234375
317,317,317,2020-05-08,163.21644592285156,156.16433715820312,151.01568603515625
318,318,318,2020-05-11,160.6278533935547,143.01187133789062,151.7484893798828
319,319,319,2020-05-12,157.57289123535156,144.6583251953125,156.9542999267578
320,320,320,2020-05-13,156.14532470703125,148.11300659179688,158.0391845703125
321,321,321,2020-05-14,168.212890625,155.8978729248047,158.2390899658203
322,322,322,2020-05-15,160.113037109375,155.92645263671875,167.39442443847656
323,323,323,2020-05-18,164.77978515625,163.21644592285156,156.16433715820312
324,324,324,2020-05-19,164.98060607910156,160.6278533935547,143.01187133789062
325,325,325,2020-05-20,170.1445770263672,157.57289123535156,144.6583251953125
326,326,326,2020-05-21,164.89450073242188,156.14532470703125,148.11300659179688
327,327,327,2020-05-22,165.43960571289062,168.212890625,155.8978729248047
328,328,328,2020-05-26,168.9205322265625,160.113037109375,155.92645263671875
329,329,329,2020-05-27,169.00660705566406,164.77978515625,163.21644592285156
330,330,330,2020-05-28,166.979248046875,164.98060607910156,160.6278533935547
331,331,331,2020-05-29,168.270263671875,170.1445770263672,157.57289123535156
332,332,332,2020-06-01,168.270263671875,164.89450073242188,156.14532470703125
333,333,333,2020-06-02,169.54214477539062,165.43960571289062,168.212890625
334,334,334,2020-06-03,177.91932678222656,168.9205322265625,160.113037109375
335,335,335,2020-06-04,178.14883422851562,169.00660705566406,164.77978515625
336,336,336,2020-06-05,184.0683135986328,166.979248046875,164.98060607910156
337,337,337,2020-06-08,183.48497009277344,168.270263671875,170.1445770263672
338,338,338,2020-06-09,182.68167114257807,168.270263671875,164.89450073242188
339,339,339,2020-06-10,184.3456420898437,169.54214477539062,165.43960571289062
340,340,340,2020-06-11,172.68833923339844,177.91932678222656,168.9205322265625
341,341,341,2020-06-12,176.6187744140625,178.14883422851562,169.00660705566406
342,342,342,2020-06-15,179.5449981689453,184.0683135986328,166.979248046875
343,343,343,2020-06-16,184.55604553222656,183.48497009277344,168.270263671875
344,344,344,2020-06-17,185.4166717529297,182.68167114257807,168.270263671875
345,345,345,2020-06-18,185.27330017089844,184.3456420898437,169.54214477539062
346,346,346,2020-06-19,184.6612548828125,172.68833923339844,177.91932678222656
347,347,347,2020-06-22,183.4753875732422,176.6187744140625,178.14883422851562
348,348,348,2020-06-23,184.76638793945312,179.5449981689453,184.0683135986328
349,349,349,2020-06-24,180.37698364257807,184.55604553222656,183.48497009277344
350,350,350,2020-06-25,183.9440155029297,185.4166717529297,182.68167114257807
351,351,351,2020-06-26,181.2855224609375,185.27330017089844,184.3456420898437
352,352,352,2020-06-29,183.35107421875,184.6612548828125,172.68833923339844
353,353,353,2020-06-30,185.9809112548828,183.4753875732422,176.6187744140625
354,354,354,2020-07-01,184.70904541015625,184.76638793945312,179.5449981689453
355,355,355,2020-07-02,187.92214965820312,180.37698364257807,184.55604553222656
356,356,356,2020-07-06,194.6928100585937,183.9440155029297,185.4166717529297
357,357,357,2020-07-07,193.8321075439453,181.2855224609375,185.27330017089844
358,358,358,2020-07-08,195.57257080078125,183.35107421875,184.6612548828125
359,359,359,2020-07-09,194.6928100585937,185.9809112548828,183.4753875732422
360,360,360,2020-07-10,193.4208984375,184.70904541015625,184.76638793945312
361,361,361,2020-07-13,190.8484649658203,187.92214965820312,180.37698364257807
362,362,362,2020-07-14,192.14903259277344,194.6928100585937,183.9440155029297
363,363,363,2020-07-15,187.47271728515625,193.8321075439453,181.2855224609375
364,364,364,2020-07-16,187.47271728515625,195.57257080078125,183.35107421875
365,365,365,2020-07-17,188.5820159912109,194.6928100585937,185.9809112548828
366,366,366,2020-07-20,194.1380920410156,193.4208984375,184.70904541015625
367,367,367,2020-07-21,194.61627197265625,190.8484649658203,187.92214965820312
368,368,368,2020-07-22,196.9400787353516,192.14903259277344,194.6928100585937
369,369,369,2020-07-23,195.00836181640625,187.47271728515625,193.8321075439453
370,370,370,2020-07-24,179.9849395751953,187.47271728515625,195.57257080078125
371,371,371,2020-07-27,188.457763671875,188.5820159912109,194.6928100585937
372,372,372,2020-07-28,184.05874633789065,194.1380920410156,193.4208984375
373,373,373,2020-07-29,186.6024932861328,194.61627197265625,190.8484649658203
374,374,374,2020-07-30,189.2514038085937,196.9400787353516,192.14903259277344
375,375,375,2020-07-31,191.0970916748047,195.00836181640625,187.47271728515625
376,376,376,2020-08-03,198.57537841796875,179.9849395751953,187.47271728515625
377,377,377,2020-08-04,195.945556640625,188.457763671875,188.5820159912109
378,378,378,2020-08-05,195.07530212402344,184.05874633789065,194.1380920410156
379,379,379,2020-08-06,194.6928100585937,186.6024932861328,194.61627197265625
380,380,380,2020-08-07,193.98513793945312,189.2514038085937,196.9400787353516
381,381,381,2020-08-10,194.21466064453125,191.0970916748047,195.00836181640625
382,382,382,2020-08-11,191.77603149414065,198.57537841796875,179.9849395751953
383,383,383,2020-08-12,198.9100799560547,195.945556640625,188.457763671875
384,384,384,2020-08-13,200.784408569336,195.07530212402344,184.05874633789065
385,385,385,2020-08-14,203.1374053955078,194.6928100585937,186.6024932861328
386,386,386,2020-08-17,208.05474853515625,193.98513793945312,189.2514038085937
387,387,387,2020-08-18,203.37754821777344,194.21466064453125,191.0970916748047
388,388,388,2020-08-19,202.205810546875,191.77603149414065,198.57537841796875
389,389,389,2020-08-20,198.66189575195312,198.9100799560547,195.945556640625
390,390,390,2020-08-21,195.8958740234375,200.784408569336,195.07530212402344
391,391,391,2020-08-24,200.1121368408203,203.1374053955078,194.6928100585937
392,392,392,2020-08-25,201.95611572265625,208.05474853515625,193.98513793945312
393,393,393,2020-08-26,203.82891845703125,203.37754821777344,194.21466064453125
394,394,394,2020-08-27,196.3568878173828,202.205810546875,191.77603149414065
395,395,395,2020-08-28,200.3522186279297,198.66189575195312,198.9100799560547
396,396,396,2020-08-31,197.0196075439453,195.8958740234375,200.784408569336
397,397,397,2020-09-01,199.7183532714844,200.1121368408203,203.1374053955078
398,398,398,2020-09-02,207.0078887939453,201.95611572265625,208.05474853515625
399,399,399,2020-09-03,193.43722534179688,203.82891845703125,203.37754821777344
400,400,400,2020-09-04,185.7154998779297,196.3568878173828,202.205810546875
401,401,401,2020-09-08,167.56362915039062,200.3522186279297,198.66189575195312
402,402,402,2020-09-09,167.55404663085938,197.0196075439453,195.8958740234375
403,403,403,2020-09-10,166.27670288085938,199.7183532714844,200.1121368408203
404,404,404,2020-09-11,165.13381958007812,207.0078887939453,201.95611572265625
405,405,405,2020-09-14,171.03076171875,193.43722534179688,203.82891845703125
406,406,406,2020-09-15,173.60464477539062,185.7154998779297,196.3568878173828
407,407,407,2020-09-16,173.6526641845703,167.56362915039062,200.3522186279297
408,408,408,2020-09-17,173.34535217285156,167.55404663085938,197.0196075439453
409,409,409,2020-09-18,171.8759307861328,166.27670288085938,199.7183532714844
410,410,410,2020-09-21,173.9311981201172,165.13381958007812,207.0078887939453
411,411,411,2020-09-22,176.04412841796875,171.03076171875,193.43722534179688
412,412,412,2020-09-23,173.63345336914062,173.60464477539062,185.7154998779297
413,413,413,2020-09-24,177.23501586914062,173.6526641845703,167.56362915039062
414,414,414,2020-09-25,180.4716033935547,173.34535217285156,167.55404663085938
415,415,415,2020-09-28,185.60025024414065,171.8759307861328,166.27670288085938
416,416,416,2020-09-29,185.67710876464844,173.9311981201172,165.13381958007812
417,417,417,2020-09-30,186.07086181640625,176.04412841796875,171.03076171875
418,418,418,2020-10-01,191.1033935546875,173.63345336914062,173.60464477539062
419,419,419,2020-10-02,184.361328125,177.23501586914062,173.6526641845703
420,420,420,2020-10-05,192.03501892089844,180.4716033935547,173.34535217285156
421,421,421,2020-10-06,191.9197540283203,185.60025024414065,171.8759307861328
422,422,422,2020-10-07,194.86822509765625,185.67710876464844,173.9311981201172
423,423,423,2020-10-08,198.5082244873047,186.07086181640625,176.04412841796875
424,424,424,2020-10-09,202.6860198974609,191.1033935546875,173.63345336914062
425,425,425,2020-10-12,206.0570831298828,184.361328125,177.23501586914062
426,426,426,2020-10-13,211.23370361328125,192.03501892089844,180.4716033935547
427,427,427,2020-10-14,207.4496917724609,191.9197540283203,185.60025024414065
428,428,428,2020-10-15,204.65489196777344,194.86822509765625,185.67710876464844
429,429,429,2020-10-16,200.1505279541016,198.5082244873047,186.07086181640625
430,430,430,2020-10-19,198.6234741210937,202.6860198974609,191.1033935546875
431,431,431,2020-10-20,197.5766143798828,206.0570831298828,184.361328125
432,432,432,2020-10-21,198.13368225097656,211.23370361328125,192.03501892089844
433,433,433,2020-10-22,195.2620086669922,207.4496917724609,191.9197540283203
434,434,434,2020-10-23,195.1275329589844,204.65489196777344,194.86822509765625
435,435,435,2020-10-26,191.06500244140625,200.1505279541016,198.5082244873047
436,436,436,2020-10-27,190.72885131835932,198.6234741210937,202.6860198974609
437,437,437,2020-10-28,183.00711059570312,197.5766143798828,206.0570831298828
438,438,438,2020-10-29,193.95584106445312,198.13368225097656,211.23370361328125
439,439,439,2020-10-30,189.37466430664065,195.2620086669922,207.4496917724609
440,440,440,2020-11-02,194.2247467041016,195.1275329589844,204.65489196777344
441,441,441,2020-11-03,202.53237915039065,191.06500244140625,200.1505279541016
442,442,442,2020-11-04,211.8003387451172,190.72885131835932,198.6234741210937
443,443,443,2020-11-05,219.0707244873047,183.00711059570312,197.5766143798828
444,444,444,2020-11-06,222.50897216796875,193.95584106445312,198.13368225097656
445,445,445,2020-11-09,223.1236572265625,189.37466430664065,195.2620086669922
446,446,446,2020-11-10,214.87368774414065,194.2247467041016,195.1275329589844
447,447,447,2020-11-11,224.2665557861328,202.53237915039065,191.06500244140625
448,448,448,2020-11-12,224.0264587402344,211.8003387451172,190.72885131835932
449,449,449,2020-11-13,227.63233947753903,219.0707244873047,183.00711059570312
450,450,450,2020-11-16,233.1085968017578,222.50897216796875,193.95584106445312
451,451,451,2020-11-17,233.1664581298828,223.1236572265625,189.37466430664065
452,452,452,2020-11-18,231.72023010253903,214.87368774414065,194.2247467041016
453,453,453,2020-11-19,235.0079345703125,224.2665557861328,202.53237915039065
454,454,454,2020-11-20,233.8702850341797,224.0264587402344,211.8003387451172
455,455,455,2020-11-23,241.26519775390625,227.63233947753903,219.0707244873047
456,456,456,2020-11-24,241.1976776123047,233.1085968017578,222.50897216796875
457,457,457,2020-11-25,240.02149963378903,233.1664581298828,223.1236572265625
458,458,458,2020-11-27,245.0156707763672,231.72023010253903,214.87368774414065
459,459,459,2020-11-30,242.9331512451172,235.0079345703125,224.2665557861328
460,460,460,2020-12-01,247.45494079589844,233.8702850341797,224.0264587402344
461,461,461,2020-12-02,247.12713623046875,241.26519775390625,227.63233947753903
462,462,462,2020-12-03,248.15879821777344,241.1976776123047,233.1085968017578
463,463,463,2020-12-04,254.24249267578125,240.02149963378903,233.1664581298828
464,464,464,2020-12-07,257.1348876953125,245.0156707763672,231.72023010253903
465,465,465,2020-12-08,257.3663024902344,242.9331512451172,235.0079345703125
466,466,466,2020-12-09,247.2910003662109,247.45494079589844,233.8702850341797
467,467,467,2020-12-10,246.79931640625,247.12713623046875,241.26519775390625
468,468,468,2020-12-11,248.39013671875,248.15879821777344,241.1976776123047
469,469,469,2020-12-14,250.80050659179688,254.24249267578125,240.02149963378903
470,470,470,2020-12-15,251.6489105224609,257.1348876953125,245.0156707763672
471,471,471,2020-12-16,251.2053985595703,257.3663024902344,242.9331512451172
472,472,472,2020-12-17,250.3666534423828,247.2910003662109,247.45494079589844
473,473,473,2020-12-18,252.748046875,246.79931640625,247.12713623046875
474,474,474,2020-12-21,251.41751098632807,248.39013671875,248.15879821777344
475,475,475,2020-12-22,248.3516082763672,250.80050659179688,254.24249267578125
476,476,476,2020-12-23,243.7237091064453,251.6489105224609,257.1348876953125
477,477,477,2020-12-24,249.7881774902344,251.2053985595703,257.3663024902344
478,478,478,2020-12-28,248.3419342041016,250.3666534423828,247.2910003662109
479,479,479,2020-12-29,245.2374420166016,252.748046875,246.79931640625
480,480,480,2020-12-30,250.8197631835937,251.41751098632807,248.39013671875
481,481,481,2020-12-31,249.62423706054688,248.3516082763672,250.80050659179688
482,482,482,2021-01-04,250.9932861328125,243.7237091064453,251.6489105224609
483,483,483,2021-01-05,256.2575378417969,249.7881774902344,251.2053985595703
484,484,484,2021-01-06,255.6982879638672,248.3419342041016,250.3666534423828
485,485,485,2021-01-07,268.2127685546875,245.2374420166016,252.748046875
486,486,486,2021-01-08,273.0237731933594,250.8197631835937,251.41751098632807
487,487,487,2021-01-11,278.7411804199219,249.62423706054688,248.3516082763672
488,488,488,2021-01-12,280.5537109375,250.9932861328125,243.7237091064453
489,489,489,2021-01-13,279.695556640625,256.2575378417969,249.7881774902344
490,490,490,2021-01-14,292.9814147949219,255.6982879638672,248.3419342041016
491,491,491,2021-01-15,293.222412109375,268.2127685546875,245.2374420166016
492,492,492,2021-01-19,302.81561279296875,273.0237731933594,250.8197631835937
493,493,493,2021-01-20,293.415283203125,278.7411804199219,249.62423706054688
494,494,494,2021-01-21,294.2540588378906,280.5537109375,250.9932861328125
495,495,495,2021-01-22,294.0708923339844,279.695556640625,256.2575378417969
496,496,496,2021-01-25,297.8212890625,292.9814147949219,255.6982879638672
497,497,497,2021-01-26,292.6632385253906,293.222412109375,268.2127685546875
498,498,498,2021-01-27,274.23858642578125,302.81561279296875,273.0237731933594
499,499,499,2021-01-28,280.6597595214844,293.415283203125,278.7411804199219
500,500,500,2021-01-29,270.0252990722656,294.2540588378906,280.5537109375
501,501,501,2021-02-01,282.1252136230469,294.0708923339844,279.695556640625
502,502,502,2021-02-02,288.0643005371094,297.8212890625,292.9814147949219
503,503,503,2021-02-03,276.0318603515625,292.6632385253906,293.222412109375
504,504,504,2021-02-04,283.677490234375,274.23858642578125,302.81561279296875
505,505,505,2021-02-05,277.69989013671875,280.6597595214844,293.415283203125
506,506,506,2021-02-08,291.41949462890625,270.0252990722656,294.2540588378906
507,507,507,2021-02-09,287.61114501953125,282.1252136230469,294.0708923339844
508,508,508,2021-02-10,286.936279296875,288.0643005371094,297.8212890625
509,509,509,2021-02-11,312.84259033203125,276.0318603515625,292.6632385253906
510,510,510,2021-02-12,319.9096374511719,283.677490234375,274.23858642578125
511,511,511,2021-02-16,325.08709716796875,277.69989013671875,280.6597595214844
512,512,512,2021-02-17,318.453857421875,291.41949462890625,270.0252990722656
513,513,513,2021-02-18,314.35479736328125,287.61114501953125,282.1252136230469
514,514,514,2021-02-19,319.6817321777344,286.936279296875,288.0643005371094
515,515,515,2021-02-22,305.65380859375,312.84259033203125,276.0318603515625
516,516,516,2021-02-23,308.186767578125,319.9096374511719,283.677490234375
517,517,517,2021-02-24,317.5160827636719,325.08709716796875,277.69989013671875
518,518,518,2021-02-25,294.6617431640625,318.453857421875,291.41949462890625
519,519,519,2021-02-26,300.8876953125,314.35479736328125,287.61114501953125
520,520,520,2021-03-01,315.1571655273437,319.6817321777344,286.936279296875
521,521,521,2021-03-02,299.5245056152344,305.65380859375,312.84259033203125
522,522,522,2021-03-03,293.7142028808594,308.186767578125,319.9096374511719
523,523,523,2021-03-04,278.0621337890625,317.5160827636719,325.08709716796875
524,524,524,2021-03-05,286.0380249023437,294.6617431640625,318.453857421875
525,525,525,2021-03-08,264.9335021972656,300.8876953125,314.35479736328125
526,526,526,2021-03-09,284.32684326171875,315.1571655273437,319.6817321777344
527,527,527,2021-03-10,274.0307922363281,299.5245056152344,305.65380859375
528,528,528,2021-03-11,286.5117492675781,293.7142028808594,308.186767578125
529,529,529,2021-03-12,284.4912414550781,278.0621337890625,317.5160827636719
530,530,530,2021-03-15,289.0253601074219,286.0380249023437,294.6617431640625
531,531,531,2021-03-16,291.916015625,264.9335021972656,300.8876953125
532,532,532,2021-03-17,295.2417297363281,284.32684326171875,315.1571655273437
533,533,533,2021-03-18,279.14501953125,274.0307922363281,299.5245056152344
534,534,534,2021-03-19,283.1474304199219,286.5117492675781,293.7142028808594
535,535,535,2021-03-22,295.21270751953125,284.4912414550781,278.0621337890625
536,536,536,2021-03-23,287.1884460449219,289.0253601074219,286.0380249023437
537,537,537,2021-03-24,287.9909362792969,291.916015625,264.9335021972656
538,538,538,2021-03-25,289.4604797363281,295.2417297363281,284.32684326171875
539,539,539,2021-03-26,309.30816650390625,279.14501953125,274.0307922363281
540,540,540,2021-03-29,303.8652648925781,283.1474304199219,286.5117492675781
541,541,541,2021-03-30,306.5335388183594,295.21270751953125,284.4912414550781
542,542,542,2021-03-31,319.42059326171875,287.1884460449219,289.0253601074219
543,543,543,2021-04-01,335.7494201660156,287.9909362792969,291.916015625
544,544,544,2021-04-05,343.28045654296875,289.4604797363281,295.2417297363281
545,545,545,2021-04-06,335.082275390625,309.30816650390625,279.14501953125
546,546,546,2021-04-07,336.4744567871094,303.8652648925781,283.1474304199219
547,547,547,2021-04-08,342.27508544921875,306.5335388183594,295.21270751953125
548,548,548,2021-04-09,341.1245422363281,319.42059326171875,287.1884460449219
549,549,549,2021-04-12,333.632080078125,335.7494201660156,287.9909362792969
550,550,550,2021-04-13,332.6943664550781,343.28045654296875,289.4604797363281
551,551,551,2021-04-14,325.3179016113281,335.082275390625,309.30816650390625
552,552,552,2021-04-15,327.29010009765625,336.4744567871094,303.8652648925781
553,553,553,2021-04-16,321.9342041015625,342.27508544921875,306.5335388183594
554,554,554,2021-04-19,313.6103210449219,341.1245422363281,319.42059326171875
555,555,555,2021-04-20,308.3221130371094,333.632080078125,335.7494201660156
556,556,556,2021-04-21,320.764404296875,332.6943664550781,343.28045654296875
557,557,557,2021-04-22,314.27740478515625,325.3179016113281,335.082275390625
558,558,558,2021-04-23,321.0351257324219,327.29010009765625,336.4744567871094
559,559,559,2021-04-26,324.6508483886719,321.9342041015625,342.27508544921875
560,560,560,2021-04-27,319.507568359375,313.6103210449219,341.1245422363281
561,561,561,2021-04-28,314.0453491210937,308.3221130371094,333.632080078125
562,562,562,2021-04-29,315.5148620605469,320.764404296875,332.6943664550781
563,563,563,2021-04-30,304.8708190917969,314.27740478515625,325.3179016113281
564,564,564,2021-05-03,300.8876953125,321.0351257324219,327.29010009765625
565,565,565,2021-05-04,297.7069396972656,324.6508483886719,321.9342041015625
566,566,566,2021-05-05,301.5547180175781,319.507568359375,313.6103210449219
567,567,567,2021-05-06,305.392822265625,314.0453491210937,308.3221130371094
568,568,568,2021-05-07,309.076171875,315.5148620605469,320.764404296875
569,569,569,2021-05-10,289.93414306640625,304.8708190917969,314.27740478515625
570,570,570,2021-05-11,290.301513671875,300.8876953125,321.0351257324219
571,571,571,2021-05-12,277.21142578125,297.7069396972656,324.6508483886719
572,572,572,2021-05-13,286.8984680175781,301.5547180175781,319.507568359375
573,573,573,2021-05-14,296.4888916015625,305.392822265625,314.0453491210937
574,574,574,2021-05-17,288.7021179199219,309.076171875,315.5148620605469
575,575,575,2021-05-18,285.0173034667969,289.93414306640625,304.8708190917969
576,576,576,2021-05-19,294.7337646484375,290.301513671875,300.8876953125
577,577,577,2021-05-20,303.8683776855469,277.21142578125,297.7069396972656
578,578,578,2021-05-21,300.7460021972656,286.8984680175781,301.5547180175781
579,579,579,2021-05-24,307.9314880371094,296.4888916015625,305.392822265625
580,580,580,2021-05-25,308.29034423828125,288.7021179199219,309.076171875
581,581,581,2021-05-26,307.7763671875,285.0173034667969,289.93414306640625
582,582,582,2021-05-27,306.9521484375,294.7337646484375,290.301513671875
583,583,583,2021-05-28,307.29150390625,303.8683776855469,277.21142578125
584,584,584,2021-06-01,306.1666259765625,300.7460021972656,286.8984680175781
585,585,585,2021-06-02,306.0308532714844,307.9314880371094,296.4888916015625
586,586,586,2021-06-03,299.4271545410156,308.29034423828125,288.7021179199219
587,587,587,2021-06-04,307.38848876953125,307.7763671875,285.0173034667969
588,588,588,2021-06-07,308.9012145996094,306.9521484375,294.7337646484375
589,589,589,2021-06-08,304.2951354980469,307.29150390625,303.8683776855469
590,590,590,2021-06-09,304.64422607421875,306.1666259765625,300.7460021972656
591,591,591,2021-06-10,309.63818359375,306.0308532714844,307.9314880371094
592,592,592,2021-06-11,310.4139404296875,299.4271545410156,308.29034423828125
593,593,593,2021-06-14,315.35943603515625,307.38848876953125,307.7763671875
594,594,594,2021-06-15,310.87945556640625,308.9012145996094,306.9521484375
595,595,595,2021-06-16,306.3314514160156,304.2951354980469,307.29150390625
596,596,596,2021-06-17,308.77520751953125,304.64422607421875,306.1666259765625
597,597,597,2021-06-18,295.2573547363281,309.63818359375,306.0308532714844
598,598,598,2021-06-21,299.4561767578125,310.4139404296875,299.4271545410156
599,599,599,2021-06-22,299.2720031738281,315.35943603515625,307.38848876953125
600,600,600,2021-06-23,301.4441223144531,310.87945556640625,308.9012145996094
601,601,601,2021-06-24,306.3218078613281,306.3314514160156,304.2951354980469
602,602,602,2021-06-25,306.6806030273437,308.77520751953125,304.64422607421875
603,603,603,2021-06-28,312.4988098144531,295.2573547363281,309.63818359375
604,604,604,2021-06-29,315.34979248046875,299.4561767578125,310.4139404296875
605,605,605,2021-06-30,314.38970947265625,299.2720031738281,315.35943603515625
606,606,606,2021-07-01,302.2974853515625,301.4441223144531,310.87945556640625
607,607,607,2021-07-02,302.3750305175781,306.3218078613281,306.3314514160156
608,608,608,2021-07-06,301.82232666015625,306.6806030273437,308.77520751953125
609,609,609,2021-07-07,297.7592468261719,312.4988098144531,295.2573547363281
610,610,610,2021-07-08,293.9095153808594,315.34979248046875,299.4561767578125
611,611,611,2021-07-09,299.40777587890625,314.38970947265625,299.2720031738281
612,612,612,2021-07-12,304.5084228515625,302.2974853515625,301.4441223144531
613,613,613,2021-07-13,302.1714172363281,302.3750305175781,306.3218078613281
614,614,614,2021-07-14,299.7568664550781,301.82232666015625,306.6806030273437
615,615,615,2021-07-15,294.5494689941406,297.7592468261719,312.4988098144531
616,616,616,2021-07-16,284.33837890625,293.9095153808594,315.34979248046875
617,617,617,2021-07-19,285.414794921875,299.40777587890625,314.38970947265625
618,618,618,2021-07-20,293.5992126464844,304.5084228515625,302.2974853515625
619,619,619,2021-07-21,307.2818298339844,302.1714172363281,302.3750305175781
620,620,620,2021-07-22,304.83807373046875,299.7568664550781,301.82232666015625
621,621,621,2021-07-23,311.0443115234375,294.5494689941406,297.7592468261719
622,622,622,2021-07-26,308.9787292480469,284.33837890625,293.9095153808594
623,623,623,2021-07-27,299.6404724121094,285.414794921875,299.40777587890625
624,624,624,2021-07-28,306.011474609375,293.5992126464844,304.5084228515625
625,625,625,2021-07-29,309.7545471191406,307.2818298339844,302.1714172363281
626,626,626,2021-07-30,337.6142883300781,304.83807373046875,299.7568664550781
627,627,627,2021-08-02,335.4324645996094,311.0443115234375,294.5494689941406
628,628,628,2021-08-03,336.3828125,308.9787292480469,284.33837890625
629,629,629,2021-08-04,343.08349609375,299.6404724121094,285.414794921875
630,630,630,2021-08-05,342.9961853027344,306.011474609375,293.5992126464844
631,631,631,2021-08-06,342.64715576171875,309.7545471191406,307.2818298339844
632,632,632,2021-08-09,340.8725280761719,337.6142883300781,304.83807373046875
633,633,633,2021-08-10,331.64093017578125,335.4324645996094,311.0443115234375
634,634,634,2021-08-11,332.2809143066406,336.3828125,308.9787292480469
635,635,635,2021-08-12,318.5595703125,343.08349609375,299.6404724121094
636,636,636,2021-08-13,318.96807861328125,342.9961853027344,306.011474609375
637,637,637,2021-08-16,320.2425231933594,342.64715576171875,309.7545471191406
638,638,638,2021-08-17,313.6856994628906,340.8725280761719,337.6142883300781
639,639,639,2021-08-18,308.9188537597656,331.64093017578125,335.4324645996094
640,640,640,2021-08-19,313.58843994140625,332.2809143066406,336.3828125
641,641,641,2021-08-20,311.2730712890625,318.5595703125,343.08349609375
642,642,642,2021-08-23,319.6101379394531,318.96807861328125,342.9961853027344
643,643,643,2021-08-24,319.0848693847656,320.2425231933594,342.64715576171875
644,644,644,2021-08-25,324.9412536621094,313.6856994628906,340.8725280761719
645,645,645,2021-08-26,324.6785583496094,308.9188537597656,331.64093017578125
646,646,646,2021-08-27,333.6090393066406,313.58843994140625,332.2809143066406
647,647,647,2021-08-30,332.8113098144531,311.2730712890625,318.5595703125
648,648,648,2021-08-31,330.7197570800781,319.6101379394531,318.96807861328125
649,649,649,2021-09-01,326.3323669433594,319.0848693847656,320.2425231933594
650,650,650,2021-09-02,328.5309143066406,324.9412536621094,313.6856994628906
651,651,651,2021-09-03,332.4610900878906,324.6785583496094,308.9188537597656
652,652,652,2021-09-07,332.5195007324219,333.6090393066406,313.58843994140625
653,653,653,2021-09-08,327.5970458984375,332.8113098144531,311.2730712890625
654,654,654,2021-09-09,338.37579345703125,330.7197570800781,319.6101379394531
655,655,655,2021-09-10,341.0413818359375,326.3323669433594,319.0848693847656
656,656,656,2021-09-13,345.9346618652344,328.5309143066406,324.9412536621094
657,657,657,2021-09-14,346.70318603515625,332.4610900878906,324.6785583496094
658,658,658,2021-09-15,357.3555603027344,332.5195007324219,333.6090393066406
659,659,659,2021-09-16,361.9083862304688,327.5970458984375,332.8113098144531
660,660,660,2021-09-17,359.7584533691406,338.37579345703125,330.7197570800781
661,661,661,2021-09-20,345.52606201171875,341.0413818359375,326.3323669433594
662,662,662,2021-09-21,346.8880310058594,345.9346618652344,328.5309143066406
663,663,663,2021-09-22,355.5753479003906,346.70318603515625,332.4610900878906
664,664,664,2021-09-23,360.8966369628906,357.3555603027344,332.5195007324219
665,665,665,2021-09-24,359.4860534667969,361.9083862304688,327.5970458984375
666,666,666,2021-09-27,355.83795166015625,359.7584533691406,338.37579345703125
667,667,667,2021-09-28,337.5976257324219,345.52606201171875,341.0413818359375
668,668,668,2021-09-29,326.1864013671875,346.8880310058594,345.9346618652344
669,669,669,2021-09-30,325.4179077148437,355.5753479003906,346.70318603515625
670,670,670,2021-10-01,325.9140319824219,360.8966369628906,357.3555603027344
671,671,671,2021-10-04,320.1257629394531,359.4860534667969,361.9083862304688
672,672,672,2021-10-05,322.2270812988281,355.83795166015625,359.7584533691406
673,673,673,2021-10-06,320.1549377441406,337.5976257324219,345.52606201171875
674,674,674,2021-10-07,321.12774658203125,326.1864013671875,346.8880310058594
675,675,675,2021-10-08,317.1878356933594,325.4179077148437,355.5753479003906
676,676,676,2021-10-11,316.3609619140625,325.9140319824219,360.8966369628906
677,677,677,2021-10-12,310.8644714355469,320.1257629394531,359.4860534667969
678,678,678,2021-10-13,311.7011108398437,322.2270812988281,355.83795166015625
679,679,679,2021-10-14,320.8164367675781,320.1549377441406,337.5976257324219
680,680,680,2021-10-15,320.1549377441406,321.12774658203125,326.1864013671875
681,681,681,2021-10-18,317.8882141113281,317.1878356933594,325.4179077148437
682,682,682,2021-10-19,323.1123352050781,316.3609619140625,325.9140319824219
683,683,683,2021-10-20,322.0325012207031,310.8644714355469,320.1257629394531
684,684,684,2021-10-21,326.3907165527344,311.7011108398437,322.2270812988281
685,685,685,2021-10-22,333.7063293457031,320.8164367675781,320.1549377441406
686,686,686,2021-10-25,333.9009094238281,320.1549377441406,321.12774658203125
687,687,687,2021-10-26,332.67510986328125,317.8882141113281,317.1878356933594
688,688,688,2021-10-27,331.3132019042969,323.1123352050781,316.3609619140625
689,689,689,2021-10-28,345.6817321777344,322.0325012207031,310.8644714355469
690,690,690,2021-10-29,362.6282958984375,326.3907165527344,311.7011108398437
691,691,691,2021-11-01,369.9244079589844,333.7063293457031,320.8164367675781
692,692,692,2021-11-02,378.18359375,333.9009094238281,320.1549377441406
693,693,693,2021-11-03,382.9699096679688,332.67510986328125,317.8882141113281
694,694,694,2021-11-04,397.9610900878906,331.3132019042969,323.1123352050781
695,695,695,2021-11-05,405.4031677246094,345.6817321777344,322.0325012207031
696,696,696,2021-11-08,401.6188354492188,362.6282958984375,326.3907165527344
697,697,697,2021-11-09,405.7727661132813,369.9244079589844,333.7063293457031
698,698,698,2021-11-10,393.359619140625,378.18359375,333.9009094238281
699,699,699,2021-11-11,401.57025146484375,382.9699096679688,332.67510986328125
700,700,700,2021-11-12,403.0721740722656,397.9610900878906,331.3132019042969
701,701,701,2021-11-15,402.8576354980469,405.4031677246094,345.6817321777344
702,702,702,2021-11-16,412.7472229003906,401.6188354492188,362.6282958984375
703,703,703,2021-11-17,409.47015380859375,405.7727661132813,369.9244079589844
704,704,704,2021-11-18,412.7861328125,393.359619140625,378.18359375
705,705,705,2021-11-19,411.9473876953125,401.57025146484375,382.9699096679688
706,706,706,2021-11-22,397.8250732421875,403.0721740722656,397.9610900878906
707,707,707,2021-11-23,401.8043212890625,402.8576354980469,405.4031677246094
708,708,708,2021-11-24,403.0916442871094,412.7472229003906,401.6188354492188
709,709,709,2021-11-26,389.1058349609375,409.47015380859375,405.7727661132813
710,710,710,2021-11-29,403.6183471679688,412.7861328125,393.359619140625
711,711,711,2021-11-30,398.0494079589844,411.9473876953125,401.57025146484375
712,712,712,2021-12-01,401.9993591308594,397.8250732421875,403.0721740722656
713,713,713,2021-12-02,392.5876770019531,401.8043212890625,402.8576354980469
714,714,714,2021-12-03,390.7834167480469,403.0916442871094,412.7472229003906
715,715,715,2021-12-06,389.6618347167969,389.1058349609375,409.47015380859375
716,716,716,2021-12-07,408.7971496582031,403.6183471679688,412.7861328125
717,717,717,2021-12-08,410.8745727539063,398.0494079589844,411.9473876953125
718,718,718,2021-12-09,399.2587585449219,401.9993591308594,397.8250732421875
719,719,719,2021-12-10,400.5461730957031,392.5876770019531,401.8043212890625
720,720,720,2021-12-13,389.8763732910156,390.7834167480469,403.0916442871094
721,721,721,2021-12-14,389.5935363769531,389.6618347167969,389.1058349609375
722,722,722,2021-12-15,399.785400390625,408.7971496582031,403.6183471679688
723,723,723,2021-12-16,387.4966735839844,410.8745727539063,398.0494079589844
724,724,724,2021-12-17,381.8788757324219,399.2587585449219,401.9993591308594
725,725,725,2021-12-20,375.9783325195313,400.5461730957031,392.5876770019531
726,726,726,2021-12-21,399.28802490234375,389.8763732910156,390.7834167480469
727,727,727,2021-12-22,403.00390625,389.5935363769531,389.6618347167969
728,728,728,2021-12-23,410.3674011230469,399.785400390625,408.7971496582031
729,729,729,2021-12-27,429.2980651855469,387.4966735839844,410.8745727539063
730,730,730,2021-12-28,421.4761352539063,381.8788757324219,399.2587585449219
731,731,731,2021-12-29,424.333740234375,375.9783325195313,400.5461730957031
732,732,732,2021-12-30,416.5313415527344,399.28802490234375,389.8763732910156
733,733,733,2021-12-31,419.4865112304688,403.00390625,389.5935363769531
734,734,734,2022-01-03,424.343505859375,410.3674011230469,399.785400390625
735,735,735,2022-01-04,420.5885314941406,429.2980651855469,387.4966735839844
736,736,736,2022-01-05,410.3479614257813,421.4761352539063,381.8788757324219
737,737,737,2022-01-06,421.54443359375,424.333740234375,375.9783325195313
738,738,738,2022-01-07,406.612548828125,416.5313415527344,399.28802490234375
739,739,739,2022-01-10,408.3876037597656,419.4865112304688,403.00390625
740,740,740,2022-01-11,415.09765625,424.343505859375,410.3674011230469
741,741,741,2022-01-12,423.1438903808594,420.5885314941406,429.2980651855469
742,742,742,2022-01-13,411.0697021484375,410.3479614257813,421.4761352539063
743,743,743,2022-01-14,434.00872802734375,421.54443359375,424.333740234375
744,744,744,2022-01-18,402.7796325683594,406.612548828125,416.5313415527344
745,745,745,2022-01-19,383.4783630371094,408.3876037597656,419.4865112304688
746,746,746,2022-01-20,373.8131408691406,415.09765625,424.343505859375
747,747,747,2022-01-21,363.81634521484375,423.1438903808594,420.5885314941406
748,748,748,2022-01-24,381.4400329589844,411.0697021484375,410.3479614257813
749,749,749,2022-01-25,360.9684448242188,434.00872802734375,421.54443359375
750,750,750,2022-01-26,371.1993408203125,402.7796325683594,406.612548828125
751,751,751,2022-01-27,352.8637390136719,383.4783630371094,408.3876037597656
752,752,752,2022-01-28,357.5939636230469,373.8131408691406,415.09765625
753,753,753,2022-01-31,379.6551818847656,363.81634521484375,423.1438903808594
754,754,754,2022-02-01,378.4458312988281,381.4400329589844,411.0697021484375
755,755,755,2022-02-02,385.69232177734375,360.9684448242188,434.00872802734375
756,756,756,2022-02-03,364.4502868652344,371.1993408203125,402.7796325683594
757,757,757,2022-02-04,368.0589294433594,352.8637390136719,383.4783630371094
758,758,758,2022-02-07,366.3228759765625,357.5939636230469,373.8131408691406
759,759,759,2022-02-08,375.7052917480469,379.6551818847656,363.81634521484375
760,760,760,2022-02-09,390.24700927734375,378.4458312988281,381.4400329589844
761,761,761,2022-02-10,380.0843505859375,385.69232177734375,360.9684448242188
762,762,762,2022-02-11,361.08306884765625,364.4502868652344,371.1993408203125
763,763,763,2022-02-14,357.1029052734375,368.0589294433594,352.8637390136719
764,764,764,2022-02-15,378.949951171875,366.3228759765625,357.5939636230469
765,765,765,2022-02-16,377.1407470703125,375.7052917480469,379.6551818847656
766,766,766,2022-02-17,357.97320556640625,390.24700927734375,378.4458312988281
767,767,767,2022-02-18,350.3942565917969,380.0843505859375,385.69232177734375
768,768,768,2022-02-22,347.89068603515625,361.08306884765625,364.4502868652344
769,769,769,2022-02-23,336.1946105957031,357.1029052734375,368.0589294433594
770,770,770,2022-02-24,349.9932556152344,378.949951171875,366.3228759765625
771,771,771,2022-02-25,349.758544921875,377.1407470703125,375.7052917480469
772,772,772,2022-02-28,340.8104858398437,357.97320556640625,390.24700927734375
773,773,773,2022-03-01,329.3588256835937,350.3942565917969,380.0843505859375
774,774,774,2022-03-02,338.4341125488281,347.89068603515625,361.08306884765625
775,775,775,2022-03-03,334.9721984863281,336.1946105957031,357.1029052734375
776,776,776,2022-03-04,324.7723388671875,349.9932556152344,378.949951171875
777,777,777,2022-03-07,307.2086181640625,349.758544921875,377.1407470703125
778,778,778,2022-03-08,314.7191772460937,340.8104858398437,357.97320556640625
779,779,779,2022-03-09,332.0677490234375,329.3588256835937,350.3942565917969
780,780,780,2022-03-10,321.535400390625,338.4341125488281,347.89068603515625
781,781,781,2022-03-11,316.1371765136719,334.9721984863281,336.1946105957031
782,782,782,2022-03-14,312.9393310546875,324.7723388671875,349.9932556152344
783,783,783,2022-03-15,325.8676147460937,307.2086181640625,349.758544921875
784,784,784,2022-03-16,343.1770935058594,314.7191772460937,340.8104858398437
785,785,785,2022-03-17,344.82977294921875,332.0677490234375,329.3588256835937
786,786,786,2022-03-18,356.9952697753906,321.535400390625,338.4341125488281
787,787,787,2022-03-21,348.4187927246094,316.1371765136719,334.9721984863281
788,788,788,2022-03-22,353.06402587890625,312.9393310546875,324.7723388671875
789,789,789,2022-03-23,341.03546142578125,325.8676147460937,307.2086181640625
790,790,790,2022-03-24,357.8168029785156,343.1770935058594,314.7191772460937
791,791,791,2022-03-25,358.3546142578125,344.82977294921875,332.0677490234375
792,792,792,2022-03-28,367.0680236816406,356.9952697753906,321.535400390625
793,793,793,2022-03-29,375.8499145507813,348.4187927246094,316.1371765136719
794,794,794,2022-03-30,365.5718383789063,353.06402587890625,312.9393310546875
795,795,795,2022-03-31,357.9830017089844,341.03546142578125,325.8676147460937
796,796,796,2022-04-01,352.3207702636719,357.8168029785156,343.1770935058594
797,797,797,2022-04-04,358.951171875,358.3546142578125,344.82977294921875
798,798,798,2022-04-05,337.89617919921875,367.0680236816406,356.9952697753906
799,799,799,2022-04-06,336.6542663574219,375.8499145507813,348.4187927246094
800,800,800,2022-04-07,345.28936767578125,365.5718383789063,353.06402587890625
801,801,801,2022-04-08,333.68133544921875,357.9830017089844,341.03546142578125
802,802,802,2022-04-11,324.15625,352.3207702636719,357.8168029785156
803,803,803,2022-04-12,322.9631652832031,358.951171875,358.3546142578125
804,804,804,2022-04-13,329.09478759765625,337.89617919921875,367.0680236816406
805,805,805,2022-04-14,314.3866577148437,336.6542663574219,375.8499145507813
806,806,806,2022-04-18,320.6356506347656,345.28936767578125,365.5718383789063
807,807,807,2022-04-19,330.3661193847656,333.68133544921875,357.9830017089844
808,808,808,2022-04-20,337.96466064453125,324.15625,352.3207702636719
809,809,809,2022-04-21,328.57647705078125,322.9631652832031,358.951171875
810,810,810,2022-04-22,317.1249084472656,329.09478759765625,337.89617919921875
811,811,811,2022-04-25,323.9019470214844,314.3866577148437,336.6542663574219
812,812,812,2022-04-26,307.81494140625,320.6356506347656,345.28936767578125
813,813,813,2022-04-27,307.8345031738281,330.3661193847656,333.68133544921875
814,814,814,2022-04-28,325.4178161621094,337.96466064453125,324.15625
815,815,815,2022-04-29,312.2156066894531,328.57647705078125,322.9631652832031
816,816,816,2022-05-02,319.432861328125,317.1249084472656,329.09478759765625
817,817,817,2022-05-03,326.63043212890625,323.9019470214844,314.3866577148437
818,818,818,2022-05-04,341.67108154296875,307.81494140625,320.6356506347656
819,819,819,2022-05-05,326.0436096191406,307.8345031738281,330.3661193847656
820,820,820,2022-05-06,324.03887939453125,325.4178161621094,337.96466064453125
821,821,821,2022-05-09,311.834228515625,312.2156066894531,328.57647705078125
822,822,822,2022-05-10,316.0882873535156,319.432861328125,317.1249084472656
823,823,823,2022-05-11,304.75396728515625,326.63043212890625,323.9019470214844
824,824,824,2022-05-12,308.63641357421875,341.67108154296875,307.81494140625
825,825,825,2022-05-13,330.0952453613281,326.0436096191406,307.8345031738281
826,826,826,2022-05-16,324.3257751464844,324.03887939453125,325.4178161621094
827,827,827,2022-05-17,344.9015808105469,311.834228515625,312.2156066894531
828,828,828,2022-05-18,327.5735778808594,316.0882873535156,319.432861328125
829,829,829,2022-05-19,332.15576171875,304.75396728515625,326.63043212890625
830,830,830,2022-05-20,329.17291259765625,308.63641357421875,341.67108154296875
831,831,831,2022-05-23,334.7657165527344,330.0952453613281,326.0436096191406
832,832,832,2022-05-24,323.8842163085937,324.3257751464844,324.03887939453125
833,833,833,2022-05-25,331.6259155273437,344.9015808105469,311.834228515625
834,834,834,2022-05-26,346.6382751464844,327.5735778808594,316.0882873535156
835,835,835,2022-05-27,364.2900390625,332.15576171875,304.75396728515625
836,836,836,2022-05-31,357.99078369140625,329.17291259765625,308.63641357421875
837,837,837,2022-06-01,350.27850341796875,334.7657165527344,330.0952453613281
838,838,838,2022-06-02,364.7806396484375,323.8842163085937,324.3257751464844
839,839,839,2022-06-03,355.6260986328125,331.6259155273437,344.9015808105469
840,840,840,2022-06-06,355.6554870605469,346.6382751464844,327.5735778808594
841,841,841,2022-06-07,360.3162231445313,364.2900390625,332.15576171875
842,842,842,2022-06-08,354.6841125488281,357.99078369140625,329.17291259765625
843,843,843,2022-06-09,343.0077819824219,350.27850341796875,334.7657165527344
844,844,844,2022-06-10,327.3871459960937,364.7806396484375,323.8842163085937
845,845,845,2022-06-13,307.97900390625,355.6260986328125,331.6259155273437
846,846,846,2022-06-14,310.52032470703125,355.6554870605469,346.6382751464844
847,847,847,2022-06-15,317.70269775390625,360.3162231445313,364.2900390625
848,848,848,2022-06-16,304.5643920898437,354.6841125488281,357.99078369140625
849,849,849,2022-06-17,306.065673828125,343.0077819824219,350.27850341796875
850,850,850,2022-06-21,321.0682373046875,327.3871459960937,364.7806396484375
851,851,851,2022-06-22,318.3404846191406,307.97900390625,355.6260986328125
852,852,852,2022-06-23,314.6315612792969,310.52032470703125,355.6554870605469
853,853,853,2022-06-24,333.1173095703125,317.70269775390625,360.3162231445313
854,854,854,2022-06-27,332.2244873046875,304.5643920898437,354.6841125488281
855,855,855,2022-06-28,323.8842163085937,306.065673828125,343.0077819824219
856,856,856,2022-06-29,314.5432434082031,321.0682373046875,327.3871459960937
857,857,857,2022-06-30,313.08123779296875,318.3404846191406,307.97900390625
858,858,858,2022-07-01,290.6902770996094,314.6315612792969,310.52032470703125
859,859,859,2022-07-05,290.00341796875,333.1173095703125,317.70269775390625
860,860,860,2022-07-06,287.4915771484375,332.2244873046875,304.5643920898437
861,861,861,2022-07-07,308.2635498046875,323.8842163085937,306.065673828125
862,862,862,2022-07-08,310.88336181640625,314.5432434082031,321.0682373046875
863,863,863,2022-07-11,307.2823486328125,313.08123779296875,318.3404846191406
864,864,864,2022-07-12,307.8808898925781,290.6902770996094,314.6315612792969
865,865,865,2022-07-13,307.2333068847656,290.00341796875,333.1173095703125
866,866,866,2022-07-14,313.09100341796875,287.4915771484375,332.2244873046875
867,867,867,2022-07-15,320.0968017578125,308.2635498046875,323.8842163085937
868,868,868,2022-07-18,323.2955017089844,310.88336181640625,314.5432434082031
869,869,869,2022-07-19,339.0830383300781,307.2823486328125,313.08123779296875
870,870,870,2022-07-20,349.7486877441406,307.8808898925781,290.6902770996094
871,871,871,2022-07-21,353.76177978515625,307.2333068847656,290.00341796875
872,872,872,2022-07-22,347.3643493652344,313.09100341796875,287.4915771484375
873,873,873,2022-07-25,344.0086669921875,320.0968017578125,308.2635498046875
874,874,874,2022-07-26,339.4068603515625,323.2955017089844,310.88336181640625
875,875,875,2022-07-27,354.3504943847656,339.0830383300781,307.2823486328125
876,876,876,2022-07-28,363.0243225097656,349.7486877441406,307.8808898925781
877,877,877,2022-07-29,376.3294067382813,353.76177978515625,307.2333068847656
878,878,878,2022-08-01,378.389892578125,347.3643493652344,313.09100341796875
879,879,879,2022-08-02,375.495361328125,344.0086669921875,320.0968017578125
880,880,880,2022-08-03,388.4864501953125,339.4068603515625,323.2955017089844
881,881,881,2022-08-04,389.9288024902344,354.3504943847656,339.0830383300781
882,882,882,2022-08-05,388.3000183105469,363.0243225097656,349.7486877441406
883,883,883,2022-08-08,380.3915710449219,376.3294067382813,353.76177978515625
884,884,884,2022-08-09,351.5835266113281,378.389892578125,347.3643493652344
885,885,885,2022-08-10,367.4691467285156,375.495361328125,344.0086669921875
886,886,886,2022-08-11,365.74224853515625,388.4864501953125,339.4068603515625
887,887,887,2022-08-12,375.3424377441406,389.9288024902344,354.3504943847656
888,888,888,2022-08-15,378.41448974609375,388.3000183105469,363.0243225097656
889,889,889,2022-08-16,374.879638671875,380.3915710449219,376.3294067382813
890,890,890,2022-08-17,369.3262939453125,351.5835266113281,378.389892578125
891,891,891,2022-08-18,376.14984130859375,367.4691467285156,375.495361328125
892,892,892,2022-08-19,366.0967102050781,365.74224853515625,388.4864501953125
893,893,893,2022-08-22,354.2712097167969,375.3424377441406,389.9288024902344
894,894,894,2022-08-23,356.8805236816406,378.41448974609375,388.3000183105469
895,895,895,2022-08-24,357.09716796875,374.879638671875,380.3915710449219
896,896,896,2022-08-25,370.9312744140625,369.3262939453125,351.5835266113281
897,897,897,2022-08-26,353.6607666015625,376.14984130859375,367.4691467285156
898,898,898,2022-08-29,347.9499206542969,366.0967102050781,365.74224853515625
899,899,899,2022-08-30,341.8058166503906,354.2712097167969,375.3424377441406
900,900,900,2022-08-31,338.8420715332031,356.8805236816406,378.41448974609375
901,901,901,2022-09-01,331.92987060546875,357.09716796875,374.879638671875
902,902,902,2022-09-02,330.0985107421875,370.9312744140625,369.3262939453125
903,903,903,2022-09-06,325.5002746582031,353.6607666015625,376.14984130859375
904,904,904,2022-09-07,332.6290283203125,347.9499206542969,366.0967102050781
905,905,905,2022-09-08,345.695068359375,341.8058166503906,354.2712097167969
906,906,906,2022-09-09,353.1586303710937,338.8420715332031,356.8805236816406
907,907,907,2022-09-12,351.97705078125,331.92987060546875,357.09716796875
908,908,908,2022-09-13,335.4450378417969,330.0985107421875,370.9312744140625
909,909,909,2022-09-14,341.283935546875,325.5002746582031,353.6607666015625
910,910,910,2022-09-15,332.1760559082031,332.6290283203125,347.9499206542969
911,911,911,2022-09-16,330.37420654296875,345.695068359375,341.8058166503906
912,912,912,2022-09-19,329.2123718261719,353.1586303710937,338.8420715332031
913,913,913,2022-09-20,324.8306579589844,351.97705078125,331.92987060546875
914,914,914,2022-09-21,317.8988952636719,335.4450378417969,330.0985107421875
915,915,915,2022-09-22,308.2593078613281,341.283935546875,325.5002746582031
916,916,916,2022-09-23,302.87335205078125,332.1760559082031,332.6290283203125
917,917,917,2022-09-26,298.9053039550781,330.37420654296875,345.695068359375
918,918,918,2022-09-27,303.6413879394531,329.2123718261719,353.1586303710937
919,919,919,2022-09-28,310.8390197753906,324.8306579589844,351.97705078125
920,920,920,2022-09-29,305.935546875,317.8988952636719,335.4450378417969
921,921,921,2022-09-30,297.9797668457031,308.2593078613281,341.283935546875
922,922,922,2022-10-03,311.6661071777344,302.87335205078125,332.1760559082031
923,923,923,2022-10-04,322.2608337402344,298.9053039550781,330.37420654296875
924,924,924,2022-10-05,323.9937744140625,303.6413879394531,329.2123718261719
925,925,925,2022-10-06,322.4577331542969,310.8390197753906,324.8306579589844
926,926,926,2022-10-07,309.3325500488281,305.935546875,317.8988952636719
927,927,927,2022-10-10,294.74029541015625,297.9797668457031,308.2593078613281
928,928,928,2022-10-11,276.6033630371094,311.6661071777344,302.87335205078125
929,929,929,2022-10-12,270.5872497558594,322.2608337402344,298.9053039550781
930,930,930,2022-10-13,274.2598876953125,323.9937744140625,303.6413879394531
931,931,931,2022-10-14,259.64794921875,322.4577331542969,310.8390197753906
932,932,932,2022-10-17,259.17529296875,309.3325500488281,305.935546875
933,933,933,2022-10-18,264.6302185058594,294.74029541015625,297.9797668457031
934,934,934,2022-10-19,267.781005859375,276.6033630371094,311.6661071777344
935,935,935,2022-10-20,272.75341796875,270.5872497558594,322.2608337402344
936,936,936,2022-10-21,286.1641540527344,274.2598876953125,323.9937744140625
937,937,937,2022-10-24,290.8510131835937,259.64794921875,322.4577331542969
938,938,938,2022-10-25,300.1853332519531,259.17529296875,309.3325500488281
939,939,939,2022-10-26,301.6918029785156,264.6302185058594,294.74029541015625
940,940,940,2022-10-27,304.1632385253906,267.781005859375,276.6033630371094
941,941,941,2022-10-28,316.55975341796875,272.75341796875,270.5872497558594
942,942,942,2022-10-31,311.5873718261719,286.1641540527344,274.2598876953125
943,943,943,2022-11-01,316.2446594238281,290.8510131835937,259.64794921875
944,944,944,2022-11-02,307.61932373046875,300.1853332519531,259.17529296875
945,945,945,2022-11-03,309.6082458496094,301.6918029785156,264.6302185058594
946,946,946,2022-11-04,322.98944091796875,304.1632385253906,267.781005859375
947,947,947,2022-11-07,331.989013671875,316.55975341796875,272.75341796875
948,948,948,2022-11-08,336.8727722167969,311.5873718261719,286.1641540527344
949,949,949,2022-11-09,332.3336181640625,316.2446594238281,290.8510131835937
950,950,950,2022-11-10,362.5914306640625,307.61932373046875,300.1853332519531
951,951,951,2022-11-11,374.3676452636719,309.6082458496094,301.6918029785156
952,952,952,2022-11-14,373.379638671875,322.98944091796875,304.1632385253906
953,953,953,2022-11-15,380.9280395507813,331.989013671875,316.55975341796875
954,954,954,2022-11-16,365.9794006347656,336.8727722167969,311.5873718261719
955,955,955,2022-11-17,371.4826049804688,332.3336181640625,316.2446594238281
956,956,956,2022-11-18,371.8284301757813,362.5914306640625,307.61932373046875
957,957,957,2022-11-21,367.6491088867188,374.3676452636719,309.6082458496094
958,958,958,2022-11-22,377.5984191894531,373.379638671875,322.98944091796875
959,959,959,2022-11-23,381.0070495605469,380.9280395507813,331.989013671875
960,960,960,2022-11-25,375.4643249511719,365.9794006347656,336.8727722167969
961,961,961,2022-11-28,370.435302734375,371.4826049804688,332.3336181640625
962,962,962,2022-11-29,369.8424987792969,371.8284301757813,362.5914306640625
963,963,963,2022-11-30,388.4369201660156,367.6491088867188,374.3676452636719
964,964,964,2022-12-01,386.04595947265625,377.5984191894531,373.379638671875
965,965,965,2022-12-02,384.8899230957031,381.0070495605469,380.9280395507813
966,966,966,2022-12-05,383.9118347167969,375.4643249511719,365.9794006347656
967,967,967,2022-12-06,378.6456909179688,370.435302734375,371.4826049804688
968,968,968,2022-12-07,383.43756103515625,369.8424987792969,371.8284301757813
969,969,969,2022-12-08,391.1737060546875,388.4369201660156,367.6491088867188
970,970,970,2022-12-09,388.6938171386719,386.04595947265625,377.5984191894531
971,971,971,2022-12-12,396.1038818359375,384.8899230957031,381.0070495605469
972,972,972,2022-12-13,404.1265869140625,383.9118347167969,375.4643249511719
973,973,973,2022-12-14,401.3403015136719,378.6456909179688,370.435302734375
974,974,974,2022-12-15,380.13763427734375,383.43756103515625,369.8424987792969
975,975,975,2022-12-16,380.9181518554688,391.1737060546875,388.4369201660156
976,976,976,2022-12-19,379.0606994628906,388.6938171386719,386.04595947265625
977,977,977,2022-12-20,381.28369140625,396.1038818359375,384.8899230957031
978,978,978,2022-12-21,392.02337646484375,404.1265869140625,383.9118347167969
979,979,979,2022-12-22,369.3683166503906,401.3403015136719,378.6456909179688
980,980,980,2022-12-23,372.8659057617188,380.13763427734375,383.43756103515625
981,981,981,2022-12-27,366.6512451171875,380.9181518554688,391.1737060546875
982,982,982,2022-12-28,363.3512878417969,379.0606994628906,388.6938171386719
983,983,983,2022-12-29,375.3062133789063,381.28369140625,396.1038818359375
984,984,984,2022-12-30,372.5101318359375,392.02337646484375,404.1265869140625
985,985,985,2023-01-03,372.0359191894531,369.3683166503906,401.3403015136719
986,986,986,2023-01-04,375.67181396484375,372.8659057617188,380.13763427734375
987,987,987,2023-01-05,368.9928588867188,366.6512451171875,380.9181518554688
988,988,988,2023-01-06,392.8236999511719,363.3512878417969,379.0606994628906
989,989,989,2023-01-09,403.4349365234375,375.3062133789063,381.28369140625
990,990,990,2023-01-10,411.27972412109375,372.5101318359375,392.02337646484375
991,991,991,2023-01-11,414.1251831054688,372.0359191894531,369.3683166503906
992,992,992,2023-01-12,414.0462036132813,375.67181396484375,372.8659057617188
993,993,993,2023-01-13,415.0045776367188,368.9928588867188,366.6512451171875
994,994,994,2023-01-17,410.9635925292969,392.8236999511719,363.3512878417969
995,995,995,2023-01-18,410.0842590332031,403.4349365234375,375.3062133789063
996,996,996,2023-01-19,397.2796325683594,411.27972412109375,372.5101318359375
997,997,997,2023-01-20,408.8887634277344,414.1251831054688,372.0359191894531
998,998,998,2023-01-23,420.4781494140625,414.0462036132813,375.67181396484375
999,999,999,2023-01-24,418.06744384765625,415.0045776367188,368.9928588867188
1000,1000,1000,2023-01-25,417.5536193847656,410.9635925292969,392.8236999511719
1001,1001,1001,2023-01-26,423.62005615234375,410.0842590332031,403.4349365234375
1002,1002,1002,2023-01-27,394.5823669433594,397.2796325683594,411.27972412109375
1003,1003,1003,2023-01-30,383.032470703125,408.8887634277344,414.1251831054688
1004,1004,1004,2023-01-31,387.7749328613281,420.4781494140625,414.0462036132813
1005,1005,1005,2023-02-01,404.857666015625,418.06744384765625,415.0045776367188
1006,1006,1006,2023-02-02,409.2938537597656,417.5536193847656,410.9635925292969
1007,1007,1007,2023-02-03,403.3756408691406,423.62005615234375,410.0842590332031
1008,1008,1008,2023-02-06,400.727783203125,394.5823669433594,397.2796325683594
1009,1009,1009,2023-02-07,411.8330383300781,383.032470703125,408.8887634277344
1010,1010,1010,2023-02-08,399.6903991699219,387.7749328613281,420.4781494140625
1011,1011,1011,2023-02-09,398.8999328613281,404.857666015625,418.06744384765625
1012,1012,1012,2023-02-10,392.1994323730469,409.2938537597656,417.5536193847656
1013,1013,1013,2023-02-13,399.1576843261719,403.3756408691406,423.62005615234375
1014,1014,1014,2023-02-14,398.7909240722656,400.727783203125,394.5823669433594
1015,1015,1015,2023-02-15,400.9022216796875,411.8330383300781,383.032470703125
1016,1016,1016,2023-02-16,389.37451171875,399.6903991699219,387.7749328613281
1017,1017,1017,2023-02-17,384.5077209472656,398.8999328613281,404.857666015625
1018,1018,1018,2023-02-21,375.0119323730469,392.1994323730469,409.2938537597656
1019,1019,1019,2023-02-22,374.4271240234375,399.1576843261719,403.3756408691406
1020,1020,1020,2023-02-23,384.9537353515625,398.7909240722656,400.727783203125
1021,1021,1021,2023-02-24,376.5086975097656,400.9022216796875,411.8330383300781
1022,1022,1022,2023-02-27,375.75537109375,389.37451171875,399.6903991699219
1023,1023,1023,2023-02-28,376.0428161621094,384.5077209472656,398.8999328613281
1024,1024,1024,2023-03-01,375.0119323730469,375.0119323730469,392.1994323730469
1025,1025,1025,2023-03-02,374.9822387695313,374.4271240234375,399.1576843261719
1026,1026,1026,2023-03-03,378.17388916015625,384.9537353515625,398.7909240722656
1027,1027,1027,2023-03-06,376.3302612304688,376.5086975097656,400.9022216796875
1028,1028,1028,2023-03-07,372.0978393554688,375.75537109375,389.37451171875
1029,1029,1029,2023-03-08,384.002197265625,376.0428161621094,384.5077209472656
1030,1030,1030,2023-03-09,375.1408081054688,375.0119323730469,375.0119323730469
1031,1031,1031,2023-03-10,364.2772521972656,374.9822387695313,374.4271240234375
1032,1032,1032,2023-03-13,361.6108703613281,378.17388916015625,384.9537353515625
1033,1033,1033,2023-03-14,375.68597412109375,376.3302612304688,376.5086975097656
1034,1034,1034,2023-03-15,367.0525817871094,372.0978393554688,375.75537109375
1035,1035,1035,2023-03-16,386.4702758789063,384.002197265625,376.0428161621094
1036,1036,1036,2023-03-17,384.3392028808594,375.1408081054688,375.0119323730469
1037,1037,1037,2023-03-20,386.5099487304688,364.2772521972656,374.9822387695313
1038,1038,1038,2023-03-21,381.6728515625,361.6108703613281,378.17388916015625
1039,1039,1039,2023-03-22,378.5009765625,375.68597412109375,376.3302612304688
1040,1040,1040,2023-03-23,385.3898620605469,367.0525817871094,372.0978393554688
1041,1041,1041,2023-03-24,371.7707214355469,386.4702758789063,384.002197265625
1042,1042,1042,2023-03-27,370.7299499511719,384.3392028808594,375.1408081054688
1043,1043,1043,2023-03-28,367.7464294433594,386.5099487304688,364.2772521972656
1044,1044,1044,2023-03-29,381.7620544433594,381.6728515625,361.6108703613281
1045,1045,1045,2023-03-30,392.5463562011719,378.5009765625,375.68597412109375
1046,1046,1046,2023-03-31,395.6587524414063,385.3898620605469,367.0525817871094
1047,1047,1047,2023-04-03,395.4803161621094,371.7707214355469,386.4702758789063
1048,1048,1048,2023-04-04,389.3943481445313,370.7299499511719,384.3392028808594
1049,1049,1049,2023-04-05,378.253173828125,367.7464294433594,386.5099487304688
1050,1050,1050,2023-04-06,371.3643493652344,381.7620544433594,381.6728515625
1051,1051,1051,2023-04-10,379.3039245605469,392.5463562011719,378.5009765625
1052,1052,1052,2023-04-11,374.5857543945313,395.6587524414063,385.3898620605469
1053,1053,1053,2023-04-12,366.8841247558594,395.4803161621094,371.7707214355469
1054,1054,1054,2023-04-13,371.0967102050781,389.3943481445313,370.7299499511719
1055,1055,1055,2023-04-14,371.7409973144531,378.253173828125,367.7464294433594
1056,1056,1056,2023-04-17,368.8367309570313,371.3643493652344,381.7620544433594
1057,1057,1057,2023-04-18,367.9446716308594,379.3039245605469,392.5463562011719
1058,1058,1058,2023-04-19,358.08221435546875,374.5857543945313,395.6587524414063
1059,1059,1059,2023-04-20,372.4051208496094,366.8841247558594,395.4803161621094
1060,1060,1060,2023-04-21,368.697998046875,371.0967102050781,389.3943481445313
1061,1061,1061,2023-04-24,369.044921875,371.7409973144531,378.253173828125
1062,1062,1062,2023-04-25,354.6030578613281,368.8367309570313,371.3643493652344
1063,1063,1063,2023-04-26,354.21649169921875,367.9446716308594,379.3039245605469
1064,1064,1064,2023-04-27,381.2565307617188,358.08221435546875,374.5857543945313
1065,1065,1065,2023-04-28,383.1398620605469,372.4051208496094,366.8841247558594
1066,1066,1066,2023-05-01,381.0483703613281,368.697998046875,371.0967102050781
1067,1067,1067,2023-05-02,375.1210021972656,369.044921875,371.7409973144531
1068,1068,1068,2023-05-03,374.8434448242188,354.6030578613281,368.8367309570313
1069,1069,1069,2023-05-04,369.9469299316406,354.21649169921875,367.9446716308594
1070,1070,1070,2023-05-05,382.267578125,381.2565307617188,358.08221435546875
1071,1071,1071,2023-05-08,380.1463623046875,383.1398620605469,372.4051208496094
1072,1072,1072,2023-05-09,372.4447326660156,381.0483703613281,368.697998046875
1073,1073,1073,2023-05-10,382.9812622070313,375.1210021972656,369.044921875
1074,1074,1074,2023-05-11,383.1398620605469,374.8434448242188,354.6030578613281
1075,1075,1075,2023-05-12,384.86041259765625,369.9469299316406,354.21649169921875
1076,1076,1076,2023-05-15,401.8970336914063,382.267578125,381.2565307617188
1077,1077,1077,2023-05-16,406.5813293457031,380.1463623046875,383.1398620605469
1078,1078,1078,2023-05-17,414.5576171875,372.4447326660156,381.0483703613281
1079,1079,1079,2023-05-18,426.233642578125,382.9812622070313,375.1210021972656
1080,1080,1080,2023-05-19,421.3305358886719,383.1398620605469,374.8434448242188
1081,1081,1081,2023-05-22,418.5159301757813,384.86041259765625,369.9469299316406
1082,1082,1082,2023-05-23,412.4293212890625,401.8970336914063,382.267578125
1083,1083,1083,2023-05-24,406.67083740234375,406.5813293457031,380.1463623046875
1084,1084,1084,2023-05-25,431.8826599121094,414.5576171875,372.4447326660156
1085,1085,1085,2023-05-26,458.67578125,426.233642578125,382.9812622070313
1086,1086,1086,2023-05-30,456.2292175292969,421.3305358886719,383.1398620605469
1087,1087,1087,2023-05-31,440.5750122070313,418.5159301757813,384.86041259765625
1088,1088,1088,2023-06-01,450.06298828125,412.4293212890625,401.8970336914063
1089,1089,1089,2023-06-02,455.5628662109375,406.67083740234375,406.5813293457031
1090,1090,1090,2023-06-05,455.5529174804688,431.8826599121094,414.5576171875
1091,1091,1091,2023-06-06,458.48681640625,458.67578125,426.233642578125
1092,1092,1092,2023-06-07,461.2317810058594,456.2292175292969,421.3305358886719
1093,1093,1093,2023-06-08,471.2767333984375,440.5750122070313,418.5159301757813
1094,1094,1094,2023-06-09,463.1114807128906,450.06298828125,412.4293212890625
1095,1095,1095,2023-06-12,472.838134765625,455.5628662109375,406.67083740234375
1096,1096,1096,2023-06-13,477.27386474609375,455.5529174804688,431.8826599121094
1097,1097,1097,2023-06-14,477.9203186035156,458.48681640625,458.67578125
1098,1098,1098,2023-06-15,470.0036926269531,461.2317810058594,456.2292175292969
1099,1099,1099,2023-06-16,462.3556213378906,471.2767333984375,440.5750122070313
1100,1100,1100,2023-06-20,461.91802978515625,463.1114807128906,450.06298828125
1101,1101,1101,2023-06-21,453.9417419433594,472.838134765625,455.5628662109375
1102,1102,1102,2023-06-22,464.83203125,477.27386474609375,455.5529174804688
1103,1103,1103,2023-06-23,454.4588928222656,477.9203186035156,458.48681640625
1104,1104,1104,2023-06-26,456.0502014160156,470.0036926269531,461.2317810058594
1105,1105,1105,2023-06-27,474.3299560546875,462.3556213378906,471.2767333984375
1106,1106,1106,2023-06-28,471.8435974121094,461.91802978515625,463.1114807128906
1107,1107,1107,2023-06-29,474.62835693359375,453.9417419433594,472.838134765625
1108,1108,1108,2023-06-30,482.3758850097656,464.83203125,477.27386474609375
1109,1109,1109,2023-07-03,482.177001953125,454.4588928222656,477.9203186035156
1110,1110,1110,2023-07-05,465.3591613769531,456.0502014160156,470.0036926269531
1111,1111,1111,2023-07-06,459.0238952636719,474.3299560546875,462.3556213378906
1112,1112,1112,2023-07-07,453.3450012207031,471.8435974121094,461.91802978515625
1113,1113,1113,2023-07-10,465.1105346679688,474.62835693359375,453.9417419433594
1114,1114,1114,2023-07-11,456.9751281738281,482.3758850097656,464.83203125
1115,1115,1115,2023-07-12,463.5292053222656,482.177001953125,454.4588928222656
1116,1116,1116,2023-07-13,473.2260437011719,465.3591613769531,456.0502014160156
1117,1117,1117,2023-07-14,472.20166015625,459.0238952636719,474.3299560546875
1118,1118,1118,2023-07-17,487.7066650390625,453.3450012207031,471.8435974121094
1119,1119,1119,2023-07-18,481.4211120605469,465.1105346679688,474.62835693359375
1120,1120,1120,2023-07-19,468.0245666503906,456.9751281738281,482.3758850097656
1121,1121,1121,2023-07-20,447.6462707519531,463.5292053222656,482.177001953125
1122,1122,1122,2023-07-21,456.0601501464844,473.2260437011719,465.3591613769531
1123,1123,1123,2023-07-24,458.4669494628906,472.20166015625,459.0238952636719
1124,1124,1124,2023-07-25,463.5689697265625,487.7066650390625,453.3450012207031
1125,1125,1125,2023-07-26,455.3540344238281,481.4211120605469,465.1105346679688
1126,1126,1126,2023-07-27,479.720458984375,468.0245666503906,456.9751281738281
1127,1127,1127,2023-07-28,508.2242126464844,447.6462707519531,463.5292053222656
1128,1128,1128,2023-07-31,511.1481628417969,456.0601501464844,473.2260437011719
1129,1129,1129,2023-08-01,511.4763793945313,458.4669494628906,472.20166015625
1130,1130,1130,2023-08-02,496.8465576171875,463.5689697265625,487.7066650390625
1131,1131,1131,2023-08-03,499.5915222167969,455.3540344238281,481.4211120605469
1132,1132,1132,2023-08-04,493.7634582519531,479.720458984375,468.0245666503906
1133,1133,1133,2023-08-07,503.6791076660156,508.2242126464844,447.6462707519531
1134,1134,1134,2023-08-08,495.9216613769531,511.1481628417969,456.0601501464844
1135,1135,1135,2023-08-09,491.7644348144531,511.4763793945313,458.4669494628906
1136,1136,1136,2023-08-10,493.5844421386719,496.8465576171875,463.5689697265625
1137,1137,1137,2023-08-11,476.3688354492188,499.5915222167969,455.3540344238281
1138,1138,1138,2023-08-14,489.5425720214844,493.7634582519531,479.720458984375
1139,1139,1139,2023-08-15,482.2027587890625,503.6791076660156,508.2242126464844
1140,1140,1140,2023-08-16,472.6989135742188,495.9216613769531,511.1481628417969
1141,1141,1141,2023-08-17,471.65179443359375,491.7644348144531,511.4763793945313
1142,1142,1142,2023-08-18,476.6480407714844,493.5844421386719,496.8465576171875
1143,1143,1143,2023-08-21,489.363037109375,476.3688354492188,499.5915222167969
1144,1144,1144,2023-08-22,485.3840026855469,489.5425720214844,493.7634582519531
1145,1145,1145,2023-08-23,492.963134765625,482.2027587890625,503.6791076660156
1146,1146,1146,2023-08-24,475.0923156738281,472.6989135742188,495.9216613769531
1147,1147,1147,2023-08-25,480.40771484375,471.65179443359375,491.7644348144531
1148,1148,1148,2023-08-28,485.1546325683594,476.6480407714844,493.5844421386719
1149,1149,1149,2023-08-29,496.5133666992188,489.363037109375,476.3688354492188
1150,1150,1150,2023-08-30,496.9321899414063,485.3840026855469,489.5425720214844
1151,1151,1151,2023-08-31,500.4924011230469,492.963134765625,482.2027587890625
1152,1152,1152,2023-09-01,505.6282653808594,475.0923156738281,472.6989135742188
1153,1153,1153,2023-09-05,511.1430969238281,480.40771484375,471.65179443359375
1154,1154,1154,2023-09-06,512.060546875,485.1546325683594,476.6480407714844
1155,1155,1155,2023-09-07,495.8152770996094,496.5133666992188,489.363037109375
1156,1156,1156,2023-09-08,496.3638000488281,496.9321899414063,485.3840026855469
1157,1157,1157,2023-09-11,492.8035888671875,500.4924011230469,492.963134765625
1158,1158,1158,2023-09-12,484.4665222167969,505.6282653808594,475.0923156738281
1159,1159,1159,2023-09-13,482.2725524902344,511.1430969238281,480.40771484375
1160,1160,1160,2023-09-14,478.5827026367188,512.060546875,485.1546325683594
1161,1161,1161,2023-09-15,452.9732055664063,495.8152770996094,496.5133666992188
1162,1162,1162,2023-09-18,455.2569274902344,496.3638000488281,496.9321899414063
1163,1163,1163,2023-09-19,456.0547180175781,492.8035888671875,500.4924011230469
1164,1164,1164,2023-09-20,450.9388122558594,484.4665222167969,505.6282653808594
1165,1165,1165,2023-09-21,445.6932678222656,482.2725524902344,511.1430969238281
1166,1166,1166,2023-09-22,450.5798034667969,478.5827026367188,512.060546875
1167,1167,1167,2023-09-25,454.1400146484375,452.9732055664063,495.8152770996094
1168,1168,1168,2023-09-26,443.9380798339844,455.2569274902344,496.3638000488281
1169,1169,1169,2023-09-27,444.33697509765625,456.0547180175781,492.8035888671875
1170,1170,1170,2023-09-28,456.8325805664063,450.9388122558594,484.4665222167969
1171,1171,1171,2023-09-29,457.4010314941406,445.6932678222656,482.2725524902344
1172,1172,1172,2023-10-02,459.3656005859375,450.5798034667969,478.5827026367188
1173,1173,1173,2023-10-03,450.5997314453125,454.1400146484375,452.9732055664063
1174,1174,1174,2023-10-04,459.7844543457031,443.9380798339844,455.2569274902344
1175,1175,1175,2023-10-05,459.8143615722656,444.33697509765625,456.0547180175781
1176,1176,1176,2023-10-06,466.7652282714844,456.8325805664063,450.9388122558594
1177,1177,1177,2023-10-09,465.4887390136719,457.4010314941406,445.6932678222656
1178,1178,1178,2023-10-10,472.8385314941406,459.3656005859375,450.5798034667969
1179,1179,1179,2023-10-11,481.3052368164063,450.5997314453125,454.1400146484375
1180,1180,1180,2023-10-12,499.7344970703125,459.7844543457031,443.9380798339844
1181,1181,1181,2023-10-13,485.4737548828125,459.8143615722656,444.33697509765625
1182,1182,1182,2023-10-16,489.8616638183594,466.7652282714844,456.8325805664063
1183,1183,1183,2023-10-17,485.0150146484375,465.4887390136719,457.4010314941406
1184,1184,1184,2023-10-18,478.0840759277344,472.8385314941406,459.3656005859375
1185,1185,1185,2023-10-19,463.7734680175781,481.3052368164063,450.5997314453125
1186,1186,1186,2023-10-20,461.170654296875,499.7344970703125,459.7844543457031
1187,1187,1187,2023-10-23,461.2903137207031,485.4737548828125,459.8143615722656
1188,1188,1188,2023-10-24,468.96917724609375,489.8616638183594,466.7652282714844
1189,1189,1189,2023-10-25,453.5914916992188,485.0150146484375,465.4887390136719
1190,1190,1190,2023-10-26,456.9821472167969,478.0840759277344,472.8385314941406
1191,1191,1191,2023-10-27,456.6730041503906,463.7734680175781,481.3052368164063
1192,1192,1192,2023-10-30,458.2786254882813,461.170654296875,499.7344970703125
1193,1193,1193,2023-10-31,468.4107360839844,461.2903137207031,485.4737548828125
1194,1194,1194,2023-11-01,475.2219543457031,468.96917724609375,489.8616638183594
1195,1195,1195,2023-11-02,487.9967956542969,453.5914916992188,485.0150146484375
1196,1196,1196,2023-11-03,498.2485961914063,456.9821472167969,478.0840759277344
1197,1197,1197,2023-11-06,497.49066162109375,456.6730041503906,463.7734680175781
1198,1198,1198,2023-11-07,501.7389831542969,458.2786254882813,461.170654296875
1199,1199,1199,2023-11-08,509.7569274902344,468.4107360839844,461.2903137207031
1200,1200,1200,2023-11-09,505.0000305175781,475.2219543457031,468.96917724609375
1201,1201,1201,2023-11-10,532.7835083007812,487.9967956542969,453.5914916992188
1202,1202,1202,2023-11-13,526.7999877929688,498.2485961914063,456.9821472167969
1203,1203,1203,2023-11-14,545.4400024414062,497.49066162109375,456.6730041503906
1204,1204,1204,2023-11-15,545.4000244140625,501.7389831542969,458.2786254882813
1205,1205,1205,2023-11-16,545.3900146484375,509.7569274902344,468.4107360839844
1206,1206,1206,2023-11-17,544.5399780273438,505.0000305175781,475.2219543457031
1207,1207,1207,2023-11-20,557.75,532.7835083007812,487.9967956542969
1208,1208,1208,2023-11-21,550.6900024414062,526.7999877929688,498.2485961914063
1209,1209,1209,2023-11-22,554.1699829101562,545.4400024414062,497.49066162109375
1210,1210,1210,2023-11-24,555.6400146484375,545.4000244140625,501.7389831542969
1211,1211,1211,2023-11-27,556.9500122070312,545.3900146484375,509.7569274902344
1212,1212,1212,2023-11-28,547.1400146484375,544.5399780273438,505.0000305175781
1213,1213,1213,2023-11-29,544.0700073242188,557.75,532.7835083007812
1214,1214,1214,2023-11-30,544.6199951171875,550.6900024414062,526.7999877929688
1215,1215,1215,2023-12-01,549.0,554.1699829101562,545.4400024414062
1216,1216,1216,2023-12-04,539.5900268554688,555.6400146484375,545.4000244140625
1217,1217,1217,2023-12-05,537.22998046875,556.9500122070312,545.3900146484375
1218,1218,1218,2023-12-06,528.6099853515625,547.1400146484375,544.5399780273438
1219,1219,1219,2023-12-07,541.22998046875,544.0700073242188,557.75
1220,1220,1220,2023-12-08,534.4299926757812,544.6199951171875,550.6900024414062
1221,1221,1221,2023-12-11,559.2100219726562,549.0,554.1699829101562
1222,1222,1222,2023-12-12,561.0499877929688,539.5900268554688,555.6400146484375
1223,1223,1223,2023-12-13,570.7000122070312,537.22998046875,556.9500122070312
1224,1224,1224,2023-12-14,582.4199829101562,528.6099853515625,547.1400146484375
1225,1225,1225,2023-12-15,585.1300048828125,541.22998046875,544.0700073242188
1226,1226,1226,2023-12-18,576.72998046875,534.4299926757812,544.6199951171875
1227,1227,1227,2023-12-19,578.1099853515625,559.2100219726562,549.0
1228,1228,1228,2023-12-20,563.2999877929688,561.0499877929688,539.5900268554688
1229,1229,1229,2023-12-21,580.4500122070312,570.7000122070312,537.22998046875
1230,1230,1230,2023-12-22,582.6500244140625,582.4199829101562,528.6099853515625
1231,1231,1231,2023-12-26,591.3699951171875,585.1300048828125,541.22998046875
1232,1232,1232,2023-12-27,591.469970703125,576.72998046875,534.4299926757812
1233,1233,1233,2023-12-28,586.27001953125,578.1099853515625,559.2100219726562
1234,1234,1234,2023-12-29,581.2999877929688,563.2999877929688,561.0499877929688
1235,1235,1235,2024-01-02,560.3900146484375,580.4500122070312,570.7000122070312
1236,1236,1236,2024-01-03,552.5900268554688,582.6500244140625,582.4199829101562
1237,1237,1237,2024-01-04,546.4400024414062,591.3699951171875,585.1300048828125
1238,1238,1238,2024-01-05,544.3099975585938,591.469970703125,576.72998046875
1239,1239,1239,2024-01-08,562.3599853515625,586.27001953125,578.1099853515625
1240,1240,1240,2024-01-09,556.3400268554688,581.2999877929688,563.2999877929688
1241,1241,1241,2024-01-10,556.0900268554688,560.3900146484375,580.4500122070312
1242,1242,1242,2024-01-11,562.1400146484375,552.5900268554688,582.6500244140625
1243,1243,1243,2024-01-12,560.6099853515625,546.4400024414062,591.3699951171875
1244,1244,1244,2024-01-16,566.8099975585938,544.3099975585938,591.469970703125
1245,1245,1245,2024-01-17,562.5,562.3599853515625,586.27001953125
1246,1246,1246,2024-01-18,590.0,556.3400268554688,581.2999877929688
1247,1247,1247,2024-01-19,612.989990234375,556.0900268554688,560.3900146484375
1248,1248,1248,2024-01-22,623.0999755859375,562.1400146484375,552.5900268554688
1249,1249,1249,2024-01-23,619.3300170898438,560.6099853515625,546.4400024414062
1250,1250,1250,2024-01-24,638.4500122070312,566.8099975585938,544.3099975585938
1251,1251,1251,2024-01-25,641.6900024414062,562.5,562.3599853515625
1252,1252,1252,2024-01-26,599.3699951171875,590.0,556.3400268554688
1253,1253,1253,2024-01-29,600.0800170898438,612.989990234375,556.0900268554688
1254,1254,1254,2024-01-30,595.3499755859375,623.0999755859375,562.1400146484375
1255,1255,1255,2024-01-31,594.0399780273438,619.3300170898438,560.6099853515625
1256,1256,1256,2024-02-01,599.0999755859375,638.4500122070312,566.8099975585938
1257,1257,1257,2024-02-02,604.3200073242188,641.6900024414062,562.5
1258,1258,1258,2024-02-05,601.8099975585938,599.3699951171875,590.0
