,Unnamed: 0.1,Unnamed: 0,Date,ROK,ROK_6m,ROK_12m
0,0,0,2019-02-05,155.4715118408203,,
1,1,1,2019-02-06,155.68096923828125,,
2,2,2,2019-02-07,154.7794189453125,,
3,3,3,2019-02-08,154.29678344726562,,
4,4,4,2019-02-11,154.5335693359375,,
5,5,5,2019-02-12,157.2654571533203,,
6,6,6,2019-02-13,161.0172576904297,155.4715118408203,
7,7,7,2019-02-14,160.64389038085938,155.68096923828125,
8,8,8,2019-02-15,162.4293975830078,154.7794189453125,
9,9,9,2019-02-19,162.49351501464844,154.29678344726562,
10,10,10,2019-02-20,163.75711059570312,154.5335693359375,
11,11,11,2019-02-21,162.95135498046875,157.2654571533203,
12,12,12,2019-02-22,164.11424255371094,161.0172576904297,155.4715118408203
13,13,13,2019-02-25,164.89254760742188,160.64389038085938,155.68096923828125
14,14,14,2019-02-26,164.17832946777344,162.4293975830078,154.7794189453125
15,15,15,2019-02-27,165.28628540039062,162.49351501464844,154.29678344726562
16,16,16,2019-02-28,163.50071716308594,163.75711059570312,154.5335693359375
17,17,17,2019-03-01,163.45494079589844,162.95135498046875,157.2654571533203
18,18,18,2019-03-04,162.8414306640625,164.11424255371094,161.0172576904297
19,19,19,2019-03-05,163.1985626220703,164.89254760742188,160.64389038085938
20,20,20,2019-03-06,163.0245819091797,164.17832946777344,162.4293975830078
21,21,21,2019-03-07,160.7079620361328,165.28628540039062,162.49351501464844
22,22,22,2019-03-08,159.8105926513672,163.50071716308594,163.75711059570312
23,23,23,2019-03-11,163.33590698242188,163.45494079589844,162.95135498046875
24,24,24,2019-03-12,163.60145568847656,162.8414306640625,164.11424255371094
25,25,25,2019-03-13,166.10122680664062,163.1985626220703,164.89254760742188
26,26,26,2019-03-14,165.4419403076172,163.0245819091797,164.17832946777344
27,27,27,2019-03-15,164.205810546875,160.7079620361328,165.28628540039062
28,28,28,2019-03-18,165.542724609375,159.8105926513672,163.50071716308594
29,29,29,2019-03-19,163.69300842285156,163.33590698242188,163.45494079589844
30,30,30,2019-03-20,161.17495727539062,163.60145568847656,162.8414306640625
31,31,31,2019-03-21,162.0906219482422,166.10122680664062,163.1985626220703
32,32,32,2019-03-22,155.59854125976562,165.4419403076172,163.0245819091797
33,33,33,2019-03-25,155.50701904296875,164.205810546875,160.7079620361328
34,34,34,2019-03-26,157.05447387695312,165.542724609375,159.8105926513672
35,35,35,2019-03-27,156.61492919921875,163.69300842285156,163.33590698242188
36,36,36,2019-03-28,159.17880249023438,161.17495727539062,163.60145568847656
37,37,37,2019-03-29,160.66220092773438,162.0906219482422,166.10122680664062
38,38,38,2019-04-01,165.65252685546875,155.59854125976562,165.4419403076172
39,39,39,2019-04-02,166.71470642089844,155.50701904296875,164.205810546875
40,40,40,2019-04-03,167.86843872070312,157.05447387695312,165.542724609375
41,41,41,2019-04-04,169.38845825195312,156.61492919921875,163.69300842285156
42,42,42,2019-04-05,169.70892333984375,159.17880249023438,161.17495727539062
43,43,43,2019-04-08,170.3132781982422,160.66220092773438,162.0906219482422
44,44,44,2019-04-09,167.09010314941406,165.65252685546875,155.59854125976562
45,45,45,2019-04-10,167.4380645751953,166.71470642089844,155.50701904296875
46,46,46,2019-04-11,167.52049255371094,167.86843872070312,157.05447387695312
47,47,47,2019-04-12,168.7017059326172,169.38845825195312,156.61492919921875
48,48,48,2019-04-15,170.3132781982422,169.70892333984375,159.17880249023438
49,49,49,2019-04-16,171.76002502441406,170.3132781982422,160.66220092773438
50,50,50,2019-04-17,172.4193115234375,167.09010314941406,165.65252685546875
51,51,51,2019-04-18,173.90267944335938,167.4380645751953,166.71470642089844
52,52,52,2019-04-22,173.389892578125,167.52049255371094,167.86843872070312
53,53,53,2019-04-23,173.47235107421875,168.7017059326172,169.38845825195312
54,54,54,2019-04-24,172.96868896484375,170.3132781982422,169.70892333984375
55,55,55,2019-04-25,161.3581085205078,171.76002502441406,170.3132781982422
56,56,56,2019-04-26,163.3816680908203,172.4193115234375,167.09010314941406
57,57,57,2019-04-29,165.72581481933594,173.90267944335938,167.4380645751953
58,58,58,2019-04-30,165.46942138671875,173.389892578125,167.52049255371094
59,59,59,2019-05-01,162.4019012451172,173.47235107421875,168.7017059326172
60,60,60,2019-05-02,161.03759765625,172.96868896484375,170.3132781982422
61,61,61,2019-05-03,163.69300842285156,161.3581085205078,171.76002502441406
62,62,62,2019-05-06,162.2646026611328,163.3816680908203,172.4193115234375
63,63,63,2019-05-07,158.40965270996094,165.72581481933594,173.90267944335938
64,64,64,2019-05-08,156.22122192382812,165.46942138671875,173.389892578125
65,65,65,2019-05-09,154.74697875976562,162.4019012451172,173.47235107421875
66,66,66,2019-05-10,153.32876586914062,161.03759765625,172.96868896484375
67,67,67,2019-05-13,148.1345977783203,163.69300842285156,161.3581085205078
68,68,68,2019-05-14,149.037109375,162.2646026611328,163.3816680908203
69,69,69,2019-05-15,149.39630126953125,158.40965270996094,165.72581481933594
70,70,70,2019-05-16,150.09620666503906,156.22122192382812,165.46942138671875
71,71,71,2019-05-17,147.64645385742188,154.74697875976562,162.4019012451172
72,72,72,2019-05-20,146.0440673828125,153.32876586914062,161.03759765625
73,73,73,2019-05-21,148.74240112304688,148.1345977783203,163.69300842285156
74,74,74,2019-05-22,146.79917907714844,149.037109375,162.2646026611328
75,75,75,2019-05-23,142.87596130371094,149.39630126953125,158.40965270996094
76,76,76,2019-05-24,142.54441833496094,150.09620666503906,156.22122192382812
77,77,77,2019-05-28,139.5882110595703,147.64645385742188,154.74697875976562
78,78,78,2019-05-29,141.0064239501953,146.0440673828125,153.32876586914062
79,79,79,2019-05-30,143.14303588867188,148.74240112304688,148.1345977783203
80,80,80,2019-05-31,137.08323669433594,146.79917907714844,149.037109375
81,81,81,2019-06-03,138.41854858398438,142.87596130371094,149.39630126953125
82,82,82,2019-06-04,144.64419555664062,142.54441833496094,150.09620666503906
83,83,83,2019-06-05,144.70867919921875,139.5882110595703,147.64645385742188
84,84,84,2019-06-06,143.83377075195312,141.0064239501953,146.0440673828125
85,85,85,2019-06-07,144.70867919921875,143.14303588867188,148.74240112304688
86,86,86,2019-06-10,146.255859375,137.08323669433594,146.79917907714844
87,87,87,2019-06-11,146.50453186035156,138.41854858398438,142.87596130371094
88,88,88,2019-06-12,145.4915008544922,144.64419555664062,142.54441833496094
89,89,89,2019-06-13,146.71633911132812,144.70867919921875,139.5882110595703
90,90,90,2019-06-14,144.15606689453125,143.83377075195312,141.0064239501953
91,91,91,2019-06-17,143.5298309326172,144.70867919921875,143.14303588867188
92,92,92,2019-06-18,146.2190399169922,146.255859375,137.08323669433594
93,93,93,2019-06-19,146.15457153320312,146.50453186035156,138.41854858398438
94,94,94,2019-06-20,150.16067504882812,145.4915008544922,144.64419555664062
95,95,95,2019-06-21,149.85678100585938,146.71633911132812,144.70867919921875
96,96,96,2019-06-24,149.35025024414062,144.15606689453125,143.83377075195312
97,97,97,2019-06-25,148.42007446289062,143.5298309326172,144.70867919921875
98,98,98,2019-06-26,149.53443908691406,146.2190399169922,146.255859375
99,99,99,2019-06-27,149.31341552734375,146.15457153320312,146.50453186035156
100,100,100,2019-06-28,150.87904357910156,150.16067504882812,145.4915008544922
101,101,101,2019-07-01,151.58815002441406,149.85678100585938,146.71633911132812
102,102,102,2019-07-02,149.98570251464844,149.35025024414062,144.15606689453125
103,103,103,2019-07-03,151.09085083007812,148.42007446289062,143.5298309326172
104,104,104,2019-07-05,146.79002380371094,149.53443908691406,146.2190399169922
105,105,105,2019-07-08,144.99415588378906,149.31341552734375,146.15457153320312
106,106,106,2019-07-09,142.88519287109375,150.87904357910156,150.16067504882812
107,107,107,2019-07-10,141.4300994873047,151.58815002441406,149.85678100585938
108,108,108,2019-07-11,143.85218811035156,149.98570251464844,149.35025024414062
109,109,109,2019-07-12,147.683349609375,151.09085083007812,148.42007446289062
110,110,110,2019-07-15,146.69790649414062,146.79002380371094,149.53443908691406
111,111,111,2019-07-16,149.71861267089844,144.99415588378906,149.31341552734375
112,112,112,2019-07-17,147.29652404785156,142.88519287109375,150.87904357910156
113,113,113,2019-07-18,146.56898498535156,141.4300994873047,151.58815002441406
114,114,114,2019-07-19,147.3057098388672,143.85218811035156,149.98570251464844
115,115,115,2019-07-22,146.71633911132812,147.683349609375,151.09085083007812
116,116,116,2019-07-23,153.54055786132812,146.69790649414062,146.79002380371094
117,117,117,2019-07-24,155.52980041503906,149.71861267089844,144.99415588378906
118,118,118,2019-07-25,154.00103759765625,147.29652404785156,142.88519287109375
119,119,119,2019-07-26,151.60655212402344,146.56898498535156,141.4300994873047
120,120,120,2019-07-29,150.3448944091797,147.3057098388672,143.85218811035156
121,121,121,2019-07-30,152.31570434570312,146.71633911132812,147.683349609375
122,122,122,2019-07-31,148.07015991210938,153.54055786132812,146.69790649414062
123,123,123,2019-08-01,143.4469451904297,155.52980041503906,149.71861267089844
124,124,124,2019-08-02,141.64190673828125,154.00103759765625,147.29652404785156
125,125,125,2019-08-05,138.87905883789062,151.60655212402344,146.56898498535156
126,126,126,2019-08-06,141.02487182617188,150.3448944091797,147.3057098388672
127,127,127,2019-08-07,139.91973876953125,152.31570434570312,146.71633911132812
128,128,128,2019-08-08,144.02716064453125,148.07015991210938,153.54055786132812
129,129,129,2019-08-09,142.2386474609375,143.4469451904297,155.52980041503906
130,130,130,2019-08-12,138.96739196777344,141.64190673828125,154.00103759765625
131,131,131,2019-08-13,141.82159423828125,138.87905883789062,151.60655212402344
132,132,132,2019-08-14,136.1502227783203,141.02487182617188,150.3448944091797
133,133,133,2019-08-15,135.23280334472656,139.91973876953125,152.31570434570312
134,134,134,2019-08-16,139.29176330566406,144.02716064453125,148.07015991210938
135,135,135,2019-08-19,142.00697326660156,142.2386474609375,143.4469451904297
136,136,136,2019-08-20,139.65316772460938,138.96739196777344,141.64190673828125
137,137,137,2019-08-21,140.7466583251953,141.82159423828125,138.87905883789062
138,138,138,2019-08-22,141.33045959472656,136.1502227783203,141.02487182617188
139,139,139,2019-08-23,137.03060913085938,135.23280334472656,139.91973876953125
140,140,140,2019-08-26,133.95394897460938,139.29176330566406,144.02716064453125
141,141,141,2019-08-27,135.52932739257812,142.00697326660156,142.2386474609375
142,142,142,2019-08-28,137.04913330078125,139.65316772460938,138.96739196777344
143,143,143,2019-08-29,140.15359497070312,140.7466583251953,141.82159423828125
144,144,144,2019-08-30,141.58993530273438,141.33045959472656,136.1502227783203
145,145,145,2019-09-03,137.3642120361328,137.03060913085938,135.23280334472656
146,146,146,2019-09-04,138.846923828125,133.95394897460938,139.29176330566406
147,147,147,2019-09-05,147.06674194335938,135.52932739257812,142.00697326660156
148,148,148,2019-09-06,149.2351837158203,137.04913330078125,139.65316772460938
149,149,149,2019-09-09,150.11553955078125,140.15359497070312,140.7466583251953
150,150,150,2019-09-10,151.85772705078125,141.58993530273438,141.33045959472656
151,151,151,2019-09-11,151.7743377685547,137.3642120361328,137.03060913085938
152,152,152,2019-09-12,153.9521026611328,138.846923828125,133.95394897460938
153,153,153,2019-09-13,154.52664184570312,147.06674194335938,135.52932739257812
154,154,154,2019-09-16,153.64625549316406,149.2351837158203,137.04913330078125
155,155,155,2019-09-17,152.03384399414062,150.11553955078125,140.15359497070312
156,156,156,2019-09-18,151.58901977539062,151.85772705078125,141.58993530273438
157,157,157,2019-09-19,151.060791015625,151.7743377685547,137.3642120361328
158,158,158,2019-09-20,150.18040466308594,153.9521026611328,138.846923828125
159,159,159,2019-09-23,152.1357421875,154.52664184570312,147.06674194335938
160,160,160,2019-09-24,149.3278350830078,153.64625549316406,149.2351837158203
161,161,161,2019-09-25,150.51405334472656,152.03384399414062,150.11553955078125
162,162,162,2019-09-26,151.50563049316406,151.58901977539062,151.85772705078125
163,163,163,2019-09-27,154.06326293945312,151.060791015625,151.7743377685547
164,164,164,2019-09-30,152.71957397460938,150.18040466308594,153.9521026611328
165,165,165,2019-10-01,150.39356994628906,152.1357421875,154.52664184570312
166,166,166,2019-10-02,144.4071044921875,149.3278350830078,153.64625549316406
167,167,167,2019-10-03,146.76089477539062,150.51405334472656,152.03384399414062
168,168,168,2019-10-04,147.68760681152344,151.50563049316406,151.58901977539062
169,169,169,2019-10-07,145.43572998046875,154.06326293945312,151.060791015625
170,170,170,2019-10-08,142.04403686523438,152.71957397460938,150.18040466308594
171,171,171,2019-10-09,142.62786865234375,150.39356994628906,152.1357421875
172,172,172,2019-10-10,143.45260620117188,144.4071044921875,149.3278350830078
173,173,173,2019-10-11,152.07089233398438,146.76089477539062,150.51405334472656
174,174,174,2019-10-14,152.09869384765625,147.68760681152344,151.50563049316406
175,175,175,2019-10-15,155.10118103027344,145.43572998046875,154.06326293945312
176,176,176,2019-10-16,152.85858154296875,142.04403686523438,152.71957397460938
177,177,177,2019-10-17,154.16522216796875,142.62786865234375,150.39356994628906
178,178,178,2019-10-18,156.7877960205078,143.45260620117188,144.4071044921875
179,179,179,2019-10-21,159.03964233398438,152.07089233398438,146.76089477539062
180,180,180,2019-10-22,158.446533203125,152.09869384765625,147.68760681152344
181,181,181,2019-10-23,159.61419677734375,155.10118103027344,145.43572998046875
182,182,182,2019-10-24,160.90228271484375,152.85858154296875,142.04403686523438
183,183,183,2019-10-25,164.37738037109375,154.16522216796875,142.62786865234375
184,184,184,2019-10-28,163.78433227539062,156.7877960205078,143.45260620117188
185,185,185,2019-10-29,162.1162872314453,159.03964233398438,152.07089233398438
186,186,186,2019-10-30,162.35716247558594,158.446533203125,152.09869384765625
187,187,187,2019-10-31,159.3825225830078,159.61419677734375,155.10118103027344
188,188,188,2019-11-01,164.67393493652344,160.90228271484375,152.85858154296875
189,189,189,2019-11-04,168.5197296142578,164.37738037109375,154.16522216796875
190,190,190,2019-11-05,168.53826904296875,163.78433227539062,156.7877960205078
191,191,191,2019-11-06,165.34120178222656,162.1162872314453,159.03964233398438
192,192,192,2019-11-07,164.9983367919922,162.35716247558594,158.446533203125
193,193,193,2019-11-08,165.734619140625,159.3825225830078,159.61419677734375
194,194,194,2019-11-11,167.0208282470703,164.67393493652344,160.90228271484375
195,195,195,2019-11-12,184.55239868164065,168.5197296142578,164.37738037109375
196,196,196,2019-11-13,184.6083221435547,168.53826904296875,163.78433227539062
197,197,197,2019-11-14,185.2420959472656,165.34120178222656,162.1162872314453
198,198,198,2019-11-15,186.6588287353516,164.9983367919922,162.35716247558594
199,199,199,2019-11-18,184.2355194091797,165.734619140625,159.3825225830078
200,200,200,2019-11-19,183.30349731445312,167.0208282470703,164.67393493652344
201,201,201,2019-11-20,182.874755859375,184.55239868164065,168.5197296142578
202,202,202,2019-11-21,181.94273376464844,184.6083221435547,168.53826904296875
203,203,203,2019-11-22,181.5605926513672,185.2420959472656,165.34120178222656
204,204,204,2019-11-25,182.4180450439453,186.6588287353516,164.9983367919922
205,205,205,2019-11-26,182.97726440429688,184.2355194091797,165.734619140625
206,206,206,2019-11-27,183.07046508789065,183.30349731445312,167.0208282470703
207,207,207,2019-11-29,182.52989196777344,182.874755859375,184.55239868164065
208,208,208,2019-12-02,180.7869873046875,181.94273376464844,184.6083221435547
209,209,209,2019-12-03,180.8522491455078,181.5605926513672,185.2420959472656
210,210,210,2019-12-04,181.7563323974609,182.4180450439453,186.6588287353516
211,211,211,2019-12-05,183.0797882080078,182.97726440429688,184.2355194091797
212,212,212,2019-12-06,184.7108459472656,183.07046508789065,183.30349731445312
213,213,213,2019-12-09,185.2514495849609,182.52989196777344,182.874755859375
214,214,214,2019-12-10,186.1741485595703,180.7869873046875,181.94273376464844
215,215,215,2019-12-11,189.4456024169922,180.8522491455078,181.5605926513672
216,216,216,2019-12-12,191.50540161132807,181.7563323974609,182.4180450439453
217,217,217,2019-12-13,189.641342163086,183.0797882080078,182.97726440429688
218,218,218,2019-12-16,190.5174560546875,184.7108459472656,183.07046508789065
219,219,219,2019-12-17,189.78109741210932,185.2514495849609,182.52989196777344
220,220,220,2019-12-18,189.9954833984375,186.1741485595703,180.7869873046875
221,221,221,2019-12-19,189.0541076660156,189.4456024169922,180.8522491455078
222,222,222,2019-12-20,190.4615173339844,191.50540161132807,181.7563323974609
223,223,223,2019-12-23,190.41490173339844,189.641342163086,183.0797882080078
224,224,224,2019-12-24,189.0541076660156,190.5174560546875,184.7108459472656
225,225,225,2019-12-26,190.34036254882807,189.78109741210932,185.2514495849609
226,226,226,2019-12-27,189.17532348632807,189.9954833984375,186.1741485595703
227,227,227,2019-12-30,189.1379852294922,189.0541076660156,189.4456024169922
228,228,228,2019-12-31,188.89569091796875,190.4615173339844,191.50540161132807
229,229,229,2020-01-02,191.6638336181641,190.41490173339844,189.641342163086
230,230,230,2020-01-03,188.86773681640625,189.0541076660156,190.5174560546875
231,231,231,2020-01-06,190.3683319091797,190.34036254882807,189.78109741210932
232,232,232,2020-01-07,189.97686767578125,189.17532348632807,189.9954833984375
233,233,233,2020-01-08,191.4214782714844,189.1379852294922,189.0541076660156
234,234,234,2020-01-09,193.08985900878903,188.89569091796875,190.4615173339844
235,235,235,2020-01-10,191.1511993408203,191.6638336181641,190.41490173339844
236,236,236,2020-01-13,192.5399627685547,188.86773681640625,189.0541076660156
237,237,237,2020-01-14,189.11004638671875,190.3683319091797,190.34036254882807
238,238,238,2020-01-15,188.485595703125,189.97686767578125,189.17532348632807
239,239,239,2020-01-16,191.3096618652344,191.4214782714844,189.1379852294922
240,240,240,2020-01-17,190.8249969482422,193.08985900878903,188.89569091796875
241,241,241,2020-01-21,188.0754852294922,191.1511993408203,191.6638336181641
242,242,242,2020-01-22,185.82931518554688,192.5399627685547,188.86773681640625
243,243,243,2020-01-23,188.55084228515625,189.11004638671875,190.3683319091797
244,244,244,2020-01-24,186.146224975586,188.485595703125,189.97686767578125
245,245,245,2020-01-27,180.7404022216797,191.3096618652344,191.4214782714844
246,246,246,2020-01-28,183.30349731445312,190.8249969482422,193.08985900878903
247,247,247,2020-01-29,182.8374481201172,188.0754852294922,191.1511993408203
248,248,248,2020-01-30,181.5699005126953,185.82931518554688,192.5399627685547
249,249,249,2020-01-31,178.63401794433594,188.55084228515625,189.11004638671875
250,250,250,2020-02-03,181.33688354492188,186.146224975586,188.485595703125
251,251,251,2020-02-04,188.63473510742188,180.7404022216797,191.3096618652344
252,252,252,2020-02-05,191.31900024414065,183.30349731445312,190.8249969482422
253,253,253,2020-02-06,191.0952911376953,182.8374481201172,188.0754852294922
254,254,254,2020-02-07,188.9423065185547,181.5699005126953,185.82931518554688
255,255,255,2020-02-10,189.9675445556641,178.63401794433594,188.55084228515625
256,256,256,2020-02-11,190.09803771972656,181.33688354492188,186.146224975586
257,257,257,2020-02-12,191.8595733642578,188.63473510742188,180.7404022216797
258,258,258,2020-02-13,187.47900390625,191.31900024414065,183.30349731445312
259,259,259,2020-02-14,187.99424743652344,191.0952911376953,182.8374481201172
260,260,260,2020-02-18,186.1768951416016,188.9423065185547,181.5699005126953
261,261,261,2020-02-19,187.6944732666016,189.9675445556641,178.63401794433594
262,262,262,2020-02-20,192.33154296875,190.09803771972656,181.33688354492188
263,263,263,2020-02-21,196.1349029541016,191.8595733642578,188.63473510742188
264,264,264,2020-02-24,189.9427490234375,187.47900390625,191.31900024414065
265,265,265,2020-02-25,184.4250946044922,187.99424743652344,191.0952911376953
266,266,266,2020-02-26,182.8231658935547,186.1768951416016,188.9423065185547
267,267,267,2020-02-27,174.4296112060547,187.6944732666016,189.9675445556641
268,268,268,2020-02-28,171.90025329589844,192.33154296875,190.09803771972656
269,269,269,2020-03-02,178.5420684814453,196.1349029541016,191.8595733642578
270,270,270,2020-03-03,172.31246948242188,189.9427490234375,187.47900390625
271,271,271,2020-03-04,180.09713745117188,184.4250946044922,187.99424743652344
272,272,272,2020-03-05,171.80657958984375,182.8231658935547,186.1768951416016
273,273,273,2020-03-06,167.54417419433594,174.4296112060547,187.6944732666016
274,274,274,2020-03-09,142.99102783203125,171.90025329589844,192.33154296875
275,275,275,2020-03-10,158.69154357910156,178.5420684814453,196.1349029541016
276,276,276,2020-03-11,149.03329467773438,172.31246948242188,189.9427490234375
277,277,277,2020-03-12,140.1338348388672,180.09713745117188,184.4250946044922
278,278,278,2020-03-13,155.6751251220703,171.80657958984375,182.8231658935547
279,279,279,2020-03-16,143.61865234375,167.54417419433594,174.4296112060547
280,280,280,2020-03-17,145.3517303466797,142.99102783203125,171.90025329589844
281,281,281,2020-03-18,120.4332275390625,158.69154357910156,178.5420684814453
282,282,282,2020-03-19,126.54109954833984,149.03329467773438,172.31246948242188
283,283,283,2020-03-20,118.7751007080078,140.1338348388672,180.09713745117188
284,284,284,2020-03-23,113.05136108398438,155.6751251220703,171.80657958984375
285,285,285,2020-03-24,132.92994689941406,143.61865234375,167.54417419433594
286,286,286,2020-03-25,144.78964233398438,145.3517303466797,142.99102783203125
287,287,287,2020-03-26,149.2206573486328,120.4332275390625,158.69154357910156
288,288,288,2020-03-27,141.88565063476562,126.54109954833984,149.03329467773438
289,289,289,2020-03-30,142.63507080078125,118.7751007080078,140.1338348388672
290,290,290,2020-03-31,141.3704071044922,113.05136108398438,155.6751251220703
291,291,291,2020-04-01,134.59742736816406,132.92994689941406,143.61865234375
292,292,292,2020-04-02,140.2462921142578,144.78964233398438,145.3517303466797
293,293,293,2020-04-03,137.50144958496094,149.2206573486328,120.4332275390625
294,294,294,2020-04-06,147.45948791503906,141.88565063476562,126.54109954833984
295,295,295,2020-04-07,149.96070861816406,142.63507080078125,118.7751007080078
296,296,296,2020-04-08,157.19271850585938,141.3704071044922,113.05136108398438
297,297,297,2020-04-09,157.04283142089844,134.59742736816406,132.92994689941406
298,298,298,2020-04-13,150.39163208007812,140.2462921142578,144.78964233398438
299,299,299,2020-04-14,153.43618774414062,137.50144958496094,149.2206573486328
300,300,300,2020-04-15,148.91152954101562,147.45948791503906,141.88565063476562
301,301,301,2020-04-16,148.9021453857422,149.96070861816406,142.63507080078125
302,302,302,2020-04-17,157.9327850341797,157.19271850585938,141.3704071044922
303,303,303,2020-04-20,157.8859405517578,157.04283142089844,134.59742736816406
304,304,304,2020-04-21,154.0638427734375,150.39163208007812,140.2462921142578
305,305,305,2020-04-22,155.6844940185547,153.43618774414062,137.50144958496094
306,306,306,2020-04-23,158.63534545898438,148.91152954101562,147.45948791503906
307,307,307,2020-04-24,163.55349731445312,148.9021453857422,149.96070861816406
308,308,308,2020-04-27,170.1952667236328,157.9327850341797,157.19271850585938
309,309,309,2020-04-28,183.70376586914065,157.8859405517578,157.04283142089844
310,310,310,2020-04-29,184.5468597412109,154.0638427734375,150.39163208007812
311,311,311,2020-04-30,177.5022430419922,155.6844940185547,153.43618774414062
312,312,312,2020-05-01,171.60984802246094,158.63534545898438,148.91152954101562
313,313,313,2020-05-04,176.0408477783203,163.55349731445312,148.9021453857422
314,314,314,2020-05-05,178.9167938232422,170.1952667236328,157.9327850341797
315,315,315,2020-05-06,177.24929809570312,183.70376586914065,157.8859405517578
316,316,316,2020-05-07,178.9449005126953,184.5468597412109,154.0638427734375
317,317,317,2020-05-08,180.28451538085932,177.5022430419922,155.6844940185547
318,318,318,2020-05-11,181.136947631836,171.60984802246094,158.63534545898438
319,319,319,2020-05-12,176.6497802734375,176.0408477783203,163.55349731445312
320,320,320,2020-05-13,175.04788208007812,178.9167938232422,170.1952667236328
321,321,321,2020-05-14,178.93548583984375,177.24929809570312,183.70376586914065
322,322,322,2020-05-15,186.3570251464844,178.9449005126953,184.5468597412109
323,323,323,2020-05-18,193.23228454589844,180.28451538085932,177.5022430419922
324,324,324,2020-05-19,190.840072631836,181.136947631836,171.60984802246094
325,325,325,2020-05-20,194.0516357421875,176.6497802734375,176.0408477783203
326,326,326,2020-05-21,191.87603759765625,175.04788208007812,178.9167938232422
327,327,327,2020-05-22,190.4256896972656,178.93548583984375,177.24929809570312
328,328,328,2020-05-26,203.3379669189453,186.3570251464844,178.9449005126953
329,329,329,2020-05-27,206.48361206054688,193.23228454589844,180.28451538085932
330,330,330,2020-05-28,203.8088531494141,190.840072631836,181.136947631836
331,331,331,2020-05-29,203.5828094482422,194.0516357421875,176.6497802734375
332,332,332,2020-06-01,202.17953491210932,191.87603759765625,175.04788208007812
333,333,333,2020-06-02,204.9296112060547,190.4256896972656,178.93548583984375
334,334,334,2020-06-03,207.48196411132807,203.3379669189453,186.3570251464844
335,335,335,2020-06-04,209.54454040527344,206.48361206054688,193.23228454589844
336,336,336,2020-06-05,214.1593780517578,203.8088531494141,190.840072631836
337,337,337,2020-06-08,212.4453125,203.5828094482422,194.0516357421875
338,338,338,2020-06-09,207.237060546875,202.17953491210932,191.87603759765625
339,339,339,2020-06-10,205.44761657714844,204.9296112060547,190.4256896972656
340,340,340,2020-06-11,194.0705108642578,207.48196411132807,203.3379669189453
341,341,341,2020-06-12,196.0765838623047,209.54454040527344,206.48361206054688
342,342,342,2020-06-15,198.2333526611328,214.1593780517578,203.8088531494141
343,343,343,2020-06-16,201.3036346435547,212.4453125,203.5828094482422
344,344,344,2020-06-17,199.54244995117188,207.237060546875,202.17953491210932
345,345,345,2020-06-18,197.4704132080078,205.44761657714844,204.9296112060547
346,346,346,2020-06-19,196.96188354492188,194.0705108642578,207.48196411132807
347,347,347,2020-06-22,198.30865478515625,196.0765838623047,209.54454040527344
348,348,348,2020-06-23,196.54747009277344,198.2333526611328,214.1593780517578
349,349,349,2020-06-24,193.1004180908203,201.3036346435547,212.4453125
350,350,350,2020-06-25,196.0859832763672,199.54244995117188,207.237060546875
351,351,351,2020-06-26,193.3264617919922,197.4704132080078,205.44761657714844
352,352,352,2020-06-29,196.52865600585932,196.96188354492188,194.0705108642578
353,353,353,2020-06-30,200.606674194336,198.30865478515625,196.0765838623047
354,354,354,2020-07-01,198.25216674804688,196.54747009277344,198.2333526611328
355,355,355,2020-07-02,198.7136688232422,193.1004180908203,201.3036346435547
356,356,356,2020-07-06,202.10418701171875,196.0859832763672,199.54244995117188
357,357,357,2020-07-07,199.13748168945312,193.3264617919922,197.4704132080078
358,358,358,2020-07-08,199.92857360839844,196.52865600585932,196.96188354492188
359,359,359,2020-07-09,199.0715484619141,200.606674194336,198.30865478515625
360,360,360,2020-07-10,198.62890625,198.25216674804688,196.54747009277344
361,361,361,2020-07-13,199.47653198242188,198.7136688232422,193.1004180908203
362,362,362,2020-07-14,206.32354736328125,202.10418701171875,196.0859832763672
363,363,363,2020-07-15,209.1206817626953,199.13748168945312,193.3264617919922
364,364,364,2020-07-16,210.2885284423828,199.92857360839844,196.52865600585932
365,365,365,2020-07-17,212.17221069335932,199.0715484619141,200.606674194336
366,366,366,2020-07-20,209.4974365234375,198.62890625,198.25216674804688
367,367,367,2020-07-21,213.6320037841797,199.47653198242188,198.7136688232422
368,368,368,2020-07-22,213.4153594970703,206.32354736328125,202.10418701171875
369,369,369,2020-07-23,212.8408966064453,209.1206817626953,199.13748168945312
370,370,370,2020-07-24,213.0292816162109,210.2885284423828,199.92857360839844
371,371,371,2020-07-27,215.6757354736328,212.17221069335932,199.0715484619141
372,372,372,2020-07-28,209.3467254638672,209.4974365234375,198.62890625
373,373,373,2020-07-29,208.11294555664065,213.6320037841797,199.47653198242188
374,374,374,2020-07-30,207.0487060546875,213.4153594970703,206.32354736328125
375,375,375,2020-07-31,205.44761657714844,212.8408966064453,209.1206817626953
376,376,376,2020-08-03,207.9246063232422,213.0292816162109,210.2885284423828
377,377,377,2020-08-04,207.62319946289065,215.6757354736328,212.17221069335932
378,378,378,2020-08-05,210.91017150878903,209.3467254638672,209.4974365234375
379,379,379,2020-08-06,209.03594970703125,208.11294555664065,213.6320037841797
380,380,380,2020-08-07,210.6276092529297,207.0487060546875,213.4153594970703
381,381,381,2020-08-10,215.9771423339844,205.44761657714844,212.8408966064453
382,382,382,2020-08-11,218.67068481445312,207.9246063232422,213.0292816162109
383,383,383,2020-08-12,222.3814392089844,207.62319946289065,215.6757354736328
384,384,384,2020-08-13,220.3753967285156,210.91017150878903,209.3467254638672
385,385,385,2020-08-14,219.50515747070312,209.03594970703125,208.11294555664065
386,386,386,2020-08-17,220.8294677734375,210.6276092529297,207.0487060546875
387,387,387,2020-08-18,220.42269897460932,215.9771423339844,205.44761657714844
388,388,388,2020-08-19,216.3173370361328,218.67068481445312,207.9246063232422
389,389,389,2020-08-20,214.56735229492188,222.3814392089844,207.62319946289065
390,390,390,2020-08-21,216.1660003662109,220.3753967285156,210.91017150878903
391,391,391,2020-08-24,218.31329345703125,219.50515747070312,209.03594970703125
392,392,392,2020-08-25,218.3605499267578,220.8294677734375,210.6276092529297
393,393,393,2020-08-26,219.82676696777344,220.42269897460932,215.9771423339844
394,394,394,2020-08-27,219.46728515625,216.3173370361328,218.67068481445312
395,395,395,2020-08-28,220.65919494628903,214.56735229492188,222.3814392089844
396,396,396,2020-08-31,218.0673217773437,216.1660003662109,220.3753967285156
397,397,397,2020-09-01,221.29296875,218.31329345703125,219.50515747070312
398,398,398,2020-09-02,224.4713287353516,218.3605499267578,220.8294677734375
399,399,399,2020-09-03,216.44029235839844,219.82676696777344,220.42269897460932
400,400,400,2020-09-04,215.9105834960937,219.46728515625,216.3173370361328
401,401,401,2020-09-08,208.97686767578125,220.65919494628903,214.56735229492188
402,402,402,2020-09-09,212.42953491210932,218.0673217773437,216.1660003662109
403,403,403,2020-09-10,207.5106201171875,221.29296875,218.31329345703125
404,404,404,2020-09-11,210.2349548339844,224.4713287353516,218.3605499267578
405,405,405,2020-09-14,212.51466369628903,216.44029235839844,219.82676696777344
406,406,406,2020-09-15,212.6186981201172,215.9105834960937,219.46728515625
407,407,407,2020-09-16,213.1011505126953,208.97686767578125,220.65919494628903
408,408,408,2020-09-17,210.1876678466797,212.42953491210932,218.0673217773437
409,409,409,2020-09-18,207.1228179931641,207.5106201171875,221.29296875
410,410,410,2020-09-21,197.7769317626953,210.2349548339844,224.4713287353516
411,411,411,2020-09-22,202.5160522460937,212.51466369628903,216.44029235839844
412,412,412,2020-09-23,201.27691650390625,212.6186981201172,215.9105834960937
413,413,413,2020-09-24,205.61875915527344,213.1011505126953,208.97686767578125
414,414,414,2020-09-25,204.0106506347656,210.1876678466797,212.42953491210932
415,415,415,2020-09-28,208.09713745117188,207.1228179931641,207.5106201171875
416,416,416,2020-09-29,209.2700653076172,197.7769317626953,210.2349548339844
417,417,417,2020-09-30,208.7498321533203,202.5160522460937,212.51466369628903
418,418,418,2020-10-01,207.65252685546875,201.27691650390625,212.6186981201172
419,419,419,2020-10-02,211.3511657714844,205.61875915527344,213.1011505126953
420,420,420,2020-10-05,220.6118927001953,204.0106506347656,210.1876678466797
421,421,421,2020-10-06,220.20513916015625,208.09713745117188,207.1228179931641
422,422,422,2020-10-07,223.638900756836,209.2700653076172,197.7769317626953
423,423,423,2020-10-08,228.08480834960932,208.7498321533203,202.5160522460937
424,424,424,2020-10-09,231.0739898681641,207.65252685546875,201.27691650390625
425,425,425,2020-10-12,231.02667236328125,211.3511657714844,205.61875915527344
426,426,426,2020-10-13,230.0050506591797,220.6118927001953,204.0106506347656
427,427,427,2020-10-14,230.7901763916016,220.20513916015625,208.09713745117188
428,428,428,2020-10-15,234.07260131835932,223.638900756836,209.2700653076172
429,429,429,2020-10-16,235.56719970703125,228.08480834960932,208.7498321533203
430,430,430,2020-10-19,231.2442626953125,231.0739898681641,207.65252685546875
431,431,431,2020-10-20,227.95236206054688,231.02667236328125,211.3511657714844
432,432,432,2020-10-21,224.0172882080078,230.0050506591797,220.6118927001953
433,433,433,2020-10-22,226.3915863037109,230.7901763916016,220.20513916015625
434,434,434,2020-10-23,229.957748413086,234.07260131835932,223.638900756836
435,435,435,2020-10-26,224.1307983398437,235.56719970703125,228.08480834960932
436,436,436,2020-10-27,224.07400512695312,231.2442626953125,231.0739898681641
437,437,437,2020-10-28,221.3591766357422,227.95236206054688,231.02667236328125
438,438,438,2020-10-29,223.0902404785156,224.0172882080078,230.0050506591797
439,439,439,2020-10-30,224.301025390625,226.3915863037109,230.7901763916016
440,440,440,2020-11-02,232.1239624023437,229.957748413086,234.07260131835932
441,441,441,2020-11-03,239.67254638671875,224.1307983398437,235.56719970703125
442,442,442,2020-11-04,229.5699615478516,224.07400512695312,231.2442626953125
443,443,443,2020-11-05,236.76852416992188,221.3591766357422,227.95236206054688
444,444,444,2020-11-06,235.9550018310547,223.0902404785156,224.0172882080078
445,445,445,2020-11-09,240.96847534179688,224.301025390625,226.3915863037109
446,446,446,2020-11-10,235.5860748291016,232.1239624023437,229.957748413086
447,447,447,2020-11-11,229.09698486328125,239.67254638671875,224.1307983398437
448,448,448,2020-11-12,222.371322631836,229.5699615478516,224.07400512695312
449,449,449,2020-11-13,227.85433959960932,236.76852416992188,221.3591766357422
450,450,450,2020-11-16,229.2227325439453,235.9550018310547,223.0902404785156
451,451,451,2020-11-17,229.31776428222656,240.96847534179688,224.301025390625
452,452,452,2020-11-18,233.2898712158203,235.5860748291016,232.1239624023437
453,453,453,2020-11-19,237.69911193847656,229.09698486328125,239.67254638671875
454,454,454,2020-11-20,235.3139190673828,222.371322631836,229.5699615478516
455,455,455,2020-11-23,239.25753784179688,227.85433959960932,236.76852416992188
456,456,456,2020-11-24,244.0373687744141,229.2227325439453,235.9550018310547
457,457,457,2020-11-25,243.67623901367188,229.31776428222656,240.96847534179688
458,458,458,2020-11-27,243.2011260986328,233.2898712158203,235.5860748291016
459,459,459,2020-11-30,242.84950256347656,237.69911193847656,229.09698486328125
460,460,460,2020-12-01,234.67727661132807,235.3139190673828,222.371322631836
461,461,461,2020-12-02,234.42068481445312,239.25753784179688,227.85433959960932
462,462,462,2020-12-03,233.04281616210932,244.0373687744141,229.2227325439453
463,463,463,2020-12-04,235.6275177001953,243.67623901367188,229.31776428222656
464,464,464,2020-12-07,232.9382781982422,243.2011260986328,233.2898712158203
465,465,465,2020-12-08,237.1859588623047,242.84950256347656,237.69911193847656
466,466,466,2020-12-09,238.7824249267578,234.67727661132807,235.3139190673828
467,467,467,2020-12-10,234.4967193603516,234.42068481445312,239.25753784179688
468,468,468,2020-12-11,234.44918823242188,233.04281616210932,244.0373687744141
469,469,469,2020-12-14,230.9046936035156,235.6275177001953,243.67623901367188
470,470,470,2020-12-15,234.92433166503903,232.9382781982422,243.2011260986328
471,471,471,2020-12-16,233.5084228515625,237.1859588623047,242.84950256347656
472,472,472,2020-12-17,234.89581298828125,238.7824249267578,234.67727661132807
473,473,473,2020-12-18,235.61801147460932,234.4967193603516,234.42068481445312
474,474,474,2020-12-21,236.95787048339844,234.44918823242188,233.04281616210932
475,475,475,2020-12-22,235.32345581054688,230.9046936035156,235.6275177001953
476,476,476,2020-12-23,235.69403076171875,234.92433166503903,232.9382781982422
477,477,477,2020-12-24,236.26419067382807,233.5084228515625,237.1859588623047
478,478,478,2020-12-28,236.00762939453125,234.89581298828125,238.7824249267578
479,479,479,2020-12-29,234.3922119140625,235.61801147460932,234.4967193603516
480,480,480,2020-12-30,236.7108154296875,236.95787048339844,234.44918823242188
481,481,481,2020-12-31,238.33578491210932,235.32345581054688,230.9046936035156
482,482,482,2021-01-04,234.2116241455078,235.69403076171875,234.92433166503903
483,483,483,2021-01-05,234.78179931640625,236.26419067382807,233.5084228515625
484,484,484,2021-01-06,245.7003173828125,236.00762939453125,234.89581298828125
485,485,485,2021-01-07,246.6316070556641,234.3922119140625,235.61801147460932
486,486,486,2021-01-08,248.78868103027344,236.7108154296875,236.95787048339844
487,487,487,2021-01-11,249.5299072265625,238.33578491210932,235.32345581054688
488,488,488,2021-01-12,252.2666473388672,234.2116241455078,235.69403076171875
489,489,489,2021-01-13,249.36834716796875,234.78179931640625,236.26419067382807
490,490,490,2021-01-14,249.6819305419922,245.7003173828125,236.00762939453125
491,491,491,2021-01-15,242.88754272460932,246.6316070556641,234.3922119140625
492,492,492,2021-01-19,248.01901245117188,248.78868103027344,236.7108154296875
493,493,493,2021-01-20,250.84127807617188,249.5299072265625,238.33578491210932
494,494,494,2021-01-21,254.3857421875,252.2666473388672,234.2116241455078
495,495,495,2021-01-22,252.74172973632807,249.36834716796875,234.78179931640625
496,496,496,2021-01-25,247.87643432617188,249.6819305419922,245.7003173828125
497,497,497,2021-01-26,232.29209899902344,242.88754272460932,246.6316070556641
498,498,498,2021-01-27,229.0611724853516,248.01901245117188,248.78868103027344
499,499,499,2021-01-28,238.70635986328125,250.84127807617188,249.5299072265625
500,500,500,2021-01-29,236.169174194336,254.3857421875,252.2666473388672
501,501,501,2021-02-01,235.36143493652344,252.74172973632807,249.36834716796875
502,502,502,2021-02-02,239.9607086181641,247.87643432617188,249.6819305419922
503,503,503,2021-02-03,233.18536376953125,232.29209899902344,242.88754272460932
504,504,504,2021-02-04,229.2702789306641,229.0611724853516,248.01901245117188
505,505,505,2021-02-05,230.80967712402344,238.70635986328125,250.84127807617188
506,506,506,2021-02-08,234.9623413085937,236.169174194336,254.3857421875
507,507,507,2021-02-09,234.25914001464844,235.36143493652344,252.74172973632807
508,508,508,2021-02-10,232.57717895507807,239.9607086181641,247.87643432617188
509,509,509,2021-02-11,234.5822296142578,233.18536376953125,232.29209899902344
510,510,510,2021-02-12,237.8176422119141,229.2702789306641,229.0611724853516
511,511,511,2021-02-16,238.33303833007807,230.80967712402344,238.70635986328125
512,512,512,2021-02-17,236.78689575195312,234.9623413085937,236.169174194336
513,513,513,2021-02-18,233.05520629882807,234.25914001464844,235.36143493652344
514,514,514,2021-02-19,236.9109649658203,232.57717895507807,239.9607086181641
515,515,515,2021-02-22,232.8261260986328,234.5822296142578,233.18536376953125
516,516,516,2021-02-23,234.21958923339844,237.8176422119141,229.2702789306641
517,517,517,2021-02-24,235.7752227783203,238.33303833007807,230.80967712402344
518,518,518,2021-02-25,233.26519775390625,236.78689575195312,234.9623413085937
519,519,519,2021-02-26,232.1866912841797,233.05520629882807,234.25914001464844
520,520,520,2021-03-01,239.78370666503903,236.9109649658203,232.57717895507807
521,521,521,2021-03-02,237.3690795898437,232.8261260986328,234.5822296142578
522,522,522,2021-03-03,239.40196228027344,234.21958923339844,237.8176422119141
523,523,523,2021-03-04,234.84945678710932,235.7752227783203,238.33303833007807
524,524,524,2021-03-05,241.54934692382807,233.26519775390625,236.78689575195312
525,525,525,2021-03-08,246.1113739013672,232.1866912841797,233.05520629882807
526,526,526,2021-03-09,247.87701416015625,239.78370666503903,236.9109649658203
527,527,527,2021-03-10,251.63739013671875,237.3690795898437,232.8261260986328
528,528,528,2021-03-11,252.20046997070312,239.40196228027344,234.21958923339844
529,529,529,2021-03-12,253.14537048339844,234.84945678710932,235.7752227783203
530,530,530,2021-03-15,252.97352600097656,241.54934692382807,233.26519775390625
531,531,531,2021-03-16,246.5599822998047,246.1113739013672,232.1866912841797
532,532,532,2021-03-17,249.4136199951172,247.87701416015625,239.78370666503903
533,533,533,2021-03-18,248.4401397705078,251.63739013671875,237.3690795898437
534,534,534,2021-03-19,246.5217742919922,252.20046997070312,239.40196228027344
535,535,535,2021-03-22,249.92906188964844,253.14537048339844,234.84945678710932
536,536,536,2021-03-23,246.92266845703125,252.97352600097656,241.54934692382807
537,537,537,2021-03-24,251.18881225585932,246.5599822998047,246.1113739013672
538,538,538,2021-03-25,252.58224487304688,249.4136199951172,247.87701416015625
539,539,539,2021-03-26,261.076416015625,248.4401397705078,251.63739013671875
540,540,540,2021-03-29,257.99365234375,246.5217742919922,252.20046997070312
541,541,541,2021-03-30,255.4359130859375,249.92906188964844,253.14537048339844
542,542,542,2021-03-31,253.3362274169922,246.92266845703125,252.97352600097656
543,543,543,2021-04-01,251.4274139404297,251.18881225585932,246.5599822998047
544,544,544,2021-04-05,255.45497131347656,252.58224487304688,249.4136199951172
545,545,545,2021-04-06,250.93115234375,261.076416015625,248.4401397705078
546,546,546,2021-04-07,249.35630798339844,257.99365234375,246.5217742919922
547,547,547,2021-04-08,249.1368408203125,255.4359130859375,249.92906188964844
548,548,548,2021-04-09,252.5249481201172,253.3362274169922,246.92266845703125
549,549,549,2021-04-12,253.002182006836,251.4274139404297,251.18881225585932
550,550,550,2021-04-13,249.995849609375,255.45497131347656,252.58224487304688
551,551,551,2021-04-14,247.7625274658203,250.93115234375,261.076416015625
552,552,552,2021-04-15,252.2291259765625,249.35630798339844,257.99365234375
553,553,553,2021-04-16,253.7275390625,249.1368408203125,255.4359130859375
554,554,554,2021-04-19,254.9205474853516,252.5249481201172,253.3362274169922
555,555,555,2021-04-20,251.21743774414065,253.002182006836,251.4274139404297
556,556,556,2021-04-21,255.60769653320312,249.995849609375,255.45497131347656
557,557,557,2021-04-22,252.96401977539065,247.7625274658203,250.93115234375
558,558,558,2021-04-23,256.7911376953125,252.2291259765625,249.35630798339844
559,559,559,2021-04-26,255.2259521484375,253.7275390625,249.1368408203125
560,560,560,2021-04-27,256.3712158203125,254.9205474853516,252.5249481201172
561,561,561,2021-04-28,254.1092987060547,251.21743774414065,253.002182006836
562,562,562,2021-04-29,255.5599822998047,255.60769653320312,249.995849609375
563,563,563,2021-04-30,252.2100372314453,252.96401977539065,247.7625274658203
564,564,564,2021-05-03,249.2609100341797,256.7911376953125,252.2291259765625
565,565,565,2021-05-04,250.6256866455078,255.2259521484375,253.7275390625
566,566,566,2021-05-05,254.3765106201172,256.3712158203125,254.9205474853516
567,567,567,2021-05-06,256.2566833496094,254.1092987060547,251.21743774414065
568,568,568,2021-05-07,258.3372497558594,255.5599822998047,255.60769653320312
569,569,569,2021-05-10,258.4613647460937,252.2100372314453,252.96401977539065
570,570,570,2021-05-11,256.0753479003906,249.2609100341797,256.7911376953125
571,571,571,2021-05-12,248.65968322753903,250.6256866455078,255.2259521484375
572,572,572,2021-05-13,253.59390258789065,254.3765106201172,256.3712158203125
573,573,573,2021-05-14,256.2961730957031,256.2566833496094,254.1092987060547
574,574,574,2021-05-17,253.88134765625,258.3372497558594,255.5599822998047
575,575,575,2021-05-18,250.47959899902344,258.4613647460937,252.2100372314453
576,576,576,2021-05-19,247.633529663086,256.0753479003906,249.2609100341797
577,577,577,2021-05-20,247.56646728515625,248.65968322753903,250.6256866455078
578,578,578,2021-05-21,249.33921813964844,253.59390258789065,254.3765106201172
579,579,579,2021-05-24,251.43785095214844,256.2961730957031,256.2566833496094
580,580,580,2021-05-25,249.6554412841797,253.88134765625,258.3372497558594
581,581,581,2021-05-26,249.63629150390625,250.47959899902344,258.4613647460937
582,582,582,2021-05-27,252.1085662841797,247.633529663086,256.0753479003906
583,583,583,2021-05-28,252.71226501464844,247.56646728515625,248.65968322753903
584,584,584,2021-06-01,256.708251953125,249.33921813964844,253.59390258789065
585,585,585,2021-06-02,260.4742431640625,251.43785095214844,256.2961730957031
586,586,586,2021-06-03,262.9848327636719,249.6554412841797,253.88134765625
587,587,587,2021-06-04,264.1156616210937,249.63629150390625,250.47959899902344
588,588,588,2021-06-07,263.26275634765625,252.1085662841797,247.633529663086
589,589,589,2021-06-08,263.9334716796875,252.71226501464844,247.56646728515625
590,590,590,2021-06-09,267.49822998046875,256.708251953125,249.33921813964844
591,591,591,2021-06-10,269.9130859375,260.4742431640625,251.43785095214844
592,592,592,2021-06-11,272.28955078125,262.9848327636719,249.6554412841797
593,593,593,2021-06-14,269.9418334960937,264.1156616210937,249.63629150390625
594,594,594,2021-06-15,272.1553955078125,263.26275634765625,252.1085662841797
595,595,595,2021-06-16,271.31219482421875,263.9334716796875,252.71226501464844
596,596,596,2021-06-17,259.6788330078125,267.49822998046875,256.708251953125
597,597,597,2021-06-18,260.3688049316406,269.9130859375,260.4742431640625
598,598,598,2021-06-21,268.6194152832031,272.28955078125,262.9848327636719
599,599,599,2021-06-22,273.2765808105469,269.9418334960937,264.1156616210937
600,600,600,2021-06-23,273.87066650390625,272.1553955078125,263.26275634765625
601,601,601,2021-06-24,273.5928039550781,271.31219482421875,263.9334716796875
602,602,602,2021-06-25,273.7173767089844,259.6788330078125,267.49822998046875
603,603,603,2021-06-28,271.41754150390625,260.3688049316406,269.9130859375
604,604,604,2021-06-29,271.7433776855469,268.6194152832031,272.28955078125
605,605,605,2021-06-30,274.0815124511719,273.2765808105469,269.9418334960937
606,606,606,2021-07-01,273.3915710449219,273.87066650390625,272.1553955078125
607,607,607,2021-07-02,273.3244934082031,273.5928039550781,271.31219482421875
608,608,608,2021-07-06,272.14581298828125,273.7173767089844,259.6788330078125
609,609,609,2021-07-07,279.7735595703125,271.41754150390625,260.3688049316406
610,610,610,2021-07-08,275.49969482421875,271.7433776855469,268.6194152832031
611,611,611,2021-07-09,279.0453186035156,274.0815124511719,273.2765808105469
612,612,612,2021-07-12,280.6839599609375,273.3915710449219,273.87066650390625
613,613,613,2021-07-13,279.2657165527344,273.3244934082031,273.5928039550781
614,614,614,2021-07-14,279.6969299316406,272.14581298828125,273.7173767089844
615,615,615,2021-07-15,281.5559387207031,279.7735595703125,271.41754150390625
616,616,616,2021-07-16,281.6517639160156,275.49969482421875,271.7433776855469
617,617,617,2021-07-19,278.1349182128906,279.0453186035156,274.0815124511719
618,618,618,2021-07-20,283.5683288574219,280.6839599609375,273.3915710449219
619,619,619,2021-07-21,285.8393249511719,279.2657165527344,273.3244934082031
620,620,620,2021-07-22,285.0918884277344,279.6969299316406,272.14581298828125
621,621,621,2021-07-23,286.7593078613281,281.5559387207031,279.7735595703125
622,622,622,2021-07-26,285.3794250488281,281.6517639160156,275.49969482421875
623,623,623,2021-07-27,281.2396240234375,278.1349182128906,279.0453186035156
624,624,624,2021-07-28,286.692138671875,283.5683288574219,280.6839599609375
625,625,625,2021-07-29,292.087158203125,285.8393249511719,279.2657165527344
626,626,626,2021-07-30,294.5882873535156,285.0918884277344,279.6969299316406
627,627,627,2021-08-02,294.4828491210937,286.7593078613281,281.5559387207031
628,628,628,2021-08-03,298.0762939453125,285.3794250488281,281.6517639160156
629,629,629,2021-08-04,298.9004211425781,281.2396240234375,278.1349182128906
630,630,630,2021-08-05,300.6156921386719,286.692138671875,283.5683288574219
631,631,631,2021-08-06,301.2098083496094,292.087158203125,285.8393249511719
632,632,632,2021-08-09,300.9223937988281,294.5882873535156,285.0918884277344
633,633,633,2021-08-10,305.1195983886719,294.4828491210937,286.7593078613281
634,634,634,2021-08-11,303.2126159667969,298.0762939453125,285.3794250488281
635,635,635,2021-08-12,303.95050048828125,298.9004211425781,281.2396240234375
636,636,636,2021-08-13,304.3446350097656,300.6156921386719,286.692138671875
637,637,637,2021-08-16,307.1234436035156,301.2098083496094,292.087158203125
638,638,638,2021-08-17,301.19091796875,300.9223937988281,294.5882873535156
639,639,639,2021-08-18,300.5563659667969,305.1195983886719,294.4828491210937
640,640,640,2021-08-19,302.29669189453125,303.2126159667969,298.0762939453125
641,641,641,2021-08-20,302.9216613769531,303.95050048828125,298.9004211425781
642,642,642,2021-08-23,302.4696960449219,304.3446350097656,300.6156921386719
643,643,643,2021-08-24,304.267822265625,307.1234436035156,301.2098083496094
644,644,644,2021-08-25,307.07537841796875,301.19091796875,300.9223937988281
645,645,645,2021-08-26,307.4792175292969,300.5563659667969,305.1195983886719
646,646,646,2021-08-27,309.27716064453125,302.29669189453125,303.2126159667969
647,647,647,2021-08-30,312.2963562011719,302.9216613769531,303.95050048828125
648,648,648,2021-08-31,312.9212951660156,302.4696960449219,304.3446350097656
649,649,649,2021-09-01,310.5848083496094,304.267822265625,307.1234436035156
650,650,650,2021-09-02,314.5462341308594,307.07537841796875,301.19091796875
651,651,651,2021-09-03,311.527099609375,307.4792175292969,300.5563659667969
652,652,652,2021-09-07,306.20037841796875,309.27716064453125,302.29669189453125
653,653,653,2021-09-08,306.479248046875,312.2963562011719,302.9216613769531
654,654,654,2021-09-09,302.9024353027344,312.9212951660156,302.4696960449219
655,655,655,2021-09-10,301.99859619140625,310.5848083496094,304.267822265625
656,656,656,2021-09-13,303.6331787109375,314.5462341308594,307.07537841796875
657,657,657,2021-09-14,301.2486877441406,311.527099609375,307.4792175292969
658,658,658,2021-09-15,305.4408264160156,306.20037841796875,309.27716064453125
659,659,659,2021-09-16,304.8062438964844,306.479248046875,312.2963562011719
660,660,660,2021-09-17,299.5563659667969,302.9024353027344,312.9212951660156
661,661,661,2021-09-20,290.8259582519531,301.99859619140625,310.5848083496094
662,662,662,2021-09-21,288.614501953125,303.6331787109375,314.5462341308594
663,663,663,2021-09-22,290.3163757324219,301.2486877441406,311.527099609375
664,664,664,2021-09-23,292.4412536621094,305.4408264160156,306.20037841796875
665,665,665,2021-09-24,290.922119140625,304.8062438964844,306.479248046875
666,666,666,2021-09-27,291.17205810546875,299.5563659667969,302.9024353027344
667,667,667,2021-09-28,285.3164978027344,290.8259582519531,301.99859619140625
668,668,668,2021-09-29,286.3934326171875,288.614501953125,303.6331787109375
669,669,669,2021-09-30,282.7204895019531,290.3163757324219,301.2486877441406
670,670,670,2021-10-01,283.50885009765625,292.4412536621094,305.4408264160156
671,671,671,2021-10-04,281.4801330566406,290.922119140625,304.8062438964844
672,672,672,2021-10-05,286.84527587890625,291.17205810546875,299.5563659667969
673,673,673,2021-10-06,286.7299499511719,285.3164978027344,290.8259582519531
674,674,674,2021-10-07,293.1047058105469,286.3934326171875,288.614501953125
675,675,675,2021-10-08,289.7298278808594,282.7204895019531,290.3163757324219
676,676,676,2021-10-11,287.1914367675781,283.50885009765625,292.4412536621094
677,677,677,2021-10-12,286.4895935058594,281.4801330566406,290.922119140625
678,678,678,2021-10-13,288.3260192871094,286.84527587890625,291.17205810546875
679,679,679,2021-10-14,298.2391357421875,286.7299499511719,285.3164978027344
680,680,680,2021-10-15,302.1044006347656,293.1047058105469,286.3934326171875
681,681,681,2021-10-18,302.86395263671875,289.7298278808594,282.7204895019531
682,682,682,2021-10-19,303.96978759765625,287.1914367675781,283.50885009765625
683,683,683,2021-10-20,307.10418701171875,286.4895935058594,281.4801330566406
684,684,684,2021-10-21,305.4696044921875,288.3260192871094,286.84527587890625
685,685,685,2021-10-22,304.12353515625,298.2391357421875,286.7299499511719
686,686,686,2021-10-25,303.5274353027344,302.1044006347656,293.1047058105469
687,687,687,2021-10-26,303.421630859375,302.86395263671875,289.7298278808594
688,688,688,2021-10-27,301.6332702636719,303.96978759765625,287.1914367675781
689,689,689,2021-10-28,306.44073486328125,307.10418701171875,286.4895935058594
690,690,690,2021-10-29,307.10418701171875,305.4696044921875,288.3260192871094
691,691,691,2021-11-01,307.5753479003906,304.12353515625,298.2391357421875
692,692,692,2021-11-02,330.1899108886719,303.5274353027344,302.1044006347656
693,693,693,2021-11-03,326.2380676269531,303.421630859375,302.86395263671875
694,694,694,2021-11-04,328.7283935546875,301.6332702636719,303.96978759765625
695,695,695,2021-11-05,325.95928955078125,306.44073486328125,307.10418701171875
696,696,696,2021-11-08,322.565185546875,307.10418701171875,305.4696044921875
697,697,697,2021-11-09,322.718994140625,307.5753479003906,304.12353515625
698,698,698,2021-11-10,320.6421813964844,330.1899108886719,303.5274353027344
699,699,699,2021-11-11,316.9692077636719,326.2380676269531,303.421630859375
700,700,700,2021-11-12,322.7000732421875,328.7283935546875,301.6332702636719
701,701,701,2021-11-15,323.25958251953125,325.95928955078125,306.44073486328125
702,702,702,2021-11-16,328.5755615234375,322.565185546875,307.10418701171875
703,703,703,2021-11-17,329.9069519042969,322.718994140625,307.5753479003906
704,704,704,2021-11-18,332.62762451171875,320.6421813964844,330.1899108886719
705,705,705,2021-11-19,335.90789794921875,316.9692077636719,326.2380676269531
706,706,706,2021-11-22,335.0202941894531,322.7000732421875,328.7283935546875
707,707,707,2021-11-23,333.7757263183594,323.25958251953125,325.95928955078125
708,708,708,2021-11-24,332.7916564941406,328.5755615234375,322.565185546875
709,709,709,2021-11-26,327.2538146972656,329.9069519042969,322.718994140625
710,710,710,2021-11-29,328.585205078125,332.62762451171875,320.6421813964844
711,711,711,2021-11-30,324.3594970703125,335.90789794921875,316.9692077636719
712,712,712,2021-12-01,320.3170166015625,335.0202941894531,322.7000732421875
713,713,713,2021-12-02,331.5567321777344,333.7757263183594,323.25958251953125
714,714,714,2021-12-03,333.302978515625,332.7916564941406,328.5755615234375
715,715,715,2021-12-06,332.77227783203125,327.2538146972656,329.9069519042969
716,716,716,2021-12-07,338.4066772460937,328.585205078125,332.62762451171875
717,717,717,2021-12-08,336.17803955078125,324.3594970703125,335.90789794921875
718,718,718,2021-12-09,334.3642272949219,320.3170166015625,335.0202941894531
719,719,719,2021-12-10,338.2909240722656,331.5567321777344,333.7757263183594
720,720,720,2021-12-13,338.65753173828125,333.302978515625,332.7916564941406
721,721,721,2021-12-14,330.5533447265625,332.77227783203125,327.2538146972656
722,722,722,2021-12-15,338.9758605957031,338.4066772460937,328.585205078125
723,723,723,2021-12-16,336.5832214355469,336.17803955078125,324.3594970703125
724,724,724,2021-12-17,329.7236633300781,334.3642272949219,320.3170166015625
725,725,725,2021-12-20,324.7357177734375,338.2909240722656,331.5567321777344
726,726,726,2021-12-21,327.7458190917969,338.65753173828125,333.302978515625
727,727,727,2021-12-22,326.5205993652344,330.5533447265625,332.77227783203125
728,728,728,2021-12-23,328.14141845703125,338.9758605957031,338.4066772460937
729,729,729,2021-12-27,336.04296875,336.5832214355469,336.17803955078125
730,730,730,2021-12-28,336.0718994140625,329.7236633300781,334.3642272949219
731,731,731,2021-12-29,336.7665100097656,324.7357177734375,338.2909240722656
732,732,732,2021-12-30,334.6247253417969,327.7458190917969,338.65753173828125
733,733,733,2021-12-31,336.5639343261719,326.5205993652344,330.5533447265625
734,734,734,2022-01-03,327.6976013183594,328.14141845703125,338.9758605957031
735,735,735,2022-01-04,331.0164489746094,336.04296875,336.5832214355469
736,736,736,2022-01-05,325.47857666015625,336.0718994140625,329.7236633300781
737,737,737,2022-01-06,323.3078308105469,336.7665100097656,324.7357177734375
738,738,738,2022-01-07,316.33251953125,334.6247253417969,327.7458190917969
739,739,739,2022-01-10,318.5225524902344,336.5639343261719,326.5205993652344
740,740,740,2022-01-11,323.20172119140625,327.6976013183594,328.14141845703125
741,741,741,2022-01-12,323.2982482910156,331.0164489746094,336.04296875
742,742,742,2022-01-13,318.3874816894531,325.47857666015625,336.0718994140625
743,743,743,2022-01-14,313.60211181640625,323.3078308105469,336.7665100097656
744,744,744,2022-01-18,306.3180236816406,316.33251953125,334.6247253417969
745,745,745,2022-01-19,304.513916015625,318.5225524902344,336.5639343261719
746,746,746,2022-01-20,302.7001037597656,323.20172119140625,327.6976013183594
747,747,747,2022-01-21,303.1825256347656,323.2982482910156,331.0164489746094
748,748,748,2022-01-24,300.7995300292969,318.3874816894531,325.47857666015625
749,749,749,2022-01-25,291.0069885253906,313.60211181640625,323.3078308105469
750,750,750,2022-01-26,287.5433959960937,306.3180236816406,316.33251953125
751,751,751,2022-01-27,276.8729248046875,304.513916015625,318.5225524902344
752,752,752,2022-01-28,274.5767822265625,302.7001037597656,323.20172119140625
753,753,753,2022-01-31,279.0340270996094,303.1825256347656,323.2982482910156
754,754,754,2022-02-01,279.883056640625,300.7995300292969,318.3874816894531
755,755,755,2022-02-02,283.9833679199219,291.0069885253906,313.60211181640625
756,756,756,2022-02-03,274.6925048828125,287.5433959960937,306.3180236816406
757,757,757,2022-02-04,270.7947998046875,276.8729248046875,304.513916015625
758,758,758,2022-02-07,270.3992614746094,274.5767822265625,302.7001037597656
759,759,759,2022-02-08,271.1324768066406,279.0340270996094,303.1825256347656
760,760,760,2022-02-09,276.34228515625,279.883056640625,300.7995300292969
761,761,761,2022-02-10,267.5627746582031,283.9833679199219,291.0069885253906
762,762,762,2022-02-11,259.9391784667969,274.6925048828125,287.5433959960937
763,763,763,2022-02-14,259.9682006835937,270.7947998046875,276.8729248046875
764,764,764,2022-02-15,263.77520751953125,270.3992614746094,274.5767822265625
765,765,765,2022-02-16,264.4629821777344,271.1324768066406,279.0340270996094
766,766,766,2022-02-17,258.11798095703125,276.34228515625,279.883056640625
767,767,767,2022-02-18,256.3065795898437,267.5627746582031,283.9833679199219
768,768,768,2022-02-22,255.66717529296875,259.9391784667969,274.6925048828125
769,769,769,2022-02-23,249.14794921875,259.9682006835937,270.7947998046875
770,770,770,2022-02-24,257.73052978515625,263.77520751953125,270.3992614746094
771,771,771,2022-02-25,260.8497314453125,264.4629821777344,271.1324768066406
772,772,772,2022-02-28,258.2342834472656,258.11798095703125,276.34228515625
773,773,773,2022-03-01,253.9138946533203,256.3065795898437,267.5627746582031
774,774,774,2022-03-02,260.3266296386719,255.66717529296875,259.9391784667969
775,775,775,2022-03-03,261.9927978515625,249.14794921875,259.9682006835937
776,776,776,2022-03-04,260.6366271972656,257.73052978515625,263.77520751953125
777,777,777,2022-03-07,256.2581481933594,260.8497314453125,264.4629821777344
778,778,778,2022-03-08,264.8988647460937,258.2342834472656,258.11798095703125
779,779,779,2022-03-09,262.5546569824219,253.9138946533203,256.3065795898437
780,780,780,2022-03-10,254.33041381835932,260.3266296386719,255.66717529296875
781,781,781,2022-03-11,248.96388244628903,261.9927978515625,249.14794921875
782,782,782,2022-03-14,248.3245391845703,260.6366271972656,257.73052978515625
783,783,783,2022-03-15,252.84832763671875,256.2581481933594,260.8497314453125
784,784,784,2022-03-16,260.0747985839844,264.8988647460937,258.2342834472656
785,785,785,2022-03-17,262.515869140625,262.5546569824219,253.9138946533203
786,786,786,2022-03-18,267.1946716308594,254.33041381835932,260.3266296386719
787,787,787,2022-03-21,264.3660888671875,248.96388244628903,261.9927978515625
788,788,788,2022-03-22,265.5672607421875,248.3245391845703,260.6366271972656
789,789,789,2022-03-23,261.9734191894531,252.84832763671875,256.2581481933594
790,790,790,2022-03-24,266.39068603515625,260.0747985839844,264.8988647460937
791,791,791,2022-03-25,270.4397888183594,262.515869140625,262.5546569824219
792,792,792,2022-03-28,271.4666442871094,267.1946716308594,254.33041381835932
793,793,793,2022-03-29,275.9710693359375,264.3660888671875,248.96388244628903
794,794,794,2022-03-30,271.9316101074219,265.5672607421875,248.3245391845703
795,795,795,2022-03-31,271.2631530761719,261.9734191894531,252.84832763671875
796,796,796,2022-04-01,275.5738525390625,266.39068603515625,260.0747985839844
797,797,797,2022-04-04,272.3675842285156,270.4397888183594,262.515869140625
798,798,798,2022-04-05,270.3622741699219,271.4666442871094,267.1946716308594
799,799,799,2022-04-06,263.7074279785156,275.9710693359375,264.3660888671875
800,800,800,2022-04-07,262.5643310546875,271.9316101074219,265.5672607421875
801,801,801,2022-04-08,260.97564697265625,271.2631530761719,261.9734191894531
802,802,802,2022-04-11,257.7499084472656,275.5738525390625,266.39068603515625
803,803,803,2022-04-12,254.67919921875,272.3675842285156,270.4397888183594
804,804,804,2022-04-13,258.67987060546875,270.3622741699219,271.4666442871094
805,805,805,2022-04-14,253.46826171875,263.7074279785156,275.9710693359375
806,806,806,2022-04-18,253.28424072265625,262.5643310546875,271.9316101074219
807,807,807,2022-04-19,262.4287109375,260.97564697265625,271.2631530761719
808,808,808,2022-04-20,264.0076904296875,257.7499084472656,275.5738525390625
809,809,809,2022-04-21,263.2521057128906,254.67919921875,272.3675842285156
810,810,810,2022-04-22,252.3737030029297,258.67987060546875,270.3622741699219
811,811,811,2022-04-25,253.1292266845703,253.46826171875,263.7074279785156
812,812,812,2022-04-26,244.3141632080078,253.28424072265625,262.5643310546875
813,813,813,2022-04-27,248.75076293945312,262.4287109375,260.97564697265625
814,814,814,2022-04-28,255.1053771972656,264.0076904296875,257.7499084472656
815,815,815,2022-04-29,244.75973510742188,263.2521057128906,254.67919921875
816,816,816,2022-05-02,242.21209716796875,252.3737030029297,258.67987060546875
817,817,817,2022-05-03,207.0485076904297,253.1292266845703,253.46826171875
818,818,818,2022-05-04,215.3889617919922,244.3141632080078,253.28424072265625
819,819,819,2022-05-05,207.72657775878903,248.75076293945312,262.4287109375
820,820,820,2022-05-06,207.79440307617188,255.1053771972656,264.0076904296875
821,821,821,2022-05-09,196.8578643798828,244.75973510742188,263.2521057128906
822,822,822,2022-05-10,198.6983642578125,242.21209716796875,252.3737030029297
823,823,823,2022-05-11,192.7699584960937,207.0485076904297,253.1292266845703
824,824,824,2022-05-12,197.4487762451172,215.3889617919922,244.3141632080078
825,825,825,2022-05-13,198.5299530029297,207.72657775878903,248.75076293945312
826,826,826,2022-05-16,197.13706970214844,207.79440307617188,255.1053771972656
827,827,827,2022-05-17,198.9390411376953,196.8578643798828,244.75973510742188
828,828,828,2022-05-18,190.32847595214844,198.6983642578125,242.21209716796875
829,829,829,2022-05-19,193.56231689453125,192.7699584960937,207.0485076904297
830,830,830,2022-05-20,194.33181762695312,197.4487762451172,215.3889617919922
831,831,831,2022-05-23,197.4000701904297,198.5299530029297,207.72657775878903
832,832,832,2022-05-24,193.0363311767578,197.13706970214844,207.79440307617188
833,833,833,2022-05-25,193.66946411132807,198.9390411376953,196.8578643798828
834,834,834,2022-05-26,199.42608642578125,190.32847595214844,198.6983642578125
835,835,835,2022-05-27,205.5430908203125,193.56231689453125,192.7699584960937
836,836,836,2022-05-31,207.66650390625,194.33181762695312,197.4487762451172
837,837,837,2022-06-01,211.37759399414065,197.4000701904297,198.5299530029297
838,838,838,2022-06-02,214.4458465576172,193.0363311767578,197.13706970214844
839,839,839,2022-06-03,212.6049194335937,193.66946411132807,198.9390411376953
840,840,840,2022-06-06,209.28341674804688,199.42608642578125,190.32847595214844
841,841,841,2022-06-07,211.6503295898437,205.5430908203125,193.56231689453125
842,842,842,2022-06-08,209.29315185546875,207.66650390625,194.33181762695312
843,843,843,2022-06-09,207.763900756836,211.37759399414065,197.4000701904297
844,844,844,2022-06-10,203.32228088378903,214.4458465576172,193.0363311767578
845,845,845,2022-06-13,196.3480987548828,212.6049194335937,193.66946411132807
846,846,846,2022-06-14,195.2181854248047,209.28341674804688,199.42608642578125
847,847,847,2022-06-15,200.3221893310547,211.6503295898437,205.5430908203125
848,848,848,2022-06-16,192.8707427978516,209.29315185546875,207.66650390625
849,849,849,2022-06-17,186.13034057617188,207.763900756836,211.37759399414065
850,850,850,2022-06-21,188.37066650390625,203.32228088378903,214.4458465576172
851,851,851,2022-06-22,190.58175659179688,196.3480987548828,212.6049194335937
852,852,852,2022-06-23,192.0623016357422,195.2181854248047,209.28341674804688
853,853,853,2022-06-24,195.8415679931641,200.3221893310547,211.6503295898437
854,854,854,2022-06-27,196.07537841796875,192.8707427978516,209.29315185546875
855,855,855,2022-06-28,192.5103454589844,186.13034057617188,207.763900756836
856,856,856,2022-06-29,192.05255126953125,188.37066650390625,203.32228088378903
857,857,857,2022-06-30,194.1370086669922,190.58175659179688,196.3480987548828
858,858,858,2022-07-01,193.55259704589844,192.0623016357422,195.2181854248047
859,859,859,2022-07-05,194.43896484375,195.8415679931641,200.3221893310547
860,860,860,2022-07-06,195.36428833007807,196.07537841796875,192.8707427978516
861,861,861,2022-07-07,197.6630401611328,192.5103454589844,186.13034057617188
862,862,862,2022-07-08,194.9357452392578,192.05255126953125,188.37066650390625
863,863,863,2022-07-11,195.62728881835932,194.1370086669922,190.58175659179688
864,864,864,2022-07-12,193.31881713867188,193.55259704589844,192.0623016357422
865,865,865,2022-07-13,192.8123016357422,194.43896484375,195.8415679931641
866,866,866,2022-07-14,194.4973907470703,195.36428833007807,196.07537841796875
867,867,867,2022-07-15,200.9942779541016,197.6630401611328,192.5103454589844
868,868,868,2022-07-18,199.38710021972656,194.9357452392578,192.05255126953125
869,869,869,2022-07-19,210.783447265625,195.62728881835932,194.1370086669922
870,870,870,2022-07-20,210.2574462890625,193.31881713867188,193.55259704589844
871,871,871,2022-07-21,214.7770233154297,192.8123016357422,194.43896484375
872,872,872,2022-07-22,215.84848022460932,194.4973907470703,195.36428833007807
873,873,873,2022-07-25,214.2510528564453,200.9942779541016,197.6630401611328
874,874,874,2022-07-26,213.7347869873047,199.38710021972656,194.9357452392578
875,875,875,2022-07-27,234.218994140625,210.783447265625,195.62728881835932
876,876,876,2022-07-28,240.8132476806641,210.2574462890625,193.31881713867188
877,877,877,2022-07-29,248.65432739257807,214.7770233154297,192.8123016357422
878,878,878,2022-08-01,246.01466369628903,215.84848022460932,194.4973907470703
879,879,879,2022-08-02,241.8165283203125,214.2510528564453,200.9942779541016
880,880,880,2022-08-03,244.55360412597656,213.7347869873047,199.38710021972656
881,881,881,2022-08-04,247.3686065673828,234.218994140625,210.783447265625
882,882,882,2022-08-05,245.69322204589844,240.8132476806641,210.2574462890625
883,883,883,2022-08-08,244.05682373046875,248.65432739257807,214.7770233154297
884,884,884,2022-08-09,238.79698181152344,246.01466369628903,215.84848022460932
885,885,885,2022-08-10,247.02767944335932,241.8165283203125,214.2510528564453
886,886,886,2022-08-11,246.35557556152344,244.55360412597656,213.7347869873047
887,887,887,2022-08-12,252.186752319336,247.3686065673828,234.218994140625
888,888,888,2022-08-15,253.2238006591797,245.69322204589844,240.8132476806641
889,889,889,2022-08-16,253.83041381835932,244.05682373046875,248.65432739257807
890,890,890,2022-08-17,250.3767242431641,238.79698181152344,246.01466369628903
891,891,891,2022-08-18,250.85610961914065,247.02767944335932,241.8165283203125
892,892,892,2022-08-19,246.1696929931641,246.35557556152344,244.55360412597656
893,893,893,2022-08-22,238.6263885498047,252.186752319336,247.3686065673828
894,894,894,2022-08-23,238.15676879882807,253.2238006591797,245.69322204589844
895,895,895,2022-08-24,237.88282775878903,253.83041381835932,244.05682373046875
896,896,896,2022-08-25,241.5223999023437,250.3767242431641,238.79698181152344
897,897,897,2022-08-26,231.7581787109375,250.85610961914065,247.02767944335932
898,898,898,2022-08-29,232.77569580078125,246.1696929931641,246.35557556152344
899,899,899,2022-08-30,231.5135803222656,238.6263885498047,252.186752319336
900,900,900,2022-08-31,231.8168792724609,238.15676879882807,253.2238006591797
901,901,901,2022-09-01,236.54244995117188,237.88282775878903,253.83041381835932
902,902,902,2022-09-02,232.86373901367188,241.5223999023437,250.3767242431641
903,903,903,2022-09-06,233.1083374023437,231.7581787109375,250.85610961914065
904,904,904,2022-09-07,237.745834350586,232.77569580078125,246.1696929931641
905,905,905,2022-09-08,239.63412475585932,231.5135803222656,238.6263885498047
906,906,906,2022-09-09,249.8581695556641,231.8168792724609,238.15676879882807
907,907,907,2022-09-12,251.50184631347656,236.54244995117188,237.88282775878903
908,908,908,2022-09-13,242.2561798095703,232.86373901367188,241.5223999023437
909,909,909,2022-09-14,245.5631103515625,233.1083374023437,231.7581787109375
910,910,910,2022-09-15,239.8689422607422,237.745834350586,232.77569580078125
911,911,911,2022-09-16,232.7561187744141,239.63412475585932,231.5135803222656
912,912,912,2022-09-19,236.9240264892578,249.8581695556641,231.8168792724609
913,913,913,2022-09-20,231.04396057128903,251.50184631347656,236.54244995117188
914,914,914,2022-09-21,226.06402587890625,242.2561798095703,232.86373901367188
915,915,915,2022-09-22,220.1350555419922,245.5631103515625,233.1083374023437
916,916,916,2022-09-23,215.00833129882807,239.8689422607422,237.745834350586
917,917,917,2022-09-26,210.76217651367188,232.7561187744141,239.63412475585932
918,918,918,2022-09-27,207.54335021972656,236.9240264892578,249.8581695556641
919,919,919,2022-09-28,212.6309051513672,231.04396057128903,251.50184631347656
920,920,920,2022-09-29,211.1143951416016,226.06402587890625,242.2561798095703
921,921,921,2022-09-30,210.4589080810547,220.1350555419922,245.5631103515625
922,922,922,2022-10-03,220.76119995117188,215.00833129882807,239.8689422607422
923,923,923,2022-10-04,226.8173828125,210.76217651367188,232.7561187744141
924,924,924,2022-10-05,229.63511657714844,207.54335021972656,236.9240264892578
925,925,925,2022-10-06,228.07948303222656,212.6309051513672,231.04396057128903
926,926,926,2022-10-07,220.5361785888672,211.1143951416016,226.06402587890625
927,927,927,2022-10-10,220.4579162597656,210.4589080810547,220.1350555419922
928,928,928,2022-10-11,221.04495239257807,220.76119995117188,215.00833129882807
929,929,929,2022-10-12,220.4676971435547,226.8173828125,210.76217651367188
930,930,930,2022-10-13,226.9641265869141,229.63511657714844,207.54335021972656
931,931,931,2022-10-14,219.0392608642578,228.07948303222656,212.6309051513672
932,932,932,2022-10-17,225.7216033935547,220.5361785888672,211.1143951416016
933,933,933,2022-10-18,231.6701202392578,220.4579162597656,210.4589080810547
934,934,934,2022-10-19,228.8719482421875,221.04495239257807,220.76119995117188
935,935,935,2022-10-20,220.3405303955078,220.4676971435547,226.8173828125
936,936,936,2022-10-21,226.8565216064453,226.9641265869141,229.63511657714844
937,937,937,2022-10-24,230.18299865722656,219.0392608642578,228.07948303222656
938,938,938,2022-10-25,236.425048828125,225.7216033935547,220.5361785888672
939,939,939,2022-10-26,235.74996948242188,231.6701202392578,220.4579162597656
940,940,940,2022-10-27,241.3169403076172,228.8719482421875,221.04495239257807
941,941,941,2022-10-28,251.52137756347656,220.3405303955078,220.4676971435547
942,942,942,2022-10-31,249.7799072265625,226.8565216064453,226.9641265869141
943,943,943,2022-11-01,250.122314453125,230.18299865722656,219.0392608642578
944,944,944,2022-11-02,230.2906188964844,236.425048828125,225.7216033935547
945,945,945,2022-11-03,237.5795135498047,235.74996948242188,231.6701202392578
946,946,946,2022-11-04,242.0800628662109,241.3169403076172,228.8719482421875
947,947,947,2022-11-07,245.4652404785156,251.52137756347656,220.3405303955078
948,948,948,2022-11-08,248.83090209960932,249.7799072265625,226.8565216064453
949,949,949,2022-11-09,247.96990966796875,250.122314453125,230.18299865722656
950,950,950,2022-11-10,261.01373291015625,230.2906188964844,236.425048828125
951,951,951,2022-11-11,268.8675537109375,237.5795135498047,235.74996948242188
952,952,952,2022-11-14,262.8321838378906,242.0800628662109,241.3169403076172
953,953,953,2022-11-15,264.945556640625,245.4652404785156,251.52137756347656
954,954,954,2022-11-16,259.8046875,248.83090209960932,249.7799072265625
955,955,955,2022-11-17,254.2608337402344,247.96990966796875,250.122314453125
956,956,956,2022-11-18,260.22735595703125,261.01373291015625,230.2906188964844
957,957,957,2022-11-21,259.096923828125,268.8675537109375,237.5795135498047
958,958,958,2022-11-22,262.4193420410156,262.8321838378906,242.0800628662109
959,959,959,2022-11-23,262.0654602050781,264.945556640625,245.4652404785156
960,960,960,2022-11-25,260.34527587890625,259.8046875,248.83090209960932
961,961,961,2022-11-28,256.2660217285156,254.2608337402344,247.96990966796875
962,962,962,2022-11-29,255.2044677734375,260.22735595703125,261.01373291015625
963,963,963,2022-11-30,259.7162170410156,259.096923828125,268.8675537109375
964,964,964,2022-12-01,262.2030944824219,262.4193420410156,262.8321838378906
965,965,965,2022-12-02,260.9645690917969,262.0654602050781,264.945556640625
966,966,966,2022-12-05,258.1926574707031,260.34527587890625,259.8046875
967,967,967,2022-12-06,252.3931884765625,256.2660217285156,254.2608337402344
968,968,968,2022-12-07,250.42730712890625,255.2044677734375,260.22735595703125
969,969,969,2022-12-08,252.7863922119141,259.7162170410156,259.096923828125
970,970,970,2022-12-09,255.38137817382807,262.2030944824219,262.4193420410156
971,971,971,2022-12-12,259.9423217773437,260.9645690917969,262.0654602050781
972,972,972,2022-12-13,267.0982360839844,258.1926574707031,260.34527587890625
973,973,973,2022-12-14,264.58184814453125,252.3931884765625,256.2660217285156
974,974,974,2022-12-15,252.76670837402344,250.42730712890625,255.2044677734375
975,975,975,2022-12-16,248.7562866210937,252.7863922119141,259.7162170410156
976,976,976,2022-12-19,246.38735961914065,255.38137817382807,262.2030944824219
977,977,977,2022-12-20,250.06358337402344,259.9423217773437,260.9645690917969
978,978,978,2022-12-21,254.9390411376953,267.0982360839844,258.1926574707031
979,979,979,2022-12-22,251.6068572998047,264.58184814453125,252.3931884765625
980,980,980,2022-12-23,252.3637084960937,252.76670837402344,250.42730712890625
981,981,981,2022-12-27,253.159912109375,248.7562866210937,252.7863922119141
982,982,982,2022-12-28,250.84014892578125,246.38735961914065,255.38137817382807
983,983,983,2022-12-29,255.2044677734375,250.06358337402344,259.9423217773437
984,984,984,2022-12-30,253.17958068847656,254.9390411376953,267.0982360839844
985,985,985,2023-01-03,256.9639587402344,251.6068572998047,264.58184814453125
986,986,986,2023-01-04,256.089111328125,252.3637084960937,252.76670837402344
987,987,987,2023-01-05,254.17237854003903,253.159912109375,248.7562866210937
988,988,988,2023-01-06,262.9599914550781,250.84014892578125,246.38735961914065
989,989,989,2023-01-09,264.7489318847656,255.2044677734375,250.06358337402344
990,990,990,2023-01-10,267.0294189453125,253.17958068847656,254.9390411376953
991,991,991,2023-01-11,275.3255310058594,256.9639587402344,251.6068572998047
992,992,992,2023-01-12,276.6132202148437,256.089111328125,252.3637084960937
993,993,993,2023-01-13,280.3778991699219,254.17237854003903,253.159912109375
994,994,994,2023-01-17,277.3798828125,262.9599914550781,250.84014892578125
995,995,995,2023-01-18,269.74237060546875,264.7489318847656,255.2044677734375
996,996,996,2023-01-19,260.7974853515625,267.0294189453125,253.17958068847656
997,997,997,2023-01-20,265.3976745605469,275.3255310058594,256.9639587402344
998,998,998,2023-01-23,270.9219055175781,276.6132202148437,256.089111328125
999,999,999,2023-01-24,273.24169921875,280.3778991699219,254.17237854003903
1000,1000,1000,2023-01-25,273.3399353027344,277.3798828125,262.9599914550781
1001,1001,1001,2023-01-26,277.0653381347656,269.74237060546875,264.7489318847656
1002,1002,1002,2023-01-27,281.5771179199219,260.7974853515625,267.0294189453125
1003,1003,1003,2023-01-30,273.7528381347656,265.3976745605469,275.3255310058594
1004,1004,1004,2023-01-31,277.2226257324219,270.9219055175781,276.6132202148437
1005,1005,1005,2023-02-01,278.0483093261719,273.24169921875,280.3778991699219
1006,1006,1006,2023-02-02,286.197021484375,273.3399353027344,277.3798828125
1007,1007,1007,2023-02-03,285.0174560546875,277.0653381347656,269.74237060546875
1008,1008,1008,2023-02-06,282.815673828125,281.5771179199219,260.7974853515625
1009,1009,1009,2023-02-07,284.4571838378906,273.7528381347656,265.3976745605469
1010,1010,1010,2023-02-08,280.55487060546875,277.2226257324219,270.9219055175781
1011,1011,1011,2023-02-09,282.7959899902344,278.0483093261719,273.24169921875
1012,1012,1012,2023-02-10,280.3189392089844,286.197021484375,273.3399353027344
1013,1013,1013,2023-02-13,288.7821655273437,285.0174560546875,277.0653381347656
1014,1014,1014,2023-02-14,288.1727294921875,282.815673828125,281.5771179199219
1015,1015,1015,2023-02-15,292.96954345703125,284.4571838378906,273.7528381347656
1016,1016,1016,2023-02-16,290.8365478515625,280.55487060546875,277.2226257324219
1017,1017,1017,2023-02-17,293.81695556640625,282.7959899902344,278.0483093261719
1018,1018,1018,2023-02-21,284.9349365234375,280.3189392089844,286.197021484375
1019,1019,1019,2023-02-22,285.1520690917969,288.7821655273437,285.0174560546875
1020,1020,1020,2023-02-23,288.12261962890625,288.1727294921875,282.815673828125
1021,1021,1021,2023-02-24,286.5830993652344,292.96954345703125,284.4571838378906
1022,1022,1022,2023-02-27,290.5306396484375,290.8365478515625,280.55487060546875
1023,1023,1023,2023-02-28,291.06353759765625,293.81695556640625,282.7959899902344
1024,1024,1024,2023-03-01,288.8134460449219,284.9349365234375,280.3189392089844
1025,1025,1025,2023-03-02,292.6524353027344,285.1520690917969,288.7821655273437
1026,1026,1026,2023-03-03,298.62310791015625,288.12261962890625,288.1727294921875
1027,1027,1027,2023-03-06,301.5541687011719,286.5830993652344,292.96954345703125
1028,1028,1028,2023-03-07,295.40582275390625,290.5306396484375,290.8365478515625
1029,1029,1029,2023-03-08,298.3369140625,291.06353759765625,293.81695556640625
1030,1030,1030,2023-03-09,295.001220703125,288.8134460449219,284.9349365234375
1031,1031,1031,2023-03-10,285.2803649902344,292.6524353027344,285.1520690917969
1032,1032,1032,2023-03-13,282.2604675292969,298.62310791015625,288.12261962890625
1033,1033,1033,2023-03-14,290.4417724609375,301.5541687011719,286.5830993652344
1034,1034,1034,2023-03-15,273.0330810546875,295.40582275390625,290.5306396484375
1035,1035,1035,2023-03-16,278.32275390625,298.3369140625,291.06353759765625
1036,1036,1036,2023-03-17,269.13482666015625,295.001220703125,288.8134460449219
1037,1037,1037,2023-03-20,274.68115234375,285.2803649902344,292.6524353027344
1038,1038,1038,2023-03-21,279.4478454589844,282.2604675292969,298.62310791015625
1039,1039,1039,2023-03-22,273.9903259277344,290.4417724609375,301.5541687011719
1040,1040,1040,2023-03-23,274.7699890136719,273.0330810546875,295.40582275390625
1041,1041,1041,2023-03-24,273.9607238769531,278.32275390625,298.3369140625
1042,1042,1042,2023-03-27,274.750244140625,269.13482666015625,295.001220703125
1043,1043,1043,2023-03-28,275.1252746582031,274.68115234375,285.2803649902344
1044,1044,1044,2023-03-29,280.80975341796875,279.4478454589844,282.2604675292969
1045,1045,1045,2023-03-30,283.76055908203125,273.9903259277344,290.4417724609375
1046,1046,1046,2023-03-31,289.6029357910156,274.7699890136719,273.0330810546875
1047,1047,1047,2023-04-03,287.4712829589844,273.9607238769531,278.32275390625
1048,1048,1048,2023-04-04,275.10552978515625,274.750244140625,269.13482666015625
1049,1049,1049,2023-04-05,269.5888366699219,275.1252746582031,274.68115234375
1050,1050,1050,2023-04-06,268.5821838378906,280.80975341796875,279.4478454589844
1051,1051,1051,2023-04-10,271.6217956542969,283.76055908203125,273.9903259277344
1052,1052,1052,2023-04-11,274.86865234375,289.6029357910156,274.7699890136719
1053,1053,1053,2023-04-12,277.4345703125,287.4712829589844,273.9607238769531
1054,1054,1054,2023-04-13,274.4640197753906,275.10552978515625,274.750244140625
1055,1055,1055,2023-04-14,273.6646423339844,269.5888366699219,275.1252746582031
1056,1056,1056,2023-04-17,274.1976013183594,268.5821838378906,280.80975341796875
1057,1057,1057,2023-04-18,273.2304077148437,271.6217956542969,283.76055908203125
1058,1058,1058,2023-04-19,270.7237548828125,274.86865234375,289.6029357910156
1059,1059,1059,2023-04-20,270.2401428222656,277.4345703125,287.4712829589844
1060,1060,1060,2023-04-21,271.83892822265625,274.4640197753906,275.10552978515625
1061,1061,1061,2023-04-24,272.4606628417969,273.6646423339844,269.5888366699219
1062,1062,1062,2023-04-25,271.3257141113281,274.1976013183594,268.5821838378906
1063,1063,1063,2023-04-26,267.0821228027344,273.2304077148437,271.6217956542969
1064,1064,1064,2023-04-27,279.9017944335937,270.7237548828125,274.86865234375
1065,1065,1065,2023-04-28,279.694580078125,270.2401428222656,277.4345703125
1066,1066,1066,2023-05-01,278.9445495605469,271.83892822265625,274.4640197753906
1067,1067,1067,2023-05-02,275.36212158203125,272.4606628417969,273.6646423339844
1068,1068,1068,2023-05-03,274.97723388671875,271.3257141113281,274.1976013183594
1069,1069,1069,2023-05-04,275.5397644042969,267.0821228027344,273.2304077148437
1070,1070,1070,2023-05-05,279.7044372558594,279.9017944335937,270.7237548828125
1071,1071,1071,2023-05-08,277.41485595703125,279.694580078125,270.2401428222656
1072,1072,1072,2023-05-09,274.1186218261719,278.9445495605469,271.83892822265625
1073,1073,1073,2023-05-10,266.5491638183594,275.36212158203125,272.4606628417969
1074,1074,1074,2023-05-11,266.9439392089844,274.97723388671875,271.3257141113281
1075,1075,1075,2023-05-12,269.4715270996094,275.5397644042969,267.0821228027344
1076,1076,1076,2023-05-15,271.73150634765625,279.7044372558594,279.9017944335937
1077,1077,1077,2023-05-16,267.6080627441406,277.41485595703125,279.694580078125
1078,1078,1078,2023-05-17,272.2172241210937,274.1186218261719,278.9445495605469
1079,1079,1079,2023-05-18,278.6402587890625,266.5491638183594,275.36212158203125
1080,1080,1080,2023-05-19,278.8385314941406,266.9439392089844,274.97723388671875
1081,1081,1081,2023-05-22,279.98834228515625,269.4715270996094,275.5397644042969
1082,1082,1082,2023-05-23,276.0135498046875,271.73150634765625,279.7044372558594
1083,1083,1083,2023-05-24,267.845947265625,267.6080627441406,277.41485595703125
1084,1084,1084,2023-05-25,271.0277404785156,272.2172241210937,274.1186218261719
1085,1085,1085,2023-05-26,283.7153015136719,278.6402587890625,266.5491638183594
1086,1086,1086,2023-05-30,284.2703857421875,278.8385314941406,266.9439392089844
1087,1087,1087,2023-05-31,276.15234375,279.98834228515625,269.4715270996094
1088,1088,1088,2023-06-01,278.0058898925781,276.0135498046875,271.73150634765625
1089,1089,1089,2023-06-02,290.2672119140625,267.845947265625,267.6080627441406
1090,1090,1090,2023-06-05,289.1471252441406,271.0277404785156,272.2172241210937
1091,1091,1091,2023-06-06,289.4246826171875,283.7153015136719,278.6402587890625
1092,1092,1092,2023-06-07,296.47222900390625,284.2703857421875,278.8385314941406
1093,1093,1093,2023-06-08,300.2586975097656,276.15234375,279.98834228515625
1094,1094,1094,2023-06-09,302.81597900390625,278.0058898925781,276.0135498046875
1095,1095,1095,2023-06-12,307.0583801269531,290.2672119140625,267.845947265625
1096,1096,1096,2023-06-13,312.6983947753906,289.1471252441406,271.0277404785156
1097,1097,1097,2023-06-14,310.3690490722656,289.4246826171875,283.7153015136719
1098,1098,1098,2023-06-15,316.6037902832031,296.47222900390625,284.2703857421875
1099,1099,1099,2023-06-16,313.0254821777344,300.2586975097656,276.15234375
1100,1100,1100,2023-06-20,312.6191101074219,302.81597900390625,278.0058898925781
1101,1101,1101,2023-06-21,317.9320068359375,307.0583801269531,290.2672119140625
1102,1102,1102,2023-06-22,312.21270751953125,312.6983947753906,289.1471252441406
1103,1103,1103,2023-06-23,310.5177001953125,310.3690490722656,289.4246826171875
1104,1104,1104,2023-06-26,315.2458190917969,316.6037902832031,296.47222900390625
1105,1105,1105,2023-06-27,319.8252258300781,313.0254821777344,300.2586975097656
1106,1106,1106,2023-06-28,318.387939453125,312.6191101074219,302.81597900390625
1107,1107,1107,2023-06-29,321.3913269042969,317.9320068359375,307.0583801269531
1108,1108,1108,2023-06-30,326.5556030273437,312.21270751953125,312.6983947753906
1109,1109,1109,2023-07-03,326.5754089355469,310.5177001953125,310.3690490722656
1110,1110,1110,2023-07-05,324.21630859375,315.2458190917969,316.6037902832031
1111,1111,1111,2023-07-06,321.63916015625,319.8252258300781,313.0254821777344
1112,1112,1112,2023-07-07,322.5213623046875,318.387939453125,312.6191101074219
1113,1113,1113,2023-07-10,332.8002319335937,321.3913269042969,317.9320068359375
1114,1114,1114,2023-07-11,335.16925048828125,326.5556030273437,312.21270751953125
1115,1115,1115,2023-07-12,336.5668334960937,326.5754089355469,310.5177001953125
1116,1116,1116,2023-07-13,339.4512634277344,324.21630859375,315.2458190917969
1117,1117,1117,2023-07-14,338.2320861816406,321.63916015625,319.8252258300781
1118,1118,1118,2023-07-17,339.5701904296875,322.5213623046875,318.387939453125
1119,1119,1119,2023-07-18,343.84234619140625,332.8002319335937,321.3913269042969
1120,1120,1120,2023-07-19,340.9777526855469,335.16925048828125,326.5556030273437
1121,1121,1121,2023-07-20,339.5503845214844,336.5668334960937,326.5754089355469
1122,1122,1122,2023-07-21,334.1185302734375,339.4512634277344,324.21630859375
1123,1123,1123,2023-07-24,335.1593017578125,338.2320861816406,321.63916015625
1124,1124,1124,2023-07-25,334.9214172363281,339.5701904296875,322.5213623046875
1125,1125,1125,2023-07-26,331.02593994140625,343.84234619140625,332.8002319335937
1126,1126,1126,2023-07-27,327.40802001953125,340.9777526855469,335.16925048828125
1127,1127,1127,2023-07-28,330.3717346191406,339.5503845214844,336.5668334960937
1128,1128,1128,2023-07-31,333.3354797363281,334.1185302734375,339.4512634277344
1129,1129,1129,2023-08-01,308.178466796875,335.1593017578125,338.2320861816406
1130,1130,1130,2023-08-02,301.6067199707031,334.9214172363281,339.5701904296875
1131,1131,1131,2023-08-03,299.39630126953125,331.02593994140625,343.84234619140625
1132,1132,1132,2023-08-04,296.1946716308594,327.40802001953125,340.9777526855469
1133,1133,1133,2023-08-07,307.7323913574219,330.3717346191406,339.5503845214844
1134,1134,1134,2023-08-08,302.86553955078125,333.3354797363281,334.1185302734375
1135,1135,1135,2023-08-09,301.13092041015625,308.178466796875,335.1593017578125
1136,1136,1136,2023-08-10,296.6308288574219,301.6067199707031,334.9214172363281
1137,1137,1137,2023-08-11,294.74005126953125,299.39630126953125,331.02593994140625
1138,1138,1138,2023-08-14,297.70556640625,296.1946716308594,327.40802001953125
1139,1139,1139,2023-08-15,296.2128601074219,307.7323913574219,330.3717346191406
1140,1140,1140,2023-08-16,293.7150573730469,302.86553955078125,333.3354797363281
1141,1141,1141,2023-08-17,290.0728454589844,301.13092041015625,308.178466796875
1142,1142,1142,2023-08-18,290.12261962890625,296.6308288574219,301.6067199707031
1143,1143,1143,2023-08-21,291.4063415527344,294.74005126953125,299.39630126953125
1144,1144,1144,2023-08-22,291.21728515625,297.70556640625,296.1946716308594
1145,1145,1145,2023-08-23,296.09344482421875,296.2128601074219,307.7323913574219
1146,1146,1146,2023-08-24,297.0189208984375,293.7150573730469,302.86553955078125
1147,1147,1147,2023-08-25,301.8353881835937,290.0728454589844,301.13092041015625
1148,1148,1148,2023-08-28,307.5474853515625,290.12261962890625,296.6308288574219
1149,1149,1149,2023-08-29,315.7076110839844,291.4063415527344,294.74005126953125
1150,1150,1150,2023-08-30,308.0649719238281,291.21728515625,297.70556640625
1151,1151,1151,2023-08-31,310.562744140625,296.09344482421875,296.2128601074219
1152,1152,1152,2023-09-01,312.5231628417969,297.0189208984375,293.7150573730469
1153,1153,1153,2023-09-05,305.7064819335937,301.8353881835937,290.0728454589844
1154,1154,1154,2023-09-06,308.9705505371094,307.5474853515625,290.12261962890625
1155,1155,1155,2023-09-07,302.9598999023437,315.7076110839844,291.4063415527344
1156,1156,1156,2023-09-08,295.416748046875,308.0649719238281,291.21728515625
1157,1157,1157,2023-09-11,292.4612121582031,310.562744140625,296.09344482421875
1158,1158,1158,2023-09-12,287.674560546875,312.5231628417969,297.0189208984375
1159,1159,1159,2023-09-13,284.0821228027344,305.7064819335937,301.8353881835937
1160,1160,1160,2023-09-14,285.6842956542969,308.9705505371094,307.5474853515625
1161,1161,1161,2023-09-15,283.8134460449219,302.9598999023437,315.7076110839844
1162,1162,1162,2023-09-18,287.3262939453125,295.416748046875,308.0649719238281
1163,1163,1163,2023-09-19,286.3609924316406,292.4612121582031,310.562744140625
1164,1164,1164,2023-09-20,283.7835998535156,287.674560546875,312.5231628417969
1165,1165,1165,2023-09-21,277.5838623046875,284.0821228027344,305.7064819335937
1166,1166,1166,2023-09-22,279.9920959472656,285.6842956542969,308.9705505371094
1167,1167,1167,2023-09-25,283.0372314453125,283.8134460449219,302.9598999023437
1168,1168,1168,2023-09-26,277.6933288574219,287.3262939453125,295.416748046875
1169,1169,1169,2023-09-27,283.4153747558594,286.3609924316406,292.4612121582031
1170,1170,1170,2023-09-28,285.0175476074219,283.7835998535156,287.674560546875
1171,1171,1171,2023-09-29,284.48016357421875,277.5838623046875,284.0821228027344
1172,1172,1172,2023-10-02,282.56951904296875,279.9920959472656,285.6842956542969
1173,1173,1173,2023-10-03,282.9377136230469,283.0372314453125,283.8134460449219
1174,1174,1174,2023-10-04,287.3959350585937,277.6933288574219,287.3262939453125
1175,1175,1175,2023-10-05,284.7687683105469,283.4153747558594,286.3609924316406
1176,1176,1176,2023-10-06,288.8985900878906,285.0175476074219,283.7835998535156
1177,1177,1177,2023-10-09,289.0578308105469,284.48016357421875,277.5838623046875
1178,1178,1178,2023-10-10,290.2818603515625,282.56951904296875,279.9920959472656
1179,1179,1179,2023-10-11,298.4618835449219,282.9377136230469,283.0372314453125
1180,1180,1180,2023-10-12,298.57135009765625,287.3959350585937,277.6933288574219
1181,1181,1181,2023-10-13,286.91827392578125,284.7687683105469,283.4153747558594
1182,1182,1182,2023-10-16,290.3614501953125,288.8985900878906,285.0175476074219
1183,1183,1183,2023-10-17,289.1374206542969,289.0578308105469,284.48016357421875
1184,1184,1184,2023-10-18,274.2302551269531,290.2818603515625,282.56951904296875
1185,1185,1185,2023-10-19,270.199951171875,298.4618835449219,282.9377136230469
1186,1186,1186,2023-10-20,264.7664794921875,298.57135009765625,287.3959350585937
1187,1187,1187,2023-10-23,265.5526733398437,286.91827392578125,284.7687683105469
1188,1188,1188,2023-10-24,264.56744384765625,290.3614501953125,288.8985900878906
1189,1189,1189,2023-10-25,262.0398254394531,289.1374206542969,289.0578308105469
1190,1190,1190,2023-10-26,261.3233337402344,274.2302551269531,290.2818603515625
1191,1191,1191,2023-10-27,260.7262268066406,270.199951171875,298.4618835449219
1192,1192,1192,2023-10-30,262.1791381835937,264.7664794921875,298.57135009765625
1193,1193,1193,2023-10-31,261.53228759765625,265.5526733398437,286.91827392578125
1194,1194,1194,2023-11-01,265.6820373535156,264.56744384765625,290.3614501953125
1195,1195,1195,2023-11-02,257.3427734375,262.0398254394531,289.1374206542969
1196,1196,1196,2023-11-03,262.41796875,261.3233337402344,274.2302551269531
1197,1197,1197,2023-11-06,257.2432556152344,260.7262268066406,270.199951171875
1198,1198,1198,2023-11-07,255.7704315185547,262.1791381835937,264.7664794921875
1199,1199,1199,2023-11-08,255.8699493408203,261.53228759765625,265.5526733398437
1200,1200,1200,2023-11-09,255.8599853515625,265.6820373535156,264.56744384765625
1201,1201,1201,2023-11-10,258.42999267578125,257.3427734375,262.0398254394531
1202,1202,1202,2023-11-13,261.3599853515625,262.41796875,261.3233337402344
1203,1203,1203,2023-11-14,267.54998779296875,257.2432556152344,260.7262268066406
1204,1204,1204,2023-11-15,270.1700134277344,255.7704315185547,262.1791381835937
1205,1205,1205,2023-11-16,272.7799987792969,255.8699493408203,261.53228759765625
1206,1206,1206,2023-11-17,275.260009765625,255.8599853515625,265.6820373535156
1207,1207,1207,2023-11-20,271.1199951171875,258.42999267578125,257.3427734375
1208,1208,1208,2023-11-21,269.3900146484375,261.3599853515625,262.41796875
1209,1209,1209,2023-11-22,272.79998779296875,267.54998779296875,257.2432556152344
1210,1210,1210,2023-11-24,273.0,270.1700134277344,255.7704315185547
1211,1211,1211,2023-11-27,271.0599975585937,272.7799987792969,255.8699493408203
1212,1212,1212,2023-11-28,269.25,275.260009765625,255.8599853515625
1213,1213,1213,2023-11-29,270.5599975585937,271.1199951171875,258.42999267578125
1214,1214,1214,2023-11-30,275.44000244140625,269.3900146484375,261.3599853515625
1215,1215,1215,2023-12-01,281.4700012207031,272.79998779296875,267.54998779296875
1216,1216,1216,2023-12-04,279.5,273.0,270.1700134277344
1217,1217,1217,2023-12-05,275.0,271.0599975585937,272.7799987792969
1218,1218,1218,2023-12-06,278.1099853515625,269.25,275.260009765625
1219,1219,1219,2023-12-07,277.8900146484375,270.5599975585937,271.1199951171875
1220,1220,1220,2023-12-08,278.5299987792969,275.44000244140625,269.3900146484375
1221,1221,1221,2023-12-11,279.7900085449219,281.4700012207031,272.79998779296875
1222,1222,1222,2023-12-12,283.69000244140625,279.5,273.0
1223,1223,1223,2023-12-13,290.9700012207031,275.0,271.0599975585937
1224,1224,1224,2023-12-14,306.8500061035156,278.1099853515625,269.25
1225,1225,1225,2023-12-15,304.3699951171875,277.8900146484375,270.5599975585937
1226,1226,1226,2023-12-18,305.29998779296875,278.5299987792969,275.44000244140625
1227,1227,1227,2023-12-19,310.4800109863281,279.7900085449219,281.4700012207031
1228,1228,1228,2023-12-20,303.5599975585937,283.69000244140625,279.5
1229,1229,1229,2023-12-21,306.75,290.9700012207031,275.0
1230,1230,1230,2023-12-22,307.7799987792969,306.8500061035156,278.1099853515625
1231,1231,1231,2023-12-26,311.0400085449219,304.3699951171875,277.8900146484375
1232,1232,1232,2023-12-27,311.2200012207031,305.29998779296875,278.5299987792969
1233,1233,1233,2023-12-28,310.6199951171875,310.4800109863281,279.7900085449219
1234,1234,1234,2023-12-29,310.4800109863281,303.5599975585937,283.69000244140625
1235,1235,1235,2024-01-02,306.3800048828125,306.75,290.9700012207031
1236,1236,1236,2024-01-03,303.8599853515625,307.7799987792969,306.8500061035156
1237,1237,1237,2024-01-04,304.6700134277344,311.0400085449219,304.3699951171875
1238,1238,1238,2024-01-05,305.04998779296875,311.2200012207031,305.29998779296875
1239,1239,1239,2024-01-08,306.0599975585937,310.6199951171875,310.4800109863281
1240,1240,1240,2024-01-09,302.9700012207031,310.4800109863281,303.5599975585937
1241,1241,1241,2024-01-10,302.07000732421875,306.3800048828125,306.75
1242,1242,1242,2024-01-11,305.1000061035156,303.8599853515625,307.7799987792969
1243,1243,1243,2024-01-12,304.5899963378906,304.6700134277344,311.0400085449219
1244,1244,1244,2024-01-16,298.3800048828125,305.04998779296875,311.2200012207031
1245,1245,1245,2024-01-17,295.3800048828125,306.0599975585937,310.6199951171875
1246,1246,1246,2024-01-18,300.1499938964844,302.9700012207031,310.4800109863281
1247,1247,1247,2024-01-19,303.45001220703125,302.07000732421875,306.3800048828125
1248,1248,1248,2024-01-22,305.6400146484375,305.1000061035156,303.8599853515625
1249,1249,1249,2024-01-23,304.2699890136719,304.5899963378906,304.6700134277344
1250,1250,1250,2024-01-24,300.3500061035156,298.3800048828125,305.04998779296875
1251,1251,1251,2024-01-25,304.239990234375,295.3800048828125,306.0599975585937
1252,1252,1252,2024-01-26,303.0,300.1499938964844,302.9700012207031
1253,1253,1253,2024-01-29,304.6199951171875,303.45001220703125,302.07000732421875
1254,1254,1254,2024-01-30,307.2200012207031,305.6400146484375,305.1000061035156
1255,1255,1255,2024-01-31,253.27999877929688,304.2699890136719,304.5899963378906
1256,1256,1256,2024-02-01,263.010009765625,300.3500061035156,298.3800048828125
1257,1257,1257,2024-02-02,268.010009765625,304.239990234375,295.3800048828125
1258,1258,1258,2024-02-05,266.7900085449219,303.0,300.1499938964844
