,Unnamed: 0.1,Unnamed: 0,Date,SYY,SYY_6m,SYY_12m
0,0,0,2019-02-05,57.43271255493164,,
1,1,1,2019-02-06,57.415138244628906,,
2,2,2,2019-02-07,57.22179412841797,,
3,3,3,2019-02-08,58.17973327636719,,
4,4,4,2019-02-11,58.25884246826172,,
5,5,5,2019-02-12,58.8300895690918,,
6,6,6,2019-02-13,58.4697494506836,57.43271255493164,
7,7,7,2019-02-14,58.4961166381836,57.415138244628906,
8,8,8,2019-02-15,59.35738754272461,57.22179412841797,
9,9,9,2019-02-19,58.89160537719727,58.17973327636719,
10,10,10,2019-02-20,59.19041442871094,58.25884246826172,
11,11,11,2019-02-21,59.0937385559082,58.8300895690918,
12,12,12,2019-02-22,59.17283248901367,58.4697494506836,57.43271255493164
13,13,13,2019-02-25,59.11132049560547,58.4961166381836,57.415138244628906
14,14,14,2019-02-26,59.2431526184082,59.35738754272461,57.22179412841797
15,15,15,2019-02-27,58.979488372802734,58.89160537719727,58.17973327636719
16,16,16,2019-02-28,59.36617660522461,59.19041442871094,58.25884246826172
17,17,17,2019-03-01,59.392555236816406,59.0937385559082,58.8300895690918
18,18,18,2019-03-04,58.979488372802734,59.17283248901367,58.4697494506836
19,19,19,2019-03-05,58.51370620727539,59.11132049560547,58.4961166381836
20,20,20,2019-03-06,58.25004959106445,59.2431526184082,59.35738754272461
21,21,21,2019-03-07,57.88972473144531,58.979488372802734,58.89160537719727
22,22,22,2019-03-08,57.81062316894531,59.36617660522461,59.19041442871094
23,23,23,2019-03-11,58.40824890136719,59.392555236816406,59.0937385559082
24,24,24,2019-03-12,58.16216659545898,58.979488372802734,59.17283248901367
25,25,25,2019-03-13,58.399444580078125,58.51370620727539,59.11132049560547
26,26,26,2019-03-14,58.10943984985352,58.25004959106445,59.2431526184082
27,27,27,2019-03-15,58.241249084472656,57.88972473144531,58.979488372802734
28,28,28,2019-03-18,58.40824890136719,57.81062316894531,59.36617660522461
29,29,29,2019-03-19,58.16216659545898,58.40824890136719,59.392555236816406
30,30,30,2019-03-20,57.48545455932617,58.16216659545898,58.979488372802734
31,31,31,2019-03-21,57.92488479614258,58.399444580078125,58.51370620727539
32,32,32,2019-03-22,57.61728286743164,58.10943984985352,58.25004959106445
33,33,33,2019-03-25,58.17973327636719,58.241249084472656,57.88972473144531
34,34,34,2019-03-26,58.25004959106445,58.40824890136719,57.81062316894531
35,35,35,2019-03-27,57.68758773803711,58.16216659545898,58.40824890136719
36,36,36,2019-03-28,58.23247146606445,57.48545455932617,58.16216659545898
37,37,37,2019-03-29,58.6718978881836,57.92488479614258,58.399444580078125
38,38,38,2019-04-01,58.68947219848633,57.61728286743164,58.10943984985352
39,39,39,2019-04-02,58.29398727416992,58.17973327636719,58.241249084472656
40,40,40,2019-04-03,58.417030334472656,58.25004959106445,58.40824890136719
41,41,41,2019-04-04,59.1065673828125,57.68758773803711,58.16216659545898
42,42,42,2019-04-05,59.35411834716797,58.23247146606445,57.48545455932617
43,43,43,2019-04-08,59.4425048828125,58.6718978881836,57.92488479614258
44,44,44,2019-04-09,59.19496536254883,58.68947219848633,57.61728286743164
45,45,45,2019-04-10,59.60163116455078,58.29398727416992,58.17973327636719
46,46,46,2019-04-11,60.220458984375,58.417030334472656,58.25004959106445
47,47,47,2019-04-12,61.00726318359375,59.1065673828125,57.68758773803711
48,48,48,2019-04-15,61.55534362792969,59.35411834716797,58.23247146606445
49,49,49,2019-04-16,61.970848083496094,59.4425048828125,58.6718978881836
50,50,50,2019-04-17,62.44821548461914,59.19496536254883,58.68947219848633
51,51,51,2019-04-18,62.75764465332031,59.60163116455078,58.29398727416992
52,52,52,2019-04-22,62.39518737792969,60.220458984375,58.417030334472656
53,53,53,2019-04-23,62.23604965209961,61.00726318359375,59.1065673828125
54,54,54,2019-04-24,61.9443244934082,61.55534362792969,59.35411834716797
55,55,55,2019-04-25,61.32549285888672,61.970848083496094,59.4425048828125
56,56,56,2019-04-26,61.0868034362793,62.44821548461914,59.19496536254883
57,57,57,2019-04-29,61.634910583496094,62.75764465332031,59.60163116455078
58,58,58,2019-04-30,62.20953750610352,62.39518737792969,60.220458984375
59,59,59,2019-05-01,61.855918884277344,62.23604965209961,61.00726318359375
60,60,60,2019-05-02,62.61619186401367,61.9443244934082,61.55534362792969
61,61,61,2019-05-03,62.34214401245117,61.32549285888672,61.970848083496094
62,62,62,2019-05-06,64.49034118652344,61.0868034362793,62.44821548461914
63,63,63,2019-05-07,64.4461441040039,61.634910583496094,62.75764465332031
64,64,64,2019-05-08,64.51687622070312,62.20953750610352,62.39518737792969
65,65,65,2019-05-09,65.02078247070312,61.855918884277344,62.23604965209961
66,66,66,2019-05-10,65.40974426269531,62.61619186401367,61.9443244934082
67,67,67,2019-05-13,64.86165618896484,62.34214401245117,61.32549285888672
68,68,68,2019-05-14,65.09147644042969,64.49034118652344,61.0868034362793
69,69,69,2019-05-15,65.3301773071289,64.4461441040039,61.634910583496094
70,70,70,2019-05-16,65.98436737060547,64.51687622070312,62.20953750610352
71,71,71,2019-05-17,66.2407455444336,65.02078247070312,61.855918884277344
72,72,72,2019-05-20,66.26725006103516,65.40974426269531,62.61619186401367
73,73,73,2019-05-21,66.73580169677734,64.86165618896484,62.34214401245117
74,74,74,2019-05-22,66.66507720947266,65.09147644042969,64.49034118652344
75,75,75,2019-05-23,66.01972961425781,65.3301773071289,64.4461441040039
76,76,76,2019-05-24,66.3468246459961,65.98436737060547,64.51687622070312
77,77,77,2019-05-28,65.9048080444336,66.2407455444336,65.02078247070312
78,78,78,2019-05-29,65.76334381103516,66.26725006103516,65.40974426269531
79,79,79,2019-05-30,65.87828826904297,66.73580169677734,64.86165618896484
80,80,80,2019-05-31,60.83927536010742,66.66507720947266,65.09147644042969
81,81,81,2019-06-03,60.96305084228516,66.01972961425781,65.3301773071289
82,82,82,2019-06-04,61.35201644897461,66.3468246459961,65.98436737060547
83,83,83,2019-06-05,62.62502670288086,65.9048080444336,66.2407455444336
84,84,84,2019-06-06,62.722267150878906,65.76334381103516,66.26725006103516
85,85,85,2019-06-07,63.208492279052734,65.87828826904297,66.73580169677734
86,86,86,2019-06-10,63.40298080444336,60.83927536010742,66.66507720947266
87,87,87,2019-06-11,64.3223876953125,60.96305084228516,66.01972961425781
88,88,88,2019-06-12,64.51687622070312,61.35201644897461,66.3468246459961
89,89,89,2019-06-13,64.11021423339844,62.62502670288086,65.9048080444336
90,90,90,2019-06-14,63.87153244018555,62.722267150878906,65.76334381103516
91,91,91,2019-06-17,63.50906753540039,63.208492279052734,65.87828826904297
92,92,92,2019-06-18,63.36763000488281,63.40298080444336,60.83927536010742
93,93,93,2019-06-19,62.84604263305664,64.3223876953125,60.96305084228516
94,94,94,2019-06-20,62.57198333740234,64.51687622070312,61.35201644897461
95,95,95,2019-06-21,62.457069396972656,64.11021423339844,62.62502670288086
96,96,96,2019-06-24,62.86371994018555,63.87153244018555,62.722267150878906
97,97,97,2019-06-25,63.38529968261719,63.50906753540039,63.208492279052734
98,98,98,2019-06-26,62.1564826965332,63.36763000488281,63.40298080444336
99,99,99,2019-06-27,62.27141571044922,62.84604263305664,64.3223876953125
100,100,100,2019-06-28,62.518951416015625,62.57198333740234,64.51687622070312
101,101,101,2019-07-01,62.48360061645508,62.457069396972656,64.11021423339844
102,102,102,2019-07-02,63.13777160644531,62.86371994018555,63.87153244018555
103,103,103,2019-07-03,63.77778625488281,63.38529968261719,63.50906753540039
104,104,104,2019-07-05,63.77778625488281,62.1564826965332,63.36763000488281
105,105,105,2019-07-08,63.999996185302734,62.27141571044922,62.84604263305664
106,106,106,2019-07-09,63.54667282104492,62.518951416015625,62.57198333740234
107,107,107,2019-07-10,64.0533447265625,62.48360061645508,62.457069396972656
108,108,108,2019-07-11,63.982215881347656,63.13777160644531,62.86371994018555
109,109,109,2019-07-12,64.5244369506836,63.77778625488281,63.38529968261719
110,110,110,2019-07-15,64.74666595458984,63.77778625488281,62.1564826965332
111,111,111,2019-07-16,64.57777404785156,63.999996185302734,62.27141571044922
112,112,112,2019-07-17,63.77778625488281,63.54667282104492,62.518951416015625
113,113,113,2019-07-18,63.893314361572266,64.0533447265625,62.48360061645508
114,114,114,2019-07-19,62.98664855957031,63.982215881347656,63.13777160644531
115,115,115,2019-07-22,62.44443893432617,64.5244369506836,63.77778625488281
116,116,116,2019-07-23,62.373321533203125,64.74666595458984,63.77778625488281
117,117,117,2019-07-24,62.328895568847656,64.57777404785156,63.999996185302734
118,118,118,2019-07-25,62.33778381347656,63.77778625488281,63.54667282104492
119,119,119,2019-07-26,63.01333618164063,63.893314361572266,64.0533447265625
120,120,120,2019-07-29,62.17777633666992,62.98664855957031,63.982215881347656
121,121,121,2019-07-30,61.89332580566406,62.44443893432617,64.5244369506836
122,122,122,2019-07-31,60.95109939575195,62.373321533203125,64.74666595458984
123,123,123,2019-08-01,61.27109909057617,62.328895568847656,64.57777404785156
124,124,124,2019-08-02,61.24444580078125,62.33778381347656,63.77778625488281
125,125,125,2019-08-05,59.68001556396485,63.01333618164063,63.893314361572266
126,126,126,2019-08-06,60.9688835144043,62.17777633666992,62.98664855957031
127,127,127,2019-08-07,62.106666564941406,61.89332580566406,62.44443893432617
128,128,128,2019-08-08,62.782203674316406,60.95109939575195,62.373321533203125
129,129,129,2019-08-09,62.213321685791016,61.27109909057617,62.328895568847656
130,130,130,2019-08-12,64.16889190673828,61.24444580078125,62.33778381347656
131,131,131,2019-08-13,65.2088851928711,59.68001556396485,63.01333618164063
132,132,132,2019-08-14,64.24888610839844,60.9688835144043,62.17777633666992
133,133,133,2019-08-15,64.22220611572266,62.106666564941406,61.89332580566406
134,134,134,2019-08-16,64.85333251953125,62.782203674316406,60.95109939575195
135,135,135,2019-08-19,65.4222183227539,62.213321685791016,61.27109909057617
136,136,136,2019-08-20,64.71112060546875,64.16889190673828,61.24444580078125
137,137,137,2019-08-21,64.22220611572266,65.2088851928711,59.68001556396485
138,138,138,2019-08-22,65.14668273925781,64.24888610839844,60.9688835144043
139,139,139,2019-08-23,64.71112060546875,64.22220611572266,62.106666564941406
140,140,140,2019-08-26,65.20000457763672,64.85333251953125,62.782203674316406
141,141,141,2019-08-27,65.66222381591797,65.4222183227539,62.213321685791016
142,142,142,2019-08-28,66.14222717285156,64.71112060546875,64.16889190673828
143,143,143,2019-08-29,66.21333312988281,64.22220611572266,65.2088851928711
144,144,144,2019-08-30,66.07111358642578,65.14668273925781,64.24888610839844
145,145,145,2019-09-03,66.195556640625,64.71112060546875,64.22220611572266
146,146,146,2019-09-04,66.72888946533203,65.20000457763672,64.85333251953125
147,147,147,2019-09-05,66.11554718017578,65.66222381591797,65.4222183227539
148,148,148,2019-09-06,67.29776000976562,66.14222717285156,64.71112060546875
149,149,149,2019-09-09,68.1866683959961,66.21333312988281,64.22220611572266
150,150,150,2019-09-10,68.22220611572266,66.07111358642578,65.14668273925781
151,151,151,2019-09-11,68.50666809082031,66.195556640625,64.71112060546875
152,152,152,2019-09-12,69.08444213867188,66.72888946533203,65.20000457763672
153,153,153,2019-09-13,69.58222198486328,66.11554718017578,65.66222381591797
154,154,154,2019-09-16,68.61333465576172,67.29776000976562,66.14222717285156
155,155,155,2019-09-17,69.67110443115234,68.1866683959961,66.21333312988281
156,156,156,2019-09-18,70.09777069091797,68.22220611572266,66.07111358642578
157,157,157,2019-09-19,69.67999267578125,68.50666809082031,66.195556640625
158,158,158,2019-09-20,69.54664611816406,69.08444213867188,66.72888946533203
159,159,159,2019-09-23,69.95555877685547,69.58222198486328,66.11554718017578
160,160,160,2019-09-24,69.87554168701172,68.61333465576172,67.29776000976562
161,161,161,2019-09-25,69.97333526611328,69.67110443115234,68.1866683959961
162,162,162,2019-09-26,70.04444122314453,70.09777069091797,68.22220611572266
163,163,163,2019-09-27,70.1066665649414,69.67999267578125,68.50666809082031
164,164,164,2019-09-30,70.57776641845703,69.54664611816406,69.08444213867188
165,165,165,2019-10-01,70.5422134399414,69.95555877685547,69.58222198486328
166,166,166,2019-10-02,69.89332580566406,69.87554168701172,68.61333465576172
167,167,167,2019-10-03,69.63426971435547,69.97333526611328,69.67110443115234
168,168,168,2019-10-04,69.81293487548828,70.04444122314453,70.09777069091797
169,169,169,2019-10-07,69.8754653930664,70.1066665649414,69.67999267578125
170,170,170,2019-10-08,69.29480743408203,70.57776641845703,69.54664611816406
171,171,171,2019-10-09,69.81293487548828,70.5422134399414,69.95555877685547
172,172,172,2019-10-10,69.8843994140625,69.89332580566406,69.87554168701172
173,173,173,2019-10-11,70.45612335205078,69.63426971435547,69.97333526611328
174,174,174,2019-10-14,70.56331634521484,69.81293487548828,70.04444122314453
175,175,175,2019-10-15,70.64371490478516,69.8754653930664,70.1066665649414
176,176,176,2019-10-16,70.49185943603516,69.29480743408203,70.57776641845703
177,177,177,2019-10-17,70.75985717773438,69.81293487548828,70.5422134399414
178,178,178,2019-10-18,70.69731140136719,69.8843994140625,69.89332580566406
179,179,179,2019-10-21,70.98316192626953,70.45612335205078,69.63426971435547
180,180,180,2019-10-22,70.57225036621094,70.56331634521484,69.81293487548828
181,181,181,2019-10-23,70.42931365966797,70.64371490478516,69.8754653930664
182,182,182,2019-10-24,70.52759552001953,70.49185943603516,69.29480743408203
183,183,183,2019-10-25,70.72412872314453,70.75985717773438,69.81293487548828
184,184,184,2019-10-28,70.44718170166016,70.69731140136719,69.8843994140625
185,185,185,2019-10-29,70.67052459716797,70.98316192626953,70.45612335205078
186,186,186,2019-10-30,71.15292358398438,70.57225036621094,70.56331634521484
187,187,187,2019-10-31,71.34944915771484,70.42931365966797,70.64371490478516
188,188,188,2019-11-01,72.60902404785156,70.52759552001953,70.49185943603516
189,189,189,2019-11-04,72.18915557861328,70.72412872314453,70.75985717773438
190,190,190,2019-11-05,71.53704071044922,70.44718170166016,70.69731140136719
191,191,191,2019-11-06,72.4124755859375,70.67052459716797,70.98316192626953
192,192,192,2019-11-07,72.26956176757812,71.15292358398438,70.57225036621094
193,193,193,2019-11-08,71.82290649414062,71.34944915771484,70.42931365966797
194,194,194,2019-11-11,71.59957122802734,72.60902404785156,70.52759552001953
195,195,195,2019-11-12,71.73359680175781,72.18915557861328,70.72412872314453
196,196,196,2019-11-13,72.555419921875,71.53704071044922,70.44718170166016
197,197,197,2019-11-14,72.80554962158203,72.4124755859375,70.67052459716797
198,198,198,2019-11-15,72.90382385253906,72.26956176757812,71.15292358398438
199,199,199,2019-11-18,72.09088897705078,71.82290649414062,71.34944915771484
200,200,200,2019-11-19,71.72464752197266,71.59957122802734,72.60902404785156
201,201,201,2019-11-20,71.30477905273438,71.73359680175781,72.18915557861328
202,202,202,2019-11-21,70.76878356933594,72.555419921875,71.53704071044922
203,203,203,2019-11-22,70.6258544921875,72.80554962158203,72.4124755859375
204,204,204,2019-11-25,71.30477905273438,72.90382385253906,72.26956176757812
205,205,205,2019-11-26,72.04623413085938,72.09088897705078,71.82290649414062
206,206,206,2019-11-27,72.4124755859375,71.72464752197266,71.59957122802734
207,207,207,2019-11-29,71.9569091796875,71.30477905273438,71.73359680175781
208,208,208,2019-12-02,72.1980972290039,70.76878356933594,72.555419921875
209,209,209,2019-12-03,72.62690734863281,70.6258544921875,72.80554962158203
210,210,210,2019-12-04,73.2432861328125,71.30477905273438,72.90382385253906
211,211,211,2019-12-05,74.1187515258789,72.04623413085938,72.09088897705078
212,212,212,2019-12-06,73.94007110595703,72.4124755859375,71.72464752197266
213,213,213,2019-12-09,74.26167297363281,71.9569091796875,71.30477905273438
214,214,214,2019-12-10,73.72566986083984,72.1980972290039,70.76878356933594
215,215,215,2019-12-11,74.03833770751953,72.62690734863281,70.6258544921875
216,216,216,2019-12-12,74.38672637939453,73.2432861328125,71.30477905273438
217,217,217,2019-12-13,74.6279067993164,74.1187515258789,72.04623413085938
218,218,218,2019-12-16,75.24431610107422,73.94007110595703,72.4124755859375
219,219,219,2019-12-17,75.16393280029297,74.26167297363281,71.9569091796875
220,220,220,2019-12-18,75.10137176513672,73.72566986083984,72.1980972290039
221,221,221,2019-12-19,75.47657775878906,74.03833770751953,72.62690734863281
222,222,222,2019-12-20,76.32522583007812,74.38672637939453,73.2432861328125
223,223,223,2019-12-23,76.20016479492188,74.6279067993164,74.1187515258789
224,224,224,2019-12-24,76.2716293334961,75.24431610107422,73.94007110595703
225,225,225,2019-12-26,76.41458129882812,75.16393280029297,74.26167297363281
226,226,226,2019-12-27,76.59323120117188,75.10137176513672,73.72566986083984
227,227,227,2019-12-30,76.64683532714844,75.47657775878906,74.03833770751953
228,228,228,2019-12-31,76.41458129882812,76.32522583007812,74.38672637939453
229,229,229,2020-01-02,76.02839660644531,76.20016479492188,74.6279067993164
230,230,230,2020-01-03,75.75001525878906,76.2716293334961,75.24431610107422
231,231,231,2020-01-06,75.65121459960938,76.41458129882812,75.16393280029297
232,232,232,2020-01-07,75.04056549072266,76.59323120117188,75.10137176513672
233,233,233,2020-01-08,75.91166687011719,76.64683532714844,75.47657775878906
234,234,234,2020-01-09,76.00146484375,76.41458129882812,76.32522583007812
235,235,235,2020-01-10,76.26189422607422,76.02839660644531,76.20016479492188
236,236,236,2020-01-13,75.18425750732422,75.75001525878906,76.2716293334961
237,237,237,2020-01-14,73.9988021850586,75.65121459960938,76.41458129882812
238,238,238,2020-01-15,74.22332763671875,75.04056549072266,76.59323120117188
239,239,239,2020-01-16,74.23233032226562,75.91166687011719,76.64683532714844
240,240,240,2020-01-17,74.3759994506836,76.00146484375,76.41458129882812
241,241,241,2020-01-21,74.74421691894531,76.26189422607422,76.02839660644531
242,242,242,2020-01-22,74.66337585449219,75.18425750732422,75.75001525878906
243,243,243,2020-01-23,75.0675048828125,73.9988021850586,75.65121459960938
244,244,244,2020-01-24,74.20537567138672,74.22332763671875,75.04056549072266
245,245,245,2020-01-27,73.9449462890625,74.23233032226562,75.91166687011719
246,246,246,2020-01-28,74.24128723144531,74.3759994506836,76.00146484375
247,247,247,2020-01-29,73.54081726074219,74.74421691894531,76.26189422607422
248,248,248,2020-01-30,74.39396667480469,74.66337585449219,75.18425750732422
249,249,249,2020-01-31,73.76532745361328,75.0675048828125,73.9988021850586
250,250,250,2020-02-03,68.86202239990234,74.20537567138672,74.22332763671875
251,251,251,2020-02-04,67.40718078613281,73.9449462890625,74.23233032226562
252,252,252,2020-02-05,67.98193359375,74.24128723144531,74.3759994506836
253,253,253,2020-02-06,68.8081283569336,73.54081726074219,74.74421691894531
254,254,254,2020-02-07,69.47269439697266,74.39396667480469,74.66337585449219
255,255,255,2020-02-10,69.11345672607422,73.76532745361328,75.0675048828125
256,256,256,2020-02-11,68.4937973022461,68.86202239990234,74.20537567138672
257,257,257,2020-02-12,69.56248474121094,67.40718078613281,73.9449462890625
258,258,258,2020-02-13,69.9935531616211,67.98193359375,74.24128723144531
259,259,259,2020-02-14,70.23603057861328,68.8081283569336,73.54081726074219
260,260,260,2020-02-18,68.99674224853516,69.47269439697266,74.39396667480469
261,261,261,2020-02-19,68.43093872070312,69.11345672607422,73.76532745361328
262,262,262,2020-02-20,68.88896179199219,68.4937973022461,68.86202239990234
263,263,263,2020-02-21,69.18531036376953,69.56248474121094,67.40718078613281
264,264,264,2020-02-24,67.8382568359375,69.9935531616211,67.98193359375
265,265,265,2020-02-25,66.50016021728516,70.23603057861328,68.8081283569336
266,266,266,2020-02-26,65.44046783447266,68.99674224853516,69.47269439697266
267,267,267,2020-02-27,62.57570266723633,68.43093872070312,69.11345672607422
268,268,268,2020-02-28,59.85464096069336,68.88896179199219,68.4937973022461
269,269,269,2020-03-02,62.57570266723633,69.18531036376953,69.56248474121094
270,270,270,2020-03-03,61.51601791381836,67.8382568359375,69.9935531616211
271,271,271,2020-03-04,63.446815490722656,66.50016021728516,70.23603057861328
272,272,272,2020-03-05,60.752689361572266,65.44046783447266,68.99674224853516
273,273,273,2020-03-06,60.12404251098633,62.57570266723633,68.43093872070312
274,274,274,2020-03-09,55.00519943237305,59.85464096069336,68.88896179199219
275,275,275,2020-03-10,56.05590057373047,62.57570266723633,69.18531036376953
276,276,276,2020-03-11,49.52712631225586,61.51601791381836,67.8382568359375
277,277,277,2020-03-12,39.07388305664063,63.446815490722656,66.50016021728516
278,278,278,2020-03-13,42.27093124389648,60.752689361572266,65.44046783447266
279,279,279,2020-03-16,33.901161193847656,60.12404251098633,62.57570266723633
280,280,280,2020-03-17,31.485427856445312,55.00519943237305,59.85464096069336
281,281,281,2020-03-18,28.054895401000977,56.05590057373047,62.57570266723633
282,282,282,2020-03-19,33.32640838623047,49.52712631225586,61.51601791381836
283,283,283,2020-03-20,31.72789192199707,39.07388305664063,63.446815490722656
284,284,284,2020-03-23,32.57206344604492,42.27093124389648,60.752689361572266
285,285,285,2020-03-24,35.0057487487793,33.901161193847656,60.12404251098633
286,286,286,2020-03-25,40.99570846557617,31.485427856445312,55.00519943237305
287,287,287,2020-03-26,48.02739334106445,28.054895401000977,56.05590057373047
288,288,288,2020-03-27,45.30633163452149,33.32640838623047,49.52712631225586
289,289,289,2020-03-30,41.62434005737305,31.72789192199707,39.07388305664063
290,290,290,2020-03-31,40.97774505615234,32.57206344604492,42.27093124389648
291,291,291,2020-04-01,37.60109329223633,35.0057487487793,33.901161193847656
292,292,292,2020-04-02,37.48308563232422,40.99570846557617,31.485427856445312
293,293,293,2020-04-03,35.858131408691406,48.02739334106445,28.054895401000977
294,294,294,2020-04-06,40.86009979248047,45.30633163452149,33.32640838623047
295,295,295,2020-04-07,41.82238006591797,41.62434005737305,31.72789192199707
296,296,296,2020-04-08,42.89356994628906,40.97774505615234,32.57206344604492
297,297,297,2020-04-09,45.01782989501953,37.60109329223633,35.0057487487793
298,298,298,2020-04-13,42.7120246887207,37.48308563232422,40.99570846557617
299,299,299,2020-04-14,43.86492919921875,35.858131408691406,48.02739334106445
300,300,300,2020-04-15,41.849609375,40.86009979248047,45.30633163452149
301,301,301,2020-04-16,41.52281188964844,41.82238006591797,41.62434005737305
302,302,302,2020-04-17,45.67144775390625,42.89356994628906,40.97774505615234
303,303,303,2020-04-20,45.03599548339844,45.01782989501953,37.60109329223633
304,304,304,2020-04-21,44.57301330566406,42.7120246887207,37.48308563232422
305,305,305,2020-04-22,46.61556625366211,43.86492919921875,35.858131408691406
306,306,306,2020-04-23,45.1630859375,41.849609375,40.86009979248047
307,307,307,2020-04-24,48.1860580444336,41.52281188964844,41.82238006591797
308,308,308,2020-04-27,49.85641098022461,45.67144775390625,42.89356994628906
309,309,309,2020-04-28,50.69158554077149,45.03599548339844,45.01782989501953
310,310,310,2020-04-29,53.19711685180664,44.57301330566406,42.7120246887207
311,311,311,2020-04-30,51.08194351196289,46.61556625366211,43.86492919921875
312,312,312,2020-05-01,47.89556121826172,45.1630859375,41.849609375
313,313,313,2020-05-04,48.86691284179688,48.1860580444336,41.52281188964844
314,314,314,2020-05-05,45.88024520874024,49.85641098022461,45.67144775390625
315,315,315,2020-05-06,47.0966911315918,50.69158554077149,45.03599548339844
316,316,316,2020-05-07,47.45981979370117,53.19711685180664,44.57301330566406
317,317,317,2020-05-08,48.37670135498047,51.08194351196289,46.61556625366211
318,318,318,2020-05-11,46.933292388916016,47.89556121826172,45.1630859375
319,319,319,2020-05-12,44.73641204833984,48.86691284179688,48.1860580444336
320,320,320,2020-05-13,42.38521957397461,45.88024520874024,49.85641098022461
321,321,321,2020-05-14,43.556270599365234,47.0966911315918,50.69158554077149
322,322,322,2020-05-15,43.229469299316406,47.45981979370117,53.19711685180664
323,323,323,2020-05-18,47.841094970703125,48.37670135498047,51.08194351196289
324,324,324,2020-05-19,46.64279556274414,46.933292388916016,47.89556121826172
325,325,325,2020-05-20,47.7321662902832,44.73641204833984,48.86691284179688
326,326,326,2020-05-21,47.64137649536133,42.38521957397461,45.88024520874024
327,327,327,2020-05-22,46.97868347167969,43.556270599365234,47.0966911315918
328,328,328,2020-05-26,50.02889633178711,43.229469299316406,47.45981979370117
329,329,329,2020-05-27,51.69925308227539,47.841094970703125,48.37670135498047
330,330,330,2020-05-28,50.79143905639648,46.64279556274414,46.933292388916016
331,331,331,2020-05-29,50.07428741455078,47.7321662902832,44.73641204833984
332,332,332,2020-06-01,51.90803909301758,47.64137649536133,42.38521957397461
333,333,333,2020-06-02,51.41782379150391,46.97868347167969,43.556270599365234
334,334,334,2020-06-03,53.6510124206543,50.02889633178711,43.229469299316406
335,335,335,2020-06-04,53.18804168701172,51.69925308227539,47.841094970703125
336,336,336,2020-06-05,55.91144180297852,50.79143905639648,46.64279556274414
337,337,337,2020-06-08,58.199100494384766,50.07428741455078,47.7321662902832
338,338,338,2020-06-09,55.72988128662109,51.90803909301758,47.64137649536133
339,339,339,2020-06-10,51.73555755615234,51.41782379150391,46.97868347167969
340,340,340,2020-06-11,48.449317932128906,53.6510124206543,50.02889633178711
341,341,341,2020-06-12,49.25725936889648,53.18804168701172,51.69925308227539
342,342,342,2020-06-15,49.82009506225586,55.91144180297852,50.79143905639648
343,343,343,2020-06-16,51.31796646118164,58.199100494384766,50.07428741455078
344,344,344,2020-06-17,49.45698165893555,55.72988128662109,51.90803909301758
345,345,345,2020-06-18,50.77329635620117,51.73555755615234,51.41782379150391
346,346,346,2020-06-19,49.25725936889648,48.449317932128906,53.6510124206543
347,347,347,2020-06-22,49.92903518676758,49.25725936889648,53.18804168701172
348,348,348,2020-06-23,52.906620025634766,49.82009506225586,55.91144180297852
349,349,349,2020-06-24,49.82009506225586,51.31796646118164,58.199100494384766
350,350,350,2020-06-25,49.92903518676758,49.45698165893555,55.72988128662109
351,351,351,2020-06-26,47.47796630859375,50.77329635620117,51.73555755615234
352,352,352,2020-06-29,49.40251159667969,49.25725936889648,48.449317932128906
353,353,353,2020-06-30,49.620384216308594,49.92903518676758,49.25725936889648
354,354,354,2020-07-01,49.153564453125,52.906620025634766,49.82009506225586
355,355,355,2020-07-02,49.48308563232422,49.82009506225586,51.31796646118164
356,356,356,2020-07-06,49.20848083496094,49.92903518676758,49.45698165893555
357,357,357,2020-07-07,48.531131744384766,47.47796630859375,50.77329635620117
358,358,358,2020-07-08,48.61351776123047,49.40251159667969,49.25725936889648
359,359,359,2020-07-09,46.66385269165039,49.620384216308594,49.92903518676758
360,360,360,2020-07-10,47.88124084472656,49.153564453125,52.906620025634766
361,361,361,2020-07-13,48.0002326965332,49.48308563232422,49.82009506225586
362,362,362,2020-07-14,48.47621154785156,49.20848083496094,49.92903518676758
363,363,363,2020-07-15,50.74624633789063,48.531131744384766,47.47796630859375
364,364,364,2020-07-16,49.99567031860352,48.61351776123047,49.40251159667969
365,365,365,2020-07-17,49.58377456665039,46.66385269165039,49.620384216308594
366,366,366,2020-07-20,48.54027557373047,47.88124084472656,49.153564453125
367,367,367,2020-07-21,50.08720397949219,48.0002326965332,49.48308563232422
368,368,368,2020-07-22,50.65471267700195,48.47621154785156,49.20848083496094
369,369,369,2020-07-23,50.28857803344727,50.74624633789063,48.531131744384766
370,370,370,2020-07-24,50.28857803344727,49.99567031860352,48.61351776123047
371,371,371,2020-07-27,49.41901016235352,49.58377456665039,46.66385269165039
372,372,372,2020-07-28,48.97050094604492,48.54027557373047,47.88124084472656
373,373,373,2020-07-29,49.41901016235352,50.08720397949219,48.0002326965332
374,374,374,2020-07-30,49.052879333496094,50.65471267700195,48.47621154785156
375,375,375,2020-07-31,48.37552261352539,50.28857803344727,50.74624633789063
376,376,376,2020-08-03,47.71648406982422,50.28857803344727,49.99567031860352
377,377,377,2020-08-04,49.52885055541992,49.41901016235352,49.58377456665039
378,378,378,2020-08-05,50.3343505859375,48.97050094604492,48.54027557373047
379,379,379,2020-08-06,51.62497329711914,49.41901016235352,50.08720397949219
380,380,380,2020-08-07,52.906436920166016,49.052879333496094,50.65471267700195
381,381,381,2020-08-10,55.01171112060547,48.37552261352539,50.28857803344727
382,382,382,2020-08-11,55.68906784057617,47.71648406982422,50.28857803344727
383,383,383,2020-08-12,54.64558029174805,49.52885055541992,49.41901016235352
384,384,384,2020-08-13,53.638710021972656,50.3343505859375,48.97050094604492
385,385,385,2020-08-14,54.4991340637207,51.62497329711914,49.41901016235352
386,386,386,2020-08-17,54.64558029174805,52.906436920166016,49.052879333496094
387,387,387,2020-08-18,54.544898986816406,55.01171112060547,48.37552261352539
388,388,388,2020-08-19,53.16273498535156,55.68906784057617,47.71648406982422
389,389,389,2020-08-20,53.02543640136719,54.64558029174805,49.52885055541992
390,390,390,2020-08-21,52.5952262878418,53.638710021972656,50.3343505859375
391,391,391,2020-08-24,54.471656799316406,54.4991340637207,51.62497329711914
392,392,392,2020-08-25,53.27256774902344,54.64558029174805,52.906436920166016
393,393,393,2020-08-26,52.631832122802734,54.544898986816406,55.01171112060547
394,394,394,2020-08-27,54.9476432800293,53.16273498535156,55.68906784057617
395,395,395,2020-08-28,56.65016555786133,53.02543640136719,54.64558029174805
396,396,396,2020-08-31,55.04833221435547,52.5952262878418,53.638710021972656
397,397,397,2020-09-01,55.01171112060547,54.471656799316406,54.4991340637207
398,398,398,2020-09-02,55.68906784057617,53.27256774902344,54.64558029174805
399,399,399,2020-09-03,55.25885772705078,52.631832122802734,54.544898986816406
400,400,400,2020-09-04,55.04833221435547,54.9476432800293,53.16273498535156
401,401,401,2020-09-08,54.44421005249024,56.65016555786133,53.02543640136719
402,402,402,2020-09-09,56.21995544433594,55.04833221435547,52.5952262878418
403,403,403,2020-09-10,56.54947280883789,55.01171112060547,54.471656799316406
404,404,404,2020-09-11,57.02545547485352,55.68906784057617,53.27256774902344
405,405,405,2020-09-14,59.10326766967773,55.25885772705078,52.631832122802734
406,406,406,2020-09-15,59.86299133300781,55.04833221435547,54.9476432800293
407,407,407,2020-09-16,62.471710205078125,54.44421005249024,56.65016555786133
408,408,408,2020-09-17,62.60899353027344,56.21995544433594,55.04833221435547
409,409,409,2020-09-18,61.90419006347656,56.54947280883789,55.01171112060547
410,410,410,2020-09-21,58.62729644775391,57.02545547485352,55.68906784057617
411,411,411,2020-09-22,58.599830627441406,59.10326766967773,55.25885772705078
412,412,412,2020-09-23,55.39615631103516,59.86299133300781,55.04833221435547
413,413,413,2020-09-24,56.34811401367188,62.471710205078125,54.44421005249024
414,414,414,2020-09-25,56.76000213623047,62.60899353027344,56.21995544433594
415,415,415,2020-09-28,56.613548278808594,61.90419006347656,56.54947280883789
416,416,416,2020-09-29,55.99112319946289,58.62729644775391,57.02545547485352
417,417,417,2020-09-30,56.95222854614258,58.599830627441406,59.10326766967773
418,418,418,2020-10-01,57.73593521118164,55.39615631103516,59.86299133300781
419,419,419,2020-10-02,58.24303436279297,56.34811401367188,62.471710205078125
420,420,420,2020-10-05,58.58417510986328,56.76000213623047,62.60899353027344
421,421,421,2020-10-06,59.62603759765625,56.613548278808594,61.90419006347656
422,422,422,2020-10-07,61.11045837402344,55.99112319946289,58.62729644775391
423,423,423,2020-10-08,62.548789978027344,56.95222854614258,58.599830627441406
424,424,424,2020-10-09,62.677879333496094,57.73593521118164,55.39615631103516
425,425,425,2020-10-12,62.21687698364258,58.24303436279297,56.34811401367188
426,426,426,2020-10-13,60.00407028198242,58.58417510986328,56.76000213623047
427,427,427,2020-10-14,61.68211364746094,59.62603759765625,56.613548278808594
428,428,428,2020-10-15,61.3870735168457,61.11045837402344,55.99112319946289
429,429,429,2020-10-16,60.64946746826172,62.548789978027344,56.95222854614258
430,430,430,2020-10-19,59.32178497314453,62.677879333496094,57.73593521118164
431,431,431,2020-10-20,59.54306411743164,62.21687698364258,58.24303436279297
432,432,432,2020-10-21,58.82389450073242,60.00407028198242,58.58417510986328
433,433,433,2020-10-22,60.12392425537109,61.68211364746094,59.62603759765625
434,434,434,2020-10-23,59.745906829833984,61.3870735168457,61.11045837402344
435,435,435,2020-10-26,56.05788040161133,60.64946746826172,62.548789978027344
436,436,436,2020-10-27,53.78975677490234,59.32178497314453,62.677879333496094
437,437,437,2020-10-28,50.51663589477539,59.54306411743164,62.21687698364258
438,438,438,2020-10-29,50.97764205932617,58.82389450073242,60.00407028198242
439,439,439,2020-10-30,50.99607849121094,60.12392425537109,61.68211364746094
440,440,440,2020-11-02,52.637245178222656,59.745906829833984,61.3870735168457
441,441,441,2020-11-03,55.55078125,56.05788040161133,60.64946746826172
442,442,442,2020-11-04,56.002567291259766,53.78975677490234,59.32178497314453
443,443,443,2020-11-05,56.08554458618164,50.51663589477539,59.54306411743164
444,444,444,2020-11-06,56.11321258544922,50.97764205932617,58.82389450073242
445,445,445,2020-11-09,65.53607940673828,50.99607849121094,60.12392425537109
446,446,446,2020-11-10,66.64250183105469,52.637245178222656,59.745906829833984
447,447,447,2020-11-11,63.14810562133789,55.55078125,56.05788040161133
448,448,448,2020-11-12,62.70553970336914,56.002567291259766,53.78975677490234
449,449,449,2020-11-13,65.96022033691406,56.08554458618164,50.51663589477539
450,450,450,2020-11-16,69.1226806640625,56.11321258544922,50.97764205932617
451,451,451,2020-11-17,68.44042205810547,65.53607940673828,50.99607849121094
452,452,452,2020-11-18,66.08930206298828,66.64250183105469,52.637245178222656
453,453,453,2020-11-19,66.37510681152344,63.14810562133789,55.55078125
454,454,454,2020-11-20,64.54032135009766,62.70553970336914,56.002567291259766
455,455,455,2020-11-23,65.74816131591797,65.96022033691406,56.08554458618164
456,456,456,2020-11-24,66.79924011230469,69.1226806640625,56.11321258544922
457,457,457,2020-11-25,66.08930206298828,68.44042205810547,65.53607940673828
458,458,458,2020-11-27,65.6836166381836,66.08930206298828,66.64250183105469
459,459,459,2020-11-30,65.72970581054688,66.37510681152344,63.14810562133789
460,460,460,2020-12-01,67.70280456542969,64.54032135009766,62.70553970336914
461,461,461,2020-12-02,67.07584381103516,65.74816131591797,65.96022033691406
462,462,462,2020-12-03,68.85531616210938,66.79924011230469,69.1226806640625
463,463,463,2020-12-04,72.02701568603516,66.08930206298828,68.44042205810547
464,464,464,2020-12-07,69.95248413085938,65.6836166381836,66.08930206298828
465,465,465,2020-12-08,70.7361831665039,65.72970581054688,66.37510681152344
466,466,466,2020-12-09,70.45038604736328,67.70280456542969,64.54032135009766
467,467,467,2020-12-10,71.21565246582031,67.07584381103516,65.74816131591797
468,468,468,2020-12-11,69.9616928100586,68.85531616210938,66.79924011230469
469,469,469,2020-12-14,67.70280456542969,72.02701568603516,66.08930206298828
470,470,470,2020-12-15,68.51416778564453,69.95248413085938,65.6836166381836
471,471,471,2020-12-16,68.11770629882812,70.7361831665039,65.72970581054688
472,472,472,2020-12-17,68.63402557373047,70.45038604736328,67.70280456542969
473,473,473,2020-12-18,66.64250183105469,71.21565246582031,67.07584381103516
474,474,474,2020-12-21,66.81768798828125,69.9616928100586,68.85531616210938
475,475,475,2020-12-22,66.31057739257812,67.70280456542969,72.02701568603516
476,476,476,2020-12-23,67.18648529052734,68.51416778564453,69.95248413085938
477,477,477,2020-12-24,66.77157592773438,68.11770629882812,70.7361831665039
478,478,478,2020-12-28,68.07160949707031,68.63402557373047,70.45038604736328
479,479,479,2020-12-29,67.14959716796875,66.64250183105469,71.21565246582031
480,480,480,2020-12-30,67.57373046875,66.81768798828125,69.9616928100586
481,481,481,2020-12-31,68.46805572509766,66.31057739257812,67.70280456542969
482,482,482,2021-01-04,66.670166015625,67.18648529052734,68.51416778564453
483,483,483,2021-01-05,67.09428405761719,66.77157592773438,68.11770629882812
484,484,484,2021-01-06,70.0723648071289,68.07160949707031,68.63402557373047
485,485,485,2021-01-07,70.10943603515625,67.14959716796875,66.64250183105469
486,486,486,2021-01-08,71.9273452758789,67.57373046875,66.81768798828125
487,487,487,2021-01-11,71.9273452758789,68.46805572509766,66.31057739257812
488,488,488,2021-01-12,72.68791198730469,66.670166015625,67.18648529052734
489,489,489,2021-01-13,70.61957550048828,67.09428405761719,66.77157592773438
490,490,490,2021-01-14,70.03524780273438,70.0723648071289,68.07160949707031
491,491,491,2021-01-15,70.09090423583984,70.10943603515625,67.14959716796875
492,492,492,2021-01-19,69.44165802001953,71.9273452758789,67.57373046875
493,493,493,2021-01-20,71.4357681274414,71.9273452758789,68.46805572509766
494,494,494,2021-01-21,71.25955963134766,72.68791198730469,66.670166015625
495,495,495,2021-01-22,69.73846435546875,70.61957550048828,67.09428405761719
496,496,496,2021-01-25,67.70723724365234,70.03524780273438,70.0723648071289
497,497,497,2021-01-26,68.79240417480469,70.09090423583984,70.10943603515625
498,498,498,2021-01-27,66.79830932617188,69.44165802001953,71.9273452758789
499,499,499,2021-01-28,68.77386474609375,71.4357681274414,71.9273452758789
500,500,500,2021-01-29,66.32526397705078,71.25955963134766,72.68791198730469
501,501,501,2021-02-01,66.38092041015625,69.73846435546875,70.61957550048828
502,502,502,2021-02-02,67.73504638671875,67.70723724365234,70.03524780273438
503,503,503,2021-02-03,70.86073303222656,68.79240417480469,70.09090423583984
504,504,504,2021-02-04,70.97203826904297,66.79830932617188,69.44165802001953
505,505,505,2021-02-05,71.49142456054688,68.77386474609375,71.4357681274414
506,506,506,2021-02-08,71.34302520751953,66.32526397705078,71.25955963134766
507,507,507,2021-02-09,70.68450927734375,66.38092041015625,69.73846435546875
508,508,508,2021-02-10,70.61957550048828,67.73504638671875,67.70723724365234
509,509,509,2021-02-11,70.69379425048828,70.86073303222656,68.79240417480469
510,510,510,2021-02-12,70.71233367919922,70.97203826904297,66.79830932617188
511,511,511,2021-02-16,70.85145568847656,71.49142456054688,68.77386474609375
512,512,512,2021-02-17,69.46021270751953,71.34302520751953,66.32526397705078
513,513,513,2021-02-18,69.49732208251953,70.68450927734375,66.38092041015625
514,514,514,2021-02-19,71.14824676513672,70.61957550048828,67.73504638671875
515,515,515,2021-02-22,72.95687866210938,70.69379425048828,70.86073303222656
516,516,516,2021-02-23,73.39277648925781,70.71233367919922,70.97203826904297
517,517,517,2021-02-24,75.1086654663086,70.85145568847656,71.49142456054688
518,518,518,2021-02-25,74.57071685791016,69.46021270751953,71.34302520751953
519,519,519,2021-02-26,73.85655212402344,69.49732208251953,70.68450927734375
520,520,520,2021-03-01,75.04374694824219,71.14824676513672,70.61957550048828
521,521,521,2021-03-02,74.2275390625,72.95687866210938,70.69379425048828
522,522,522,2021-03-03,75.59095001220703,73.39277648925781,70.71233367919922
523,523,523,2021-03-04,73.6617660522461,75.1086654663086,70.85145568847656
524,524,524,2021-03-05,75.85992431640625,74.57071685791016,69.46021270751953
525,525,525,2021-03-08,75.77647399902344,73.85655212402344,69.49732208251953
526,526,526,2021-03-09,73.60611724853516,75.04374694824219,71.14824676513672
527,527,527,2021-03-10,75.34053039550781,74.2275390625,72.95687866210938
528,528,528,2021-03-11,75.15503692626953,75.59095001220703,73.39277648925781
529,529,529,2021-03-12,77.35321807861328,73.6617660522461,75.1086654663086
530,530,530,2021-03-15,77.20479583740234,75.85992431640625,74.57071685791016
531,531,531,2021-03-16,74.61708068847656,75.77647399902344,73.85655212402344
532,532,532,2021-03-17,74.90461730957031,73.60611724853516,75.04374694824219
533,533,533,2021-03-18,73.10526275634766,75.34053039550781,74.2275390625
534,534,534,2021-03-19,73.92146301269531,75.15503692626953,75.59095001220703
535,535,535,2021-03-22,72.9012451171875,77.35321807861328,73.6617660522461
536,536,536,2021-03-23,72.14067077636719,77.20479583740234,75.85992431640625
537,537,537,2021-03-24,72.02009582519531,74.61708068847656,75.77647399902344
538,538,538,2021-03-25,73.8194351196289,74.90461730957031,73.60611724853516
539,539,539,2021-03-26,74.7840347290039,73.10526275634766,75.34053039550781
540,540,540,2021-03-29,73.30004119873047,73.92146301269531,75.15503692626953
541,541,541,2021-03-30,74.09768676757812,72.9012451171875,77.35321807861328
542,542,542,2021-03-31,73.44476318359375,72.14067077636719,77.20479583740234
543,543,543,2021-04-01,72.74520874023438,72.02009582519531,74.61708068847656
544,544,544,2021-04-05,73.94844818115234,73.8194351196289,74.90461730957031
545,545,545,2021-04-06,75.78597259521484,74.7840347290039,73.10526275634766
546,546,546,2021-04-07,75.22632598876953,73.30004119873047,73.92146301269531
547,547,547,2021-04-08,75.18900299072266,74.09768676757812,72.9012451171875
548,548,548,2021-04-09,75.42220306396484,73.44476318359375,72.14067077636719
549,549,549,2021-04-12,76.0844497680664,72.74520874023438,72.02009582519531
550,550,550,2021-04-13,75.0677490234375,73.94844818115234,73.8194351196289
551,551,551,2021-04-14,75.11438751220703,75.78597259521484,74.7840347290039
552,552,552,2021-04-15,75.1610336303711,75.22632598876953,73.30004119873047
553,553,553,2021-04-16,75.14236450195312,75.18900299072266,74.09768676757812
554,554,554,2021-04-19,75.62741088867188,75.42220306396484,73.44476318359375
555,555,555,2021-04-20,74.9091796875,76.0844497680664,72.74520874023438
556,556,556,2021-04-21,76.85862731933594,75.0677490234375,73.94844818115234
557,557,557,2021-04-22,76.8399658203125,75.11438751220703,75.78597259521484
558,558,558,2021-04-23,77.08248138427734,75.1610336303711,75.22632598876953
559,559,559,2021-04-26,76.7467041015625,75.14236450195312,75.18900299072266
560,560,560,2021-04-27,77.68878173828125,75.62741088867188,75.42220306396484
561,561,561,2021-04-28,77.64213562011719,74.9091796875,76.0844497680664
562,562,562,2021-04-29,78.50959014892578,76.85862731933594,75.0677490234375
563,563,563,2021-04-30,79.03193664550781,76.8399658203125,75.11438751220703
564,564,564,2021-05-03,78.38834381103516,77.08248138427734,75.1610336303711
565,565,565,2021-05-04,77.58618927001953,76.7467041015625,75.14236450195312
566,566,566,2021-05-05,77.4555892944336,77.68878173828125,75.62741088867188
567,567,567,2021-05-06,79.63823699951172,77.64213562011719,74.9091796875
568,568,568,2021-05-07,80.45903778076172,78.50959014892578,76.85862731933594
569,569,569,2021-05-10,79.88074493408203,79.03193664550781,76.8399658203125
570,570,570,2021-05-11,78.33238220214844,78.38834381103516,77.08248138427734
571,571,571,2021-05-12,76.224365234375,77.58618927001953,76.7467041015625
572,572,572,2021-05-13,77.53021240234375,77.4555892944336,77.68878173828125
573,573,573,2021-05-14,78.35102844238281,79.63823699951172,77.64213562011719
574,574,574,2021-05-17,78.47228240966797,80.45903778076172,78.50959014892578
575,575,575,2021-05-18,77.33434295654297,79.88074493408203,79.03193664550781
576,576,576,2021-05-19,75.6833724975586,78.33238220214844,78.38834381103516
577,577,577,2021-05-20,74.77859497070312,76.224365234375,77.58618927001953
578,578,578,2021-05-21,75.09575653076172,77.53021240234375,77.4555892944336
579,579,579,2021-05-24,74.96514892578125,78.35102844238281,79.63823699951172
580,580,580,2021-05-25,76.02848052978516,78.47228240966797,80.45903778076172
581,581,581,2021-05-26,75.63672637939453,77.33434295654297,79.88074493408203
582,582,582,2021-05-27,75.03044891357422,75.6833724975586,78.33238220214844
583,583,583,2021-05-28,75.55278778076172,74.77859497070312,76.224365234375
584,584,584,2021-06-01,75.97251892089844,75.09575653076172,77.53021240234375
585,585,585,2021-06-02,75.25430297851562,74.96514892578125,78.35102844238281
586,586,586,2021-06-03,74.89054107666016,76.02848052978516,78.47228240966797
587,587,587,2021-06-04,74.25625610351562,75.63672637939453,77.33434295654297
588,588,588,2021-06-07,74.46145629882812,75.03044891357422,75.6833724975586
589,589,589,2021-06-08,74.9091796875,75.55278778076172,74.77859497070312
590,590,590,2021-06-09,74.11634826660156,75.97251892089844,75.09575653076172
591,591,591,2021-06-10,73.62198638916016,75.25430297851562,74.96514892578125
592,592,592,2021-06-11,74.49877166748047,74.89054107666016,76.02848052978516
593,593,593,2021-06-14,74.06037902832031,74.25625610351562,75.63672637939453
594,594,594,2021-06-15,73.89248657226562,74.46145629882812,75.03044891357422
595,595,595,2021-06-16,72.2322006225586,74.9091796875,75.55278778076172
596,596,596,2021-06-17,70.92633819580078,74.11634826660156,75.97251892089844
597,597,597,2021-06-18,69.68578338623047,73.62198638916016,75.25430297851562
598,598,598,2021-06-21,72.15756225585938,74.49877166748047,74.89054107666016
599,599,599,2021-06-22,71.94303894042969,74.06037902832031,74.25625610351562
600,600,600,2021-06-23,72.07362365722656,73.89248657226562,74.46145629882812
601,601,601,2021-06-24,72.03630828857422,72.2322006225586,74.9091796875
602,602,602,2021-06-25,71.85909271240234,70.92633819580078,74.11634826660156
603,603,603,2021-06-28,71.09425354003906,69.68578338623047,73.62198638916016
604,604,604,2021-06-29,70.59054565429688,72.15756225585938,74.49877166748047
605,605,605,2021-06-30,72.52135467529297,71.94303894042969,74.06037902832031
606,606,606,2021-07-01,72.08966064453125,72.07362365722656,73.89248657226562
607,607,607,2021-07-02,71.87382507324219,72.03630828857422,72.2322006225586
608,608,608,2021-07-06,70.70081329345703,71.85909271240234,70.92633819580078
609,609,609,2021-07-07,70.240966796875,71.09425354003906,69.68578338623047
610,610,610,2021-07-08,69.71546936035156,70.59054565429688,72.15756225585938
611,611,611,2021-07-09,71.45154571533203,72.52135467529297,71.94303894042969
612,612,612,2021-07-12,70.59758758544922,72.08966064453125,72.07362365722656
613,613,613,2021-07-13,68.79580688476562,71.87382507324219,72.03630828857422
614,614,614,2021-07-14,68.71134948730469,70.70081329345703,71.85909271240234
615,615,615,2021-07-15,68.12013244628906,70.240966796875,71.09425354003906
616,616,616,2021-07-16,67.17232513427734,69.71546936035156,70.59054565429688
617,617,617,2021-07-19,66.13069152832031,71.45154571533203,72.52135467529297
618,618,618,2021-07-20,68.19522094726562,70.59758758544922,72.08966064453125
619,619,619,2021-07-21,68.75827026367188,68.79580688476562,71.87382507324219
620,620,620,2021-07-22,67.5289306640625,68.71134948730469,70.70081329345703
621,621,621,2021-07-23,68.38289642333984,68.12013244628906,70.240966796875
622,622,622,2021-07-26,68.80518341064453,67.17232513427734,69.71546936035156
623,623,623,2021-07-27,69.05855560302734,66.13069152832031,71.45154571533203
624,624,624,2021-07-28,69.11487579345703,68.19522094726562,70.59758758544922
625,625,625,2021-07-29,70.45680236816406,68.75827026367188,68.79580688476562
626,626,626,2021-07-30,69.63098907470703,67.5289306640625,68.71134948730469
627,627,627,2021-08-02,68.67381286621094,68.38289642333984,68.12013244628906
628,628,628,2021-08-03,68.09200286865234,68.80518341064453,67.17232513427734
629,629,629,2021-08-04,67.33185577392578,69.05855560302734,66.13069152832031
630,630,630,2021-08-05,68.99285888671875,69.11487579345703,68.19522094726562
631,631,631,2021-08-06,69.36824035644531,70.45680236816406,68.75827026367188
632,632,632,2021-08-09,68.92717742919922,69.63098907470703,67.5289306640625
633,633,633,2021-08-10,73.42223358154297,68.67381286621094,68.38289642333984
634,634,634,2021-08-11,73.34716796875,68.09200286865234,68.80518341064453
635,635,635,2021-08-12,73.9289779663086,67.33185577392578,69.05855560302734
636,636,636,2021-08-13,74.54834747314453,68.99285888671875,69.11487579345703
637,637,637,2021-08-16,74.44511413574219,69.36824035644531,70.45680236816406
638,638,638,2021-08-17,73.82575988769531,68.92717742919922,69.63098907470703
639,639,639,2021-08-18,72.20228576660156,73.42223358154297,68.67381286621094
640,640,640,2021-08-19,70.89788055419922,73.34716796875,68.09200286865234
641,641,641,2021-08-20,72.0615234375,73.9289779663086,67.33185577392578
642,642,642,2021-08-23,72.78410339355469,74.54834747314453,68.99285888671875
643,643,643,2021-08-24,73.61929321289062,74.44511413574219,69.36824035644531
644,644,644,2021-08-25,74.27619171142578,73.82575988769531,68.92717742919922
645,645,645,2021-08-26,74.15419006347656,72.20228576660156,73.42223358154297
646,646,646,2021-08-27,75.30846405029297,70.89788055419922,73.34716796875
647,647,647,2021-08-30,74.12605285644531,72.0615234375,73.9289779663086
648,648,648,2021-08-31,74.74541473388672,72.78410339355469,74.54834747314453
649,649,649,2021-09-01,74.12605285644531,73.61929321289062,74.44511413574219
650,650,650,2021-09-02,73.53484344482422,74.27619171142578,73.82575988769531
651,651,651,2021-09-03,72.5870361328125,74.15419006347656,72.20228576660156
652,652,652,2021-09-07,72.38997650146484,75.30846405029297,70.89788055419922
653,653,653,2021-09-08,71.70492553710938,74.12605285644531,72.0615234375
654,654,654,2021-09-09,73.16886138916016,74.74541473388672,72.78410339355469
655,655,655,2021-09-10,71.84568786621094,74.12605285644531,73.61929321289062
656,656,656,2021-09-13,72.1365966796875,73.53484344482422,74.27619171142578
657,657,657,2021-09-14,71.11371612548828,72.5870361328125,74.15419006347656
658,658,658,2021-09-15,71.57353210449219,72.38997650146484,75.30846405029297
659,659,659,2021-09-16,72.03336334228516,71.70492553710938,74.12605285644531
660,660,660,2021-09-17,71.40461730957031,73.16886138916016,74.74541473388672
661,661,661,2021-09-20,71.45154571533203,71.84568786621094,74.12605285644531
662,662,662,2021-09-21,71.76123809814453,72.1365966796875,73.53484344482422
663,663,663,2021-09-22,72.91547393798828,71.11371612548828,72.5870361328125
664,664,664,2021-09-23,74.87678527832031,71.57353210449219,72.38997650146484
665,665,665,2021-09-24,75.5242919921875,72.03336334228516,71.70492553710938
666,666,666,2021-09-27,76.63164520263672,71.40461730957031,73.16886138916016
667,667,667,2021-09-28,75.73075103759766,71.45154571533203,71.84568786621094
668,668,668,2021-09-29,75.94659423828125,71.76123809814453,72.1365966796875
669,669,669,2021-09-30,74.0965347290039,72.91547393798828,71.11371612548828
670,670,670,2021-10-01,76.28639221191406,74.87678527832031,71.57353210449219
671,671,671,2021-10-04,76.85273742675781,75.5242919921875,72.03336334228516
672,672,672,2021-10-05,76.21087646484375,76.63164520263672,71.40461730957031
673,673,673,2021-10-06,76.56011962890625,75.73075103759766,71.45154571533203
674,674,674,2021-10-07,78.22139739990234,75.94659423828125,71.76123809814453
675,675,675,2021-10-08,78.67446899414062,74.0965347290039,72.91547393798828
676,676,676,2021-10-11,78.21195983886719,76.28639221191406,74.87678527832031
677,677,677,2021-10-12,78.40074157714844,76.85273742675781,75.5242919921875
678,678,678,2021-10-13,77.24917602539062,76.21087646484375,76.63164520263672
679,679,679,2021-10-14,77.61730194091797,76.56011962890625,75.73075103759766
680,680,680,2021-10-15,77.60787200927734,78.22139739990234,75.94659423828125
681,681,681,2021-10-18,76.73947143554688,78.67446899414062,74.0965347290039
682,682,682,2021-10-19,76.77723693847656,78.21195983886719,76.28639221191406
683,683,683,2021-10-20,75.34249114990234,78.40074157714844,76.85273742675781
684,684,684,2021-10-21,75.16314697265625,77.24917602539062,76.21087646484375
685,685,685,2021-10-22,74.26642608642578,77.61730194091797,76.56011962890625
686,686,686,2021-10-25,73.67178344726562,77.60787200927734,78.22139739990234
687,687,687,2021-10-26,72.71842956542969,76.73947143554688,78.67446899414062
688,688,688,2021-10-27,72.13319396972656,76.77723693847656,78.21195983886719
689,689,689,2021-10-28,72.34088134765625,75.34249114990234,78.40074157714844
690,690,690,2021-10-29,72.58628845214844,75.16314697265625,77.24917602539062
691,691,691,2021-11-01,73.97383117675781,74.26642608642578,77.61730194091797
692,692,692,2021-11-02,73.25646209716797,73.67178344726562,77.60787200927734
693,693,693,2021-11-03,73.03935241699219,72.71842956542969,76.73947143554688
694,694,694,2021-11-04,73.35084533691406,72.13319396972656,76.77723693847656
695,695,695,2021-11-05,76.74890899658203,72.34088134765625,75.34249114990234
696,696,696,2021-11-08,75.8993911743164,72.58628845214844,75.16314697265625
697,697,697,2021-11-09,75.13482666015625,73.97383117675781,74.26642608642578
698,698,698,2021-11-10,74.14373779296875,73.25646209716797,73.67178344726562
699,699,699,2021-11-11,73.21870422363281,73.03935241699219,72.71842956542969
700,700,700,2021-11-12,71.93498992919922,73.35084533691406,72.13319396972656
701,701,701,2021-11-15,72.14264678955078,76.74890899658203,72.34088134765625
702,702,702,2021-11-16,72.2370376586914,75.8993911743164,72.58628845214844
703,703,703,2021-11-17,71.41585540771484,75.13482666015625,73.97383117675781
704,704,704,2021-11-18,70.7267837524414,74.14373779296875,73.25646209716797
705,705,705,2021-11-19,70.00942993164062,73.21870422363281,73.03935241699219
706,706,706,2021-11-22,71.1421127319336,71.93498992919922,73.35084533691406
707,707,707,2021-11-23,72.21817779541016,72.14264678955078,76.74890899658203
708,708,708,2021-11-24,72.04825592041016,72.2370376586914,75.8993911743164
709,709,709,2021-11-26,68.65020751953125,71.41585540771484,75.13482666015625
710,710,710,2021-11-29,69.09382629394531,70.7267837524414,74.14373779296875
711,711,711,2021-11-30,66.1111068725586,70.00942993164062,73.21870422363281
712,712,712,2021-12-01,64.2516098022461,71.1421127319336,71.93498992919922
713,713,713,2021-12-02,66.24324798583984,72.21817779541016,72.14264678955078
714,714,714,2021-12-03,66.05448150634766,72.04825592041016,72.2370376586914
715,715,715,2021-12-06,68.8956069946289,68.65020751953125,71.41585540771484
716,716,716,2021-12-07,68.82954406738281,69.09382629394531,70.7267837524414
717,717,717,2021-12-08,69.37701416015625,66.1111068725586,70.00942993164062
718,718,718,2021-12-09,69.72624969482422,64.2516098022461,71.1421127319336
719,719,719,2021-12-10,69.5374755859375,66.24324798583984,72.21817779541016
720,720,720,2021-12-13,69.26374053955078,66.05448150634766,72.04825592041016
721,721,721,2021-12-14,69.3958740234375,68.8956069946289,68.65020751953125
722,722,722,2021-12-15,70.3869857788086,68.82954406738281,69.09382629394531
723,723,723,2021-12-16,69.85840606689453,69.37701416015625,66.1111068725586
724,724,724,2021-12-17,68.06497955322266,69.72624969482422,64.2516098022461
725,725,725,2021-12-20,67.21546936035156,69.5374755859375,66.24324798583984
726,726,726,2021-12-21,70.31147766113281,69.26374053955078,66.05448150634766
727,727,727,2021-12-22,71.04772186279297,69.3958740234375,68.8956069946289
728,728,728,2021-12-23,72.35031127929688,70.3869857788086,68.82954406738281
729,729,729,2021-12-27,73.16207122802734,69.85840606689453,69.37701416015625
730,730,730,2021-12-28,73.92664337158203,68.06497955322266,69.72624969482422
731,731,731,2021-12-29,73.56794738769531,67.21546936035156,69.5374755859375
732,732,732,2021-12-30,73.62458801269531,70.31147766113281,69.26374053955078
733,733,733,2021-12-31,74.14373779296875,71.04772186279297,69.3958740234375
734,734,734,2022-01-03,74.52128601074219,72.35031127929688,70.3869857788086
735,735,735,2022-01-04,76.34302520751953,73.16207122802734,69.85840606689453
736,736,736,2022-01-05,75.70117950439453,73.92664337158203,68.06497955322266
737,737,737,2022-01-06,75.64419555664062,73.56794738769531,67.21546936035156
738,738,738,2022-01-07,76.394287109375,73.62458801269531,70.31147766113281
739,739,739,2022-01-10,75.30238342285156,74.14373779296875,71.04772186279297
740,740,740,2022-01-11,74.46686553955078,74.52128601074219,72.35031127929688
741,741,741,2022-01-12,74.2389907836914,76.34302520751953,73.16207122802734
742,742,742,2022-01-13,76.3563003540039,75.70117950439453,73.92664337158203
743,743,743,2022-01-14,75.75814056396484,75.64419555664062,73.56794738769531
744,744,744,2022-01-18,74.9321060180664,76.394287109375,73.62458801269531
745,745,745,2022-01-19,73.7642593383789,75.30238342285156,74.14373779296875
746,746,746,2022-01-20,74.08707427978516,74.46686553955078,74.52128601074219
747,747,747,2022-01-21,73.49842071533203,74.2389907836914,76.34302520751953
748,748,748,2022-01-24,73.2705307006836,76.3563003540039,75.70117950439453
749,749,749,2022-01-25,73.17559814453125,75.75814056396484,75.64419555664062
750,750,750,2022-01-26,73.16608428955078,74.9321060180664,76.394287109375
751,751,751,2022-01-27,72.78630828857422,73.7642593383789,75.30238342285156
752,752,752,2022-01-28,73.707275390625,74.08707427978516,74.46686553955078
753,753,753,2022-01-31,74.20101165771484,73.49842071533203,74.2389907836914
754,754,754,2022-02-01,75.44482421875,73.2705307006836,76.3563003540039
755,755,755,2022-02-02,75.9480209350586,73.17559814453125,75.75814056396484
756,756,756,2022-02-03,75.2264404296875,73.16608428955078,74.9321060180664
757,757,757,2022-02-04,74.78018951416016,72.78630828857422,73.7642593383789
758,758,758,2022-02-07,75.88157653808594,73.707275390625,74.08707427978516
759,759,759,2022-02-08,77.22981262207031,74.20101165771484,73.49842071533203
760,760,760,2022-02-09,77.27729034423828,75.44482421875,73.2705307006836
761,761,761,2022-02-10,78.74897766113281,75.9480209350586,73.17559814453125
762,762,762,2022-02-11,78.39765930175781,75.2264404296875,73.16608428955078
763,763,763,2022-02-14,77.84696197509766,74.78018951416016,72.78630828857422
764,764,764,2022-02-15,80.08773803710938,75.88157653808594,73.707275390625
765,765,765,2022-02-16,81.2460708618164,77.22981262207031,74.20101165771484
766,766,766,2022-02-17,80.00227355957031,77.27729034423828,75.44482421875
767,767,767,2022-02-18,79.3281478881836,78.74897766113281,75.9480209350586
768,768,768,2022-02-22,79.9832763671875,78.39765930175781,75.2264404296875
769,769,769,2022-02-23,79.84085083007812,77.84696197509766,74.78018951416016
770,770,770,2022-02-24,80.6668930053711,80.08773803710938,75.88157653808594
771,771,771,2022-02-25,82.84117889404297,81.2460708618164,77.22981262207031
772,772,772,2022-02-28,82.6987533569336,80.00227355957031,77.27729034423828
773,773,773,2022-03-01,81.79676055908203,79.3281478881836,78.74897766113281
774,774,774,2022-03-02,83.90459442138672,79.9832763671875,78.39765930175781
775,775,775,2022-03-03,82.67977142333984,79.84085083007812,77.84696197509766
776,776,776,2022-03-04,80.6668930053711,80.6668930053711,80.08773803710938
777,777,777,2022-03-07,73.82122802734375,82.84117889404297,81.2460708618164
778,778,778,2022-03-08,71.50452423095703,82.6987533569336,80.00227355957031
779,779,779,2022-03-09,75.72965240478516,81.79676055908203,79.3281478881836
780,780,780,2022-03-10,75.93853759765625,83.90459442138672,79.9832763671875
781,781,781,2022-03-11,73.88768768310547,82.67977142333984,79.84085083007812
782,782,782,2022-03-14,72.88126373291016,80.6668930053711,80.6668930053711
783,783,783,2022-03-15,73.85919189453125,73.82122802734375,82.84117889404297
784,784,784,2022-03-16,76.03349304199219,71.50452423095703,82.6987533569336
785,785,785,2022-03-17,75.72016143798828,75.72965240478516,81.79676055908203
786,786,786,2022-03-18,77.13487243652344,75.93853759765625,83.90459442138672
787,787,787,2022-03-21,76.66963958740234,73.88768768310547,82.67977142333984
788,788,788,2022-03-22,77.01142883300781,72.88126373291016,80.6668930053711
789,789,789,2022-03-23,76.36579895019531,73.85919189453125,73.82122802734375
790,790,790,2022-03-24,77.41022491455078,76.03349304199219,71.50452423095703
791,791,791,2022-03-25,76.82156372070312,75.72016143798828,75.72965240478516
792,792,792,2022-03-28,76.85002899169922,77.13487243652344,75.93853759765625
793,793,793,2022-03-29,78.90087127685547,76.66963958740234,73.88768768310547
794,794,794,2022-03-30,78.79643249511719,77.01142883300781,72.88126373291016
795,795,795,2022-03-31,77.96571350097656,76.36579895019531,73.85919189453125
796,796,796,2022-04-01,78.69140625,77.41022491455078,76.03349304199219
797,797,797,2022-04-04,79.14019775390625,76.82156372070312,75.72016143798828
798,798,798,2022-04-05,78.77734375,76.85002899169922,77.13487243652344
799,799,799,2022-04-06,79.29296112060547,78.90087127685547,76.66963958740234
800,800,800,2022-04-07,79.90411376953125,78.79643249511719,77.01142883300781
801,801,801,2022-04-08,81.70881652832031,77.96571350097656,76.36579895019531
802,802,802,2022-04-11,80.88761901855469,78.69140625,77.41022491455078
803,803,803,2022-04-12,80.75393676757812,79.14019775390625,76.82156372070312
804,804,804,2022-04-13,82.75917053222656,78.77734375,76.85002899169922
805,805,805,2022-04-14,82.37723541259766,79.29296112060547,78.90087127685547
806,806,806,2022-04-18,82.03347778320312,79.90411376953125,78.79643249511719
807,807,807,2022-04-19,84.12464904785156,81.70881652832031,77.96571350097656
808,808,808,2022-04-20,85.07952117919922,80.88761901855469,78.69140625
809,809,809,2022-04-21,85.6906509399414,80.75393676757812,79.14019775390625
810,810,810,2022-04-22,84.7930679321289,82.75917053222656,78.77734375
811,811,811,2022-04-25,85.6906509399414,82.37723541259766,79.29296112060547
812,812,812,2022-04-26,83.69495391845703,82.03347778320312,79.90411376953125
813,813,813,2022-04-27,83.76179504394531,84.12464904785156,81.70881652832031
814,814,814,2022-04-28,84.33472442626953,85.07952117919922,80.88761901855469
815,815,815,2022-04-29,81.62288665771484,85.6906509399414,80.75393676757812
816,816,816,2022-05-02,81.29821014404297,84.7930679321289,82.75917053222656
817,817,817,2022-05-03,81.89025115966797,85.6906509399414,82.37723541259766
818,818,818,2022-05-04,82.31037902832031,83.69495391845703,82.03347778320312
819,819,819,2022-05-05,79.85635375976562,83.76179504394531,84.12464904785156
820,820,820,2022-05-06,78.75823974609375,84.33472442626953,85.07952117919922
821,821,821,2022-05-09,77.42141723632812,81.62288665771484,85.6906509399414
822,822,822,2022-05-10,82.16716003417969,81.29821014404297,84.7930679321289
823,823,823,2022-05-11,80.2669448852539,81.89025115966797,85.6906509399414
824,824,824,2022-05-12,78.88237762451172,82.31037902832031,83.69495391845703
825,825,825,2022-05-13,80.90672302246094,79.85635375976562,83.76179504394531
826,826,826,2022-05-16,80.72529602050781,78.75823974609375,84.33472442626953
827,827,827,2022-05-17,82.04302215576172,77.42141723632812,81.62288665771484
828,828,828,2022-05-18,77.068115234375,82.16716003417969,81.29821014404297
829,829,829,2022-05-19,75.51165771484375,80.2669448852539,81.89025115966797
830,830,830,2022-05-20,73.50642395019531,78.88237762451172,82.31037902832031
831,831,831,2022-05-23,75.04377746582031,80.90672302246094,79.85635375976562
832,832,832,2022-05-24,73.63055419921875,80.72529602050781,78.75823974609375
833,833,833,2022-05-25,75.56896209716797,82.04302215576172,77.42141723632812
834,834,834,2022-05-26,79.10200500488281,77.068115234375,82.16716003417969
835,835,835,2022-05-27,80.66799926757812,75.51165771484375,80.2669448852539
836,836,836,2022-05-31,80.38154602050781,73.50642395019531,78.88237762451172
837,837,837,2022-06-01,79.49351501464844,75.04377746582031,80.90672302246094
838,838,838,2022-06-02,80.51522064208984,73.63055419921875,80.72529602050781
839,839,839,2022-06-03,80.44837951660156,75.56896209716797,82.04302215576172
840,840,840,2022-06-06,80.89717102050781,79.10200500488281,77.068115234375
841,841,841,2022-06-07,81.26956939697266,80.66799926757812,75.51165771484375
842,842,842,2022-06-08,81.31731414794922,80.38154602050781,73.50642395019531
843,843,843,2022-06-09,78.76778411865234,79.49351501464844,75.04377746582031
844,844,844,2022-06-10,78.2139663696289,80.51522064208984,73.63055419921875
845,845,845,2022-06-13,76.12278747558594,80.44837951660156,75.56896209716797
846,846,846,2022-06-14,76.52383422851562,80.89717102050781,79.10200500488281
847,847,847,2022-06-15,77.13496398925781,81.26956939697266,80.66799926757812
848,848,848,2022-06-16,74.90055084228516,81.31731414794922,80.38154602050781
849,849,849,2022-06-17,75.21565246582031,78.76778411865234,79.49351501464844
850,850,850,2022-06-21,76.45700073242188,78.2139663696289,80.51522064208984
851,851,851,2022-06-22,74.76686096191406,76.12278747558594,80.44837951660156
852,852,852,2022-06-23,77.18270111083984,76.52383422851562,80.89717102050781
853,853,853,2022-06-24,81.70881652832031,77.13496398925781,81.26956939697266
854,854,854,2022-06-27,82.21490478515625,74.90055084228516,81.31731414794922
855,855,855,2022-06-28,81.21228790283203,75.21565246582031,78.76778411865234
856,856,856,2022-06-29,81.45099639892578,76.45700073242188,78.2139663696289
857,857,857,2022-06-30,81.3549575805664,74.76686096191406,76.12278747558594
858,858,858,2022-07-01,82.90119171142578,77.18270111083984,76.52383422851562
859,859,859,2022-07-05,81.82555389404297,81.70881652832031,77.13496398925781
860,860,860,2022-07-06,81.46060943603516,82.21490478515625,74.90055084228516
861,861,861,2022-07-07,82.64189147949219,81.21228790283203,75.21565246582031
862,862,862,2022-07-08,82.73793029785156,81.45099639892578,76.45700073242188
863,863,863,2022-07-11,82.92040252685547,81.3549575805664,74.76686096191406
864,864,864,2022-07-12,82.96842956542969,82.90119171142578,77.18270111083984
865,865,865,2022-07-13,82.85317993164062,81.82555389404297,81.70881652832031
866,866,866,2022-07-14,83.30455780029297,81.46060943603516,82.21490478515625
867,867,867,2022-07-15,84.14971160888672,82.64189147949219,81.21228790283203
868,868,868,2022-07-18,82.93000793457031,82.73793029785156,81.45099639892578
869,869,869,2022-07-19,83.90000915527344,82.92040252685547,81.3549575805664
870,870,870,2022-07-20,84.73554992675781,82.96842956542969,82.90119171142578
871,871,871,2022-07-21,83.47743225097656,82.85317993164062,81.82555389404297
872,872,872,2022-07-22,83.41981506347656,83.30455780029297,81.46060943603516
873,873,873,2022-07-25,84.38021087646484,84.14971160888672,82.64189147949219
874,874,874,2022-07-26,82.7667465209961,82.93000793457031,82.73793029785156
875,875,875,2022-07-27,82.94921875,83.90000915527344,82.92040252685547
876,876,876,2022-07-28,83.82317352294922,84.73554992675781,82.96842956542969
877,877,877,2022-07-29,81.53743743896484,83.47743225097656,82.85317993164062
878,878,878,2022-08-01,82.59387969970703,83.41981506347656,83.30455780029297
879,879,879,2022-08-02,82.0272445678711,84.38021087646484,84.14971160888672
880,880,880,2022-08-03,82.97802734375,82.7667465209961,82.93000793457031
881,881,881,2022-08-04,82.87238311767578,82.94921875,83.90000915527344
882,882,882,2022-08-05,82.83396911621094,83.82317352294922,84.73554992675781
883,883,883,2022-08-08,83.30455780029297,81.53743743896484,83.47743225097656
884,884,884,2022-08-09,79.0788345336914,82.59387969970703,83.41981506347656
885,885,885,2022-08-10,78.48338317871094,82.0272445678711,84.38021087646484
886,886,886,2022-08-11,79.00200653076172,82.97802734375,82.7667465209961
887,887,887,2022-08-12,81.41259002685547,82.87238311767578,82.94921875
888,888,888,2022-08-15,81.78713989257812,82.83396911621094,83.82317352294922
889,889,889,2022-08-16,82.88199615478516,83.30455780029297,81.53743743896484
890,890,890,2022-08-17,82.18090057373047,79.0788345336914,82.59387969970703
891,891,891,2022-08-18,82.90119171142578,78.48338317871094,82.0272445678711
892,892,892,2022-08-19,83.24694061279297,79.00200653076172,82.97802734375
893,893,893,2022-08-22,81.50862884521484,81.41259002685547,82.87238311767578
894,894,894,2022-08-23,81.90238952636719,81.78713989257812,82.83396911621094
895,895,895,2022-08-24,82.64189147949219,82.88199615478516,83.30455780029297
896,896,896,2022-08-25,82.96842956542969,82.18090057373047,79.0788345336914
897,897,897,2022-08-26,80.31773376464844,82.90119171142578,78.48338317871094
898,898,898,2022-08-29,79.78951263427734,83.24694061279297,79.00200653076172
899,899,899,2022-08-30,79.32852935791016,81.50862884521484,81.41259002685547
900,900,900,2022-08-31,78.96358489990234,81.90238952636719,81.78713989257812
901,901,901,2022-09-01,78.60823059082031,82.64189147949219,82.88199615478516
902,902,902,2022-09-02,77.58061981201172,82.96842956542969,82.18090057373047
903,903,903,2022-09-06,77.24447631835938,80.31773376464844,82.90119171142578
904,904,904,2022-09-07,79.61665344238281,79.78951263427734,83.24694061279297
905,905,905,2022-09-08,79.75109100341797,79.32852935791016,81.50862884521484
906,906,906,2022-09-09,80.56743621826172,78.96358489990234,81.90238952636719
907,907,907,2022-09-12,80.90357208251953,78.60823059082031,82.64189147949219
908,908,908,2022-09-13,77.46537780761719,77.58061981201172,82.96842956542969
909,909,909,2022-09-14,76.26488494873047,77.24447631835938,80.31773376464844
910,910,910,2022-09-15,76.50496673583984,79.61665344238281,79.78951263427734
911,911,911,2022-09-16,75.09320068359375,79.75109100341797,79.32852935791016
912,912,912,2022-09-19,76.62982177734375,80.56743621826172,78.96358489990234
913,913,913,2022-09-20,76.380126953125,80.90357208251953,78.60823059082031
914,914,914,2022-09-21,75.34288787841797,77.46537780761719,77.58061981201172
915,915,915,2022-09-22,74.31527709960938,76.26488494873047,77.24447631835938
916,916,916,2022-09-23,71.95270538330078,76.50496673583984,79.61665344238281
917,917,917,2022-09-26,70.7042007446289,75.09320068359375,79.75109100341797
918,918,918,2022-09-27,70.08954620361328,76.62982177734375,80.56743621826172
919,919,919,2022-09-28,70.83865356445312,76.380126953125,80.90357208251953
920,920,920,2022-09-29,68.6489486694336,75.34288787841797,77.46537780761719
921,921,921,2022-09-30,67.90945434570312,74.31527709960938,76.26488494873047
922,922,922,2022-10-03,69.23478698730469,71.95270538330078,76.50496673583984
923,923,923,2022-10-04,72.02953338623047,70.7042007446289,75.09320068359375
924,924,924,2022-10-05,72.5097427368164,70.08954620361328,76.62982177734375
925,925,925,2022-10-06,70.82772827148438,70.83865356445312,76.380126953125
926,926,926,2022-10-07,69.78372955322266,68.6489486694336,75.34288787841797
927,927,927,2022-10-10,70.37340545654297,67.90945434570312,74.31527709960938
928,928,928,2022-10-11,71.01140594482422,69.23478698730469,71.95270538330078
929,929,929,2022-10-12,70.47972869873047,72.02953338623047,70.7042007446289
930,930,930,2022-10-13,71.98773956298828,72.5097427368164,70.08954620361328
931,931,931,2022-10-14,71.28206634521484,70.82772827148438,70.83865356445312
932,932,932,2022-10-17,73.06073760986328,69.78372955322266,68.6489486694336
933,933,933,2022-10-18,74.43339538574219,70.37340545654297,67.90945434570312
934,934,934,2022-10-19,74.86840057373047,71.01140594482422,69.23478698730469
935,935,935,2022-10-20,74.6267318725586,70.47972869873047,72.02953338623047
936,936,936,2022-10-21,77.3817367553711,71.98773956298828,72.5097427368164
937,937,937,2022-10-24,78.79307556152344,71.28206634521484,70.82772827148438
938,938,938,2022-10-25,79.76940155029297,73.06073760986328,69.78372955322266
939,939,939,2022-10-26,80.76507568359375,74.43339538574219,70.37340545654297
940,940,940,2022-10-27,80.95840454101562,74.86840057373047,71.01140594482422
941,941,941,2022-10-28,83.11407470703125,74.6267318725586,70.47972869873047
942,942,942,2022-10-31,83.67473602294922,77.3817367553711,71.98773956298828
943,943,943,2022-11-01,81.30641174316406,78.79307556152344,71.28206634521484
944,944,944,2022-11-02,78.73506927490234,79.76940155029297,73.06073760986328
945,945,945,2022-11-03,78.541748046875,80.76507568359375,74.43339538574219
946,946,946,2022-11-04,79.50840759277344,80.95840454101562,74.86840057373047
947,947,947,2022-11-07,80.44607543945312,83.11407470703125,74.6267318725586
948,948,948,2022-11-08,80.639404296875,83.67473602294922,77.3817367553711
949,949,949,2022-11-09,80.19474029541016,81.30641174316406,78.79307556152344
950,950,950,2022-11-10,81.43207550048828,78.73506927490234,79.76940155029297
951,951,951,2022-11-11,81.65441131591797,78.541748046875,80.76507568359375
952,952,952,2022-11-14,81.81874084472656,79.50840759277344,80.95840454101562
953,953,953,2022-11-15,80.66841125488281,80.44607543945312,83.11407470703125
954,954,954,2022-11-16,81.49974060058594,80.639404296875,83.67473602294922
955,955,955,2022-11-17,81.29673767089844,80.19474029541016,81.30641174316406
956,956,956,2022-11-18,82.22474670410156,81.43207550048828,78.73506927490234
957,957,957,2022-11-21,82.38907623291016,81.65441131591797,78.541748046875
958,958,958,2022-11-22,83.33641052246094,81.81874084472656,79.50840759277344
959,959,959,2022-11-23,83.19140625,80.66841125488281,80.44607543945312
960,960,960,2022-11-25,83.56842041015625,81.49974060058594,80.639404296875
961,961,961,2022-11-28,83.06574249267578,81.29673767089844,80.19474029541016
962,962,962,2022-11-29,82.25374603271484,82.22474670410156,81.43207550048828
963,963,963,2022-11-30,83.62640380859375,82.38907623291016,81.65441131591797
964,964,964,2022-12-01,83.17207336425781,83.33641052246094,81.81874084472656
965,965,965,2022-12-02,82.48574829101562,83.19140625,80.66841125488281
966,966,966,2022-12-05,82.29239654541016,83.56842041015625,81.49974060058594
967,967,967,2022-12-06,81.451416015625,83.06574249267578,81.29673767089844
968,968,968,2022-12-07,81.38375091552734,82.25374603271484,82.22474670410156
969,969,969,2022-12-08,81.11308288574219,83.62640380859375,82.38907623291016
970,970,970,2022-12-09,79.48908233642578,83.17207336425781,83.33641052246094
971,971,971,2022-12-12,80.35906982421875,82.48574829101562,83.19140625
972,972,972,2022-12-13,79.7597427368164,82.29239654541016,83.56842041015625
973,973,973,2022-12-14,79.40206909179688,81.451416015625,83.06574249267578
974,974,974,2022-12-15,75.6803970336914,81.38375091552734,82.25374603271484
975,975,975,2022-12-16,76.0573959350586,81.11308288574219,83.62640380859375
976,976,976,2022-12-19,75.31307220458984,79.48908233642578,83.17207336425781
977,977,977,2022-12-20,75.67073822021484,80.35906982421875,82.48574829101562
978,978,978,2022-12-21,74.56874084472656,79.7597427368164,82.29239654541016
979,979,979,2022-12-22,74.64607238769531,79.40206909179688,81.451416015625
980,980,980,2022-12-23,75.48707580566406,75.6803970336914,81.38375091552734
981,981,981,2022-12-27,75.37107849121094,76.0573959350586,81.11308288574219
982,982,982,2022-12-28,74.4237289428711,75.31307220458984,79.48908233642578
983,983,983,2022-12-29,74.27873229980469,75.67073822021484,80.35906982421875
984,984,984,2022-12-30,73.90172576904297,74.56874084472656,79.7597427368164
985,985,985,2023-01-03,73.45706176757812,74.64607238769531,79.40206909179688
986,986,986,2023-01-04,74.12406921386719,75.48707580566406,75.6803970336914
987,987,987,2023-01-05,74.20189666748047,75.37107849121094,76.0573959350586
988,988,988,2023-01-06,76.57573699951172,74.4237289428711,75.31307220458984
989,989,989,2023-01-09,77.05244445800781,74.27873229980469,75.67073822021484
990,990,990,2023-01-10,77.7918472290039,73.90172576904297,74.56874084472656
991,991,991,2023-01-11,78.41448211669922,73.45706176757812,74.64607238769531
992,992,992,2023-01-12,78.07398986816406,74.12406921386719,75.48707580566406
993,993,993,2023-01-13,78.15180969238281,74.20189666748047,75.37107849121094
994,994,994,2023-01-17,77.70428466796875,76.57573699951172,74.4237289428711
995,995,995,2023-01-18,75.2039794921875,77.05244445800781,74.27873229980469
996,996,996,2023-01-19,74.88291931152344,77.7918472290039,73.90172576904297
997,997,997,2023-01-20,75.7196044921875,78.41448211669922,73.45706176757812
998,998,998,2023-01-23,77.10108947753906,78.07398986816406,74.12406921386719
999,999,999,2023-01-24,75.99201202392578,78.15180969238281,74.20189666748047
1000,1000,1000,2023-01-25,77.00379943847656,77.70428466796875,76.57573699951172
1001,1001,1001,2023-01-26,76.21575927734375,75.2039794921875,77.05244445800781
1002,1002,1002,2023-01-27,75.77796936035156,74.88291931152344,77.7918472290039
1003,1003,1003,2023-01-30,75.98228454589844,75.7196044921875,78.41448211669922
1004,1004,1004,2023-01-31,75.35962677001953,77.10108947753906,78.07398986816406
1005,1005,1005,2023-02-01,75.80715942382812,75.99201202392578,78.15180969238281
1006,1006,1006,2023-02-02,75.03858184814453,77.00379943847656,77.70428466796875
1007,1007,1007,2023-02-03,74.63970184326172,76.21575927734375,75.2039794921875
1008,1008,1008,2023-02-06,74.82454681396484,75.77796936035156,74.88291931152344
1009,1009,1009,2023-02-07,75.1650619506836,75.98228454589844,75.7196044921875
1010,1010,1010,2023-02-08,74.15325927734375,75.35962677001953,77.10108947753906
1011,1011,1011,2023-02-09,74.38674926757812,75.80715942382812,75.99201202392578
1012,1012,1012,2023-02-10,75.47637939453125,75.03858184814453,77.00379943847656
1013,1013,1013,2023-02-13,76.10875701904297,74.63970184326172,76.21575927734375
1014,1014,1014,2023-02-14,75.67095184326172,74.82454681396484,75.77796936035156
1015,1015,1015,2023-02-15,75.28179931640625,75.1650619506836,75.98228454589844
1016,1016,1016,2023-02-16,75.36936950683594,74.15325927734375,75.35962677001953
1017,1017,1017,2023-02-17,76.57573699951172,74.38674926757812,75.80715942382812
1018,1018,1018,2023-02-21,74.72725677490234,75.47637939453125,75.03858184814453
1019,1019,1019,2023-02-22,75.36936950683594,76.10875701904297,74.63970184326172
1020,1020,1020,2023-02-23,74.47430419921875,75.67095184326172,74.82454681396484
1021,1021,1021,2023-02-24,73.77384185791016,75.28179931640625,75.1650619506836
1022,1022,1022,2023-02-27,73.64735412597656,75.36936950683594,74.15325927734375
1023,1023,1023,2023-02-28,72.5479965209961,76.57573699951172,74.38674926757812
1024,1024,1024,2023-03-01,73.05389404296875,74.72725677490234,75.47637939453125
1025,1025,1025,2023-03-02,73.50142669677734,75.36936950683594,76.10875701904297
1026,1026,1026,2023-03-03,74.19216918945312,74.47430419921875,75.67095184326172
1027,1027,1027,2023-03-06,74.27973175048828,73.77384185791016,75.28179931640625
1028,1028,1028,2023-03-07,73.56952667236328,73.64735412597656,75.36936950683594
1029,1029,1029,2023-03-08,72.81066131591797,72.5479965209961,76.57573699951172
1030,1030,1030,2023-03-09,72.2950439453125,73.05389404296875,74.72725677490234
1031,1031,1031,2023-03-10,71.14704895019531,73.50142669677734,75.36936950683594
1032,1032,1032,2023-03-13,71.84751892089844,74.19216918945312,74.47430419921875
1033,1033,1033,2023-03-14,72.63556671142578,74.27973175048828,73.77384185791016
1034,1034,1034,2023-03-15,72.94688415527344,73.56952667236328,73.64735412597656
1035,1035,1035,2023-03-16,72.47988891601562,72.81066131591797,72.5479965209961
1036,1036,1036,2023-03-17,70.96218872070312,72.2950439453125,73.05389404296875
1037,1037,1037,2023-03-20,72.08101654052734,71.14704895019531,73.50142669677734
1038,1038,1038,2023-03-21,73.16090393066406,71.84751892089844,74.19216918945312
1039,1039,1039,2023-03-22,72.05181884765625,72.63556671142578,74.27973175048828
1040,1040,1040,2023-03-23,71.24433898925781,72.94688415527344,73.56952667236328
1041,1041,1041,2023-03-24,72.61610412597656,72.47988891601562,72.81066131591797
1042,1042,1042,2023-03-27,73.97814178466797,70.96218872070312,72.2950439453125
1043,1043,1043,2023-03-28,74.28945922851562,72.08101654052734,71.14704895019531
1044,1044,1044,2023-03-29,75.29153442382812,73.16090393066406,71.84751892089844
1045,1045,1045,2023-03-30,74.85372924804688,72.05181884765625,72.63556671142578
1046,1046,1046,2023-03-31,75.1358642578125,71.24433898925781,72.94688415527344
1047,1047,1047,2023-04-03,76.04065704345703,72.61610412597656,72.47988891601562
1048,1048,1048,2023-04-04,75.63203430175781,73.97814178466797,70.96218872070312
1049,1049,1049,2023-04-05,75.82785034179688,74.28945922851562,72.08101654052734
1050,1050,1050,2023-04-06,75.65161895751953,75.29153442382812,73.16090393066406
1051,1051,1051,2023-04-10,76.08240509033203,74.85372924804688,72.05181884765625
1052,1052,1052,2023-04-11,76.67962646484375,75.1358642578125,71.24433898925781
1053,1053,1053,2023-04-12,73.26273345947266,76.04065704345703,72.61610412597656
1054,1054,1054,2023-04-13,73.09629821777344,75.63203430175781,73.97814178466797
1055,1055,1055,2023-04-14,71.94100189208984,75.82785034179688,74.28945922851562
1056,1056,1056,2023-04-17,73.70330047607422,75.65161895751953,75.29153442382812
1057,1057,1057,2023-04-18,73.20398712158203,76.08240509033203,74.85372924804688
1058,1058,1058,2023-04-19,73.19419860839844,76.67962646484375,75.1358642578125
1059,1059,1059,2023-04-20,72.84173583984375,73.26273345947266,76.04065704345703
1060,1060,1060,2023-04-21,73.97743225097656,73.09629821777344,75.63203430175781
1061,1061,1061,2023-04-24,73.918701171875,71.94100189208984,75.82785034179688
1062,1062,1062,2023-04-25,73.39978790283203,73.70330047607422,75.65161895751953
1063,1063,1063,2023-04-26,72.42074584960938,73.20398712158203,76.08240509033203
1064,1064,1064,2023-04-27,73.50749206542969,73.19419860839844,76.67962646484375
1065,1065,1065,2023-04-28,75.13272857666016,72.84173583984375,73.26273345947266
1066,1066,1066,2023-05-01,75.21105194091797,73.97743225097656,73.09629821777344
1067,1067,1067,2023-05-02,74.21240997314453,73.918701171875,71.94100189208984
1068,1068,1068,2023-05-03,73.74246978759766,73.39978790283203,73.70330047607422
1069,1069,1069,2023-05-04,73.9676513671875,72.42074584960938,73.20398712158203
1070,1070,1070,2023-05-05,75.16209411621094,73.50749206542969,73.19419860839844
1071,1071,1071,2023-05-08,74.4865493774414,75.13272857666016,72.84173583984375
1072,1072,1072,2023-05-09,74.38864135742188,75.21105194091797,73.97743225097656
1073,1073,1073,2023-05-10,71.85289001464844,74.21240997314453,73.918701171875
1074,1074,1074,2023-05-11,72.11723327636719,73.74246978759766,73.39978790283203
1075,1075,1075,2023-05-12,73.07671356201172,73.9676513671875,72.42074584960938
1076,1076,1076,2023-05-15,72.89067840576172,75.16209411621094,73.50749206542969
1077,1077,1077,2023-05-16,71.88226318359375,74.4865493774414,75.13272857666016
1078,1078,1078,2023-05-17,71.76477813720703,74.38864135742188,75.21105194091797
1079,1079,1079,2023-05-18,71.6570816040039,71.85289001464844,74.21240997314453
1080,1080,1080,2023-05-19,71.59833526611328,72.11723327636719,73.74246978759766
1081,1081,1081,2023-05-22,70.29618835449219,73.07671356201172,73.9676513671875
1082,1082,1082,2023-05-23,69.31713104248047,72.89067840576172,75.16209411621094
1083,1083,1083,2023-05-24,69.76750946044922,71.88226318359375,74.4865493774414
1084,1084,1084,2023-05-25,69.03321075439453,71.76477813720703,74.38864135742188
1085,1085,1085,2023-05-26,69.23881530761719,71.6570816040039,71.85289001464844
1086,1086,1086,2023-05-30,68.0639419555664,71.59833526611328,72.11723327636719
1087,1087,1087,2023-05-31,68.48493194580078,70.29618835449219,73.07671356201172
1088,1088,1088,2023-06-01,69.78707885742188,69.31713104248047,72.89067840576172
1089,1089,1089,2023-06-02,71.11859893798828,69.76750946044922,71.88226318359375
1090,1090,1090,2023-06-05,71.02069091796875,69.03321075439453,71.76477813720703
1091,1091,1091,2023-06-06,71.34378051757812,69.23881530761719,71.6570816040039
1092,1092,1092,2023-06-07,71.16755676269531,68.0639419555664,71.59833526611328
1093,1093,1093,2023-06-08,70.57032775878906,68.48493194580078,70.29618835449219
1094,1094,1094,2023-06-09,71.02069091796875,69.78707885742188,69.31713104248047
1095,1095,1095,2023-06-12,70.81509399414062,71.11859893798828,69.76750946044922
1096,1096,1096,2023-06-13,71.236083984375,71.02069091796875,69.03321075439453
1097,1097,1097,2023-06-14,71.30461120605469,71.34378051757812,69.23881530761719
1098,1098,1098,2023-06-15,71.86268615722656,71.16755676269531,68.0639419555664
1099,1099,1099,2023-06-16,71.85289001464844,70.57032775878906,68.48493194580078
1100,1100,1100,2023-06-20,70.96195220947266,71.02069091796875,69.78707885742188
1101,1101,1101,2023-06-21,71.07942962646484,70.81509399414062,71.11859893798828
1102,1102,1102,2023-06-22,71.7060317993164,71.236083984375,71.02069091796875
1103,1103,1103,2023-06-23,70.93257141113281,71.30461120605469,71.34378051757812
1104,1104,1104,2023-06-26,70.854248046875,71.86268615722656,71.16755676269531
1105,1105,1105,2023-06-27,71.84309387207031,71.85289001464844,70.57032775878906
1106,1106,1106,2023-06-28,71.34378051757812,70.96195220947266,71.02069091796875
1107,1107,1107,2023-06-29,71.59833526611328,71.07942962646484,70.81509399414062
1108,1108,1108,2023-06-30,72.64591979980469,71.7060317993164,71.236083984375
1109,1109,1109,2023-07-03,73.72288513183594,70.93257141113281,71.30461120605469
1110,1110,1110,2023-07-05,72.7242431640625,70.854248046875,71.86268615722656
1111,1111,1111,2023-07-06,73.11852264404297,71.84309387207031,71.85289001464844
1112,1112,1112,2023-07-07,73.2663803100586,71.34378051757812,70.96195220947266
1113,1113,1113,2023-07-10,73.01009368896484,71.59833526611328,71.07942962646484
1114,1114,1114,2023-07-11,72.93124389648438,72.64591979980469,71.7060317993164
1115,1115,1115,2023-07-12,72.7735366821289,73.72288513183594,70.93257141113281
1116,1116,1116,2023-07-13,72.24125671386719,72.7242431640625,70.854248046875
1117,1117,1117,2023-07-14,72.0539779663086,73.11852264404297,71.84309387207031
1118,1118,1118,2023-07-17,72.35954284667969,73.2663803100586,71.34378051757812
1119,1119,1119,2023-07-18,71.4428482055664,73.01009368896484,71.59833526611328
1120,1120,1120,2023-07-19,73.08895111083984,72.93124389648438,72.64591979980469
1121,1121,1121,2023-07-20,74.2816390991211,72.7735366821289,73.72288513183594
1122,1122,1122,2023-07-21,74.1239242553711,72.24125671386719,72.7242431640625
1123,1123,1123,2023-07-24,74.7251968383789,72.0539779663086,73.11852264404297
1124,1124,1124,2023-07-25,74.43934631347656,72.35954284667969,73.2663803100586
1125,1125,1125,2023-07-26,74.37034606933594,71.4428482055664,73.01009368896484
1126,1126,1126,2023-07-27,74.41963195800781,73.08895111083984,72.93124389648438
1127,1127,1127,2023-07-28,74.97161865234375,74.2816390991211,72.7735366821289
1128,1128,1128,2023-07-31,75.2180404663086,74.1239242553711,72.24125671386719
1129,1129,1129,2023-08-01,75.07019805908203,74.7251968383789,72.0539779663086
1130,1130,1130,2023-08-02,74.54776763916016,74.43934631347656,72.35954284667969
1131,1131,1131,2023-08-03,73.15795135498047,74.37034606933594,71.4428482055664
1132,1132,1132,2023-08-04,72.73410034179688,74.41963195800781,73.08895111083984
1133,1133,1133,2023-08-07,73.1086654663086,74.97161865234375,74.2816390991211
1134,1134,1134,2023-08-08,72.06383514404297,75.2180404663086,74.1239242553711
1135,1135,1135,2023-08-09,72.47782135009766,75.07019805908203,74.7251968383789
1136,1136,1136,2023-08-10,71.03871154785156,74.54776763916016,74.43934631347656
1137,1137,1137,2023-08-11,70.93028259277344,73.15795135498047,74.37034606933594
1138,1138,1138,2023-08-14,69.93473815917969,72.73410034179688,74.41963195800781
1139,1139,1139,2023-08-15,70.19102478027344,73.1086654663086,74.97161865234375
1140,1140,1140,2023-08-16,71.04856872558594,72.06383514404297,75.2180404663086
1141,1141,1141,2023-08-17,70.43743896484375,72.47782135009766,75.07019805908203
1142,1142,1142,2023-08-18,70.44729614257812,71.03871154785156,74.54776763916016
1143,1143,1143,2023-08-21,70.05302429199219,70.93028259277344,73.15795135498047
1144,1144,1144,2023-08-22,69.19547271728516,69.93473815917969,72.73410034179688
1145,1145,1145,2023-08-23,69.31375885009766,70.19102478027344,73.1086654663086
1146,1146,1146,2023-08-24,68.89976501464844,71.04856872558594,72.06383514404297
1147,1147,1147,2023-08-25,68.76177215576172,70.43743896484375,72.47782135009766
1148,1148,1148,2023-08-28,69.27433013916016,70.44729614257812,71.03871154785156
1149,1149,1149,2023-08-29,69.47147369384766,70.05302429199219,70.93028259277344
1150,1150,1150,2023-08-30,69.08704376220703,69.19547271728516,69.93473815917969
1151,1151,1151,2023-08-31,68.6533432006836,69.31375885009766,70.19102478027344
1152,1152,1152,2023-09-01,69.28418731689453,68.89976501464844,71.04856872558594
1153,1153,1153,2023-09-05,67.67752075195312,68.76177215576172,70.43743896484375
1154,1154,1154,2023-09-06,67.47051239013672,69.27433013916016,70.44729614257812
1155,1155,1155,2023-09-07,68.17035675048828,69.47147369384766,70.05302429199219
1156,1156,1156,2023-09-08,68.94905090332031,69.08704376220703,69.19547271728516
1157,1157,1157,2023-09-11,69.16590118408203,68.6533432006836,69.31375885009766
1158,1158,1158,2023-09-12,68.94905090332031,69.28418731689453,68.89976501464844
1159,1159,1159,2023-09-13,68.90962219238281,67.67752075195312,68.76177215576172
1160,1160,1160,2023-09-14,70.05302429199219,67.47051239013672,69.27433013916016
1161,1161,1161,2023-09-15,70.00373840332031,68.17035675048828,69.47147369384766
1162,1162,1162,2023-09-18,69.80660247802734,68.94905090332031,69.08704376220703
1163,1163,1163,2023-09-19,69.50103759765625,69.16590118408203,68.6533432006836
1164,1164,1164,2023-09-20,69.57989501953125,68.94905090332031,69.28418731689453
1165,1165,1165,2023-09-21,68.52519989013672,68.90962219238281,67.67752075195312
1166,1166,1166,2023-09-22,67.64794158935547,70.05302429199219,67.47051239013672
1167,1167,1167,2023-09-25,67.80564880371094,70.00373840332031,68.17035675048828
1168,1168,1168,2023-09-26,65.28228759765625,69.80660247802734,68.94905090332031
1169,1169,1169,2023-09-27,64.2768783569336,69.50103759765625,69.16590118408203
1170,1170,1170,2023-09-28,65.56813049316406,69.57989501953125,68.94905090332031
1171,1171,1171,2023-09-29,65.1048583984375,68.52519989013672,68.90962219238281
1172,1172,1172,2023-10-02,64.24730682373047,67.64794158935547,70.05302429199219
1173,1173,1173,2023-10-03,63.36018371582031,67.80564880371094,70.00373840332031
1174,1174,1174,2023-10-04,64.06988525390625,65.28228759765625,69.80660247802734
1175,1175,1175,2023-10-05,63.22555541992188,64.2768783569336,69.50103759765625
1176,1176,1176,2023-10-06,62.53022003173828,65.56813049316406,69.57989501953125
1177,1177,1177,2023-10-09,63.00701904296875,65.1048583984375,68.52519989013672
1178,1178,1178,2023-10-10,63.84141540527344,64.24730682373047,67.64794158935547
1179,1179,1179,2023-10-11,63.65268707275391,63.36018371582031,67.80564880371094
1180,1180,1180,2023-10-12,62.27195358276367,64.06988525390625,65.28228759765625
1181,1181,1181,2023-10-13,62.83815383911133,63.22555541992188,64.2768783569336
1182,1182,1182,2023-10-16,63.97055435180664,62.53022003173828,65.56813049316406
1183,1183,1183,2023-10-17,64.42748260498047,63.00701904296875,65.1048583984375
1184,1184,1184,2023-10-18,64.74535369873047,63.84141540527344,64.24730682373047
1185,1185,1185,2023-10-19,65.22215270996094,63.65268707275391,63.36018371582031
1186,1186,1186,2023-10-20,64.99368286132812,62.27195358276367,64.06988525390625
1187,1187,1187,2023-10-23,64.5665512084961,62.83815383911133,63.22555541992188
1188,1188,1188,2023-10-24,64.88441467285156,63.97055435180664,62.53022003173828
1189,1189,1189,2023-10-25,65.3016128540039,64.42748260498047,63.00701904296875
1190,1190,1190,2023-10-26,65.03341674804688,64.74535369873047,63.84141540527344
1191,1191,1191,2023-10-27,64.05995178222656,65.22215270996094,63.65268707275391
1192,1192,1192,2023-10-30,65.10295104980469,64.99368286132812,62.27195358276367
1193,1193,1193,2023-10-31,66.04661560058594,64.5665512084961,62.83815383911133
1194,1194,1194,2023-11-01,65.21221923828125,64.88441467285156,63.97055435180664
1195,1195,1195,2023-11-02,65.21221923828125,65.3016128540039,64.42748260498047
1196,1196,1196,2023-11-03,66.57307434082031,65.03341674804688,64.74535369873047
1197,1197,1197,2023-11-06,66.3744125366211,64.05995178222656,65.22215270996094
1198,1198,1198,2023-11-07,67.1094741821289,65.10295104980469,64.99368286132812
1199,1199,1199,2023-11-08,66.58301544189453,66.04661560058594,64.5665512084961
1200,1200,1200,2023-11-09,66.24528503417969,65.21221923828125,64.88441467285156
1201,1201,1201,2023-11-10,66.89094543457031,65.21221923828125,65.3016128540039
1202,1202,1202,2023-11-13,66.78168487548828,66.57307434082031,65.03341674804688
1203,1203,1203,2023-11-14,68.51007843017578,66.3744125366211,64.05995178222656
1204,1204,1204,2023-11-15,70.02987670898438,67.1094741821289,65.10295104980469
1205,1205,1205,2023-11-16,70.19873809814453,66.58301544189453,66.04661560058594
1206,1206,1206,2023-11-17,70.41727447509766,66.24528503417969,65.21221923828125
1207,1207,1207,2023-11-20,70.79473876953125,66.89094543457031,65.21221923828125
1208,1208,1208,2023-11-21,70.82453918457031,66.78168487548828,66.57307434082031
1209,1209,1209,2023-11-22,71.54966735839844,68.51007843017578,66.3744125366211
1210,1210,1210,2023-11-24,71.66887664794922,70.02987670898438,67.1094741821289
1211,1211,1211,2023-11-27,71.42053985595703,70.19873809814453,66.58301544189453
1212,1212,1212,2023-11-28,71.35100555419922,70.41727447509766,66.24528503417969
1213,1213,1213,2023-11-29,71.23180389404297,70.79473876953125,66.89094543457031
1214,1214,1214,2023-11-30,71.68873596191406,70.82453918457031,66.78168487548828
1215,1215,1215,2023-12-01,72.31453704833984,71.54966735839844,68.51007843017578
1216,1216,1216,2023-12-04,72.5132064819336,71.66887664794922,70.02987670898438
1217,1217,1217,2023-12-05,72.7218017578125,71.42053985595703,70.19873809814453
1218,1218,1218,2023-12-06,72.56287384033203,71.35100555419922,70.41727447509766
1219,1219,1219,2023-12-07,73.68533325195312,71.23180389404297,70.79473876953125
1220,1220,1220,2023-12-08,73.3376693725586,71.68873596191406,70.82453918457031
1221,1221,1221,2023-12-11,73.43700408935547,72.31453704833984,71.54966735839844
1222,1222,1222,2023-12-12,73.11913299560547,72.5132064819336,71.66887664794922
1223,1223,1223,2023-12-13,74.83759307861328,72.7218017578125,71.42053985595703
1224,1224,1224,2023-12-14,73.7052001953125,72.56287384033203,71.35100555419922
1225,1225,1225,2023-12-15,73.04960632324219,73.68533325195312,71.23180389404297
1226,1226,1226,2023-12-18,72.37413787841797,73.3376693725586,71.68873596191406
1227,1227,1227,2023-12-19,72.81120300292969,73.43700408935547,72.31453704833984
1228,1228,1228,2023-12-20,72.76153564453125,73.11913299560547,72.5132064819336
1229,1229,1229,2023-12-21,73.03966522216797,74.83759307861328,72.7218017578125
1230,1230,1230,2023-12-22,73.03966522216797,73.7052001953125,72.56287384033203
1231,1231,1231,2023-12-26,72.84100341796875,73.04960632324219,73.68533325195312
1232,1232,1232,2023-12-27,72.54299926757812,72.37413787841797,73.3376693725586
1233,1233,1233,2023-12-28,72.55294036865234,72.81120300292969,73.43700408935547
1234,1234,1234,2023-12-29,72.642333984375,72.76153564453125,73.11913299560547
1235,1235,1235,2024-01-02,73.9237289428711,73.03966522216797,74.83759307861328
1236,1236,1236,2024-01-03,74.4800033569336,73.03966522216797,73.7052001953125
1237,1237,1237,2024-01-04,75.12000274658203,72.84100341796875,73.04960632324219
1238,1238,1238,2024-01-05,75.6500015258789,72.54299926757812,72.37413787841797
1239,1239,1239,2024-01-08,75.61000061035156,72.55294036865234,72.81120300292969
1240,1240,1240,2024-01-09,75.58000183105469,72.642333984375,72.76153564453125
1241,1241,1241,2024-01-10,75.02999877929688,73.9237289428711,73.03966522216797
1242,1242,1242,2024-01-11,75.44999694824219,74.4800033569336,73.03966522216797
1243,1243,1243,2024-01-12,75.75,75.12000274658203,72.84100341796875
1244,1244,1244,2024-01-16,74.9000015258789,75.6500015258789,72.54299926757812
1245,1245,1245,2024-01-17,74.66999816894531,75.61000061035156,72.55294036865234
1246,1246,1246,2024-01-18,75.19999694824219,75.58000183105469,72.642333984375
1247,1247,1247,2024-01-19,75.20999908447266,75.02999877929688,73.9237289428711
1248,1248,1248,2024-01-22,75.61000061035156,75.44999694824219,74.4800033569336
1249,1249,1249,2024-01-23,75.5199966430664,75.75,75.12000274658203
1250,1250,1250,2024-01-24,74.98999786376953,74.9000015258789,75.6500015258789
1251,1251,1251,2024-01-25,75.2699966430664,74.66999816894531,75.61000061035156
1252,1252,1252,2024-01-26,75.1500015258789,75.19999694824219,75.58000183105469
1253,1253,1253,2024-01-29,75.16999816894531,75.20999908447266,75.02999877929688
1254,1254,1254,2024-01-30,80.81999969482422,75.61000061035156,75.44999694824219
1255,1255,1255,2024-01-31,80.93000030517578,75.5199966430664,75.75
1256,1256,1256,2024-02-01,82.36000061035156,74.98999786376953,74.9000015258789
1257,1257,1257,2024-02-02,81.4800033569336,75.2699966430664,74.66999816894531
1258,1258,1258,2024-02-05,80.30000305175781,75.1500015258789,75.19999694824219
