,Unnamed: 0.1,Unnamed: 0,Date,WDC,WDC_6m,WDC_12m
0,0,0,2019-02-05,44.9967155456543,,
1,1,1,2019-02-06,45.556678771972656,,
2,2,2,2019-02-07,43.52561569213867,,
3,3,3,2019-02-08,44.33234405517578,,
4,4,4,2019-02-11,43.5920524597168,,
5,5,5,2019-02-12,44.85434341430664,,
6,6,6,2019-02-13,45.2624626159668,44.9967155456543,
7,7,7,2019-02-14,45.53770446777344,45.556678771972656,
8,8,8,2019-02-15,45.2244987487793,43.52561569213867,
9,9,9,2019-02-19,45.556678771972656,44.33234405517578,
10,10,10,2019-02-20,45.993263244628906,43.5920524597168,
11,11,11,2019-02-21,44.78791046142578,44.85434341430664,
12,12,12,2019-02-22,46.97084045410156,45.2624626159668,44.9967155456543
13,13,13,2019-02-25,48.74564743041992,45.53770446777344,45.556678771972656
14,14,14,2019-02-26,48.37550354003906,45.2244987487793,43.52561569213867
15,15,15,2019-02-27,46.06919479370117,45.556678771972656,44.33234405517578
16,16,16,2019-02-28,47.73960494995117,45.993263244628906,43.5920524597168
17,17,17,2019-03-01,49.03038024902344,44.78791046142578,44.85434341430664
18,18,18,2019-03-04,49.93202209472656,46.97084045410156,45.2624626159668
19,19,19,2019-03-05,48.15721130371094,48.74564743041992,45.53770446777344
20,20,20,2019-03-06,45.67057037353516,48.37550354003906,45.2244987487793
21,21,21,2019-03-07,44.59809112548828,46.06919479370117,45.556678771972656
22,22,22,2019-03-08,45.06315231323242,47.73960494995117,45.993263244628906
23,23,23,2019-03-11,47.13218307495117,49.03038024902344,44.78791046142578
24,24,24,2019-03-12,46.64814376831055,49.93202209472656,46.97084045410156
25,25,25,2019-03-13,46.49628448486328,48.15721130371094,48.74564743041992
26,26,26,2019-03-14,45.15806579589844,45.67057037353516,48.37550354003906
27,27,27,2019-03-15,45.65159225463867,44.59809112548828,46.06919479370117
28,28,28,2019-03-18,45.8319206237793,45.06315231323242,47.73960494995117
29,29,29,2019-03-19,45.44279098510742,47.13218307495117,49.03038024902344
30,30,30,2019-03-20,44.76892852783203,46.64814376831055,49.93202209472656
31,31,31,2019-03-21,49.14426803588867,46.49628448486328,48.15721130371094
32,32,32,2019-03-22,45.92683029174805,45.15806579589844,45.67057037353516
33,33,33,2019-03-25,45.4522819519043,45.65159225463867,44.59809112548828
34,34,34,2019-03-26,44.68351364135742,45.8319206237793,45.06315231323242
35,35,35,2019-03-27,43.070045471191406,45.44279098510742,47.13218307495117
36,36,36,2019-03-28,43.90496063232422,44.76892852783203,46.64814376831055
37,37,37,2019-03-29,46.12180709838867,49.14426803588867,46.49628448486328
38,38,38,2019-04-01,47.32139587402344,45.92683029174805,45.15806579589844
39,39,39,2019-04-02,48.34823989868164,45.4522819519043,45.65159225463867
40,40,40,2019-04-03,49.912506103515625,44.68351364135742,45.8319206237793
41,41,41,2019-04-04,49.32710647583008,43.070045471191406,45.44279098510742
42,42,42,2019-04-05,49.94129180908203,43.90496063232422,44.76892852783203
43,43,43,2019-04-08,49.50944519042969,46.12180709838867,49.14426803588867
44,44,44,2019-04-09,48.08913040161133,47.32139587402344,45.92683029174805
45,45,45,2019-04-10,48.64573287963867,48.34823989868164,45.4522819519043
46,46,46,2019-04-11,48.78009796142578,49.912506103515625,44.68351364135742
47,47,47,2019-04-12,49.73976516723633,49.32710647583008,43.070045471191406
48,48,48,2019-04-15,49.7685546875,49.94129180908203,43.90496063232422
49,49,49,2019-04-16,52.10055541992188,49.50944519042969,46.12180709838867
50,50,50,2019-04-17,52.25410461425781,48.08913040161133,47.32139587402344
51,51,51,2019-04-18,53.15619659423828,48.64573287963867,48.34823989868164
52,52,52,2019-04-22,52.02377700805664,48.78009796142578,49.912506103515625
53,53,53,2019-04-23,52.25410461425781,49.73976516723633,49.32710647583008
54,54,54,2019-04-24,51.76466369628906,49.7685546875,49.94129180908203
55,55,55,2019-04-25,50.81459426879883,52.10055541992188,49.50944519042969
56,56,56,2019-04-26,48.86646270751953,52.25410461425781,48.08913040161133
57,57,57,2019-04-29,48.43461227416992,53.15619659423828,48.64573287963867
58,58,58,2019-04-30,49.05839538574219,52.02377700805664,48.78009796142578
59,59,59,2019-05-01,48.75130081176758,52.25410461425781,49.73976516723633
60,60,60,2019-05-02,47.75323867797852,51.76466369628906,49.7685546875
61,61,61,2019-05-03,48.75130081176758,50.81459426879883,52.10055541992188
62,62,62,2019-05-06,47.561309814453125,48.86646270751953,52.25410461425781
63,63,63,2019-05-07,45.30608367919922,48.43461227416992,53.15619659423828
64,64,64,2019-05-08,44.816650390625,49.05839538574219,52.02377700805664
65,65,65,2019-05-09,44.54793930053711,48.75130081176758,52.25410461425781
66,66,66,2019-05-10,44.01052474975586,47.75323867797852,51.76466369628906
67,67,67,2019-05-13,41.25626754760742,48.75130081176758,50.81459426879883
68,68,68,2019-05-14,42.83013153076172,47.561309814453125,48.86646270751953
69,69,69,2019-05-15,43.65545272827149,45.30608367919922,48.43461227416992
70,70,70,2019-05-16,43.271575927734375,44.816650390625,49.05839538574219
71,71,71,2019-05-17,42.83013153076172,44.54793930053711,48.75130081176758
72,72,72,2019-05-20,40.258209228515625,44.01052474975586,47.75323867797852
73,73,73,2019-05-21,41.69771957397461,41.25626754760742,48.75130081176758
74,74,74,2019-05-22,40.488529205322266,42.83013153076172,47.561309814453125
75,75,75,2019-05-23,39.81676864624024,43.65545272827149,45.30608367919922
76,76,76,2019-05-24,39.32733154296875,43.271575927734375,44.816650390625
77,77,77,2019-05-28,37.983795166015625,42.83013153076172,44.54793930053711
78,78,78,2019-05-29,38.0605583190918,40.258209228515625,44.01052474975586
79,79,79,2019-05-30,37.868629455566406,41.69771957397461,41.25626754760742
80,80,80,2019-05-31,35.71896743774414,40.488529205322266,42.83013153076172
81,81,81,2019-06-03,35.58461380004883,39.81676864624024,43.65545272827149
82,82,82,2019-06-04,37.56153106689453,39.32733154296875,43.271575927734375
83,83,83,2019-06-05,36.371543884277344,37.983795166015625,42.83013153076172
84,84,84,2019-06-06,36.45791244506836,38.0605583190918,40.258209228515625
85,85,85,2019-06-07,35.45026016235352,37.868629455566406,41.69771957397461
86,86,86,2019-06-10,36.44831848144531,35.71896743774414,40.488529205322266
87,87,87,2019-06-11,36.8609733581543,35.58461380004883,39.81676864624024
88,88,88,2019-06-12,34.77849197387695,37.56153106689453,39.32733154296875
89,89,89,2019-06-13,35.834129333496094,36.371543884277344,37.983795166015625
90,90,90,2019-06-14,34.86486053466797,36.45791244506836,38.0605583190918
91,91,91,2019-06-17,34.80727767944336,35.45026016235352,37.868629455566406
92,92,92,2019-06-18,36.57307434082031,36.44831848144531,35.71896743774414
93,93,93,2019-06-19,37.27363204956055,36.8609733581543,35.58461380004883
94,94,94,2019-06-20,38.04136657714844,34.77849197387695,37.56153106689453
95,95,95,2019-06-21,38.425235748291016,35.834129333496094,36.371543884277344
96,96,96,2019-06-24,39.37531280517578,34.86486053466797,36.45791244506836
97,97,97,2019-06-25,39.4424934387207,34.80727767944336,35.45026016235352
98,98,98,2019-06-26,42.32150268554688,36.57307434082031,36.44831848144531
99,99,99,2019-06-27,43.243648529052734,37.27363204956055,36.8609733581543
100,100,100,2019-06-28,46.15567398071289,38.04136657714844,34.77849197387695
101,101,101,2019-07-01,48.194095611572266,38.425235748291016,35.834129333496094
102,102,102,2019-07-02,46.91280364990234,39.37531280517578,34.86486053466797
103,103,103,2019-07-03,46.53423690795898,39.4424934387207,34.80727767944336
104,104,104,2019-07-05,47.09723281860352,42.32150268554688,36.57307434082031
105,105,105,2019-07-08,48.40764617919922,43.243648529052734,37.27363204956055
106,106,106,2019-07-09,49.97043991088867,46.15567398071289,38.04136657714844
107,107,107,2019-07-10,52.45537185668945,48.194095611572266,38.425235748291016
108,108,108,2019-07-11,52.66891860961914,46.91280364990234,39.37531280517578
109,109,109,2019-07-12,53.67842483520508,46.53423690795898,39.4424934387207
110,110,110,2019-07-15,53.03777313232422,47.09723281860352,42.32150268554688
111,111,111,2019-07-16,49.98014831542969,48.40764617919922,43.243648529052734
112,112,112,2019-07-17,49.98014831542969,49.97043991088867,46.15567398071289
113,113,113,2019-07-18,51.329383850097656,52.45537185668945,48.194095611572266
114,114,114,2019-07-19,50.92169952392578,52.66891860961914,46.91280364990234
115,115,115,2019-07-22,53.688133239746094,53.67842483520508,46.53423690795898
116,116,116,2019-07-23,54.33848190307617,53.03777313232422,47.09723281860352
117,117,117,2019-07-24,55.678016662597656,49.98014831542969,48.40764617919922
118,118,118,2019-07-25,55.29945373535156,49.98014831542969,49.97043991088867
119,119,119,2019-07-26,54.84323120117188,51.329383850097656,52.45537185668945
120,120,120,2019-07-29,54.154056549072266,50.92169952392578,52.66891860961914
121,121,121,2019-07-30,54.93059158325195,53.688133239746094,53.67842483520508
122,122,122,2019-07-31,52.30976867675781,54.33848190307617,53.03777313232422
123,123,123,2019-08-01,53.88226318359375,55.678016662597656,49.98014831542969
124,124,124,2019-08-02,52.79510498046875,55.29945373535156,49.98014831542969
125,125,125,2019-08-05,51.20319747924805,54.84323120117188,51.329383850097656
126,126,126,2019-08-06,52.00886154174805,54.154056549072266,50.92169952392578
127,127,127,2019-08-07,51.280853271484375,54.93059158325195,53.688133239746094
128,128,128,2019-08-08,53.581356048583984,52.30976867675781,54.33848190307617
129,129,129,2019-08-09,52.66891860961914,53.88226318359375,55.678016662597656
130,130,130,2019-08-12,52.58155822753906,52.79510498046875,55.29945373535156
131,131,131,2019-08-13,53.96962356567383,51.20319747924805,54.84323120117188
132,132,132,2019-08-14,52.83393859863281,52.00886154174805,54.154056549072266
133,133,133,2019-08-15,52.47478485107422,51.280853271484375,54.93059158325195
134,134,134,2019-08-16,53.5716438293457,53.581356048583984,52.30976867675781
135,135,135,2019-08-19,55.57123947143555,52.66891860961914,53.88226318359375
136,136,136,2019-08-20,54.54232406616211,52.58155822753906,52.79510498046875
137,137,137,2019-08-21,54.6976318359375,53.96962356567383,51.20319747924805
138,138,138,2019-08-22,55.250919342041016,52.83393859863281,52.00886154174805
139,139,139,2019-08-23,53.02807235717773,52.47478485107422,51.280853271484375
140,140,140,2019-08-26,53.03777313232422,53.5716438293457,53.581356048583984
141,141,141,2019-08-27,51.11583709716797,55.57123947143555,52.66891860961914
142,142,142,2019-08-28,51.87296295166016,54.54232406616211,52.58155822753906
143,143,143,2019-08-29,53.46487045288086,54.6976318359375,53.96962356567383
144,144,144,2019-08-30,55.59065628051758,55.250919342041016,52.83393859863281
145,145,145,2019-09-03,55.7847900390625,53.02807235717773,52.47478485107422
146,146,146,2019-09-04,57.59024810791016,53.03777313232422,53.5716438293457
147,147,147,2019-09-05,60.1334228515625,51.11583709716797,55.57123947143555
148,148,148,2019-09-06,60.414920806884766,51.87296295166016,54.54232406616211
149,149,149,2019-09-09,60.90996170043945,53.46487045288086,54.6976318359375
150,150,150,2019-09-10,60.44403839111328,55.59065628051758,55.250919342041016
151,151,151,2019-09-11,62.41451644897461,55.7847900390625,53.02807235717773
152,152,152,2019-09-12,62.80278015136719,57.59024810791016,53.03777313232422
153,153,153,2019-09-13,62.70571517944336,60.1334228515625,51.11583709716797
154,154,154,2019-09-16,61.14292907714844,60.414920806884766,51.87296295166016
155,155,155,2019-09-17,62.03594970703125,60.90996170043945,53.46487045288086
156,156,156,2019-09-18,61.69621276855469,60.44403839111328,55.59065628051758
157,157,157,2019-09-19,60.812896728515625,62.41451644897461,55.7847900390625
158,158,158,2019-09-20,58.90066146850586,62.80278015136719,57.59024810791016
159,159,159,2019-09-23,59.20157241821289,62.70571517944336,60.1334228515625
160,160,160,2019-09-24,57.83292007446289,61.14292907714844,60.414920806884766
161,161,161,2019-09-25,59.25981140136719,62.03594970703125,60.90996170043945
162,162,162,2019-09-26,59.98781967163086,61.69621276855469,60.44403839111328
163,163,163,2019-09-27,58.71623611450195,60.812896728515625,62.41451644897461
164,164,164,2019-09-30,57.89115905761719,58.90066146850586,62.80278015136719
165,165,165,2019-10-01,56.8719482421875,59.20157241821289,62.70571517944336
166,166,166,2019-10-02,55.15385437011719,57.83292007446289,61.14292907714844
167,167,167,2019-10-03,56.583621978759766,59.25981140136719,62.03594970703125
168,168,168,2019-10-04,57.35726165771485,59.98781967163086,61.69621276855469
169,169,169,2019-10-07,56.78927612304688,58.71623611450195,60.812896728515625
170,170,170,2019-10-08,54.37041473388672,57.89115905761719,58.90066146850586
171,171,171,2019-10-09,55.35950469970703,56.8719482421875,59.20157241821289
172,172,172,2019-10-10,56.15273284912109,55.15385437011719,57.83292007446289
173,173,173,2019-10-11,57.14181900024414,56.583621978759766,59.25981140136719
174,174,174,2019-10-14,58.05255889892578,57.35726165771485,59.98781967163086
175,175,175,2019-10-15,59.56067657470703,56.78927612304688,58.71623611450195
176,176,176,2019-10-16,58.22883224487305,54.37041473388672,57.89115905761719
177,177,177,2019-10-17,58.385520935058594,55.35950469970703,56.8719482421875
178,178,178,2019-10-18,56.92637252807617,56.15273284912109,55.15385437011719
179,179,179,2019-10-21,57.38663864135742,57.14181900024414,56.583621978759766
180,180,180,2019-10-22,57.641258239746094,58.05255889892578,57.35726165771485
181,181,181,2019-10-23,56.45631408691406,59.56067657470703,56.78927612304688
182,182,182,2019-10-24,58.287593841552734,58.22883224487305,54.37041473388672
183,183,183,2019-10-25,59.96218490600586,58.385520935058594,55.35950469970703
184,184,184,2019-10-28,61.431129455566406,56.92637252807617,56.15273284912109
185,185,185,2019-10-29,61.48988342285156,57.38663864135742,57.14181900024414
186,186,186,2019-10-30,60.87293243408203,57.641258239746094,58.05255889892578
187,187,187,2019-10-31,50.58054733276367,56.45631408691406,59.56067657470703
188,188,188,2019-11-01,52.71540832519531,58.287593841552734,58.22883224487305
189,189,189,2019-11-04,53.8220100402832,59.96218490600586,58.385520935058594
190,190,190,2019-11-05,53.018985748291016,61.431129455566406,56.92637252807617
191,191,191,2019-11-06,52.607688903808594,61.48988342285156,57.38663864135742
192,192,192,2019-11-07,52.13762664794922,60.87293243408203,57.641258239746094
193,193,193,2019-11-08,50.94288635253906,50.58054733276367,56.45631408691406
194,194,194,2019-11-11,50.91350936889648,52.71540832519531,58.287593841552734
195,195,195,2019-11-12,51.45212173461914,53.8220100402832,59.96218490600586
196,196,196,2019-11-13,49.96359252929688,53.018985748291016,61.431129455566406
197,197,197,2019-11-14,49.33684539794922,52.607688903808594,61.48988342285156
198,198,198,2019-11-15,49.29767227172852,52.13762664794922,60.87293243408203
199,199,199,2019-11-18,48.48485565185547,50.94288635253906,50.58054733276367
200,200,200,2019-11-19,46.53606414794922,50.91350936889648,52.71540832519531
201,201,201,2019-11-20,47.49576950073242,51.45212173461914,53.8220100402832
202,202,202,2019-11-21,46.84943389892578,49.96359252929688,53.018985748291016
203,203,203,2019-11-22,47.45660018920898,49.33684539794922,52.607688903808594
204,204,204,2019-11-25,48.729679107666016,49.29767227172852,52.13762664794922
205,205,205,2019-11-26,47.701419830322266,48.48485565185547,50.94288635253906
206,206,206,2019-11-27,49.3662223815918,46.53606414794922,50.91350936889648
207,207,207,2019-11-29,49.287879943847656,47.49576950073242,51.45212173461914
208,208,208,2019-12-02,47.49576950073242,46.84943389892578,49.96359252929688
209,209,209,2019-12-03,46.72212600708008,47.45660018920898,49.33684539794922
210,210,210,2019-12-04,46.45771789550781,48.729679107666016,49.29767227172852
211,211,211,2019-12-05,46.40875625610352,47.701419830322266,48.48485565185547
212,212,212,2019-12-06,48.06376266479492,49.3662223815918,46.53606414794922
213,213,213,2019-12-09,47.064884185791016,49.287879943847656,47.49576950073242
214,214,214,2019-12-10,48.22045135498047,47.49576950073242,46.84943389892578
215,215,215,2019-12-11,50.01255416870117,46.72212600708008,47.45660018920898
216,216,216,2019-12-12,52.61747741699219,46.45771789550781,48.729679107666016
217,217,217,2019-12-13,53.17567443847656,46.40875625610352,47.701419830322266
218,218,218,2019-12-16,55.33012390136719,48.06376266479492,49.3662223815918
219,219,219,2019-12-17,56.05480194091797,47.064884185791016,49.287879943847656
220,220,220,2019-12-18,56.04500961303711,48.22045135498047,47.49576950073242
221,221,221,2019-12-19,57.55312347412109,50.01255416870117,46.72212600708008
222,222,222,2019-12-20,59.84467315673828,52.61747741699219,46.45771789550781
223,223,223,2019-12-23,61.40174865722656,53.17567443847656,46.40875625610352
224,224,224,2019-12-24,60.94147872924805,55.33012390136719,48.06376266479492
225,225,225,2019-12-26,61.49967575073242,56.05480194091797,47.064884185791016
226,226,226,2019-12-27,60.84355163574219,56.04500961303711,48.22045135498047
227,227,227,2019-12-30,61.088375091552734,57.55312347412109,50.01255416870117
228,228,228,2019-12-31,62.15580368041992,59.84467315673828,52.61747741699219
229,229,229,2020-01-02,64.77154541015625,61.40174865722656,53.17567443847656
230,230,230,2020-01-03,63.77459716796875,60.94147872924805,55.33012390136719
231,231,231,2020-01-06,62.550628662109375,61.49967575073242,56.05480194091797
232,232,232,2020-01-07,66.78516387939453,60.84355163574219,56.04500961303711
233,233,233,2020-01-08,67.75248718261719,61.088375091552734,57.55312347412109
234,234,234,2020-01-09,67.73274993896484,62.15580368041992,59.84467315673828
235,235,235,2020-01-10,67.0615463256836,64.77154541015625,61.40174865722656
236,236,236,2020-01-13,68.23615264892578,63.77459716796875,60.94147872924805
237,237,237,2020-01-14,68.31511688232422,62.550628662109375,61.49967575073242
238,238,238,2020-01-15,65.8079605102539,66.78516387939453,60.84355163574219
239,239,239,2020-01-16,67.7821044921875,67.75248718261719,61.088375091552734
240,240,240,2020-01-17,67.37740325927734,67.73274993896484,62.15580368041992
241,241,241,2020-01-21,67.90055084228516,67.0615463256836,64.77154541015625
242,242,242,2020-01-22,67.7821044921875,68.23615264892578,63.77459716796875
243,243,243,2020-01-23,70.01287841796875,68.31511688232422,62.550628662109375
244,244,244,2020-01-24,68.62110900878906,65.8079605102539,66.78516387939453
245,245,245,2020-01-27,65.798095703125,67.7821044921875,67.75248718261719
246,246,246,2020-01-28,67.52546691894531,67.37740325927734,67.73274993896484
247,247,247,2020-01-29,65.89679718017578,67.90055084228516,67.0615463256836
248,248,248,2020-01-30,66.0942153930664,67.7821044921875,68.23615264892578
249,249,249,2020-01-31,64.65309143066406,70.01287841796875,68.31511688232422
250,250,250,2020-02-03,66.37059020996094,68.62110900878906,65.8079605102539
251,251,251,2020-02-04,67.54520416259766,65.798095703125,67.7821044921875
252,252,252,2020-02-05,67.2293472290039,67.52546691894531,67.37740325927734
253,253,253,2020-02-06,67.81171417236328,65.89679718017578,67.90055084228516
254,254,254,2020-02-07,66.1633071899414,66.0942153930664,67.7821044921875
255,255,255,2020-02-10,67.1405029296875,64.65309143066406,70.01287841796875
256,256,256,2020-02-11,68.02886962890625,66.37059020996094,68.62110900878906
257,257,257,2020-02-12,69.44037628173828,67.54520416259766,65.798095703125
258,258,258,2020-02-13,68.68033599853516,67.2293472290039,67.52546691894531
259,259,259,2020-02-14,68.35460662841797,67.81171417236328,65.89679718017578
260,260,260,2020-02-18,67.4267578125,66.1633071899414,66.0942153930664
261,261,261,2020-02-19,68.66059112548828,67.1405029296875,64.65309143066406
262,262,262,2020-02-20,68.16706085205078,68.02886962890625,66.37059020996094
263,263,263,2020-02-21,66.11396026611328,69.44037628173828,67.54520416259766
264,264,264,2020-02-24,62.73817443847656,68.68033599853516,67.2293472290039
265,265,265,2020-02-25,58.76028060913086,68.35460662841797,67.81171417236328
266,266,266,2020-02-26,58.849117279052734,67.4267578125,66.1633071899414
267,267,267,2020-02-27,54.4566535949707,68.66059112548828,67.1405029296875
268,268,268,2020-02-28,54.84161376953125,68.16706085205078,68.02886962890625
269,269,269,2020-03-02,59.26368713378906,66.11396026611328,69.44037628173828
270,270,270,2020-03-03,56.19390106201172,62.73817443847656,68.68033599853516
271,271,271,2020-03-04,58.37532424926758,58.76028060913086,68.35460662841797
272,272,272,2020-03-05,56.96381378173828,58.849117279052734,67.4267578125
273,273,273,2020-03-06,54.02234649658203,54.4566535949707,68.66059112548828
274,274,274,2020-03-09,46.78712463378906,54.84161376953125,68.16706085205078
275,275,275,2020-03-10,49.30414962768555,59.26368713378906,66.11396026611328
276,276,276,2020-03-11,44.55634307861328,56.19390106201172,62.73817443847656
277,277,277,2020-03-12,38.60431289672852,58.37532424926758,58.76028060913086
278,278,278,2020-03-13,41.27927017211914,56.96381378173828,58.849117279052734
279,279,279,2020-03-16,32.839820861816406,54.02234649658203,54.4566535949707
280,280,280,2020-03-17,33.609737396240234,46.78712463378906,54.84161376953125
281,281,281,2020-03-18,28.812576293945312,49.30414962768555,59.26368713378906
282,282,282,2020-03-19,30.934776306152344,44.55634307861328,56.19390106201172
283,283,283,2020-03-20,30.64852523803711,38.60431289672852,58.37532424926758
284,284,284,2020-03-23,33.92559814453125,41.27927017211914,56.96381378173828
285,285,285,2020-03-24,39.94672775268555,32.839820861816406,54.02234649658203
286,286,286,2020-03-25,41.09172821044922,33.609737396240234,46.78712463378906
287,287,287,2020-03-26,43.71733474731445,28.812576293945312,49.30414962768555
288,288,288,2020-03-27,41.703712463378906,30.934776306152344,44.55634307861328
289,289,289,2020-03-30,42.94741821289063,30.64852523803711,38.60431289672852
290,290,290,2020-03-31,41.08185577392578,33.92559814453125,41.27927017211914
291,291,291,2020-04-01,38.16999816894531,39.94672775268555,32.839820861816406
292,292,292,2020-04-02,38.400001525878906,41.09172821044922,33.609737396240234
293,293,293,2020-04-03,38.209999084472656,43.71733474731445,28.812576293945312
294,294,294,2020-04-06,43.310001373291016,41.703712463378906,30.934776306152344
295,295,295,2020-04-07,42.86000061035156,42.94741821289063,30.64852523803711
296,296,296,2020-04-08,45.34000015258789,41.08185577392578,33.92559814453125
297,297,297,2020-04-09,45.04999923706055,38.16999816894531,39.94672775268555
298,298,298,2020-04-13,43.7599983215332,38.400001525878906,41.09172821044922
299,299,299,2020-04-14,44.77000045776367,38.209999084472656,43.71733474731445
300,300,300,2020-04-15,42.650001525878906,43.310001373291016,41.703712463378906
301,301,301,2020-04-16,41.08000183105469,42.86000061035156,42.94741821289063
302,302,302,2020-04-17,42.31999969482422,45.34000015258789,41.08185577392578
303,303,303,2020-04-20,39.54999923706055,45.04999923706055,38.16999816894531
304,304,304,2020-04-21,37.83000183105469,43.7599983215332,38.400001525878906
305,305,305,2020-04-22,39.93000030517578,44.77000045776367,38.209999084472656
306,306,306,2020-04-23,39.38999938964844,42.650001525878906,43.310001373291016
307,307,307,2020-04-24,40.68999862670898,41.08000183105469,42.86000061035156
308,308,308,2020-04-27,43.09000015258789,42.31999969482422,45.34000015258789
309,309,309,2020-04-28,44.70000076293945,39.54999923706055,45.04999923706055
310,310,310,2020-04-29,47.72999954223633,37.83000183105469,43.7599983215332
311,311,311,2020-04-30,46.08000183105469,39.93000030517578,44.77000045776367
312,312,312,2020-05-01,40.47999954223633,39.38999938964844,42.650001525878906
313,313,313,2020-05-04,39.66999816894531,40.68999862670898,41.08000183105469
314,314,314,2020-05-05,40.34000015258789,43.09000015258789,42.31999969482422
315,315,315,2020-05-06,40.630001068115234,44.70000076293945,39.54999923706055
316,316,316,2020-05-07,41.84999847412109,47.72999954223633,37.83000183105469
317,317,317,2020-05-08,44.20000076293945,46.08000183105469,39.93000030517578
318,318,318,2020-05-11,42.38999938964844,40.47999954223633,39.38999938964844
319,319,319,2020-05-12,40.97999954223633,39.66999816894531,40.68999862670898
320,320,320,2020-05-13,39.25,40.34000015258789,43.09000015258789
321,321,321,2020-05-14,40.34000015258789,40.630001068115234,44.70000076293945
322,322,322,2020-05-15,39.209999084472656,41.84999847412109,47.72999954223633
323,323,323,2020-05-18,42.380001068115234,44.20000076293945,46.08000183105469
324,324,324,2020-05-19,41.7400016784668,42.38999938964844,40.47999954223633
325,325,325,2020-05-20,42.97999954223633,40.97999954223633,39.66999816894531
326,326,326,2020-05-21,42.68999862670898,39.25,40.34000015258789
327,327,327,2020-05-22,42.41999816894531,40.34000015258789,40.630001068115234
328,328,328,2020-05-26,45.06999969482422,39.209999084472656,41.84999847412109
329,329,329,2020-05-27,46.0099983215332,42.380001068115234,44.20000076293945
330,330,330,2020-05-28,43.619998931884766,41.7400016784668,42.38999938964844
331,331,331,2020-05-29,44.369998931884766,42.97999954223633,40.97999954223633
332,332,332,2020-06-01,43.08000183105469,42.68999862670898,39.25
333,333,333,2020-06-02,44.0,42.41999816894531,40.34000015258789
334,334,334,2020-06-03,45.43999862670898,45.06999969482422,39.209999084472656
335,335,335,2020-06-04,45.97999954223633,46.0099983215332,42.380001068115234
336,336,336,2020-06-05,48.459999084472656,43.619998931884766,41.7400016784668
337,337,337,2020-06-08,48.52999877929688,44.369998931884766,42.97999954223633
338,338,338,2020-06-09,47.83000183105469,43.08000183105469,42.68999862670898
339,339,339,2020-06-10,46.84999847412109,44.0,42.41999816894531
340,340,340,2020-06-11,42.34999847412109,45.43999862670898,45.06999969482422
341,341,341,2020-06-12,42.95000076293945,45.97999954223633,46.0099983215332
342,342,342,2020-06-15,42.93000030517578,48.459999084472656,43.619998931884766
343,343,343,2020-06-16,44.470001220703125,48.52999877929688,44.369998931884766
344,344,344,2020-06-17,43.709999084472656,47.83000183105469,43.08000183105469
345,345,345,2020-06-18,42.81999969482422,46.84999847412109,44.0
346,346,346,2020-06-19,44.38999938964844,42.34999847412109,45.43999862670898
347,347,347,2020-06-22,45.11000061035156,42.95000076293945,45.97999954223633
348,348,348,2020-06-23,43.5099983215332,42.93000030517578,48.459999084472656
349,349,349,2020-06-24,42.25,44.470001220703125,48.52999877929688
350,350,350,2020-06-25,42.56999969482422,43.709999084472656,47.83000183105469
351,351,351,2020-06-26,40.869998931884766,42.81999969482422,46.84999847412109
352,352,352,2020-06-29,41.9900016784668,44.38999938964844,42.34999847412109
353,353,353,2020-06-30,44.150001525878906,45.11000061035156,42.95000076293945
354,354,354,2020-07-01,42.45000076293945,43.5099983215332,42.93000030517578
355,355,355,2020-07-02,42.43999862670898,42.25,44.470001220703125
356,356,356,2020-07-06,42.95000076293945,42.56999969482422,43.709999084472656
357,357,357,2020-07-07,41.720001220703125,40.869998931884766,42.81999969482422
358,358,358,2020-07-08,42.79999923706055,41.9900016784668,44.38999938964844
359,359,359,2020-07-09,42.31999969482422,44.150001525878906,45.11000061035156
360,360,360,2020-07-10,42.310001373291016,42.45000076293945,43.5099983215332
361,361,361,2020-07-13,41.84999847412109,42.43999862670898,42.25
362,362,362,2020-07-14,42.04999923706055,42.95000076293945,42.56999969482422
363,363,363,2020-07-15,44.06999969482422,41.720001220703125,40.869998931884766
364,364,364,2020-07-16,43.79999923706055,42.79999923706055,41.9900016784668
365,365,365,2020-07-17,43.40999984741211,42.31999969482422,44.150001525878906
366,366,366,2020-07-20,43.58000183105469,42.310001373291016,42.45000076293945
367,367,367,2020-07-21,44.16999816894531,41.84999847412109,42.43999862670898
368,368,368,2020-07-22,43.959999084472656,42.04999923706055,42.95000076293945
369,369,369,2020-07-23,46.15999984741211,44.06999969482422,41.720001220703125
370,370,370,2020-07-24,42.84999847412109,43.79999923706055,42.79999923706055
371,371,371,2020-07-27,43.72999954223633,43.40999984741211,42.31999969482422
372,372,372,2020-07-28,42.84999847412109,43.58000183105469,42.310001373291016
373,373,373,2020-07-29,42.41999816894531,44.16999816894531,41.84999847412109
374,374,374,2020-07-30,42.7599983215332,43.959999084472656,42.04999923706055
375,375,375,2020-07-31,43.09999847412109,46.15999984741211,44.06999969482422
376,376,376,2020-08-03,43.900001525878906,42.84999847412109,43.79999923706055
377,377,377,2020-08-04,44.7599983215332,43.72999954223633,43.40999984741211
378,378,378,2020-08-05,44.470001220703125,42.84999847412109,43.58000183105469
379,379,379,2020-08-06,37.29999923706055,42.41999816894531,44.16999816894531
380,380,380,2020-08-07,36.9900016784668,42.7599983215332,43.959999084472656
381,381,381,2020-08-10,37.36000061035156,43.09999847412109,46.15999984741211
382,382,382,2020-08-11,36.97999954223633,43.900001525878906,42.84999847412109
383,383,383,2020-08-12,36.77000045776367,44.7599983215332,43.72999954223633
384,384,384,2020-08-13,35.7400016784668,44.470001220703125,42.84999847412109
385,385,385,2020-08-14,35.7400016784668,37.29999923706055,42.41999816894531
386,386,386,2020-08-17,35.599998474121094,36.9900016784668,42.7599983215332
387,387,387,2020-08-18,34.709999084472656,37.36000061035156,43.09999847412109
388,388,388,2020-08-19,34.45000076293945,36.97999954223633,43.900001525878906
389,389,389,2020-08-20,34.099998474121094,36.77000045776367,44.7599983215332
390,390,390,2020-08-21,33.709999084472656,35.7400016784668,44.470001220703125
391,391,391,2020-08-24,34.540000915527344,35.7400016784668,37.29999923706055
392,392,392,2020-08-25,34.310001373291016,35.599998474121094,36.9900016784668
393,393,393,2020-08-26,34.29999923706055,34.709999084472656,37.36000061035156
394,394,394,2020-08-27,35.2400016784668,34.45000076293945,36.97999954223633
395,395,395,2020-08-28,37.84000015258789,34.099998474121094,36.77000045776367
396,396,396,2020-08-31,38.41999816894531,33.709999084472656,35.7400016784668
397,397,397,2020-09-01,37.34000015258789,34.540000915527344,35.7400016784668
398,398,398,2020-09-02,38.86000061035156,34.310001373291016,35.599998474121094
399,399,399,2020-09-03,37.709999084472656,34.29999923706055,34.709999084472656
400,400,400,2020-09-04,38.15999984741211,35.2400016784668,34.45000076293945
401,401,401,2020-09-08,36.45000076293945,37.84000015258789,34.099998474121094
402,402,402,2020-09-09,36.54999923706055,38.41999816894531,33.709999084472656
403,403,403,2020-09-10,36.25,37.34000015258789,34.540000915527344
404,404,404,2020-09-11,37.369998931884766,38.86000061035156,34.310001373291016
405,405,405,2020-09-14,38.93999862670898,37.709999084472656,34.29999923706055
406,406,406,2020-09-15,37.77999877929688,38.15999984741211,35.2400016784668
407,407,407,2020-09-16,38.77999877929688,36.45000076293945,37.84000015258789
408,408,408,2020-09-17,38.27999877929688,36.54999923706055,38.41999816894531
409,409,409,2020-09-18,37.209999084472656,36.25,37.34000015258789
410,410,410,2020-09-21,36.09000015258789,37.369998931884766,38.86000061035156
411,411,411,2020-09-22,36.470001220703125,38.93999862670898,37.709999084472656
412,412,412,2020-09-23,38.91999816894531,37.77999877929688,38.15999984741211
413,413,413,2020-09-24,37.52999877929688,38.77999877929688,36.45000076293945
414,414,414,2020-09-25,38.470001220703125,38.27999877929688,36.54999923706055
415,415,415,2020-09-28,38.619998931884766,37.209999084472656,36.25
416,416,416,2020-09-29,39.31999969482422,36.09000015258789,37.369998931884766
417,417,417,2020-09-30,36.54999923706055,36.470001220703125,38.93999862670898
418,418,418,2020-10-01,36.33000183105469,38.91999816894531,37.77999877929688
419,419,419,2020-10-02,35.959999084472656,37.52999877929688,38.77999877929688
420,420,420,2020-10-05,36.56999969482422,38.470001220703125,38.27999877929688
421,421,421,2020-10-06,36.2599983215332,38.619998931884766,37.209999084472656
422,422,422,2020-10-07,37.54999923706055,39.31999969482422,36.09000015258789
423,423,423,2020-10-08,38.70000076293945,36.54999923706055,36.470001220703125
424,424,424,2020-10-09,38.119998931884766,36.33000183105469,38.91999816894531
425,425,425,2020-10-12,38.31999969482422,35.959999084472656,37.52999877929688
426,426,426,2020-10-13,37.84999847412109,36.56999969482422,38.470001220703125
427,427,427,2020-10-14,37.72999954223633,36.2599983215332,38.619998931884766
428,428,428,2020-10-15,38.0,37.54999923706055,39.31999969482422
429,429,429,2020-10-16,37.93999862670898,38.70000076293945,36.54999923706055
430,430,430,2020-10-19,40.91999816894531,38.119998931884766,36.33000183105469
431,431,431,2020-10-20,41.40999984741211,38.31999969482422,35.959999084472656
432,432,432,2020-10-21,42.060001373291016,37.84999847412109,36.56999969482422
433,433,433,2020-10-22,42.93999862670898,37.72999954223633,36.2599983215332
434,434,434,2020-10-23,41.720001220703125,38.0,37.54999923706055
435,435,435,2020-10-26,40.4900016784668,37.93999862670898,38.70000076293945
436,436,436,2020-10-27,40.31999969482422,40.91999816894531,38.119998931884766
437,437,437,2020-10-28,38.810001373291016,41.40999984741211,38.31999969482422
438,438,438,2020-10-29,38.11000061035156,42.060001373291016,37.84999847412109
439,439,439,2020-10-30,37.72999954223633,42.93999862670898,37.72999954223633
440,440,440,2020-11-02,37.02999877929688,41.720001220703125,38.0
441,441,441,2020-11-03,37.47999954223633,40.4900016784668,37.93999862670898
442,442,442,2020-11-04,37.5099983215332,40.31999969482422,40.91999816894531
443,443,443,2020-11-05,39.150001525878906,38.810001373291016,41.40999984741211
444,444,444,2020-11-06,39.810001373291016,38.11000061035156,42.060001373291016
445,445,445,2020-11-09,41.47999954223633,37.72999954223633,42.93999862670898
446,446,446,2020-11-10,41.27000045776367,37.02999877929688,41.720001220703125
447,447,447,2020-11-11,40.59999847412109,37.47999954223633,40.4900016784668
448,448,448,2020-11-12,39.310001373291016,37.5099983215332,40.31999969482422
449,449,449,2020-11-13,41.470001220703125,39.150001525878906,38.810001373291016
450,450,450,2020-11-16,43.58000183105469,39.810001373291016,38.11000061035156
451,451,451,2020-11-17,42.720001220703125,41.47999954223633,37.72999954223633
452,452,452,2020-11-18,42.4900016784668,41.27000045776367,37.02999877929688
453,453,453,2020-11-19,42.61000061035156,40.59999847412109,37.47999954223633
454,454,454,2020-11-20,42.41999816894531,39.310001373291016,37.5099983215332
455,455,455,2020-11-23,44.47999954223633,41.470001220703125,39.150001525878906
456,456,456,2020-11-24,45.84000015258789,43.58000183105469,39.810001373291016
457,457,457,2020-11-25,45.2599983215332,42.720001220703125,41.47999954223633
458,458,458,2020-11-27,45.84999847412109,42.4900016784668,41.27000045776367
459,459,459,2020-11-30,44.880001068115234,42.61000061035156,40.59999847412109
460,460,460,2020-12-01,47.27000045776367,42.41999816894531,39.310001373291016
461,461,461,2020-12-02,47.720001220703125,44.47999954223633,41.470001220703125
462,462,462,2020-12-03,48.47999954223633,45.84000015258789,43.58000183105469
463,463,463,2020-12-04,51.75,45.2599983215332,42.720001220703125
464,464,464,2020-12-07,51.13999938964844,45.84999847412109,42.4900016784668
465,465,465,2020-12-08,52.41999816894531,44.880001068115234,42.61000061035156
466,466,466,2020-12-09,51.09999847412109,47.27000045776367,42.41999816894531
467,467,467,2020-12-10,51.61000061035156,47.720001220703125,44.47999954223633
468,468,468,2020-12-11,51.09000015258789,48.47999954223633,45.84000015258789
469,469,469,2020-12-14,51.13999938964844,51.75,45.2599983215332
470,470,470,2020-12-15,53.58000183105469,51.13999938964844,45.84999847412109
471,471,471,2020-12-16,53.02000045776367,52.41999816894531,44.880001068115234
472,472,472,2020-12-17,53.459999084472656,51.09999847412109,47.27000045776367
473,473,473,2020-12-18,53.18999862670898,51.61000061035156,47.720001220703125
474,474,474,2020-12-21,52.209999084472656,51.09000015258789,48.47999954223633
475,475,475,2020-12-22,49.720001220703125,51.13999938964844,51.75
476,476,476,2020-12-23,49.93000030517578,53.58000183105469,51.13999938964844
477,477,477,2020-12-24,49.91999816894531,53.02000045776367,52.41999816894531
478,478,478,2020-12-28,50.060001373291016,53.459999084472656,51.09999847412109
479,479,479,2020-12-29,48.290000915527344,53.18999862670898,51.61000061035156
480,480,480,2020-12-30,49.52999877929688,52.209999084472656,51.09000015258789
481,481,481,2020-12-31,55.38999938964844,49.720001220703125,51.13999938964844
482,482,482,2021-01-04,52.22999954223633,49.93000030517578,53.58000183105469
483,483,483,2021-01-05,53.060001373291016,49.91999816894531,53.02000045776367
484,484,484,2021-01-06,53.40999984741211,50.060001373291016,53.459999084472656
485,485,485,2021-01-07,54.7400016784668,48.290000915527344,53.18999862670898
486,486,486,2021-01-08,51.81999969482422,49.52999877929688,52.209999084472656
487,487,487,2021-01-11,51.560001373291016,55.38999938964844,49.720001220703125
488,488,488,2021-01-12,49.900001525878906,52.22999954223633,49.93000030517578
489,489,489,2021-01-13,49.470001220703125,53.060001373291016,49.91999816894531
490,490,490,2021-01-14,50.369998931884766,53.40999984741211,50.060001373291016
491,491,491,2021-01-15,51.209999084472656,54.7400016784668,48.290000915527344
492,492,492,2021-01-19,51.9900016784668,51.81999969482422,49.52999877929688
493,493,493,2021-01-20,51.81999969482422,51.560001373291016,55.38999938964844
494,494,494,2021-01-21,53.5099983215332,49.900001525878906,52.22999954223633
495,495,495,2021-01-22,50.709999084472656,49.470001220703125,53.060001373291016
496,496,496,2021-01-25,51.27999877929688,50.369998931884766,53.40999984741211
497,497,497,2021-01-26,52.060001373291016,51.209999084472656,54.7400016784668
498,498,498,2021-01-27,53.18999862670898,51.9900016784668,51.81999969482422
499,499,499,2021-01-28,52.650001525878906,51.81999969482422,51.560001373291016
500,500,500,2021-01-29,56.43000030517578,53.5099983215332,49.900001525878906
501,501,501,2021-02-01,57.59000015258789,50.709999084472656,49.470001220703125
502,502,502,2021-02-02,57.90999984741211,51.27999877929688,50.369998931884766
503,503,503,2021-02-03,57.70000076293945,52.060001373291016,51.209999084472656
504,504,504,2021-02-04,59.2599983215332,53.18999862670898,51.9900016784668
505,505,505,2021-02-05,59.7400016784668,52.650001525878906,51.81999969482422
506,506,506,2021-02-08,62.119998931884766,56.43000030517578,53.5099983215332
507,507,507,2021-02-09,61.68999862670898,57.59000015258789,50.709999084472656
508,508,508,2021-02-10,60.38999938964844,57.90999984741211,51.27999877929688
509,509,509,2021-02-11,63.959999084472656,57.70000076293945,52.060001373291016
510,510,510,2021-02-12,65.56999969482422,59.2599983215332,53.18999862670898
511,511,511,2021-02-16,66.66000366210938,59.7400016784668,52.650001525878906
512,512,512,2021-02-17,67.30000305175781,62.119998931884766,56.43000030517578
513,513,513,2021-02-18,68.70999908447266,61.68999862670898,57.59000015258789
514,514,514,2021-02-19,68.87999725341797,60.38999938964844,57.90999984741211
515,515,515,2021-02-22,67.86000061035156,63.959999084472656,57.70000076293945
516,516,516,2021-02-23,67.1500015258789,65.56999969482422,59.2599983215332
517,517,517,2021-02-24,70.52999877929688,66.66000366210938,59.7400016784668
518,518,518,2021-02-25,67.79000091552734,67.30000305175781,62.119998931884766
519,519,519,2021-02-26,68.52999877929688,68.70999908447266,61.68999862670898
520,520,520,2021-03-01,72.20999908447266,68.87999725341797,60.38999938964844
521,521,521,2021-03-02,69.54000091552734,67.86000061035156,63.959999084472656
522,522,522,2021-03-03,69.66999816894531,67.1500015258789,65.56999969482422
523,523,523,2021-03-04,63.4900016784668,70.52999877929688,66.66000366210938
524,524,524,2021-03-05,68.06999969482422,67.79000091552734,67.30000305175781
525,525,525,2021-03-08,68.86000061035156,68.52999877929688,68.70999908447266
526,526,526,2021-03-09,69.33000183105469,72.20999908447266,68.87999725341797
527,527,527,2021-03-10,66.58000183105469,69.54000091552734,67.86000061035156
528,528,528,2021-03-11,68.69000244140625,69.66999816894531,67.1500015258789
529,529,529,2021-03-12,68.47000122070312,63.4900016784668,70.52999877929688
530,530,530,2021-03-15,68.5999984741211,68.06999969482422,67.79000091552734
531,531,531,2021-03-16,69.7699966430664,68.86000061035156,68.52999877929688
532,532,532,2021-03-17,71.30000305175781,69.33000183105469,72.20999908447266
533,533,533,2021-03-18,69.16999816894531,66.58000183105469,69.54000091552734
534,534,534,2021-03-19,70.58000183105469,68.69000244140625,69.66999816894531
535,535,535,2021-03-22,70.33000183105469,68.47000122070312,63.4900016784668
536,536,536,2021-03-23,65.45999908447266,68.5999984741211,68.06999969482422
537,537,537,2021-03-24,63.65999984741211,69.7699966430664,68.86000061035156
538,538,538,2021-03-25,64.05000305175781,71.30000305175781,69.33000183105469
539,539,539,2021-03-26,67.27999877929688,69.16999816894531,66.58000183105469
540,540,540,2021-03-29,65.3499984741211,70.58000183105469,68.69000244140625
541,541,541,2021-03-30,65.45999908447266,70.33000183105469,68.47000122070312
542,542,542,2021-03-31,66.75,65.45999908447266,68.5999984741211
543,543,543,2021-04-01,71.37000274658203,63.65999984741211,69.7699966430664
544,544,544,2021-04-05,72.04000091552734,64.05000305175781,71.30000305175781
545,545,545,2021-04-06,72.81999969482422,67.27999877929688,69.16999816894531
546,546,546,2021-04-07,72.22000122070312,65.3499984741211,70.58000183105469
547,547,547,2021-04-08,72.94000244140625,65.45999908447266,70.33000183105469
548,548,548,2021-04-09,72.93000030517578,66.75,65.45999908447266
549,549,549,2021-04-12,71.43000030517578,71.37000274658203,63.65999984741211
550,550,550,2021-04-13,69.80000305175781,72.04000091552734,64.05000305175781
551,551,551,2021-04-14,68.69000244140625,72.81999969482422,67.27999877929688
552,552,552,2021-04-15,68.7300033569336,72.22000122070312,65.3499984741211
553,553,553,2021-04-16,68.88999938964844,72.94000244140625,65.45999908447266
554,554,554,2021-04-19,68.30999755859375,72.93000030517578,66.75
555,555,555,2021-04-20,67.9800033569336,71.43000030517578,71.37000274658203
556,556,556,2021-04-21,69.45999908447266,69.80000305175781,72.04000091552734
557,557,557,2021-04-22,66.26000213623047,68.69000244140625,72.81999969482422
558,558,558,2021-04-23,68.06999969482422,68.7300033569336,72.22000122070312
559,559,559,2021-04-26,71.41000366210938,68.88999938964844,72.94000244140625
560,560,560,2021-04-27,72.44999694824219,68.30999755859375,72.93000030517578
561,561,561,2021-04-28,70.5999984741211,67.9800033569336,71.43000030517578
562,562,562,2021-04-29,71.12999725341797,69.45999908447266,69.80000305175781
563,563,563,2021-04-30,70.62999725341797,66.26000213623047,68.69000244140625
564,564,564,2021-05-03,70.12000274658203,68.06999969482422,68.7300033569336
565,565,565,2021-05-04,67.27999877929688,71.41000366210938,68.88999938964844
566,566,566,2021-05-05,68.58000183105469,72.44999694824219,68.30999755859375
567,567,567,2021-05-06,69.61000061035156,70.5999984741211,67.9800033569336
568,568,568,2021-05-07,71.6500015258789,71.12999725341797,69.45999908447266
569,569,569,2021-05-10,68.62000274658203,70.62999725341797,66.26000213623047
570,570,570,2021-05-11,68.1500015258789,70.12000274658203,68.06999969482422
571,571,571,2021-05-12,64.37999725341797,67.27999877929688,71.41000366210938
572,572,572,2021-05-13,66.37000274658203,68.58000183105469,72.44999694824219
573,573,573,2021-05-14,71.87000274658203,69.61000061035156,70.5999984741211
574,574,574,2021-05-17,76.41999816894531,71.6500015258789,71.12999725341797
575,575,575,2021-05-18,73.20999908447266,68.62000274658203,70.62999725341797
576,576,576,2021-05-19,71.26000213623047,68.1500015258789,70.12000274658203
577,577,577,2021-05-20,72.94999694824219,64.37999725341797,67.27999877929688
578,578,578,2021-05-21,72.33999633789062,66.37000274658203,68.58000183105469
579,579,579,2021-05-24,73.91000366210938,71.87000274658203,69.61000061035156
580,580,580,2021-05-25,73.05000305175781,76.41999816894531,71.6500015258789
581,581,581,2021-05-26,74.76000213623047,73.20999908447266,68.62000274658203
582,582,582,2021-05-27,75.86000061035156,71.26000213623047,68.1500015258789
583,583,583,2021-05-28,75.2300033569336,72.94999694824219,64.37999725341797
584,584,584,2021-06-01,75.55000305175781,72.33999633789062,66.37000274658203
585,585,585,2021-06-02,76.5999984741211,73.91000366210938,71.87000274658203
586,586,586,2021-06-03,76.77999877929688,73.05000305175781,76.41999816894531
587,587,587,2021-06-04,77.16999816894531,74.76000213623047,73.20999908447266
588,588,588,2021-06-07,76.12999725341797,75.86000061035156,71.26000213623047
589,589,589,2021-06-08,75.69999694824219,75.2300033569336,72.94999694824219
590,590,590,2021-06-09,74.86000061035156,75.55000305175781,72.33999633789062
591,591,591,2021-06-10,73.55999755859375,76.5999984741211,73.91000366210938
592,592,592,2021-06-11,74.77999877929688,76.77999877929688,73.05000305175781
593,593,593,2021-06-14,74.70999908447266,77.16999816894531,74.76000213623047
594,594,594,2021-06-15,74.91999816894531,76.12999725341797,75.86000061035156
595,595,595,2021-06-16,73.2699966430664,75.69999694824219,75.2300033569336
596,596,596,2021-06-17,70.7699966430664,74.86000061035156,75.55000305175781
597,597,597,2021-06-18,69.47000122070312,73.55999755859375,76.5999984741211
598,598,598,2021-06-21,69.19999694824219,74.77999877929688,76.77999877929688
599,599,599,2021-06-22,68.45999908447266,74.70999908447266,77.16999816894531
600,600,600,2021-06-23,69.23999786376953,74.91999816894531,76.12999725341797
601,601,601,2021-06-24,69.79000091552734,73.2699966430664,75.69999694824219
602,602,602,2021-06-25,70.75,70.7699966430664,74.86000061035156
603,603,603,2021-06-28,69.98999786376953,69.47000122070312,73.55999755859375
604,604,604,2021-06-29,70.6500015258789,69.19999694824219,74.77999877929688
605,605,605,2021-06-30,71.16999816894531,68.45999908447266,74.70999908447266
606,606,606,2021-07-01,70.86000061035156,69.23999786376953,74.91999816894531
607,607,607,2021-07-02,70.20999908447266,69.79000091552734,73.2699966430664
608,608,608,2021-07-06,69.1500015258789,70.75,70.7699966430664
609,609,609,2021-07-07,69.33000183105469,69.98999786376953,69.47000122070312
610,610,610,2021-07-08,67.81999969482422,70.6500015258789,69.19999694824219
611,611,611,2021-07-09,70.16999816894531,71.16999816894531,68.45999908447266
612,612,612,2021-07-12,70.88999938964844,70.86000061035156,69.23999786376953
613,613,613,2021-07-13,70.08000183105469,70.20999908447266,69.79000091552734
614,614,614,2021-07-14,70.01000213623047,69.1500015258789,70.75
615,615,615,2021-07-15,66.91000366210938,69.33000183105469,69.98999786376953
616,616,616,2021-07-16,64.19999694824219,67.81999969482422,70.6500015258789
617,617,617,2021-07-19,62.9900016784668,70.16999816894531,71.16999816894531
618,618,618,2021-07-20,64.63999938964844,70.88999938964844,70.86000061035156
619,619,619,2021-07-21,64.44999694824219,70.08000183105469,70.20999908447266
620,620,620,2021-07-22,63.04999923706055,70.01000213623047,69.1500015258789
621,621,621,2021-07-23,63.75,66.91000366210938,69.33000183105469
622,622,622,2021-07-26,64.2699966430664,64.19999694824219,67.81999969482422
623,623,623,2021-07-27,62.36000061035156,62.9900016784668,70.16999816894531
624,624,624,2021-07-28,63.52000045776367,64.63999938964844,70.88999938964844
625,625,625,2021-07-29,64.45999908447266,64.44999694824219,70.08000183105469
626,626,626,2021-07-30,64.93000030517578,63.04999923706055,70.01000213623047
627,627,627,2021-08-02,64.69000244140625,63.75,66.91000366210938
628,628,628,2021-08-03,66.13999938964844,64.2699966430664,64.19999694824219
629,629,629,2021-08-04,64.94000244140625,62.36000061035156,62.9900016784668
630,630,630,2021-08-05,67.06999969482422,63.52000045776367,64.63999938964844
631,631,631,2021-08-06,68.76000213623047,64.45999908447266,64.44999694824219
632,632,632,2021-08-09,67.61000061035156,64.93000030517578,63.04999923706055
633,633,633,2021-08-10,65.5,64.69000244140625,63.75
634,634,634,2021-08-11,66.72000122070312,66.13999938964844,64.2699966430664
635,635,635,2021-08-12,62.380001068115234,64.94000244140625,62.36000061035156
636,636,636,2021-08-13,63.150001525878906,67.06999969482422,63.52000045776367
637,637,637,2021-08-16,61.84999847412109,68.76000213623047,64.45999908447266
638,638,638,2021-08-17,61.13999938964844,67.61000061035156,64.93000030517578
639,639,639,2021-08-18,61.0099983215332,65.5,64.69000244140625
640,640,640,2021-08-19,59.56999969482422,66.72000122070312,66.13999938964844
641,641,641,2021-08-20,60.040000915527344,62.380001068115234,64.94000244140625
642,642,642,2021-08-23,62.27999877929688,63.150001525878906,67.06999969482422
643,643,643,2021-08-24,60.7599983215332,61.84999847412109,68.76000213623047
644,644,644,2021-08-25,65.5,61.13999938964844,67.61000061035156
645,645,645,2021-08-26,62.56999969482422,61.0099983215332,65.5
646,646,646,2021-08-27,63.2400016784668,59.56999969482422,66.72000122070312
647,647,647,2021-08-30,62.06999969482422,60.040000915527344,62.380001068115234
648,648,648,2021-08-31,63.20000076293945,62.27999877929688,63.150001525878906
649,649,649,2021-09-01,61.040000915527344,60.7599983215332,61.84999847412109
650,650,650,2021-09-02,61.63999938964844,65.5,61.13999938964844
651,651,651,2021-09-03,61.40999984741211,62.56999969482422,61.0099983215332
652,652,652,2021-09-07,60.400001525878906,63.2400016784668,59.56999969482422
653,653,653,2021-09-08,58.08000183105469,62.06999969482422,60.040000915527344
654,654,654,2021-09-09,58.7400016784668,63.20000076293945,62.27999877929688
655,655,655,2021-09-10,57.970001220703125,61.040000915527344,60.7599983215332
656,656,656,2021-09-13,58.5099983215332,61.63999938964844,65.5
657,657,657,2021-09-14,57.540000915527344,61.40999984741211,62.56999969482422
658,658,658,2021-09-15,58.2599983215332,60.400001525878906,63.2400016784668
659,659,659,2021-09-16,58.27999877929688,58.08000183105469,62.06999969482422
660,660,660,2021-09-17,57.91999816894531,58.7400016784668,63.20000076293945
661,661,661,2021-09-20,56.619998931884766,57.970001220703125,61.040000915527344
662,662,662,2021-09-21,55.470001220703125,58.5099983215332,61.63999938964844
663,663,663,2021-09-22,56.58000183105469,57.540000915527344,61.40999984741211
664,664,664,2021-09-23,57.4900016784668,58.2599983215332,60.400001525878906
665,665,665,2021-09-24,57.93999862670898,58.27999877929688,58.08000183105469
666,666,666,2021-09-27,59.060001373291016,57.91999816894531,58.7400016784668
667,667,667,2021-09-28,58.31999969482422,56.619998931884766,57.970001220703125
668,668,668,2021-09-29,56.70000076293945,55.470001220703125,58.5099983215332
669,669,669,2021-09-30,56.43999862670898,56.58000183105469,57.540000915527344
670,670,670,2021-10-01,57.09000015258789,57.4900016784668,58.2599983215332
671,671,671,2021-10-04,56.95000076293945,57.93999862670898,58.27999877929688
672,672,672,2021-10-05,56.959999084472656,59.060001373291016,57.91999816894531
673,673,673,2021-10-06,56.43000030517578,58.31999969482422,56.619998931884766
674,674,674,2021-10-07,57.38999938964844,56.70000076293945,55.470001220703125
675,675,675,2021-10-08,56.59000015258789,56.43999862670898,56.58000183105469
676,676,676,2021-10-11,56.16999816894531,57.09000015258789,57.4900016784668
677,677,677,2021-10-12,54.20000076293945,56.95000076293945,57.93999862670898
678,678,678,2021-10-13,54.209999084472656,56.959999084472656,59.060001373291016
679,679,679,2021-10-14,56.54999923706055,56.43000030517578,58.31999969482422
680,680,680,2021-10-15,55.40999984741211,57.38999938964844,56.70000076293945
681,681,681,2021-10-18,55.400001525878906,56.59000015258789,56.43999862670898
682,682,682,2021-10-19,55.650001525878906,56.16999816894531,57.09000015258789
683,683,683,2021-10-20,56.40999984741211,54.20000076293945,56.95000076293945
684,684,684,2021-10-21,56.79999923706055,54.209999084472656,56.959999084472656
685,685,685,2021-10-22,57.04999923706055,56.54999923706055,56.43000030517578
686,686,686,2021-10-25,56.83000183105469,55.40999984741211,57.38999938964844
687,687,687,2021-10-26,56.31999969482422,55.400001525878906,56.59000015258789
688,688,688,2021-10-27,55.47999954223633,55.650001525878906,56.16999816894531
689,689,689,2021-10-28,57.27999877929688,56.40999984741211,54.20000076293945
690,690,690,2021-10-29,52.290000915527344,56.79999923706055,54.209999084472656
691,691,691,2021-11-01,54.18000030517578,57.04999923706055,56.54999923706055
692,692,692,2021-11-02,55.02999877929688,56.83000183105469,55.40999984741211
693,693,693,2021-11-03,55.77000045776367,56.31999969482422,55.400001525878906
694,694,694,2021-11-04,55.040000915527344,55.47999954223633,55.650001525878906
695,695,695,2021-11-05,56.18000030517578,57.27999877929688,56.40999984741211
696,696,696,2021-11-08,55.77999877929688,52.290000915527344,56.79999923706055
697,697,697,2021-11-09,56.25,54.18000030517578,57.04999923706055
698,698,698,2021-11-10,55.2599983215332,55.02999877929688,56.83000183105469
699,699,699,2021-11-11,58.81999969482422,55.77000045776367,56.31999969482422
700,700,700,2021-11-12,60.560001373291016,55.040000915527344,55.47999954223633
701,701,701,2021-11-15,58.93000030517578,56.18000030517578,57.27999877929688
702,702,702,2021-11-16,58.47999954223633,55.77999877929688,52.290000915527344
703,703,703,2021-11-17,56.4900016784668,56.25,54.18000030517578
704,704,704,2021-11-18,55.70000076293945,55.2599983215332,55.02999877929688
705,705,705,2021-11-19,56.02000045776367,58.81999969482422,55.77000045776367
706,706,706,2021-11-22,56.93000030517578,60.560001373291016,55.040000915527344
707,707,707,2021-11-23,60.52999877929688,58.93000030517578,56.18000030517578
708,708,708,2021-11-24,59.869998931884766,58.47999954223633,55.77999877929688
709,709,709,2021-11-26,57.7599983215332,56.4900016784668,56.25
710,710,710,2021-11-29,58.9900016784668,55.70000076293945,55.2599983215332
711,711,711,2021-11-30,57.84000015258789,56.02000045776367,58.81999969482422
712,712,712,2021-12-01,57.720001220703125,56.93000030517578,60.560001373291016
713,713,713,2021-12-02,56.95000076293945,60.52999877929688,58.93000030517578
714,714,714,2021-12-03,57.52000045776367,59.869998931884766,58.47999954223633
715,715,715,2021-12-06,57.060001373291016,57.7599983215332,56.4900016784668
716,716,716,2021-12-07,59.16999816894531,58.9900016784668,55.70000076293945
717,717,717,2021-12-08,59.0,57.84000015258789,56.02000045776367
718,718,718,2021-12-09,57.33000183105469,57.720001220703125,56.93000030517578
719,719,719,2021-12-10,57.869998931884766,56.95000076293945,60.52999877929688
720,720,720,2021-12-13,55.72999954223633,57.52000045776367,59.869998931884766
721,721,721,2021-12-14,55.630001068115234,57.060001373291016,57.7599983215332
722,722,722,2021-12-15,56.34999847412109,59.16999816894531,58.9900016784668
723,723,723,2021-12-16,56.709999084472656,59.0,57.84000015258789
724,724,724,2021-12-17,56.84999847412109,57.33000183105469,57.720001220703125
725,725,725,2021-12-20,55.900001525878906,57.869998931884766,56.95000076293945
726,726,726,2021-12-21,59.02000045776367,55.72999954223633,57.52000045776367
727,727,727,2021-12-22,59.790000915527344,55.630001068115234,57.060001373291016
728,728,728,2021-12-23,61.20000076293945,56.34999847412109,59.16999816894531
729,729,729,2021-12-27,62.09000015258789,56.709999084472656,59.0
730,730,730,2021-12-28,62.84000015258789,56.84999847412109,57.33000183105469
731,731,731,2021-12-29,66.12999725341797,55.900001525878906,57.869998931884766
732,732,732,2021-12-30,65.37000274658203,59.02000045776367,55.72999954223633
733,733,733,2021-12-31,65.20999908447266,59.790000915527344,55.630001068115234
734,734,734,2022-01-03,65.93000030517578,61.20000076293945,56.34999847412109
735,735,735,2022-01-04,67.62000274658203,62.09000015258789,56.709999084472656
736,736,736,2022-01-05,67.05999755859375,62.84000015258789,56.84999847412109
737,737,737,2022-01-06,64.73999786376953,66.12999725341797,55.900001525878906
738,738,738,2022-01-07,65.83000183105469,65.37000274658203,59.02000045776367
739,739,739,2022-01-10,65.54000091552734,65.20999908447266,59.790000915527344
740,740,740,2022-01-11,66.0199966430664,65.93000030517578,61.20000076293945
741,741,741,2022-01-12,66.54000091552734,67.62000274658203,62.09000015258789
742,742,742,2022-01-13,66.51000213623047,67.05999755859375,62.84000015258789
743,743,743,2022-01-14,66.63999938964844,64.73999786376953,66.12999725341797
744,744,744,2022-01-18,64.12000274658203,65.83000183105469,65.37000274658203
745,745,745,2022-01-19,61.93999862670898,65.54000091552734,65.20999908447266
746,746,746,2022-01-20,59.91999816894531,66.0199966430664,65.93000030517578
747,747,747,2022-01-21,57.810001373291016,66.54000091552734,67.62000274658203
748,748,748,2022-01-24,57.02000045776367,66.51000213623047,67.05999755859375
749,749,749,2022-01-25,55.09000015258789,66.63999938964844,64.73999786376953
750,750,750,2022-01-26,54.58000183105469,64.12000274658203,65.83000183105469
751,751,751,2022-01-27,53.84000015258789,61.93999862670898,65.54000091552734
752,752,752,2022-01-28,49.900001525878906,59.91999816894531,66.0199966430664
753,753,753,2022-01-31,51.7400016784668,57.810001373291016,66.54000091552734
754,754,754,2022-02-01,52.56999969482422,57.02000045776367,66.51000213623047
755,755,755,2022-02-02,53.43999862670898,55.09000015258789,66.63999938964844
756,756,756,2022-02-03,52.290000915527344,54.58000183105469,64.12000274658203
757,757,757,2022-02-04,51.810001373291016,53.84000015258789,61.93999862670898
758,758,758,2022-02-07,51.84999847412109,49.900001525878906,59.91999816894531
759,759,759,2022-02-08,52.369998931884766,51.7400016784668,57.810001373291016
760,760,760,2022-02-09,54.47999954223633,52.56999969482422,57.02000045776367
761,761,761,2022-02-10,54.09000015258789,53.43999862670898,55.09000015258789
762,762,762,2022-02-11,53.72999954223633,52.290000915527344,54.58000183105469
763,763,763,2022-02-14,52.86000061035156,51.810001373291016,53.84000015258789
764,764,764,2022-02-15,55.869998931884766,51.84999847412109,49.900001525878906
765,765,765,2022-02-16,56.38999938964844,52.369998931884766,51.7400016784668
766,766,766,2022-02-17,56.45000076293945,54.47999954223633,52.56999969482422
767,767,767,2022-02-18,55.52999877929688,54.09000015258789,53.43999862670898
768,768,768,2022-02-22,53.41999816894531,53.72999954223633,52.290000915527344
769,769,769,2022-02-23,51.97999954223633,52.86000061035156,51.810001373291016
770,770,770,2022-02-24,51.83000183105469,55.869998931884766,51.84999847412109
771,771,771,2022-02-25,52.95000076293945,56.38999938964844,52.369998931884766
772,772,772,2022-02-28,50.93999862670898,56.45000076293945,54.47999954223633
773,773,773,2022-03-01,49.4900016784668,55.52999877929688,54.09000015258789
774,774,774,2022-03-02,51.84000015258789,53.41999816894531,53.72999954223633
775,775,775,2022-03-03,52.02000045776367,51.97999954223633,52.86000061035156
776,776,776,2022-03-04,50.27000045776367,51.83000183105469,55.869998931884766
777,777,777,2022-03-07,46.61000061035156,52.95000076293945,56.38999938964844
778,778,778,2022-03-08,45.77000045776367,50.93999862670898,56.45000076293945
779,779,779,2022-03-09,47.77000045776367,49.4900016784668,55.52999877929688
780,780,780,2022-03-10,46.59000015258789,51.84000015258789,53.41999816894531
781,781,781,2022-03-11,45.29999923706055,52.02000045776367,51.97999954223633
782,782,782,2022-03-14,44.470001220703125,50.27000045776367,51.83000183105469
783,783,783,2022-03-15,45.93999862670898,46.61000061035156,52.95000076293945
784,784,784,2022-03-16,48.25,45.77000045776367,50.93999862670898
785,785,785,2022-03-17,48.86000061035156,47.77000045776367,49.4900016784668
786,786,786,2022-03-18,49.29999923706055,46.59000015258789,51.84000015258789
787,787,787,2022-03-21,48.95000076293945,45.29999923706055,52.02000045776367
788,788,788,2022-03-22,49.72999954223633,44.470001220703125,50.27000045776367
789,789,789,2022-03-23,48.68000030517578,45.93999862670898,46.61000061035156
790,790,790,2022-03-24,50.5,48.25,45.77000045776367
791,791,791,2022-03-25,50.810001373291016,48.86000061035156,47.77000045776367
792,792,792,2022-03-28,50.70000076293945,49.29999923706055,46.59000015258789
793,793,793,2022-03-29,51.88999938964844,48.95000076293945,45.29999923706055
794,794,794,2022-03-30,50.619998931884766,49.72999954223633,44.470001220703125
795,795,795,2022-03-31,49.650001525878906,48.68000030517578,45.93999862670898
796,796,796,2022-04-01,48.38999938964844,50.5,48.25
797,797,797,2022-04-04,49.34000015258789,50.810001373291016,48.86000061035156
798,798,798,2022-04-05,48.119998931884766,50.70000076293945,49.29999923706055
799,799,799,2022-04-06,47.86000061035156,51.88999938964844,48.95000076293945
800,800,800,2022-04-07,47.7599983215332,50.619998931884766,49.72999954223633
801,801,801,2022-04-08,47.20000076293945,49.650001525878906,48.68000030517578
802,802,802,2022-04-11,47.02000045776367,48.38999938964844,50.5
803,803,803,2022-04-12,47.5,49.34000015258789,50.810001373291016
804,804,804,2022-04-13,47.86000061035156,48.119998931884766,50.70000076293945
805,805,805,2022-04-14,46.34000015258789,47.86000061035156,51.88999938964844
806,806,806,2022-04-18,47.27999877929688,47.7599983215332,50.619998931884766
807,807,807,2022-04-19,48.95000076293945,47.20000076293945,49.650001525878906
808,808,808,2022-04-20,49.5,47.02000045776367,48.38999938964844
809,809,809,2022-04-21,50.2400016784668,47.5,49.34000015258789
810,810,810,2022-04-22,49.459999084472656,47.86000061035156,48.119998931884766
811,811,811,2022-04-25,51.0099983215332,46.34000015258789,47.86000061035156
812,812,812,2022-04-26,49.58000183105469,47.27999877929688,47.7599983215332
813,813,813,2022-04-27,50.04999923706055,48.95000076293945,47.20000076293945
814,814,814,2022-04-28,52.61000061035156,49.5,47.02000045776367
815,815,815,2022-04-29,53.06999969482422,50.2400016784668,47.5
816,816,816,2022-05-02,53.91999816894531,49.459999084472656,47.86000061035156
817,817,817,2022-05-03,61.720001220703125,51.0099983215332,46.34000015258789
818,818,818,2022-05-04,62.86000061035156,49.58000183105469,47.27999877929688
819,819,819,2022-05-05,61.18999862670898,50.04999923706055,48.95000076293945
820,820,820,2022-05-06,59.45000076293945,52.61000061035156,49.5
821,821,821,2022-05-09,56.52999877929688,53.06999969482422,50.2400016784668
822,822,822,2022-05-10,57.36000061035156,53.91999816894531,49.459999084472656
823,823,823,2022-05-11,55.75,61.720001220703125,51.0099983215332
824,824,824,2022-05-12,55.54999923706055,62.86000061035156,49.58000183105469
825,825,825,2022-05-13,58.45000076293945,61.18999862670898,50.04999923706055
826,826,826,2022-05-16,57.88999938964844,59.45000076293945,52.61000061035156
827,827,827,2022-05-17,61.18999862670898,56.52999877929688,53.06999969482422
828,828,828,2022-05-18,59.09999847412109,57.36000061035156,53.91999816894531
829,829,829,2022-05-19,58.0099983215332,55.75,61.720001220703125
830,830,830,2022-05-20,56.810001373291016,55.54999923706055,62.86000061035156
831,831,831,2022-05-23,57.34000015258789,58.45000076293945,61.18999862670898
832,832,832,2022-05-24,56.59999847412109,57.88999938964844,59.45000076293945
833,833,833,2022-05-25,59.09999847412109,61.18999862670898,56.52999877929688
834,834,834,2022-05-26,60.68000030517578,59.09999847412109,57.36000061035156
835,835,835,2022-05-27,62.25,58.0099983215332,55.75
836,836,836,2022-05-31,60.68999862670898,56.810001373291016,55.54999923706055
837,837,837,2022-06-01,60.27999877929688,57.34000015258789,58.45000076293945
838,838,838,2022-06-02,61.93000030517578,56.59999847412109,57.88999938964844
839,839,839,2022-06-03,60.08000183105469,59.09999847412109,61.18999862670898
840,840,840,2022-06-06,59.720001220703125,60.68000030517578,59.09999847412109
841,841,841,2022-06-07,60.31999969482422,62.25,58.0099983215332
842,842,842,2022-06-08,57.81999969482422,60.68999862670898,56.810001373291016
843,843,843,2022-06-09,56.58000183105469,60.27999877929688,57.34000015258789
844,844,844,2022-06-10,54.02999877929688,61.93000030517578,56.59999847412109
845,845,845,2022-06-13,50.36000061035156,60.08000183105469,59.09999847412109
846,846,846,2022-06-14,49.2400016784668,59.720001220703125,60.68000030517578
847,847,847,2022-06-15,49.95000076293945,60.31999969482422,62.25
848,848,848,2022-06-16,46.34999847412109,57.81999969482422,60.68999862670898
849,849,849,2022-06-17,46.34999847412109,56.58000183105469,60.27999877929688
850,850,850,2022-06-21,46.5,54.02999877929688,61.93000030517578
851,851,851,2022-06-22,45.52000045776367,50.36000061035156,60.08000183105469
852,852,852,2022-06-23,45.91999816894531,49.2400016784668,59.720001220703125
853,853,853,2022-06-24,47.06999969482422,49.95000076293945,60.31999969482422
854,854,854,2022-06-27,47.58000183105469,46.34999847412109,57.81999969482422
855,855,855,2022-06-28,46.7400016784668,46.34999847412109,56.58000183105469
856,856,856,2022-06-29,45.400001525878906,46.5,54.02999877929688
857,857,857,2022-06-30,44.83000183105469,45.52000045776367,50.36000061035156
858,858,858,2022-07-01,43.41999816894531,45.91999816894531,49.2400016784668
859,859,859,2022-07-05,43.790000915527344,47.06999969482422,49.95000076293945
860,860,860,2022-07-06,43.77000045776367,47.58000183105469,46.34999847412109
861,861,861,2022-07-07,44.86000061035156,46.7400016784668,46.34999847412109
862,862,862,2022-07-08,45.2400016784668,45.400001525878906,46.5
863,863,863,2022-07-11,44.81999969482422,44.83000183105469,45.52000045776367
864,864,864,2022-07-12,46.02999877929688,43.41999816894531,45.91999816894531
865,865,865,2022-07-13,46.310001373291016,43.790000915527344,47.06999969482422
866,866,866,2022-07-14,46.0099983215332,43.77000045776367,47.58000183105469
867,867,867,2022-07-15,47.40999984741211,44.86000061035156,46.7400016784668
868,868,868,2022-07-18,46.900001525878906,45.2400016784668,45.400001525878906
869,869,869,2022-07-19,48.560001373291016,44.81999969482422,44.83000183105469
870,870,870,2022-07-20,49.59000015258789,46.02999877929688,43.41999816894531
871,871,871,2022-07-21,50.43000030517578,46.310001373291016,43.790000915527344
872,872,872,2022-07-22,47.220001220703125,46.0099983215332,43.77000045776367
873,873,873,2022-07-25,46.84000015258789,47.40999984741211,44.86000061035156
874,874,874,2022-07-26,46.95000076293945,46.900001525878906,45.2400016784668
875,875,875,2022-07-27,48.43000030517578,48.560001373291016,44.81999969482422
876,876,876,2022-07-28,48.720001220703125,49.59000015258789,46.02999877929688
877,877,877,2022-07-29,49.09999847412109,50.43000030517578,46.310001373291016
878,878,878,2022-08-01,49.119998931884766,47.220001220703125,46.0099983215332
879,879,879,2022-08-02,48.470001220703125,46.84000015258789,47.40999984741211
880,880,880,2022-08-03,49.38999938964844,46.95000076293945,46.900001525878906
881,881,881,2022-08-04,49.90999984741211,48.43000030517578,48.560001373291016
882,882,882,2022-08-05,47.09000015258789,48.720001220703125,49.59000015258789
883,883,883,2022-08-08,47.58000183105469,49.09999847412109,50.43000030517578
884,884,884,2022-08-09,46.310001373291016,49.119998931884766,47.220001220703125
885,885,885,2022-08-10,47.68000030517578,48.470001220703125,46.84000015258789
886,886,886,2022-08-11,49.060001373291016,49.38999938964844,46.95000076293945
887,887,887,2022-08-12,50.66999816894531,49.90999984741211,48.43000030517578
888,888,888,2022-08-15,49.61000061035156,47.09000015258789,48.720001220703125
889,889,889,2022-08-16,49.2400016784668,47.58000183105469,49.09999847412109
890,890,890,2022-08-17,48.20000076293945,46.310001373291016,49.119998931884766
891,891,891,2022-08-18,48.720001220703125,47.68000030517578,48.470001220703125
892,892,892,2022-08-19,47.66999816894531,49.060001373291016,49.38999938964844
893,893,893,2022-08-22,46.060001373291016,50.66999816894531,49.90999984741211
894,894,894,2022-08-23,45.84999847412109,49.61000061035156,47.09000015258789
895,895,895,2022-08-24,46.209999084472656,49.2400016784668,47.58000183105469
896,896,896,2022-08-25,47.90999984741211,48.20000076293945,46.310001373291016
897,897,897,2022-08-26,45.4900016784668,48.720001220703125,47.68000030517578
898,898,898,2022-08-29,44.7599983215332,47.66999816894531,49.060001373291016
899,899,899,2022-08-30,43.36000061035156,46.060001373291016,50.66999816894531
900,900,900,2022-08-31,42.2599983215332,45.84999847412109,49.61000061035156
901,901,901,2022-09-01,41.9900016784668,46.209999084472656,49.2400016784668
902,902,902,2022-09-02,41.650001525878906,47.90999984741211,48.20000076293945
903,903,903,2022-09-06,40.970001220703125,45.4900016784668,48.720001220703125
904,904,904,2022-09-07,41.45000076293945,44.7599983215332,47.66999816894531
905,905,905,2022-09-08,42.40999984741211,43.36000061035156,46.060001373291016
906,906,906,2022-09-09,43.79999923706055,42.2599983215332,45.84999847412109
907,907,907,2022-09-12,43.27000045776367,41.9900016784668,46.209999084472656
908,908,908,2022-09-13,39.31999969482422,41.650001525878906,47.90999984741211
909,909,909,2022-09-14,38.33000183105469,40.970001220703125,45.4900016784668
910,910,910,2022-09-15,37.77000045776367,41.45000076293945,44.7599983215332
911,911,911,2022-09-16,37.220001220703125,42.40999984741211,43.36000061035156
912,912,912,2022-09-19,36.619998931884766,43.79999923706055,42.2599983215332
913,913,913,2022-09-20,35.540000915527344,43.27000045776367,41.9900016784668
914,914,914,2022-09-21,34.779998779296875,39.31999969482422,41.650001525878906
915,915,915,2022-09-22,33.81999969482422,38.33000183105469,40.970001220703125
916,916,916,2022-09-23,33.84000015258789,37.77000045776367,41.45000076293945
917,917,917,2022-09-26,32.400001525878906,37.220001220703125,42.40999984741211
918,918,918,2022-09-27,32.720001220703125,36.619998931884766,43.79999923706055
919,919,919,2022-09-28,33.150001525878906,35.540000915527344,43.27000045776367
920,920,920,2022-09-29,32.18000030517578,34.779998779296875,39.31999969482422
921,921,921,2022-09-30,32.54999923706055,33.81999969482422,38.33000183105469
922,922,922,2022-10-03,34.04999923706055,33.84000015258789,37.77000045776367
923,923,923,2022-10-04,36.459999084472656,32.400001525878906,37.220001220703125
924,924,924,2022-10-05,37.16999816894531,32.720001220703125,36.619998931884766
925,925,925,2022-10-06,37.060001373291016,33.150001525878906,35.540000915527344
926,926,926,2022-10-07,35.7400016784668,32.18000030517578,34.779998779296875
927,927,927,2022-10-10,34.65999984741211,32.54999923706055,33.81999969482422
928,928,928,2022-10-11,34.81999969482422,34.04999923706055,33.84000015258789
929,929,929,2022-10-12,34.279998779296875,36.459999084472656,32.400001525878906
930,930,930,2022-10-13,35.099998474121094,37.16999816894531,32.720001220703125
931,931,931,2022-10-14,33.720001220703125,37.060001373291016,33.150001525878906
932,932,932,2022-10-17,33.88999938964844,35.7400016784668,32.18000030517578
933,933,933,2022-10-18,33.61000061035156,34.65999984741211,32.54999923706055
934,934,934,2022-10-19,33.36000061035156,34.81999969482422,34.04999923706055
935,935,935,2022-10-20,33.470001220703125,34.279998779296875,36.459999084472656
936,936,936,2022-10-21,34.86000061035156,35.099998474121094,37.16999816894531
937,937,937,2022-10-24,34.91999816894531,33.720001220703125,37.060001373291016
938,938,938,2022-10-25,35.290000915527344,33.88999938964844,35.7400016784668
939,939,939,2022-10-26,35.279998779296875,33.61000061035156,34.65999984741211
940,940,940,2022-10-27,34.34000015258789,33.36000061035156,34.81999969482422
941,941,941,2022-10-28,35.5,33.470001220703125,34.279998779296875
942,942,942,2022-10-31,34.369998931884766,34.86000061035156,35.099998474121094
943,943,943,2022-11-01,35.70000076293945,34.91999816894531,33.720001220703125
944,944,944,2022-11-02,34.58000183105469,35.290000915527344,33.88999938964844
945,945,945,2022-11-03,33.709999084472656,35.279998779296875,33.61000061035156
946,946,946,2022-11-04,35.439998626708984,34.34000015258789,33.36000061035156
947,947,947,2022-11-07,36.619998931884766,35.5,33.470001220703125
948,948,948,2022-11-08,36.52000045776367,34.369998931884766,34.86000061035156
949,949,949,2022-11-09,34.349998474121094,35.70000076293945,34.91999816894531
950,950,950,2022-11-10,37.75,34.58000183105469,35.290000915527344
951,951,951,2022-11-11,39.75,33.709999084472656,35.279998779296875
952,952,952,2022-11-14,39.59999847412109,35.439998626708984,34.34000015258789
953,953,953,2022-11-15,39.459999084472656,36.619998931884766,35.5
954,954,954,2022-11-16,36.41999816894531,36.52000045776367,34.369998931884766
955,955,955,2022-11-17,36.52999877929688,34.349998474121094,35.70000076293945
956,956,956,2022-11-18,36.86000061035156,37.75,34.58000183105469
957,957,957,2022-11-21,35.95000076293945,39.75,33.709999084472656
958,958,958,2022-11-22,36.22999954223633,39.59999847412109,35.439998626708984
959,959,959,2022-11-23,37.0,39.459999084472656,36.619998931884766
960,960,960,2022-11-25,37.34000015258789,36.41999816894531,36.52000045776367
961,961,961,2022-11-28,36.11000061035156,36.52999877929688,34.349998474121094
962,962,962,2022-11-29,36.02999877929688,36.86000061035156,37.75
963,963,963,2022-11-30,36.75,35.95000076293945,39.75
964,964,964,2022-12-01,35.84000015258789,36.22999954223633,39.59999847412109
965,965,965,2022-12-02,35.45000076293945,37.0,39.459999084472656
966,966,966,2022-12-05,34.790000915527344,37.34000015258789,36.41999816894531
967,967,967,2022-12-06,33.88999938964844,36.11000061035156,36.52999877929688
968,968,968,2022-12-07,34.13999938964844,36.02999877929688,36.86000061035156
969,969,969,2022-12-08,35.22999954223633,36.75,35.95000076293945
970,970,970,2022-12-09,35.709999084472656,35.84000015258789,36.22999954223633
971,971,971,2022-12-12,36.209999084472656,35.45000076293945,37.0
972,972,972,2022-12-13,36.29999923706055,34.790000915527344,37.34000015258789
973,973,973,2022-12-14,35.83000183105469,33.88999938964844,36.11000061035156
974,974,974,2022-12-15,32.209999084472656,34.13999938964844,36.02999877929688
975,975,975,2022-12-16,31.940000534057617,35.22999954223633,36.75
976,976,976,2022-12-19,31.559999465942383,35.709999084472656,35.84000015258789
977,977,977,2022-12-20,32.08000183105469,36.209999084472656,35.45000076293945
978,978,978,2022-12-21,31.3799991607666,36.29999923706055,34.790000915527344
979,979,979,2022-12-22,30.63999938964844,35.83000183105469,33.88999938964844
980,980,980,2022-12-23,30.59000015258789,32.209999084472656,34.13999938964844
981,981,981,2022-12-27,31.170000076293945,31.940000534057617,35.22999954223633
982,982,982,2022-12-28,30.209999084472656,31.559999465942383,35.709999084472656
983,983,983,2022-12-29,31.56999969482422,32.08000183105469,36.209999084472656
984,984,984,2022-12-30,31.549999237060547,31.3799991607666,36.29999923706055
985,985,985,2023-01-03,31.40999984741211,30.63999938964844,35.83000183105469
986,986,986,2023-01-04,33.04999923706055,30.59000015258789,32.209999084472656
987,987,987,2023-01-05,35.22999954223633,31.170000076293945,31.940000534057617
988,988,988,2023-01-06,37.16999816894531,30.209999084472656,31.559999465942383
989,989,989,2023-01-09,37.59000015258789,31.56999969482422,32.08000183105469
990,990,990,2023-01-10,38.16999816894531,31.549999237060547,31.3799991607666
991,991,991,2023-01-11,38.41999816894531,31.40999984741211,30.63999938964844
992,992,992,2023-01-12,37.959999084472656,33.04999923706055,30.59000015258789
993,993,993,2023-01-13,37.220001220703125,35.22999954223633,31.170000076293945
994,994,994,2023-01-17,37.31999969482422,37.16999816894531,30.209999084472656
995,995,995,2023-01-18,37.470001220703125,37.59000015258789,31.56999969482422
996,996,996,2023-01-19,37.54999923706055,38.16999816894531,31.549999237060547
997,997,997,2023-01-20,38.459999084472656,38.41999816894531,31.40999984741211
998,998,998,2023-01-23,41.790000915527344,37.959999084472656,33.04999923706055
999,999,999,2023-01-24,41.09999847412109,37.220001220703125,35.22999954223633
1000,1000,1000,2023-01-25,41.310001373291016,37.31999969482422,37.16999816894531
1001,1001,1001,2023-01-26,43.7599983215332,37.470001220703125,37.59000015258789
1002,1002,1002,2023-01-27,44.970001220703125,37.54999923706055,38.16999816894531
1003,1003,1003,2023-01-30,44.2400016784668,38.459999084472656,38.41999816894531
1004,1004,1004,2023-01-31,43.95000076293945,41.790000915527344,37.959999084472656
1005,1005,1005,2023-02-01,43.31999969482422,41.09999847412109,37.220001220703125
1006,1006,1006,2023-02-02,44.58000183105469,41.310001373291016,37.31999969482422
1007,1007,1007,2023-02-03,43.25,43.7599983215332,37.470001220703125
1008,1008,1008,2023-02-06,42.25,44.970001220703125,37.54999923706055
1009,1009,1009,2023-02-07,43.08000183105469,44.2400016784668,38.459999084472656
1010,1010,1010,2023-02-08,42.7400016784668,43.95000076293945,41.790000915527344
1011,1011,1011,2023-02-09,41.9900016784668,43.31999969482422,41.09999847412109
1012,1012,1012,2023-02-10,43.0099983215332,44.58000183105469,41.310001373291016
1013,1013,1013,2023-02-13,43.040000915527344,43.25,43.7599983215332
1014,1014,1014,2023-02-14,43.63999938964844,42.25,44.970001220703125
1015,1015,1015,2023-02-15,43.66999816894531,43.08000183105469,44.2400016784668
1016,1016,1016,2023-02-16,42.56999969482422,42.7400016784668,43.95000076293945
1017,1017,1017,2023-02-17,41.58000183105469,41.9900016784668,43.31999969482422
1018,1018,1018,2023-02-21,40.04999923706055,43.0099983215332,44.58000183105469
1019,1019,1019,2023-02-22,39.56999969482422,43.040000915527344,43.25
1020,1020,1020,2023-02-23,39.790000915527344,43.63999938964844,42.25
1021,1021,1021,2023-02-24,39.11000061035156,43.66999816894531,43.08000183105469
1022,1022,1022,2023-02-27,38.5099983215332,42.56999969482422,42.7400016784668
1023,1023,1023,2023-02-28,38.47999954223633,41.58000183105469,41.9900016784668
1024,1024,1024,2023-03-01,38.119998931884766,40.04999923706055,43.0099983215332
1025,1025,1025,2023-03-02,38.380001068115234,39.56999969482422,43.040000915527344
1026,1026,1026,2023-03-03,38.59000015258789,39.790000915527344,43.63999938964844
1027,1027,1027,2023-03-06,37.77999877929688,39.11000061035156,43.66999816894531
1028,1028,1028,2023-03-07,37.310001373291016,38.5099983215332,42.56999969482422
1029,1029,1029,2023-03-08,37.900001525878906,38.47999954223633,41.58000183105469
1030,1030,1030,2023-03-09,37.060001373291016,38.119998931884766,40.04999923706055
1031,1031,1031,2023-03-10,36.060001373291016,38.380001068115234,39.56999969482422
1032,1032,1032,2023-03-13,35.31999969482422,38.59000015258789,39.790000915527344
1033,1033,1033,2023-03-14,35.290000915527344,37.77999877929688,39.11000061035156
1034,1034,1034,2023-03-15,34.38999938964844,37.310001373291016,38.5099983215332
1035,1035,1035,2023-03-16,35.34000015258789,37.900001525878906,38.47999954223633
1036,1036,1036,2023-03-17,35.08000183105469,37.060001373291016,38.119998931884766
1037,1037,1037,2023-03-20,35.20000076293945,36.060001373291016,38.380001068115234
1038,1038,1038,2023-03-21,35.470001220703125,35.31999969482422,38.59000015258789
1039,1039,1039,2023-03-22,34.70000076293945,35.290000915527344,37.77999877929688
1040,1040,1040,2023-03-23,35.27000045776367,34.38999938964844,37.310001373291016
1041,1041,1041,2023-03-24,35.2599983215332,35.34000015258789,37.900001525878906
1042,1042,1042,2023-03-27,35.209999084472656,35.08000183105469,37.060001373291016
1043,1043,1043,2023-03-28,34.61000061035156,35.20000076293945,36.060001373291016
1044,1044,1044,2023-03-29,36.59999847412109,35.470001220703125,35.31999969482422
1045,1045,1045,2023-03-30,37.27999877929688,34.70000076293945,35.290000915527344
1046,1046,1046,2023-03-31,37.66999816894531,35.27000045776367,34.38999938964844
1047,1047,1047,2023-04-03,37.20000076293945,35.2599983215332,35.34000015258789
1048,1048,1048,2023-04-04,35.939998626708984,35.209999084472656,35.08000183105469
1049,1049,1049,2023-04-05,35.060001373291016,34.61000061035156,35.20000076293945
1050,1050,1050,2023-04-06,35.150001525878906,36.59999847412109,35.470001220703125
1051,1051,1051,2023-04-10,38.040000915527344,37.27999877929688,34.70000076293945
1052,1052,1052,2023-04-11,38.369998931884766,37.66999816894531,35.27000045776367
1053,1053,1053,2023-04-12,38.0,37.20000076293945,35.2599983215332
1054,1054,1054,2023-04-13,36.880001068115234,35.939998626708984,35.209999084472656
1055,1055,1055,2023-04-14,35.459999084472656,35.060001373291016,34.61000061035156
1056,1056,1056,2023-04-17,36.02000045776367,35.150001525878906,36.59999847412109
1057,1057,1057,2023-04-18,35.720001220703125,38.040000915527344,37.27999877929688
1058,1058,1058,2023-04-19,34.619998931884766,38.369998931884766,37.66999816894531
1059,1059,1059,2023-04-20,33.31999969482422,38.0,37.20000076293945
1060,1060,1060,2023-04-21,33.439998626708984,36.880001068115234,35.939998626708984
1061,1061,1061,2023-04-24,32.900001525878906,35.459999084472656,35.060001373291016
1062,1062,1062,2023-04-25,32.09000015258789,36.02000045776367,35.150001525878906
1063,1063,1063,2023-04-26,32.68000030517578,35.720001220703125,38.040000915527344
1064,1064,1064,2023-04-27,32.7599983215332,34.619998931884766,38.369998931884766
1065,1065,1065,2023-04-28,34.439998626708984,33.31999969482422,38.0
1066,1066,1066,2023-05-01,34.060001373291016,33.439998626708984,36.880001068115234
1067,1067,1067,2023-05-02,33.470001220703125,32.900001525878906,35.459999084472656
1068,1068,1068,2023-05-03,33.04999923706055,32.09000015258789,36.02000045776367
1069,1069,1069,2023-05-04,33.040000915527344,32.68000030517578,35.720001220703125
1070,1070,1070,2023-05-05,33.45000076293945,32.7599983215332,34.619998931884766
1071,1071,1071,2023-05-08,34.18000030517578,34.439998626708984,33.31999969482422
1072,1072,1072,2023-05-09,33.599998474121094,34.060001373291016,33.439998626708984
1073,1073,1073,2023-05-10,32.880001068115234,33.470001220703125,32.900001525878906
1074,1074,1074,2023-05-11,32.54999923706055,33.04999923706055,32.09000015258789
1075,1075,1075,2023-05-12,33.029998779296875,33.040000915527344,32.68000030517578
1076,1076,1076,2023-05-15,36.75,33.45000076293945,32.7599983215332
1077,1077,1077,2023-05-16,36.61000061035156,34.18000030517578,34.439998626708984
1078,1078,1078,2023-05-17,36.97999954223633,33.599998474121094,34.060001373291016
1079,1079,1079,2023-05-18,38.7400016784668,32.880001068115234,33.470001220703125
1080,1080,1080,2023-05-19,38.31999969482422,32.54999923706055,33.04999923706055
1081,1081,1081,2023-05-22,38.369998931884766,33.029998779296875,33.040000915527344
1082,1082,1082,2023-05-23,37.79999923706055,36.75,33.45000076293945
1083,1083,1083,2023-05-24,37.22999954223633,36.61000061035156,34.18000030517578
1084,1084,1084,2023-05-25,37.84999847412109,36.97999954223633,33.599998474121094
1085,1085,1085,2023-05-26,39.709999084472656,38.7400016784668,32.880001068115234
1086,1086,1086,2023-05-30,39.95000076293945,38.31999969482422,32.54999923706055
1087,1087,1087,2023-05-31,38.72999954223633,38.369998931884766,33.029998779296875
1088,1088,1088,2023-06-01,38.970001220703125,37.79999923706055,36.75
1089,1089,1089,2023-06-02,40.2400016784668,37.22999954223633,36.61000061035156
1090,1090,1090,2023-06-05,39.0,37.84999847412109,36.97999954223633
1091,1091,1091,2023-06-06,39.47999954223633,39.709999084472656,38.7400016784668
1092,1092,1092,2023-06-07,40.02000045776367,39.95000076293945,38.31999969482422
1093,1093,1093,2023-06-08,40.09999847412109,38.72999954223633,38.369998931884766
1094,1094,1094,2023-06-09,39.77999877929688,38.970001220703125,37.79999923706055
1095,1095,1095,2023-06-12,40.310001373291016,40.2400016784668,37.22999954223633
1096,1096,1096,2023-06-13,40.58000183105469,39.0,37.84999847412109
1097,1097,1097,2023-06-14,40.459999084472656,39.47999954223633,39.709999084472656
1098,1098,1098,2023-06-15,41.08000183105469,40.02000045776367,39.95000076293945
1099,1099,1099,2023-06-16,40.470001220703125,40.09999847412109,38.72999954223633
1100,1100,1100,2023-06-20,39.119998931884766,39.77999877929688,38.970001220703125
1101,1101,1101,2023-06-21,38.41999816894531,40.310001373291016,40.2400016784668
1102,1102,1102,2023-06-22,38.34999847412109,40.58000183105469,39.0
1103,1103,1103,2023-06-23,37.86000061035156,40.459999084472656,39.47999954223633
1104,1104,1104,2023-06-26,37.560001373291016,41.08000183105469,40.02000045776367
1105,1105,1105,2023-06-27,38.209999084472656,40.470001220703125,40.09999847412109
1106,1106,1106,2023-06-28,37.84999847412109,39.119998931884766,39.77999877929688
1107,1107,1107,2023-06-29,37.59999847412109,38.41999816894531,40.310001373291016
1108,1108,1108,2023-06-30,37.93000030517578,38.34999847412109,40.58000183105469
1109,1109,1109,2023-07-03,38.5099983215332,37.86000061035156,40.459999084472656
1110,1110,1110,2023-07-05,37.65999984741211,37.560001373291016,41.08000183105469
1111,1111,1111,2023-07-06,37.36000061035156,38.209999084472656,40.470001220703125
1112,1112,1112,2023-07-07,37.66999816894531,37.84999847412109,39.119998931884766
1113,1113,1113,2023-07-10,37.869998931884766,37.59999847412109,38.41999816894531
1114,1114,1114,2023-07-11,38.36000061035156,37.93000030517578,38.34999847412109
1115,1115,1115,2023-07-12,38.41999816894531,38.5099983215332,37.86000061035156
1116,1116,1116,2023-07-13,39.36000061035156,37.65999984741211,37.560001373291016
1117,1117,1117,2023-07-14,39.65999984741211,37.36000061035156,38.209999084472656
1118,1118,1118,2023-07-17,39.13999938964844,37.66999816894531,37.84999847412109
1119,1119,1119,2023-07-18,38.459999084472656,37.869998931884766,37.59999847412109
1120,1120,1120,2023-07-19,38.93000030517578,38.36000061035156,37.93000030517578
1121,1121,1121,2023-07-20,38.27999877929688,38.41999816894531,38.5099983215332
1122,1122,1122,2023-07-21,38.29999923706055,39.36000061035156,37.65999984741211
1123,1123,1123,2023-07-24,38.91999816894531,39.65999984741211,37.36000061035156
1124,1124,1124,2023-07-25,38.63999938964844,39.13999938964844,37.66999816894531
1125,1125,1125,2023-07-26,38.880001068115234,38.459999084472656,37.869998931884766
1126,1126,1126,2023-07-27,41.68000030517578,38.93000030517578,38.36000061035156
1127,1127,1127,2023-07-28,42.02999877929688,38.27999877929688,38.41999816894531
1128,1128,1128,2023-07-31,42.560001373291016,38.29999923706055,39.36000061035156
1129,1129,1129,2023-08-01,42.869998931884766,38.91999816894531,39.65999984741211
1130,1130,1130,2023-08-02,42.41999816894531,38.63999938964844,39.13999938964844
1131,1131,1131,2023-08-03,43.2599983215332,38.880001068115234,38.459999084472656
1132,1132,1132,2023-08-04,43.45000076293945,41.68000030517578,38.93000030517578
1133,1133,1133,2023-08-07,43.5,42.02999877929688,38.27999877929688
1134,1134,1134,2023-08-08,43.15999984741211,42.560001373291016,38.29999923706055
1135,1135,1135,2023-08-09,42.58000183105469,42.869998931884766,38.91999816894531
1136,1136,1136,2023-08-10,42.150001525878906,42.41999816894531,38.63999938964844
1137,1137,1137,2023-08-11,41.880001068115234,43.2599983215332,38.880001068115234
1138,1138,1138,2023-08-14,42.59999847412109,43.45000076293945,41.68000030517578
1139,1139,1139,2023-08-15,41.04999923706055,43.5,42.02999877929688
1140,1140,1140,2023-08-16,40.41999816894531,43.15999984741211,42.560001373291016
1141,1141,1141,2023-08-17,40.290000915527344,42.58000183105469,42.869998931884766
1142,1142,1142,2023-08-18,39.7400016784668,42.150001525878906,42.41999816894531
1143,1143,1143,2023-08-21,40.400001525878906,41.880001068115234,43.2599983215332
1144,1144,1144,2023-08-22,40.41999816894531,42.59999847412109,43.45000076293945
1145,1145,1145,2023-08-23,41.04999923706055,41.04999923706055,43.5
1146,1146,1146,2023-08-24,39.869998931884766,40.41999816894531,43.15999984741211
1147,1147,1147,2023-08-25,39.4900016784668,40.290000915527344,42.58000183105469
1148,1148,1148,2023-08-28,41.40999984741211,39.7400016784668,42.150001525878906
1149,1149,1149,2023-08-29,41.54999923706055,40.400001525878906,41.880001068115234
1150,1150,1150,2023-08-30,42.52000045776367,40.41999816894531,42.59999847412109
1151,1151,1151,2023-08-31,45.0,41.04999923706055,41.04999923706055
1152,1152,1152,2023-09-01,45.959999084472656,39.869998931884766,40.41999816894531
1153,1153,1153,2023-09-05,45.790000915527344,39.4900016784668,40.290000915527344
1154,1154,1154,2023-09-06,45.43999862670898,41.40999984741211,39.7400016784668
1155,1155,1155,2023-09-07,43.43000030517578,41.54999923706055,40.400001525878906
1156,1156,1156,2023-09-08,43.470001220703125,42.52000045776367,40.41999816894531
1157,1157,1157,2023-09-11,42.900001525878906,45.0,41.04999923706055
1158,1158,1158,2023-09-12,42.29999923706055,45.959999084472656,39.869998931884766
1159,1159,1159,2023-09-13,43.220001220703125,45.790000915527344,39.4900016784668
1160,1160,1160,2023-09-14,43.68999862670898,45.43999862670898,41.40999984741211
1161,1161,1161,2023-09-15,43.59999847412109,43.43000030517578,41.54999923706055
1162,1162,1162,2023-09-18,43.650001525878906,43.470001220703125,42.52000045776367
1163,1163,1163,2023-09-19,43.91999816894531,42.900001525878906,45.0
1164,1164,1164,2023-09-20,45.650001525878906,42.29999923706055,45.959999084472656
1165,1165,1165,2023-09-21,44.43999862670898,43.220001220703125,45.790000915527344
1166,1166,1166,2023-09-22,45.13999938964844,43.68999862670898,45.43999862670898
1167,1167,1167,2023-09-25,44.619998931884766,43.59999847412109,43.43000030517578
1168,1168,1168,2023-09-26,44.27000045776367,43.650001525878906,43.470001220703125
1169,1169,1169,2023-09-27,44.560001373291016,43.91999816894531,42.900001525878906
1170,1170,1170,2023-09-28,45.79999923706055,45.650001525878906,42.29999923706055
1171,1171,1171,2023-09-29,45.630001068115234,44.43999862670898,43.220001220703125
1172,1172,1172,2023-10-02,45.470001220703125,45.13999938964844,43.68999862670898
1173,1173,1173,2023-10-03,44.81999969482422,44.619998931884766,43.59999847412109
1174,1174,1174,2023-10-04,45.290000915527344,44.27000045776367,43.650001525878906
1175,1175,1175,2023-10-05,46.11000061035156,44.560001373291016,43.91999816894531
1176,1176,1176,2023-10-06,46.400001525878906,45.79999923706055,45.650001525878906
1177,1177,1177,2023-10-09,45.400001525878906,45.630001068115234,44.43999862670898
1178,1178,1178,2023-10-10,45.34999847412109,45.470001220703125,45.13999938964844
1179,1179,1179,2023-10-11,46.38999938964844,44.81999969482422,44.619998931884766
1180,1180,1180,2023-10-12,45.619998931884766,45.290000915527344,44.27000045776367
1181,1181,1181,2023-10-13,45.70000076293945,46.11000061035156,44.560001373291016
1182,1182,1182,2023-10-16,45.75,46.400001525878906,45.79999923706055
1183,1183,1183,2023-10-17,44.13999938964844,45.400001525878906,45.630001068115234
1184,1184,1184,2023-10-18,44.45000076293945,45.34999847412109,45.470001220703125
1185,1185,1185,2023-10-19,43.060001373291016,46.38999938964844,44.81999969482422
1186,1186,1186,2023-10-20,42.86000061035156,45.619998931884766,45.290000915527344
1187,1187,1187,2023-10-23,41.810001373291016,45.70000076293945,46.11000061035156
1188,1188,1188,2023-10-24,42.959999084472656,45.75,46.400001525878906
1189,1189,1189,2023-10-25,42.18000030517578,44.13999938964844,45.400001525878906
1190,1190,1190,2023-10-26,38.2599983215332,44.45000076293945,45.34999847412109
1191,1191,1191,2023-10-27,38.970001220703125,43.060001373291016,46.38999938964844
1192,1192,1192,2023-10-30,41.79999923706055,42.86000061035156,45.619998931884766
1193,1193,1193,2023-10-31,40.150001525878906,41.810001373291016,45.70000076293945
1194,1194,1194,2023-11-01,41.7400016784668,42.959999084472656,45.75
1195,1195,1195,2023-11-02,42.15999984741211,42.18000030517578,44.13999938964844
1196,1196,1196,2023-11-03,43.0099983215332,38.2599983215332,44.45000076293945
1197,1197,1197,2023-11-06,43.16999816894531,38.970001220703125,43.060001373291016
1198,1198,1198,2023-11-07,43.09000015258789,41.79999923706055,42.86000061035156
1199,1199,1199,2023-11-08,43.2599983215332,40.150001525878906,41.810001373291016
1200,1200,1200,2023-11-09,44.18000030517578,41.7400016784668,42.959999084472656
1201,1201,1201,2023-11-10,45.0,42.15999984741211,42.18000030517578
1202,1202,1202,2023-11-13,45.18000030517578,43.0099983215332,38.2599983215332
1203,1203,1203,2023-11-14,45.869998931884766,43.16999816894531,38.970001220703125
1204,1204,1204,2023-11-15,46.02999877929688,43.09000015258789,41.79999923706055
1205,1205,1205,2023-11-16,46.0099983215332,43.2599983215332,40.150001525878906
1206,1206,1206,2023-11-17,46.619998931884766,44.18000030517578,41.7400016784668
1207,1207,1207,2023-11-20,47.34999847412109,45.0,42.15999984741211
1208,1208,1208,2023-11-21,46.2400016784668,45.18000030517578,43.0099983215332
1209,1209,1209,2023-11-22,46.90999984741211,45.869998931884766,43.16999816894531
1210,1210,1210,2023-11-24,46.59999847412109,46.02999877929688,43.09000015258789
1211,1211,1211,2023-11-27,47.209999084472656,46.0099983215332,43.2599983215332
1212,1212,1212,2023-11-28,46.88999938964844,46.619998931884766,44.18000030517578
1213,1213,1213,2023-11-29,47.31999969482422,47.34999847412109,45.0
1214,1214,1214,2023-11-30,48.310001373291016,46.2400016784668,45.18000030517578
1215,1215,1215,2023-12-01,48.38999938964844,46.90999984741211,45.869998931884766
1216,1216,1216,2023-12-04,47.470001220703125,46.59999847412109,46.02999877929688
1217,1217,1217,2023-12-05,46.77000045776367,47.209999084472656,46.0099983215332
1218,1218,1218,2023-12-06,46.81999969482422,46.88999938964844,46.619998931884766
1219,1219,1219,2023-12-07,47.310001373291016,47.31999969482422,47.34999847412109
1220,1220,1220,2023-12-08,47.86000061035156,48.310001373291016,46.2400016784668
1221,1221,1221,2023-12-11,49.2400016784668,48.38999938964844,46.90999984741211
1222,1222,1222,2023-12-12,49.619998931884766,47.470001220703125,46.59999847412109
1223,1223,1223,2023-12-13,50.43000030517578,46.77000045776367,47.209999084472656
1224,1224,1224,2023-12-14,51.150001525878906,46.81999969482422,46.88999938964844
1225,1225,1225,2023-12-15,50.68000030517578,47.310001373291016,47.31999969482422
1226,1226,1226,2023-12-18,50.52000045776367,47.86000061035156,48.310001373291016
1227,1227,1227,2023-12-19,50.93999862670898,49.2400016784668,48.38999938964844
1228,1228,1228,2023-12-20,49.40999984741211,49.619998931884766,47.470001220703125
1229,1229,1229,2023-12-21,52.380001068115234,50.43000030517578,46.77000045776367
1230,1230,1230,2023-12-22,52.65999984741211,51.150001525878906,46.81999969482422
1231,1231,1231,2023-12-26,52.7599983215332,50.68000030517578,47.310001373291016
1232,1232,1232,2023-12-27,52.41999816894531,50.52000045776367,47.86000061035156
1233,1233,1233,2023-12-28,52.93000030517578,50.93999862670898,49.2400016784668
1234,1234,1234,2023-12-29,52.369998931884766,49.40999984741211,49.619998931884766
1235,1235,1235,2024-01-02,50.86000061035156,52.380001068115234,50.43000030517578
1236,1236,1236,2024-01-03,50.34000015258789,52.65999984741211,51.150001525878906
1237,1237,1237,2024-01-04,50.02000045776367,52.7599983215332,50.68000030517578
1238,1238,1238,2024-01-05,50.04999923706055,52.41999816894531,50.52000045776367
1239,1239,1239,2024-01-08,50.18999862670898,52.93000030517578,50.93999862670898
1240,1240,1240,2024-01-09,49.43000030517578,52.369998931884766,49.40999984741211
1241,1241,1241,2024-01-10,50.5099983215332,50.86000061035156,52.380001068115234
1242,1242,1242,2024-01-11,50.59999847412109,50.34000015258789,52.65999984741211
1243,1243,1243,2024-01-12,50.0099983215332,50.02000045776367,52.7599983215332
1244,1244,1244,2024-01-16,52.22999954223633,50.04999923706055,52.41999816894531
1245,1245,1245,2024-01-17,52.31999969482422,50.18999862670898,52.93000030517578
1246,1246,1246,2024-01-18,53.54999923706055,49.43000030517578,52.369998931884766
1247,1247,1247,2024-01-19,54.77000045776367,50.5099983215332,50.86000061035156
1248,1248,1248,2024-01-22,57.0,50.59999847412109,50.34000015258789
1249,1249,1249,2024-01-23,57.72999954223633,50.0099983215332,50.02000045776367
1250,1250,1250,2024-01-24,58.02999877929688,52.22999954223633,50.04999923706055
1251,1251,1251,2024-01-25,60.33000183105469,52.31999969482422,50.18999862670898
1252,1252,1252,2024-01-26,58.22999954223633,53.54999923706055,49.43000030517578
1253,1253,1253,2024-01-29,59.75,54.77000045776367,50.5099983215332
1254,1254,1254,2024-01-30,58.119998931884766,57.0,50.59999847412109
1255,1255,1255,2024-01-31,57.25,57.72999954223633,50.0099983215332
1256,1256,1256,2024-02-01,57.400001525878906,58.02999877929688,52.22999954223633
1257,1257,1257,2024-02-02,58.15999984741211,60.33000183105469,52.31999969482422
1258,1258,1258,2024-02-05,57.36809921264648,58.22999954223633,53.54999923706055
