,Date,BEN
0,2019-02-04 00:00:00-05:00,24.260116577148438
1,2019-02-05 00:00:00-05:00,24.590572357177734
2,2019-02-06 00:00:00-05:00,24.445497512817383
3,2019-02-07 00:00:00-05:00,24.46161651611328
4,2019-02-08 00:00:00-05:00,24.195640563964844
5,2019-02-11 00:00:00-05:00,24.622806549072266
6,2019-02-12 00:00:00-05:00,25.106401443481445
7,2019-02-13 00:00:00-05:00,25.485214233398438
8,2019-02-14 00:00:00-05:00,25.5255184173584
9,2019-02-15 00:00:00-05:00,26.15418243408203
10,2019-02-19 00:00:00-05:00,26.057464599609375
11,2019-02-20 00:00:00-05:00,26.29119873046875
12,2019-02-21 00:00:00-05:00,25.984926223754883
13,2019-02-22 00:00:00-05:00,26.379854202270508
14,2019-02-25 00:00:00-05:00,26.178361892700195
15,2019-02-26 00:00:00-05:00,26.395978927612305
16,2019-02-27 00:00:00-05:00,26.412092208862305
17,2019-02-28 00:00:00-05:00,26.283140182495117
18,2019-03-01 00:00:00-05:00,26.331497192382812
19,2019-03-04 00:00:00-05:00,26.15418243408203
20,2019-03-05 00:00:00-05:00,25.968807220458984
21,2019-03-06 00:00:00-05:00,25.686710357666016
22,2019-03-07 00:00:00-05:00,25.17894172668457
23,2019-03-08 00:00:00-05:00,25.251480102539062
24,2019-03-11 00:00:00-04:00,25.904327392578125
25,2019-03-12 00:00:00-04:00,26.162240982055664
26,2019-03-13 00:00:00-04:00,26.412092208862305
27,2019-03-14 00:00:00-04:00,26.194477081298828
28,2019-03-15 00:00:00-04:00,26.855388641357422
29,2019-03-18 00:00:00-04:00,27.16166114807129
30,2019-03-19 00:00:00-04:00,27.07300567626953
31,2019-03-20 00:00:00-04:00,26.597475051879883
32,2019-03-21 00:00:00-04:00,26.742549896240234
33,2019-03-22 00:00:00-04:00,25.872089385986328
34,2019-03-25 00:00:00-04:00,25.727006912231445
35,2019-03-26 00:00:00-04:00,26.387922286987305
36,2019-03-27 00:00:00-04:00,26.45240020751953
37,2019-03-28 00:00:00-04:00,26.728620529174805
38,2019-03-29 00:00:00-04:00,26.923599243164062
39,2019-04-01 00:00:00-04:00,27.44354820251465
40,2019-04-02 00:00:00-04:00,27.59790802001953
41,2019-04-03 00:00:00-04:00,27.760395050048828
42,2019-04-04 00:00:00-04:00,27.979745864868164
43,2019-04-05 00:00:00-04:00,28.33721351623535
44,2019-04-08 00:00:00-04:00,28.63780403137207
45,2019-04-09 00:00:00-04:00,27.83350944519043
46,2019-04-10 00:00:00-04:00,28.41845703125
47,2019-04-11 00:00:00-04:00,28.459075927734375
48,2019-04-12 00:00:00-04:00,28.80841636657715
49,2019-04-15 00:00:00-04:00,28.3615779876709
50,2019-04-16 00:00:00-04:00,28.881528854370117
51,2019-04-17 00:00:00-04:00,28.881528854370117
52,2019-04-18 00:00:00-04:00,28.678424835205078
53,2019-04-22 00:00:00-04:00,28.467205047607422
54,2019-04-23 00:00:00-04:00,28.800289154052734
55,2019-04-24 00:00:00-04:00,28.979021072387695
56,2019-04-25 00:00:00-04:00,28.79216957092285
57,2019-04-26 00:00:00-04:00,28.524066925048828
58,2019-04-29 00:00:00-04:00,27.768516540527344
59,2019-04-30 00:00:00-04:00,28.101612091064453
60,2019-05-01 00:00:00-04:00,27.654775619506836
61,2019-05-02 00:00:00-04:00,27.87413215637207
62,2019-05-03 00:00:00-04:00,28.15035629272461
63,2019-05-06 00:00:00-04:00,27.995996475219727
64,2019-05-07 00:00:00-04:00,27.2891902923584
65,2019-05-08 00:00:00-04:00,27.51666259765625
66,2019-05-09 00:00:00-04:00,27.402929306030273
67,2019-05-10 00:00:00-04:00,27.727893829345703
68,2019-05-13 00:00:00-04:00,26.58238410949707
69,2019-05-14 00:00:00-04:00,27.151077270507812
70,2019-05-15 00:00:00-04:00,27.08608055114746
71,2019-05-16 00:00:00-04:00,27.28106689453125
72,2019-05-17 00:00:00-04:00,26.98859214782715
73,2019-05-20 00:00:00-04:00,27.077959060668945
74,2019-05-21 00:00:00-04:00,27.402929306030273
75,2019-05-22 00:00:00-04:00,27.321685791015625
76,2019-05-23 00:00:00-04:00,26.939844131469727
77,2019-05-24 00:00:00-04:00,27.037342071533203
78,2019-05-28 00:00:00-04:00,26.541763305664062
79,2019-05-29 00:00:00-04:00,26.78548812866211
80,2019-05-30 00:00:00-04:00,26.752988815307617
81,2019-05-31 00:00:00-04:00,25.851205825805664
82,2019-06-03 00:00:00-04:00,26.11117935180664
83,2019-06-04 00:00:00-04:00,26.80986213684082
84,2019-06-05 00:00:00-04:00,26.817981719970703
85,2019-06-06 00:00:00-04:00,26.947975158691406
86,2019-06-07 00:00:00-04:00,27.329803466796875
87,2019-06-10 00:00:00-04:00,27.13483238220215
88,2019-06-11 00:00:00-04:00,27.110458374023438
89,2019-06-12 00:00:00-04:00,27.037342071533203
90,2019-06-13 00:00:00-04:00,27.110458374023438
91,2019-06-14 00:00:00-04:00,27.10232925415039
92,2019-06-17 00:00:00-04:00,26.69611930847168
93,2019-06-18 00:00:00-04:00,27.232324600219727
94,2019-06-19 00:00:00-04:00,27.524795532226562
95,2019-06-20 00:00:00-04:00,28.060991287231445
96,2019-06-21 00:00:00-04:00,27.817262649536133
97,2019-06-24 00:00:00-04:00,27.906627655029297
98,2019-06-25 00:00:00-04:00,27.44354820251465
99,2019-06-26 00:00:00-04:00,27.87413215637207
100,2019-06-27 00:00:00-04:00,28.42261505126953
101,2019-06-28 00:00:00-04:00,28.48809814453125
102,2019-07-01 00:00:00-04:00,28.651823043823242
103,2019-07-02 00:00:00-04:00,28.54540252685547
104,2019-07-03 00:00:00-04:00,28.856477737426758
105,2019-07-05 00:00:00-04:00,28.889225006103516
106,2019-07-08 00:00:00-04:00,28.619081497192383
107,2019-07-09 00:00:00-04:00,28.586328506469727
108,2019-07-10 00:00:00-04:00,28.47171974182129
109,2019-07-11 00:00:00-04:00,28.512659072875977
110,2019-07-12 00:00:00-04:00,28.80735969543457
111,2019-07-15 00:00:00-04:00,28.80735969543457
112,2019-07-16 00:00:00-04:00,28.913782119750977
113,2019-07-17 00:00:00-04:00,28.512659072875977
114,2019-07-18 00:00:00-04:00,29.020200729370117
115,2019-07-19 00:00:00-04:00,29.06932258605957
116,2019-07-22 00:00:00-04:00,28.512659072875977
117,2019-07-23 00:00:00-04:00,28.62726593017578
118,2019-07-24 00:00:00-04:00,28.692750930786133
119,2019-07-25 00:00:00-04:00,28.340747833251953
120,2019-07-26 00:00:00-04:00,28.619081497192383
121,2019-07-29 00:00:00-04:00,28.316186904907227
122,2019-07-30 00:00:00-04:00,27.694032669067383
123,2019-07-31 00:00:00-04:00,26.711687088012695
124,2019-08-01 00:00:00-04:00,25.79482650756836
125,2019-08-02 00:00:00-04:00,25.737520217895508
126,2019-08-05 00:00:00-04:00,24.992576599121094
127,2019-08-06 00:00:00-04:00,25.14811134338379
128,2019-08-07 00:00:00-04:00,24.820667266845703
129,2019-08-08 00:00:00-04:00,25.02532196044922
130,2019-08-09 00:00:00-04:00,24.002038955688477
131,2019-08-12 00:00:00-04:00,23.17523193359375
132,2019-08-13 00:00:00-04:00,23.35533332824707
133,2019-08-14 00:00:00-04:00,22.08646011352539
134,2019-08-15 00:00:00-04:00,22.111021041870117
135,2019-08-16 00:00:00-04:00,22.405729293823242
136,2019-08-19 00:00:00-04:00,22.34023666381836
137,2019-08-20 00:00:00-04:00,22.135581970214844
138,2019-08-21 00:00:00-04:00,22.135581970214844
139,2019-08-22 00:00:00-04:00,22.151948928833008
140,2019-08-23 00:00:00-04:00,21.39063262939453
141,2019-08-26 00:00:00-04:00,21.226909637451172
142,2019-08-27 00:00:00-04:00,21.24327850341797
143,2019-08-28 00:00:00-04:00,21.28421401977539
144,2019-08-29 00:00:00-04:00,21.57072639465332
145,2019-08-30 00:00:00-04:00,21.5134220123291
146,2019-09-03 00:00:00-04:00,21.30876922607422
147,2019-09-04 00:00:00-04:00,21.472496032714844
148,2019-09-05 00:00:00-04:00,22.12739372253418
149,2019-09-06 00:00:00-04:00,22.037342071533203
150,2019-09-09 00:00:00-04:00,22.74135971069336
151,2019-09-10 00:00:00-04:00,23.28983497619629
152,2019-09-11 00:00:00-04:00,24.133018493652344
153,2019-09-12 00:00:00-04:00,24.386796951293945
154,2019-09-13 00:00:00-04:00,24.485029220581055
155,2019-09-16 00:00:00-04:00,24.33768081665039
156,2019-09-17 00:00:00-04:00,24.116647720336914
157,2019-09-18 00:00:00-04:00,24.10028076171875
158,2019-09-19 00:00:00-04:00,24.198509216308594
159,2019-09-20 00:00:00-04:00,24.018413543701172
160,2019-09-23 00:00:00-04:00,23.805572509765625
161,2019-09-24 00:00:00-04:00,23.273466110229492
162,2019-09-25 00:00:00-04:00,23.56817054748535
163,2019-09-26 00:00:00-04:00,23.46175193786621
164,2019-09-27 00:00:00-04:00,23.65175437927246
165,2019-09-30 00:00:00-04:00,23.84176254272461
166,2019-10-01 00:00:00-04:00,23.056949615478516
167,2019-10-02 00:00:00-04:00,22.35474967956543
168,2019-10-03 00:00:00-04:00,22.41257667541504
169,2019-10-04 00:00:00-04:00,22.619108200073242
170,2019-10-07 00:00:00-04:00,22.42084312438965
171,2019-10-08 00:00:00-04:00,21.710378646850586
172,2019-10-09 00:00:00-04:00,21.78472900390625
173,2019-10-10 00:00:00-04:00,21.91691017150879
174,2019-10-11 00:00:00-04:00,22.569541931152344
175,2019-10-14 00:00:00-04:00,22.2804012298584
176,2019-10-15 00:00:00-04:00,22.52823257446289
177,2019-10-16 00:00:00-04:00,22.214313507080078
178,2019-10-17 00:00:00-04:00,22.42084312438965
179,2019-10-18 00:00:00-04:00,22.48693084716797
180,2019-10-21 00:00:00-04:00,22.660411834716797
181,2019-10-22 00:00:00-04:00,22.371274948120117
182,2019-10-23 00:00:00-04:00,23.032167434692383
183,2019-10-24 00:00:00-04:00,23.246957778930664
184,2019-10-25 00:00:00-04:00,22.990863800048828
185,2019-10-28 00:00:00-04:00,23.470012664794922
186,2019-10-29 00:00:00-04:00,23.230438232421875
187,2019-10-30 00:00:00-04:00,23.18913459777832
188,2019-10-31 00:00:00-04:00,22.759550094604492
189,2019-11-01 00:00:00-04:00,23.172607421875
190,2019-11-04 00:00:00-05:00,23.684804916381836
191,2019-11-05 00:00:00-05:00,23.94916343688965
192,2019-11-06 00:00:00-05:00,23.593929290771484
193,2019-11-07 00:00:00-05:00,23.742631912231445
194,2019-11-08 00:00:00-05:00,23.362613677978516
195,2019-11-11 00:00:00-05:00,23.098255157470703
196,2019-11-12 00:00:00-05:00,23.106521606445312
197,2019-11-13 00:00:00-05:00,22.553022384643555
198,2019-11-14 00:00:00-05:00,22.49519157409668
199,2019-11-15 00:00:00-05:00,22.90825080871582
200,2019-11-18 00:00:00-05:00,22.90825080871582
201,2019-11-19 00:00:00-05:00,22.90825080871582
202,2019-11-20 00:00:00-05:00,22.577802658081055
203,2019-11-21 00:00:00-05:00,22.5117130279541
204,2019-11-22 00:00:00-05:00,22.569541931152344
205,2019-11-25 00:00:00-05:00,23.114776611328125
206,2019-11-26 00:00:00-05:00,22.899988174438477
207,2019-11-27 00:00:00-05:00,23.032167434692383
208,2019-11-29 00:00:00-05:00,22.709983825683594
209,2019-12-02 00:00:00-05:00,22.288663864135742
210,2019-12-03 00:00:00-05:00,21.792991638183594
211,2019-12-04 00:00:00-05:00,21.867341995239258
212,2019-12-05 00:00:00-05:00,21.85907745361328
213,2019-12-06 00:00:00-05:00,22.3051815032959
214,2019-12-09 00:00:00-05:00,22.32170867919922
215,2019-12-10 00:00:00-05:00,21.34688949584961
216,2019-12-11 00:00:00-05:00,21.42123794555664
217,2019-12-12 00:00:00-05:00,22.131698608398438
218,2019-12-13 00:00:00-05:00,21.470809936523438
219,2019-12-16 00:00:00-05:00,21.6195068359375
220,2019-12-17 00:00:00-05:00,21.677337646484375
221,2019-12-18 00:00:00-05:00,21.561676025390625
222,2019-12-19 00:00:00-05:00,21.594724655151367
223,2019-12-20 00:00:00-05:00,21.3138427734375
224,2019-12-23 00:00:00-05:00,21.63602638244629
225,2019-12-24 00:00:00-05:00,21.594724655151367
226,2019-12-26 00:00:00-05:00,21.743423461914062
227,2019-12-27 00:00:00-05:00,21.68559455871582
228,2019-12-30 00:00:00-05:00,21.552045822143555
229,2019-12-31 00:00:00-05:00,21.685596466064453
230,2020-01-02 00:00:00-05:00,21.37675666809082
231,2020-01-03 00:00:00-05:00,20.942710876464844
232,2020-01-06 00:00:00-05:00,21.109655380249023
233,2020-01-07 00:00:00-05:00,21.335020065307617
234,2020-01-08 00:00:00-05:00,21.218162536621094
235,2020-01-09 00:00:00-05:00,21.034528732299805
236,2020-01-10 00:00:00-05:00,20.8842830657959
237,2020-01-13 00:00:00-05:00,21.293289184570312
238,2020-01-14 00:00:00-05:00,21.076263427734375
239,2020-01-15 00:00:00-05:00,20.967754364013672
240,2020-01-16 00:00:00-05:00,21.5019588470459
241,2020-01-17 00:00:00-05:00,21.48526954650879
242,2020-01-21 00:00:00-05:00,21.293289184570312
243,2020-01-22 00:00:00-05:00,21.585433959960938
244,2020-01-23 00:00:00-05:00,21.43518829345703
245,2020-01-24 00:00:00-05:00,21.084609985351562
246,2020-01-27 00:00:00-05:00,20.567096710205078
247,2020-01-28 00:00:00-05:00,20.942710876464844
248,2020-01-29 00:00:00-05:00,20.734037399291992
249,2020-01-30 00:00:00-05:00,21.877578735351562
250,2020-01-31 00:00:00-05:00,21.117998123168945
251,2020-02-03 00:00:00-05:00,21.034528732299805
252,2020-02-04 00:00:00-05:00,21.351715087890625
253,2020-02-05 00:00:00-05:00,21.96105194091797
254,2020-02-06 00:00:00-05:00,21.769065856933594
255,2020-02-07 00:00:00-05:00,21.368410110473633
256,2020-02-10 00:00:00-05:00,21.368410110473633
257,2020-02-11 00:00:00-05:00,21.00113868713379
258,2020-02-12 00:00:00-05:00,20.54205322265625
259,2020-02-13 00:00:00-05:00,20.208166122436523
260,2020-02-14 00:00:00-05:00,20.333377838134766
261,2020-02-18 00:00:00-05:00,21.7440242767334
262,2020-02-19 00:00:00-05:00,21.176429748535156
263,2020-02-20 00:00:00-05:00,21.42683982849121
264,2020-02-21 00:00:00-05:00,21.034528732299805
265,2020-02-24 00:00:00-05:00,20.191478729248047
266,2020-02-25 00:00:00-05:00,19.682308197021484
267,2020-02-26 00:00:00-05:00,19.206527709960938
268,2020-02-27 00:00:00-05:00,18.897682189941406
269,2020-02-28 00:00:00-05:00,18.16314697265625
270,2020-03-02 00:00:00-05:00,19.490327835083008
271,2020-03-03 00:00:00-05:00,19.523714065551758
272,2020-03-04 00:00:00-05:00,19.548755645751953
273,2020-03-05 00:00:00-05:00,18.471988677978516
274,2020-03-06 00:00:00-05:00,18.071331024169922
275,2020-03-09 00:00:00-04:00,16.285066604614258
276,2020-03-10 00:00:00-04:00,16.81927490234375
277,2020-03-11 00:00:00-04:00,15.692423820495605
278,2020-03-12 00:00:00-04:00,13.989632606506348
279,2020-03-13 00:00:00-04:00,15.116484642028809
280,2020-03-16 00:00:00-04:00,14.824335098266602
281,2020-03-17 00:00:00-04:00,16.827627182006836
282,2020-03-18 00:00:00-04:00,16.527130126953125
283,2020-03-19 00:00:00-04:00,16.218292236328125
284,2020-03-20 00:00:00-04:00,14.106489181518555
285,2020-03-23 00:00:00-04:00,12.770964622497559
286,2020-03-24 00:00:00-04:00,13.8226900100708
287,2020-03-25 00:00:00-04:00,14.014674186706543
288,2020-03-26 00:00:00-04:00,15.208294868469238
289,2020-03-27 00:00:00-04:00,14.48210620880127
290,2020-03-30 00:00:00-04:00,15.058674812316895
291,2020-03-31 00:00:00-04:00,14.1514253616333
292,2020-04-01 00:00:00-04:00,13.447668075561523
293,2020-04-02 00:00:00-04:00,13.617250442504883
294,2020-04-03 00:00:00-04:00,13.23569393157959
295,2020-04-06 00:00:00-04:00,14.202299118041992
296,2020-04-07 00:00:00-04:00,14.109029769897461
297,2020-04-08 00:00:00-04:00,14.575376510620117
298,2020-04-09 00:00:00-04:00,14.253171920776367
299,2020-04-13 00:00:00-04:00,13.642687797546387
300,2020-04-14 00:00:00-04:00,13.837703704833984
301,2020-04-15 00:00:00-04:00,12.981324195861816
302,2020-04-16 00:00:00-04:00,13.074592590332031
303,2020-04-17 00:00:00-04:00,13.854660987854004
304,2020-04-20 00:00:00-04:00,13.803788185119629
305,2020-04-21 00:00:00-04:00,13.549418449401855
306,2020-04-22 00:00:00-04:00,13.676602363586426
307,2020-04-23 00:00:00-04:00,13.447668075561523
308,2020-04-24 00:00:00-04:00,13.498544692993164
309,2020-04-27 00:00:00-04:00,14.278608322143555
310,2020-04-28 00:00:00-04:00,14.753433227539062
311,2020-04-29 00:00:00-04:00,15.677641868591309
312,2020-04-30 00:00:00-04:00,15.974407196044922
313,2020-05-01 00:00:00-04:00,15.287610054016113
314,2020-05-04 00:00:00-04:00,15.541977882385254
315,2020-05-05 00:00:00-04:00,15.228259086608887
316,2020-05-06 00:00:00-04:00,15.041717529296875
317,2020-05-07 00:00:00-04:00,15.380878448486328
318,2020-05-08 00:00:00-04:00,16.279651641845703
319,2020-05-11 00:00:00-04:00,16.593372344970703
320,2020-05-12 00:00:00-04:00,15.270651817321777
321,2020-05-13 00:00:00-04:00,14.69408130645752
322,2020-05-14 00:00:00-04:00,15.287610054016113
323,2020-05-15 00:00:00-04:00,15.058674812316895
324,2020-05-18 00:00:00-04:00,15.550454139709473
325,2020-05-19 00:00:00-04:00,15.2028169631958
326,2020-05-20 00:00:00-04:00,15.43175220489502
327,2020-05-21 00:00:00-04:00,15.228259086608887
328,2020-05-22 00:00:00-04:00,15.168900489807129
329,2020-05-26 00:00:00-04:00,16.076152801513672
330,2020-05-27 00:00:00-04:00,16.406837463378906
331,2020-05-28 00:00:00-04:00,16.03375816345215
332,2020-05-29 00:00:00-04:00,15.999844551086426
333,2020-06-01 00:00:00-04:00,16.525541305541992
334,2020-06-02 00:00:00-04:00,16.788387298583984
335,2020-06-03 00:00:00-04:00,17.88217544555664
336,2020-06-04 00:00:00-04:00,18.30612564086914
337,2020-06-05 00:00:00-04:00,19.247297286987305
338,2020-06-08 00:00:00-04:00,20.54458236694336
339,2020-06-09 00:00:00-04:00,20.052799224853516
340,2020-06-10 00:00:00-04:00,19.11163330078125
341,2020-06-11 00:00:00-04:00,17.678682327270508
342,2020-06-12 00:00:00-04:00,18.4757080078125
343,2020-06-15 00:00:00-04:00,18.84878158569336
344,2020-06-16 00:00:00-04:00,19.069236755371094
345,2020-06-17 00:00:00-04:00,19.077713012695312
346,2020-06-18 00:00:00-04:00,19.12858772277832
347,2020-06-19 00:00:00-04:00,18.611373901367188
348,2020-06-22 00:00:00-04:00,18.390920639038086
349,2020-06-23 00:00:00-04:00,18.2722110748291
350,2020-06-24 00:00:00-04:00,17.653242111206055
351,2020-06-25 00:00:00-04:00,17.873701095581055
352,2020-06-26 00:00:00-04:00,16.991886138916016
353,2020-06-29 00:00:00-04:00,17.331043243408203
354,2020-06-30 00:00:00-04:00,17.780427932739258
355,2020-07-01 00:00:00-04:00,17.127548217773438
356,2020-07-02 00:00:00-04:00,17.280168533325195
357,2020-07-06 00:00:00-04:00,17.74651527404785
358,2020-07-07 00:00:00-04:00,17.52606201171875
359,2020-07-08 00:00:00-04:00,17.916093826293945
360,2020-07-09 00:00:00-04:00,17.186901092529297
361,2020-07-10 00:00:00-04:00,17.89065933227539
362,2020-07-13 00:00:00-04:00,17.687164306640625
363,2020-07-14 00:00:00-04:00,17.83319664001465
364,2020-07-15 00:00:00-04:00,18.486047744750977
365,2020-07-16 00:00:00-04:00,18.305652618408203
366,2020-07-17 00:00:00-04:00,18.082313537597656
367,2020-07-20 00:00:00-04:00,17.523950576782227
368,2020-07-21 00:00:00-04:00,18.26270294189453
369,2020-07-22 00:00:00-04:00,17.962051391601562
370,2020-07-23 00:00:00-04:00,17.867555618286133
371,2020-07-24 00:00:00-04:00,17.695751190185547
372,2020-07-27 00:00:00-04:00,18.056537628173828
373,2020-07-28 00:00:00-04:00,17.66139030456543
374,2020-07-29 00:00:00-04:00,18.142440795898438
375,2020-07-30 00:00:00-04:00,17.755882263183594
376,2020-07-31 00:00:00-04:00,18.082313537597656
377,2020-08-03 00:00:00-04:00,18.44309425354004
378,2020-08-04 00:00:00-04:00,18.21975326538086
379,2020-08-05 00:00:00-04:00,19.052995681762695
380,2020-08-06 00:00:00-04:00,18.7695255279541
381,2020-08-07 00:00:00-04:00,19.1646728515625
382,2020-08-10 00:00:00-04:00,19.224802017211914
383,2020-08-11 00:00:00-04:00,19.473915100097656
384,2020-08-12 00:00:00-04:00,18.906967163085938
385,2020-08-13 00:00:00-04:00,18.7952938079834
386,2020-08-14 00:00:00-04:00,18.85542869567871
387,2020-08-17 00:00:00-04:00,18.726572036743164
388,2020-08-18 00:00:00-04:00,18.65785026550293
389,2020-08-19 00:00:00-04:00,18.614900588989258
390,2020-08-20 00:00:00-04:00,18.18539047241211
391,2020-08-21 00:00:00-04:00,18.0307674407959
392,2020-08-24 00:00:00-04:00,18.52899742126465
393,2020-08-25 00:00:00-04:00,18.434505462646484
394,2020-08-26 00:00:00-04:00,18.297061920166016
395,2020-08-27 00:00:00-04:00,18.340017318725586
396,2020-08-28 00:00:00-04:00,18.322832107543945
397,2020-08-31 00:00:00-04:00,18.090896606445312
398,2020-09-01 00:00:00-04:00,18.056537628173828
399,2020-09-02 00:00:00-04:00,18.700801849365234
400,2020-09-03 00:00:00-04:00,18.486047744750977
401,2020-09-04 00:00:00-04:00,18.297061920166016
402,2020-09-08 00:00:00-04:00,17.66139030456543
403,2020-09-09 00:00:00-04:00,17.523950576782227
404,2020-09-10 00:00:00-04:00,17.2404727935791
405,2020-09-11 00:00:00-04:00,17.377918243408203
406,2020-09-14 00:00:00-04:00,17.498178482055664
407,2020-09-15 00:00:00-04:00,17.515356063842773
408,2020-09-16 00:00:00-04:00,18.090896606445312
409,2020-09-17 00:00:00-04:00,18.039358139038086
410,2020-09-18 00:00:00-04:00,18.228342056274414
411,2020-09-21 00:00:00-04:00,17.26624298095703
412,2020-09-22 00:00:00-04:00,17.068668365478516
413,2020-09-23 00:00:00-04:00,16.819555282592773
414,2020-09-24 00:00:00-04:00,16.553260803222656
415,2020-09-25 00:00:00-04:00,16.871091842651367
416,2020-09-28 00:00:00-04:00,17.58407974243164
417,2020-09-29 00:00:00-04:00,17.444801330566406
418,2020-09-30 00:00:00-04:00,17.71465492248535
419,2020-10-01 00:00:00-04:00,17.401273727416992
420,2020-10-02 00:00:00-04:00,17.862638473510742
421,2020-10-05 00:00:00-04:00,18.10637855529785
422,2020-10-06 00:00:00-04:00,18.20213508605957
423,2020-10-07 00:00:00-04:00,18.924646377563477
424,2020-10-08 00:00:00-04:00,19.42953872680664
425,2020-10-09 00:00:00-04:00,19.66457176208496
426,2020-10-12 00:00:00-04:00,19.995363235473633
427,2020-10-13 00:00:00-04:00,20.16075325012207
428,2020-10-14 00:00:00-04:00,20.378381729125977
429,2020-10-15 00:00:00-04:00,20.561189651489258
430,2020-10-16 00:00:00-04:00,20.448020935058594
431,2020-10-19 00:00:00-04:00,20.195579528808594
432,2020-10-20 00:00:00-04:00,20.004066467285156
433,2020-10-21 00:00:00-04:00,19.812559127807617
434,2020-10-22 00:00:00-04:00,20.17816925048828
435,2020-10-23 00:00:00-04:00,20.21298599243164
436,2020-10-26 00:00:00-04:00,19.8821964263916
437,2020-10-27 00:00:00-04:00,17.174943923950195
438,2020-10-28 00:00:00-04:00,16.226102828979492
439,2020-10-29 00:00:00-04:00,16.226102828979492
440,2020-10-30 00:00:00-04:00,16.321857452392578
441,2020-11-02 00:00:00-05:00,17.053075790405273
442,2020-11-03 00:00:00-05:00,17.418684005737305
443,2020-11-04 00:00:00-05:00,16.748397827148438
444,2020-11-05 00:00:00-05:00,17.523147583007812
445,2020-11-06 00:00:00-05:00,16.896385192871094
446,2020-11-09 00:00:00-05:00,17.77558708190918
447,2020-11-10 00:00:00-05:00,18.07155990600586
448,2020-11-11 00:00:00-05:00,17.723360061645508
449,2020-11-12 00:00:00-05:00,17.244585037231445
450,2020-11-13 00:00:00-05:00,17.853933334350586
451,2020-11-16 00:00:00-05:00,18.515518188476562
452,2020-11-17 00:00:00-05:00,18.69831657409668
453,2020-11-18 00:00:00-05:00,18.559038162231445
454,2020-11-19 00:00:00-05:00,18.149904251098633
455,2020-11-20 00:00:00-05:00,17.923572540283203
456,2020-11-23 00:00:00-05:00,18.506807327270508
457,2020-11-24 00:00:00-05:00,19.473064422607422
458,2020-11-25 00:00:00-05:00,19.42953872680664
459,2020-11-27 00:00:00-05:00,19.386014938354492
460,2020-11-30 00:00:00-05:00,19.142271041870117
461,2020-12-01 00:00:00-05:00,19.464359283447266
462,2020-12-02 00:00:00-05:00,19.5775203704834
463,2020-12-03 00:00:00-05:00,19.98665428161621
464,2020-12-04 00:00:00-05:00,20.6395320892334
465,2020-12-07 00:00:00-05:00,20.517662048339844
466,2020-12-08 00:00:00-05:00,20.85715675354004
467,2020-12-09 00:00:00-05:00,20.87456512451172
468,2020-12-10 00:00:00-05:00,21.11830711364746
469,2020-12-11 00:00:00-05:00,21.179241180419922
470,2020-12-14 00:00:00-05:00,20.65694236755371
471,2020-12-15 00:00:00-05:00,21.43168830871582
472,2020-12-16 00:00:00-05:00,21.54484748840332
473,2020-12-17 00:00:00-05:00,21.901750564575195
474,2020-12-18 00:00:00-05:00,21.77117919921875
475,2020-12-21 00:00:00-05:00,21.605785369873047
476,2020-12-22 00:00:00-05:00,21.37074851989746
477,2020-12-23 00:00:00-05:00,21.536144256591797
478,2020-12-24 00:00:00-05:00,21.5883731842041
479,2020-12-28 00:00:00-05:00,21.79729652404785
480,2020-12-29 00:00:00-05:00,21.5883731842041
481,2020-12-30 00:00:00-05:00,21.817291259765625
482,2020-12-31 00:00:00-05:00,22.002180099487305
483,2021-01-04 00:00:00-05:00,21.429895401000977
484,2021-01-05 00:00:00-05:00,21.3770694732666
485,2021-01-06 00:00:00-05:00,22.47762107849121
486,2021-01-07 00:00:00-05:00,22.442399978637695
487,2021-01-08 00:00:00-05:00,22.257511138916016
488,2021-01-11 00:00:00-05:00,22.67131805419922
489,2021-01-12 00:00:00-05:00,23.35805892944336
490,2021-01-13 00:00:00-05:00,23.28762435913086
491,2021-01-14 00:00:00-05:00,23.87751579284668
492,2021-01-15 00:00:00-05:00,23.384471893310547
493,2021-01-19 00:00:00-05:00,23.895126342773438
494,2021-01-20 00:00:00-05:00,23.798280715942383
495,2021-01-21 00:00:00-05:00,23.29642677307129
496,2021-01-22 00:00:00-05:00,23.30523109436035
497,2021-01-25 00:00:00-05:00,23.34044647216797
498,2021-01-26 00:00:00-05:00,24.317739486694336
499,2021-01-27 00:00:00-05:00,23.921541213989258
500,2021-01-28 00:00:00-05:00,24.41458511352539
501,2021-01-29 00:00:00-05:00,23.146753311157227
502,2021-02-01 00:00:00-05:00,23.402082443237305
503,2021-02-02 00:00:00-05:00,22.55685806274414
504,2021-02-03 00:00:00-05:00,22.768163681030273
505,2021-02-04 00:00:00-05:00,22.60968780517578
506,2021-02-05 00:00:00-05:00,22.768163681030273
507,2021-02-08 00:00:00-05:00,23.410886764526367
508,2021-02-09 00:00:00-05:00,23.437297821044922
509,2021-02-10 00:00:00-05:00,24.176868438720703
510,2021-02-11 00:00:00-05:00,23.965564727783203
511,2021-02-12 00:00:00-05:00,24.317739486694336
512,2021-02-16 00:00:00-05:00,24.722736358642578
513,2021-02-17 00:00:00-05:00,24.370563507080078
514,2021-02-18 00:00:00-05:00,23.763059616088867
515,2021-02-19 00:00:00-05:00,24.22089195251465
516,2021-02-22 00:00:00-05:00,24.071216583251953
517,2021-02-23 00:00:00-05:00,23.8334903717041
518,2021-02-24 00:00:00-05:00,24.590675354003906
519,2021-02-25 00:00:00-05:00,23.59577751159668
520,2021-02-26 00:00:00-05:00,23.041101455688477
521,2021-03-01 00:00:00-05:00,23.947952270507812
522,2021-03-02 00:00:00-05:00,23.73664665222168
523,2021-03-03 00:00:00-05:00,23.542953491210938
524,2021-03-04 00:00:00-05:00,22.55685806274414
525,2021-03-05 00:00:00-05:00,23.30523109436035
526,2021-03-08 00:00:00-05:00,23.314035415649414
527,2021-03-09 00:00:00-05:00,22.944250106811523
528,2021-03-10 00:00:00-05:00,25.198179244995117
529,2021-03-11 00:00:00-05:00,25.347854614257812
530,2021-03-12 00:00:00-05:00,25.383068084716797
531,2021-03-15 00:00:00-04:00,26.351552963256836
532,2021-03-16 00:00:00-04:00,26.201881408691406
533,2021-03-17 00:00:00-04:00,26.64209747314453
534,2021-03-18 00:00:00-04:00,25.964157104492188
535,2021-03-19 00:00:00-04:00,26.298725128173828
536,2021-03-22 00:00:00-04:00,26.39557647705078
537,2021-03-23 00:00:00-04:00,25.22458839416504
538,2021-03-24 00:00:00-04:00,25.171764373779297
539,2021-03-25 00:00:00-04:00,25.638399124145508
540,2021-03-26 00:00:00-04:00,25.884920120239258
541,2021-03-29 00:00:00-04:00,26.510032653808594
542,2021-03-30 00:00:00-04:00,26.065675735473633
543,2021-03-31 00:00:00-04:00,26.30562973022461
544,2021-04-01 00:00:00-04:00,26.80330467224121
545,2021-04-05 00:00:00-04:00,27.14101219177246
546,2021-04-06 00:00:00-04:00,27.025480270385742
547,2021-04-07 00:00:00-04:00,27.0610294342041
548,2021-04-08 00:00:00-04:00,26.892175674438477
549,2021-04-09 00:00:00-04:00,27.265430450439453
550,2021-04-12 00:00:00-04:00,27.780874252319336
551,2021-04-13 00:00:00-04:00,26.323402404785156
552,2021-04-14 00:00:00-04:00,26.44782257080078
553,2021-04-15 00:00:00-04:00,26.91883659362793
554,2021-04-16 00:00:00-04:00,26.705543518066406
555,2021-04-19 00:00:00-04:00,26.634450912475586
556,2021-04-20 00:00:00-04:00,25.852392196655273
557,2021-04-21 00:00:00-04:00,26.28785514831543
558,2021-04-22 00:00:00-04:00,25.479135513305664
559,2021-04-23 00:00:00-04:00,26.145660400390625
560,2021-04-26 00:00:00-04:00,26.510032653808594
561,2021-04-27 00:00:00-04:00,26.501144409179688
562,2021-04-28 00:00:00-04:00,26.776639938354492
563,2021-04-29 00:00:00-04:00,27.1943359375
564,2021-04-30 00:00:00-04:00,26.66111183166504
565,2021-05-03 00:00:00-04:00,26.892175674438477
566,2021-05-04 00:00:00-04:00,28.474063873291016
567,2021-05-05 00:00:00-04:00,29.922653198242188
568,2021-05-06 00:00:00-04:00,30.198150634765625
569,2021-05-07 00:00:00-04:00,30.304792404174805
570,2021-05-10 00:00:00-04:00,30.82024383544922
571,2021-05-11 00:00:00-04:00,30.029300689697266
572,2021-05-12 00:00:00-04:00,29.060611724853516
573,2021-05-13 00:00:00-04:00,30.287029266357422
574,2021-05-14 00:00:00-04:00,30.695825576782227
575,2021-05-17 00:00:00-04:00,30.749141693115234
576,2021-05-18 00:00:00-04:00,29.860445022583008
577,2021-05-19 00:00:00-04:00,29.73602294921875
578,2021-05-20 00:00:00-04:00,29.52273941040039
579,2021-05-21 00:00:00-04:00,29.80712127685547
580,2021-05-24 00:00:00-04:00,29.7626895904541
581,2021-05-25 00:00:00-04:00,29.3983211517334
582,2021-05-26 00:00:00-04:00,29.593830108642578
583,2021-05-27 00:00:00-04:00,30.384777069091797
584,2021-05-28 00:00:00-04:00,30.402555465698242
585,2021-06-01 00:00:00-04:00,30.669164657592773
586,2021-06-02 00:00:00-04:00,31.086854934692383
587,2021-06-03 00:00:00-04:00,31.584529876708984
588,2021-06-04 00:00:00-04:00,31.76226806640625
589,2021-06-07 00:00:00-04:00,31.504547119140625
590,2021-06-08 00:00:00-04:00,31.211275100708008
591,2021-06-09 00:00:00-04:00,30.918004989624023
592,2021-06-10 00:00:00-04:00,30.606952667236328
593,2021-06-11 00:00:00-04:00,30.918004989624023
594,2021-06-14 00:00:00-04:00,30.14483070373535
595,2021-06-15 00:00:00-04:00,30.46475601196289
596,2021-06-16 00:00:00-04:00,30.073726654052734
597,2021-06-17 00:00:00-04:00,28.651811599731445
598,2021-06-18 00:00:00-04:00,27.931955337524414
599,2021-06-21 00:00:00-04:00,28.8117733001709
600,2021-06-22 00:00:00-04:00,28.607370376586914
601,2021-06-23 00:00:00-04:00,28.527387619018555
602,2021-06-24 00:00:00-04:00,28.909528732299805
603,2021-06-25 00:00:00-04:00,29.4871883392334
604,2021-06-28 00:00:00-04:00,28.918420791625977
605,2021-06-29 00:00:00-04:00,28.613636016845703
606,2021-06-30 00:00:00-04:00,28.676382064819336
607,2021-07-01 00:00:00-04:00,28.91841697692871
608,2021-07-02 00:00:00-04:00,28.640531539916992
609,2021-07-06 00:00:00-04:00,28.326780319213867
610,2021-07-07 00:00:00-04:00,28.783958435058594
611,2021-07-08 00:00:00-04:00,27.86064338684082
612,2021-07-09 00:00:00-04:00,28.81981086730957
613,2021-07-12 00:00:00-04:00,28.93634605407715
614,2021-07-13 00:00:00-04:00,27.520004272460938
615,2021-07-14 00:00:00-04:00,27.098690032958984
616,2021-07-15 00:00:00-04:00,27.062837600708008
617,2021-07-16 00:00:00-04:00,26.36362648010254
618,2021-07-19 00:00:00-04:00,25.619600296020508
619,2021-07-20 00:00:00-04:00,26.28295135498047
620,2021-07-21 00:00:00-04:00,26.82080078125
621,2021-07-22 00:00:00-04:00,26.390522003173828
622,2021-07-23 00:00:00-04:00,26.2650203704834
623,2021-07-26 00:00:00-04:00,26.767017364501953
624,2021-07-27 00:00:00-04:00,26.390522003173828
625,2021-07-28 00:00:00-04:00,26.175378799438477
626,2021-07-29 00:00:00-04:00,26.713228225708008
627,2021-07-30 00:00:00-04:00,26.48912811279297
628,2021-08-02 00:00:00-04:00,26.686338424682617
629,2021-08-03 00:00:00-04:00,27.528968811035156
630,2021-08-04 00:00:00-04:00,27.43036460876465
631,2021-08-05 00:00:00-04:00,27.82478904724121
632,2021-08-06 00:00:00-04:00,28.380565643310547
633,2021-08-09 00:00:00-04:00,29.034954071044922
634,2021-08-10 00:00:00-04:00,29.420408248901367
635,2021-08-11 00:00:00-04:00,29.9582576751709
636,2021-08-12 00:00:00-04:00,29.743122100830078
637,2021-08-13 00:00:00-04:00,29.375593185424805
638,2021-08-16 00:00:00-04:00,29.250093460083008
639,2021-08-17 00:00:00-04:00,28.380565643310547
640,2021-08-18 00:00:00-04:00,27.797893524169922
641,2021-08-19 00:00:00-04:00,27.475181579589844
642,2021-08-20 00:00:00-04:00,27.90546417236328
643,2021-08-23 00:00:00-04:00,28.272998809814453
644,2021-08-24 00:00:00-04:00,28.748098373413086
645,2021-08-25 00:00:00-04:00,29.169416427612305
646,2021-08-26 00:00:00-04:00,28.81084442138672
647,2021-08-27 00:00:00-04:00,29.52798080444336
648,2021-08-30 00:00:00-04:00,29.061843872070312
649,2021-08-31 00:00:00-04:00,29.079771041870117
650,2021-09-01 00:00:00-04:00,28.927383422851562
651,2021-09-02 00:00:00-04:00,29.079771041870117
652,2021-09-03 00:00:00-04:00,28.685348510742188
653,2021-09-07 00:00:00-04:00,27.995107650756836
654,2021-09-08 00:00:00-04:00,28.057857513427734
655,2021-09-09 00:00:00-04:00,28.111642837524414
656,2021-09-10 00:00:00-04:00,28.075782775878906
657,2021-09-13 00:00:00-04:00,28.46124267578125
658,2021-09-14 00:00:00-04:00,28.075782775878906
659,2021-09-15 00:00:00-04:00,28.721202850341797
660,2021-09-16 00:00:00-04:00,28.389530181884766
661,2021-09-17 00:00:00-04:00,28.08475112915039
662,2021-09-20 00:00:00-04:00,26.686338424682617
663,2021-09-21 00:00:00-04:00,26.560840606689453
664,2021-09-22 00:00:00-04:00,27.394508361816406
665,2021-09-23 00:00:00-04:00,28.111642837524414
666,2021-09-24 00:00:00-04:00,28.380565643310547
667,2021-09-27 00:00:00-04:00,28.85566520690918
668,2021-09-28 00:00:00-04:00,27.744112014770508
669,2021-09-29 00:00:00-04:00,27.55414390563965
670,2021-09-30 00:00:00-04:00,26.88473892211914
671,2021-10-01 00:00:00-04:00,27.228487014770508
672,2021-10-04 00:00:00-04:00,26.730960845947266
673,2021-10-05 00:00:00-04:00,27.318952560424805
674,2021-10-06 00:00:00-04:00,27.536054611206055
675,2021-10-07 00:00:00-04:00,27.599374771118164
676,2021-10-08 00:00:00-04:00,27.183256149291992
677,2021-10-11 00:00:00-04:00,27.083751678466797
678,2021-10-12 00:00:00-04:00,26.133922576904297
679,2021-10-13 00:00:00-04:00,26.170106887817383
680,2021-10-14 00:00:00-04:00,27.264673233032227
681,2021-10-15 00:00:00-04:00,27.183256149291992
682,2021-10-18 00:00:00-04:00,26.92997169494629
683,2021-10-19 00:00:00-04:00,27.074705123901367
684,2021-10-20 00:00:00-04:00,27.54509925842285
685,2021-10-21 00:00:00-04:00,27.327991485595703
686,2021-10-22 00:00:00-04:00,27.798385620117188
687,2021-10-25 00:00:00-04:00,28.14213752746582
688,2021-10-26 00:00:00-04:00,28.087860107421875
689,2021-10-27 00:00:00-04:00,27.46368408203125
690,2021-10-28 00:00:00-04:00,28.250690460205078
691,2021-10-29 00:00:00-04:00,28.485881805419922
692,2021-11-01 00:00:00-04:00,31.79672622680664
693,2021-11-02 00:00:00-04:00,34.085365295410156
694,2021-11-03 00:00:00-04:00,33.69638442993164
695,2021-11-04 00:00:00-04:00,32.80988311767578
696,2021-11-05 00:00:00-04:00,32.45708084106445
697,2021-11-08 00:00:00-05:00,32.330440521240234
698,2021-11-09 00:00:00-05:00,32.312347412109375
699,2021-11-10 00:00:00-05:00,31.670080184936523
700,2021-11-11 00:00:00-05:00,32.09524154663086
701,2021-11-12 00:00:00-05:00,32.48421859741211
702,2021-11-15 00:00:00-05:00,32.330440521240234
703,2021-11-16 00:00:00-05:00,32.2490234375
704,2021-11-17 00:00:00-05:00,31.661035537719727
705,2021-11-18 00:00:00-05:00,31.49820327758789
706,2021-11-19 00:00:00-05:00,31.371562957763672
707,2021-11-22 00:00:00-05:00,31.2087345123291
708,2021-11-23 00:00:00-05:00,31.38060760498047
709,2021-11-24 00:00:00-05:00,31.154455184936523
710,2021-11-26 00:00:00-05:00,29.978473663330078
711,2021-11-29 00:00:00-05:00,30.530277252197266
712,2021-11-30 00:00:00-05:00,29.309072494506836
713,2021-12-01 00:00:00-05:00,28.784399032592773
714,2021-12-02 00:00:00-05:00,29.52617645263672
715,2021-12-03 00:00:00-05:00,28.84772300720215
716,2021-12-06 00:00:00-05:00,29.24574851989746
717,2021-12-07 00:00:00-05:00,29.833738327026367
718,2021-12-08 00:00:00-05:00,30.168437957763672
719,2021-12-09 00:00:00-05:00,30.08702850341797
720,2021-12-10 00:00:00-05:00,30.80166244506836
721,2021-12-13 00:00:00-05:00,30.8649845123291
722,2021-12-14 00:00:00-05:00,30.512189865112305
723,2021-12-15 00:00:00-05:00,31.308237075805664
724,2021-12-16 00:00:00-05:00,30.901166915893555
725,2021-12-17 00:00:00-05:00,30.050844192504883
726,2021-12-20 00:00:00-05:00,29.073871612548828
727,2021-12-21 00:00:00-05:00,29.779464721679688
728,2021-12-22 00:00:00-05:00,29.73423194885254
729,2021-12-23 00:00:00-05:00,30.231760025024414
730,2021-12-27 00:00:00-05:00,30.80166244506836
731,2021-12-28 00:00:00-05:00,30.81070899963379
732,2021-12-29 00:00:00-05:00,30.620742797851562
733,2021-12-30 00:00:00-05:00,30.51125144958496
734,2021-12-31 00:00:00-05:00,30.55687713623047
735,2022-01-03 00:00:00-05:00,30.4838809967041
736,2022-01-04 00:00:00-05:00,31.222936630249023
737,2022-01-05 00:00:00-05:00,30.894468307495117
738,2022-01-06 00:00:00-05:00,31.113445281982422
739,2022-01-07 00:00:00-05:00,32.08061218261719
740,2022-01-10 00:00:00-05:00,31.86162567138672
741,2022-01-11 00:00:00-05:00,32.810546875
742,2022-01-12 00:00:00-05:00,32.04411315917969
743,2022-01-13 00:00:00-05:00,31.870752334594727
744,2022-01-14 00:00:00-05:00,32.180973052978516
745,2022-01-18 00:00:00-05:00,31.259431838989258
746,2022-01-19 00:00:00-05:00,30.857967376708984
747,2022-01-20 00:00:00-05:00,29.854312896728516
748,2022-01-21 00:00:00-05:00,29.033132553100586
749,2022-01-24 00:00:00-05:00,28.914520263671875
750,2022-01-25 00:00:00-05:00,28.786781311035156
751,2022-01-26 00:00:00-05:00,28.960142135620117
752,2022-01-27 00:00:00-05:00,28.586050033569336
753,2022-01-28 00:00:00-05:00,28.494810104370117
754,2022-01-31 00:00:00-05:00,29.169998168945312
755,2022-02-01 00:00:00-05:00,29.32510757446289
756,2022-02-02 00:00:00-05:00,29.34335708618164
757,2022-02-03 00:00:00-05:00,28.24845314025879
758,2022-02-04 00:00:00-05:00,28.39444351196289
759,2022-02-07 00:00:00-05:00,28.357946395874023
760,2022-02-08 00:00:00-05:00,28.230207443237305
761,2022-02-09 00:00:00-05:00,28.59517478942871
762,2022-02-10 00:00:00-05:00,28.640796661376953
763,2022-02-11 00:00:00-05:00,27.947357177734375
764,2022-02-14 00:00:00-05:00,27.73750114440918
765,2022-02-15 00:00:00-05:00,28.34882164001465
766,2022-02-16 00:00:00-05:00,28.631671905517578
767,2022-02-17 00:00:00-05:00,27.472900390625
768,2022-02-18 00:00:00-05:00,27.71013069152832
769,2022-02-22 00:00:00-05:00,26.92544937133789
770,2022-02-23 00:00:00-05:00,26.48748779296875
771,2022-02-24 00:00:00-05:00,26.423622131347656
772,2022-02-25 00:00:00-05:00,27.56414031982422
773,2022-02-28 00:00:00-05:00,27.12618064880371
774,2022-03-01 00:00:00-05:00,25.62069320678711
775,2022-03-02 00:00:00-05:00,26.87070655822754
776,2022-03-03 00:00:00-05:00,26.651723861694336
777,2022-03-04 00:00:00-05:00,25.730182647705078
778,2022-03-07 00:00:00-05:00,24.826887130737305
779,2022-03-08 00:00:00-05:00,25.19185447692871
780,2022-03-09 00:00:00-05:00,26.0404052734375
781,2022-03-10 00:00:00-05:00,24.845136642456055
782,2022-03-11 00:00:00-05:00,24.87251091003418
783,2022-03-14 00:00:00-04:00,24.48016929626465
784,2022-03-15 00:00:00-04:00,24.607908248901367
785,2022-03-16 00:00:00-04:00,25.42908477783203
786,2022-03-17 00:00:00-04:00,25.492956161499023
787,2022-03-18 00:00:00-04:00,25.47470474243164
788,2022-03-21 00:00:00-04:00,25.228351593017578
789,2022-03-22 00:00:00-04:00,25.629817962646484
790,2022-03-23 00:00:00-04:00,24.83601188659668
791,2022-03-24 00:00:00-04:00,25.1827335357666
792,2022-03-25 00:00:00-04:00,25.392587661743164
793,2022-03-28 00:00:00-04:00,25.53857421875
794,2022-03-29 00:00:00-04:00,26.441869735717773
795,2022-03-30 00:00:00-04:00,26.165376663208008
796,2022-03-31 00:00:00-04:00,25.73220443725586
797,2022-04-01 00:00:00-04:00,25.741422653198242
798,2022-04-04 00:00:00-04:00,25.82436752319336
799,2022-04-05 00:00:00-04:00,25.483360290527344
800,2022-04-06 00:00:00-04:00,24.699968338012695
801,2022-04-07 00:00:00-04:00,24.29444694519043
802,2022-04-08 00:00:00-04:00,24.22071647644043
803,2022-04-11 00:00:00-04:00,24.128549575805664
804,2022-04-12 00:00:00-04:00,23.75067901611328
805,2022-04-13 00:00:00-04:00,24.128549575805664
806,2022-04-14 00:00:00-04:00,23.56635093688965
807,2022-04-18 00:00:00-04:00,23.66773223876953
808,2022-04-19 00:00:00-04:00,24.663101196289062
809,2022-04-20 00:00:00-04:00,24.598587036132812
810,2022-04-21 00:00:00-04:00,24.40504264831543
811,2022-04-22 00:00:00-04:00,24.322093963623047
812,2022-04-25 00:00:00-04:00,24.54328727722168
813,2022-04-26 00:00:00-04:00,23.7598934173584
814,2022-04-27 00:00:00-04:00,23.630863189697266
815,2022-04-28 00:00:00-04:00,23.91657066345215
816,2022-04-29 00:00:00-04:00,22.66314125061035
817,2022-05-02 00:00:00-04:00,23.345155715942383
818,2022-05-03 00:00:00-04:00,23.547914505004883
819,2022-05-04 00:00:00-04:00,24.699968338012695
820,2022-05-05 00:00:00-04:00,23.077880859375
821,2022-05-06 00:00:00-04:00,23.050230026245117
822,2022-05-09 00:00:00-04:00,22.893552780151367
823,2022-05-10 00:00:00-04:00,22.60784339904785
824,2022-05-11 00:00:00-04:00,22.008777618408203
825,2022-05-12 00:00:00-04:00,22.5986270904541
826,2022-05-13 00:00:00-04:00,23.12396240234375
827,2022-05-16 00:00:00-04:00,22.976503372192383
828,2022-05-17 00:00:00-04:00,23.81519317626953
829,2022-05-18 00:00:00-04:00,23.252994537353516
830,2022-05-19 00:00:00-04:00,23.142396926879883
831,2022-05-20 00:00:00-04:00,23.778324127197266
832,2022-05-23 00:00:00-04:00,23.962656021118164
833,2022-05-24 00:00:00-04:00,23.92578887939453
834,2022-05-25 00:00:00-04:00,24.37739372253418
835,2022-05-26 00:00:00-04:00,25.07784080505371
836,2022-05-27 00:00:00-04:00,25.391197204589844
837,2022-05-31 00:00:00-04:00,24.958024978637695
838,2022-06-01 00:00:00-04:00,24.47877311706543
839,2022-06-02 00:00:00-04:00,24.755268096923828
840,2022-06-03 00:00:00-04:00,24.386608123779297
841,2022-06-06 00:00:00-04:00,24.681535720825195
842,2022-06-07 00:00:00-04:00,24.828996658325195
843,2022-06-08 00:00:00-04:00,23.85205841064453
844,2022-06-09 00:00:00-04:00,23.640079498291016
845,2022-06-10 00:00:00-04:00,22.63549041748047
846,2022-06-13 00:00:00-04:00,21.26224708557129
847,2022-06-14 00:00:00-04:00,21.27146339416504
848,2022-06-15 00:00:00-04:00,21.916614532470703
849,2022-06-16 00:00:00-04:00,21.335981369018555
850,2022-06-17 00:00:00-04:00,21.483442306518555
851,2022-06-21 00:00:00-04:00,22.28527069091797
852,2022-06-22 00:00:00-04:00,22.21154022216797
853,2022-06-23 00:00:00-04:00,22.46038055419922
854,2022-06-24 00:00:00-04:00,23.354373931884766
855,2022-06-27 00:00:00-04:00,23.160825729370117
856,2022-06-28 00:00:00-04:00,22.746091842651367
857,2022-06-29 00:00:00-04:00,21.701580047607422
858,2022-06-30 00:00:00-04:00,21.738882064819336
859,2022-07-01 00:00:00-04:00,21.990684509277344
860,2022-07-05 00:00:00-04:00,22.214508056640625
861,2022-07-06 00:00:00-04:00,22.09326934814453
862,2022-07-07 00:00:00-04:00,22.65283203125
863,2022-07-08 00:00:00-04:00,22.261137008666992
864,2022-07-11 00:00:00-04:00,22.03731346130371
865,2022-07-12 00:00:00-04:00,22.410354614257812
866,2022-07-13 00:00:00-04:00,22.45698356628418
867,2022-07-14 00:00:00-04:00,22.67148208618164
868,2022-07-15 00:00:00-04:00,22.960588455200195
869,2022-07-18 00:00:00-04:00,22.848676681518555
870,2022-07-19 00:00:00-04:00,23.6600399017334
871,2022-07-20 00:00:00-04:00,23.706668853759766
872,2022-07-21 00:00:00-04:00,23.893186569213867
873,2022-07-22 00:00:00-04:00,23.594755172729492
874,2022-07-25 00:00:00-04:00,23.52947235107422
875,2022-07-26 00:00:00-04:00,23.193737030029297
876,2022-07-27 00:00:00-04:00,23.715991973876953
877,2022-07-28 00:00:00-04:00,24.76982879638672
878,2022-07-29 00:00:00-04:00,25.59984588623047
879,2022-08-01 00:00:00-04:00,26.05681610107422
880,2022-08-02 00:00:00-04:00,25.53455924987793
881,2022-08-03 00:00:00-04:00,25.711753845214844
882,2022-08-04 00:00:00-04:00,25.767711639404297
883,2022-08-05 00:00:00-04:00,25.786361694335938
884,2022-08-08 00:00:00-04:00,25.972881317138672
885,2022-08-09 00:00:00-04:00,25.66512680053711
886,2022-08-10 00:00:00-04:00,26.476486206054688
887,2022-08-11 00:00:00-04:00,26.737613677978516
888,2022-08-12 00:00:00-04:00,27.064022064208984
889,2022-08-15 00:00:00-04:00,26.90548324584961
890,2022-08-16 00:00:00-04:00,26.84952735900879
891,2022-08-17 00:00:00-04:00,26.485809326171875
892,2022-08-18 00:00:00-04:00,26.541765213012695
893,2022-08-19 00:00:00-04:00,25.842317581176758
894,2022-08-22 00:00:00-04:00,25.16152000427246
895,2022-08-23 00:00:00-04:00,25.20815086364746
896,2022-08-24 00:00:00-04:00,25.245452880859375
897,2022-08-25 00:00:00-04:00,25.525238037109375
898,2022-08-26 00:00:00-04:00,24.704547882080078
899,2022-08-29 00:00:00-04:00,24.350160598754883
900,2022-08-30 00:00:00-04:00,24.39678955078125
901,2022-08-31 00:00:00-04:00,24.312856674194336
902,2022-09-01 00:00:00-04:00,24.182292938232422
903,2022-09-02 00:00:00-04:00,24.144987106323242
904,2022-09-06 00:00:00-04:00,24.163639068603516
905,2022-09-07 00:00:00-04:00,24.29420280456543
906,2022-09-08 00:00:00-04:00,24.490049362182617
907,2022-09-09 00:00:00-04:00,24.601959228515625
908,2022-09-12 00:00:00-04:00,24.947021484375
909,2022-09-13 00:00:00-04:00,22.97924041748047
910,2022-09-14 00:00:00-04:00,22.8859806060791
911,2022-09-15 00:00:00-04:00,22.87665367126465
912,2022-09-16 00:00:00-04:00,22.512937545776367
913,2022-09-19 00:00:00-04:00,23.14710807800293
914,2022-09-20 00:00:00-04:00,22.8859806060791
915,2022-09-21 00:00:00-04:00,22.61552619934082
916,2022-09-22 00:00:00-04:00,22.111919403076172
917,2022-09-23 00:00:00-04:00,21.83213996887207
918,2022-09-26 00:00:00-04:00,21.356515884399414
919,2022-09-27 00:00:00-04:00,21.114042282104492
920,2022-09-28 00:00:00-04:00,21.48708152770996
921,2022-09-29 00:00:00-04:00,20.967615127563477
922,2022-09-30 00:00:00-04:00,20.32536506652832
923,2022-10-03 00:00:00-04:00,21.194290161132812
924,2022-10-04 00:00:00-04:00,22.11988639831543
925,2022-10-05 00:00:00-04:00,22.025440216064453
926,2022-10-06 00:00:00-04:00,21.675979614257812
927,2022-10-07 00:00:00-04:00,20.63704490661621
928,2022-10-10 00:00:00-04:00,20.51426124572754
929,2022-10-11 00:00:00-04:00,20.193134307861328
930,2022-10-12 00:00:00-04:00,19.93812370300293
931,2022-10-13 00:00:00-04:00,20.97705841064453
932,2022-10-14 00:00:00-04:00,20.50481605529785
933,2022-10-17 00:00:00-04:00,20.995948791503906
934,2022-10-18 00:00:00-04:00,21.26984977722168
935,2022-10-19 00:00:00-04:00,21.014841079711914
936,2022-10-20 00:00:00-04:00,20.53314971923828
937,2022-10-21 00:00:00-04:00,21.279294967651367
938,2022-10-24 00:00:00-04:00,21.553194046020508
939,2022-10-25 00:00:00-04:00,22.148223876953125
940,2022-10-26 00:00:00-04:00,22.148223876953125
941,2022-10-27 00:00:00-04:00,22.015995025634766
942,2022-10-28 00:00:00-04:00,22.40323257446289
943,2022-10-31 00:00:00-04:00,22.148223876953125
944,2022-11-01 00:00:00-04:00,21.345409393310547
945,2022-11-02 00:00:00-04:00,21.30763053894043
946,2022-11-03 00:00:00-04:00,21.175399780273438
947,2022-11-04 00:00:00-04:00,22.03488540649414
948,2022-11-07 00:00:00-05:00,21.930988311767578
949,2022-11-08 00:00:00-05:00,22.214336395263672
950,2022-11-09 00:00:00-05:00,21.43985939025879
951,2022-11-10 00:00:00-05:00,24.18831443786621
952,2022-11-11 00:00:00-05:00,25.81283187866211
953,2022-11-14 00:00:00-05:00,24.991127014160156
954,2022-11-15 00:00:00-05:00,25.42559051513672
955,2022-11-16 00:00:00-05:00,24.972238540649414
956,2022-11-17 00:00:00-05:00,24.679447174072266
957,2022-11-18 00:00:00-05:00,24.69833755493164
958,2022-11-21 00:00:00-05:00,24.67000389099121
959,2022-11-22 00:00:00-05:00,25.01001739501953
960,2022-11-23 00:00:00-05:00,25.07613182067871
961,2022-11-25 00:00:00-05:00,25.283918380737305
962,2022-11-28 00:00:00-05:00,24.5755558013916
963,2022-11-29 00:00:00-05:00,24.840009689331055
964,2022-11-30 00:00:00-05:00,25.321697235107422
965,2022-12-01 00:00:00-05:00,25.765607833862305
966,2022-12-02 00:00:00-05:00,25.737272262573242
967,2022-12-05 00:00:00-05:00,25.60504722595215
968,2022-12-06 00:00:00-05:00,25.12335777282715
969,2022-12-07 00:00:00-05:00,25.293363571166992
970,2022-12-08 00:00:00-05:00,25.378368377685547
971,2022-12-09 00:00:00-05:00,25.11391258239746
972,2022-12-12 00:00:00-05:00,25.53893280029297
973,2022-12-13 00:00:00-05:00,26.162294387817383
974,2022-12-14 00:00:00-05:00,25.59560203552246
975,2022-12-15 00:00:00-05:00,24.63222312927246
976,2022-12-16 00:00:00-05:00,24.311098098754883
977,2022-12-19 00:00:00-05:00,24.348878860473633
978,2022-12-20 00:00:00-05:00,24.566110610961914
979,2022-12-21 00:00:00-05:00,25.41614532470703
980,2022-12-22 00:00:00-05:00,25.11391258239746
981,2022-12-23 00:00:00-05:00,25.359477996826172
982,2022-12-27 00:00:00-05:00,25.41614532470703
983,2022-12-28 00:00:00-05:00,24.707782745361328
984,2022-12-29 00:00:00-05:00,25.634563446044922
985,2022-12-30 00:00:00-05:00,25.20461082458496
986,2023-01-03 00:00:00-05:00,25.911643981933594
987,2023-01-04 00:00:00-05:00,26.590007781982422
988,2023-01-05 00:00:00-05:00,26.112285614013672
989,2023-01-06 00:00:00-05:00,27.115501403808594
990,2023-01-09 00:00:00-05:00,27.239709854125977
991,2023-01-10 00:00:00-05:00,27.851192474365234
992,2023-01-11 00:00:00-05:00,28.15693473815918
993,2023-01-12 00:00:00-05:00,28.50089454650879
994,2023-01-13 00:00:00-05:00,28.730199813842773
995,2023-01-17 00:00:00-05:00,28.453123092651367
996,2023-01-18 00:00:00-05:00,28.577329635620117
997,2023-01-19 00:00:00-05:00,28.03272819519043
998,2023-01-20 00:00:00-05:00,28.701536178588867
999,2023-01-23 00:00:00-05:00,28.997726440429688
1000,2023-01-24 00:00:00-05:00,28.5964412689209
1001,2023-01-25 00:00:00-05:00,28.8448543548584
1002,2023-01-26 00:00:00-05:00,28.940399169921875
1003,2023-01-27 00:00:00-05:00,29.351238250732422
1004,2023-01-30 00:00:00-05:00,29.86717987060547
1005,2023-01-31 00:00:00-05:00,29.809856414794922
1006,2023-02-01 00:00:00-05:00,30.58376121520996
1007,2023-02-02 00:00:00-05:00,32.31311798095703
1008,2023-02-03 00:00:00-05:00,31.78762435913086
1009,2023-02-06 00:00:00-05:00,30.688859939575195
1010,2023-02-07 00:00:00-05:00,30.688859939575195
1011,2023-02-08 00:00:00-05:00,30.096487045288086
1012,2023-02-09 00:00:00-05:00,29.45633888244629
1013,2023-02-10 00:00:00-05:00,29.542329788208008
1014,2023-02-13 00:00:00-05:00,30.344900131225586
1015,2023-02-14 00:00:00-05:00,30.297128677368164
1016,2023-02-15 00:00:00-05:00,30.325794219970703
1017,2023-02-16 00:00:00-05:00,29.809856414794922
1018,2023-02-17 00:00:00-05:00,29.93406105041504
1019,2023-02-21 00:00:00-05:00,28.56777572631836
1020,2023-02-22 00:00:00-05:00,28.44356918334961
1021,2023-02-23 00:00:00-05:00,28.43401336669922
1022,2023-02-24 00:00:00-05:00,27.984954833984375
1023,2023-02-27 00:00:00-05:00,28.15693473815918
1024,2023-02-28 00:00:00-05:00,28.15693473815918
1025,2023-03-01 00:00:00-05:00,27.803421020507812
1026,2023-03-02 00:00:00-05:00,27.765201568603516
1027,2023-03-03 00:00:00-05:00,28.271591186523438
1028,2023-03-06 00:00:00-05:00,27.918071746826172
1029,2023-03-07 00:00:00-05:00,26.99129295349121
1030,2023-03-08 00:00:00-05:00,27.354360580444336
1031,2023-03-09 00:00:00-05:00,26.590007781982422
1032,2023-03-10 00:00:00-05:00,26.341590881347656
1033,2023-03-13 00:00:00-04:00,25.84476089477539
1034,2023-03-14 00:00:00-04:00,26.10272789001465
1035,2023-03-15 00:00:00-04:00,25.701444625854492
1036,2023-03-16 00:00:00-04:00,25.758769989013672
1037,2023-03-17 00:00:00-04:00,25.099515914916992
1038,2023-03-20 00:00:00-04:00,25.16639518737793
1039,2023-03-21 00:00:00-04:00,25.73966407775879
1040,2023-03-22 00:00:00-04:00,25.128177642822266
1041,2023-03-23 00:00:00-04:00,25.02307891845703
1042,2023-03-24 00:00:00-04:00,25.118623733520508
1043,2023-03-27 00:00:00-04:00,25.261938095092773
1044,2023-03-28 00:00:00-04:00,25.195058822631836
1045,2023-03-29 00:00:00-04:00,25.347929000854492
1046,2023-03-30 00:00:00-04:00,25.376922607421875
1047,2023-03-31 00:00:00-04:00,26.034055709838867
1048,2023-04-03 00:00:00-04:00,26.024389266967773
1049,2023-04-04 00:00:00-04:00,25.773134231567383
1050,2023-04-05 00:00:00-04:00,25.715150833129883
1051,2023-04-06 00:00:00-04:00,25.705488204956055
1052,2023-04-10 00:00:00-04:00,25.715150833129883
1053,2023-04-11 00:00:00-04:00,26.246654510498047
1054,2023-04-12 00:00:00-04:00,25.531539916992188
1055,2023-04-13 00:00:00-04:00,26.014726638793945
1056,2023-04-14 00:00:00-04:00,25.85044288635254
1057,2023-04-17 00:00:00-04:00,25.94708251953125
1058,2023-04-18 00:00:00-04:00,26.07270622253418
1059,2023-04-19 00:00:00-04:00,26.217662811279297
1060,2023-04-20 00:00:00-04:00,25.985734939575195
1061,2023-04-21 00:00:00-04:00,25.792461395263672
1062,2023-04-24 00:00:00-04:00,26.082372665405273
1063,2023-04-25 00:00:00-04:00,25.357595443725586
1064,2023-04-26 00:00:00-04:00,25.289947509765625
1065,2023-04-27 00:00:00-04:00,25.724815368652344
1066,2023-04-28 00:00:00-04:00,25.976070404052734
1067,2023-05-01 00:00:00-04:00,25.251291275024414
1068,2023-05-02 00:00:00-04:00,24.37189483642578
1069,2023-05-03 00:00:00-04:00,24.294584274291992
1070,2023-05-04 00:00:00-04:00,24.255929946899414
1071,2023-05-05 00:00:00-04:00,24.681133270263672
1072,2023-05-08 00:00:00-04:00,24.507186889648438
1073,2023-05-09 00:00:00-04:00,24.275259017944336
1074,2023-05-10 00:00:00-04:00,24.15929412841797
1075,2023-05-11 00:00:00-04:00,23.6954345703125
1076,2023-05-12 00:00:00-04:00,23.66644287109375
1077,2023-05-15 00:00:00-04:00,23.68577003479004
1078,2023-05-16 00:00:00-04:00,23.212249755859375
1079,2023-05-17 00:00:00-04:00,23.637451171875
1080,2023-05-18 00:00:00-04:00,23.840389251708984
1081,2023-05-19 00:00:00-04:00,23.66644287109375
1082,2023-05-22 00:00:00-04:00,23.78240966796875
1083,2023-05-23 00:00:00-04:00,23.550479888916016
1084,2023-05-24 00:00:00-04:00,23.27022933959961
1085,2023-05-25 00:00:00-04:00,23.444177627563477
1086,2023-05-26 00:00:00-04:00,23.78240966796875
1087,2023-05-30 00:00:00-04:00,23.879045486450195
1088,2023-05-31 00:00:00-04:00,23.20258331298828
1089,2023-06-01 00:00:00-04:00,23.59879493713379
1090,2023-06-02 00:00:00-04:00,24.178621292114258
1091,2023-06-05 00:00:00-04:00,24.197948455810547
1092,2023-06-06 00:00:00-04:00,24.874408721923828
1093,2023-06-07 00:00:00-04:00,25.376922607421875
1094,2023-06-08 00:00:00-04:00,25.270620346069336
1095,2023-06-09 00:00:00-04:00,25.48322105407715
1096,2023-06-12 00:00:00-04:00,25.5122127532959
1097,2023-06-13 00:00:00-04:00,26.082372665405273
1098,2023-06-14 00:00:00-04:00,26.014726638793945
1099,2023-06-15 00:00:00-04:00,26.381946563720703
1100,2023-06-16 00:00:00-04:00,26.063045501708984
1101,2023-06-20 00:00:00-04:00,25.5122127532959
1102,2023-06-21 00:00:00-04:00,25.251291275024414
1103,2023-06-22 00:00:00-04:00,24.603822708129883
1104,2023-06-23 00:00:00-04:00,24.671470642089844
1105,2023-06-26 00:00:00-04:00,24.971044540405273
1106,2023-06-27 00:00:00-04:00,25.753807067871094
1107,2023-06-28 00:00:00-04:00,25.782798767089844
1108,2023-06-29 00:00:00-04:00,26.193286895751953
1109,2023-06-30 00:00:00-04:00,26.105323791503906
1110,2023-07-03 00:00:00-04:00,26.28125
1111,2023-07-05 00:00:00-04:00,25.929401397705078
1112,2023-07-06 00:00:00-04:00,25.430946350097656
1113,2023-07-07 00:00:00-04:00,25.55800437927246
1114,2023-07-10 00:00:00-04:00,26.535364151000977
1115,2023-07-11 00:00:00-04:00,27.121780395507812
1116,2023-07-12 00:00:00-04:00,27.786386489868164
1117,2023-07-13 00:00:00-04:00,28.548728942871094
1118,2023-07-14 00:00:00-04:00,27.796161651611328
1119,2023-07-17 00:00:00-04:00,28.245746612548828
1120,2023-07-18 00:00:00-04:00,28.8126163482666
1121,2023-07-19 00:00:00-04:00,29.320846557617188
1122,2023-07-20 00:00:00-04:00,28.939674377441406
1123,2023-07-21 00:00:00-04:00,28.656240463256836
1124,2023-07-24 00:00:00-04:00,28.861486434936523
1125,2023-07-25 00:00:00-04:00,28.617145538330078
1126,2023-07-26 00:00:00-04:00,28.34348487854004
1127,2023-07-27 00:00:00-04:00,27.7668399810791
1128,2023-07-28 00:00:00-04:00,28.841938018798828
1129,2023-07-31 00:00:00-04:00,28.57805061340332
1130,2023-08-01 00:00:00-04:00,28.13823890686035
1131,2023-08-02 00:00:00-04:00,27.70819854736328
1132,2023-08-03 00:00:00-04:00,27.737518310546875
1133,2023-08-04 00:00:00-04:00,27.69842529296875
1134,2023-08-07 00:00:00-04:00,27.893898010253906
1135,2023-08-08 00:00:00-04:00,27.512725830078125
1136,2023-08-09 00:00:00-04:00,27.327028274536133
1137,2023-08-10 00:00:00-04:00,27.30748176574707
1138,2023-08-11 00:00:00-04:00,27.27815818786621
1139,2023-08-14 00:00:00-04:00,27.190195083618164
1140,2023-08-15 00:00:00-04:00,26.330120086669922
1141,2023-08-16 00:00:00-04:00,25.90007972717285
1142,2023-08-17 00:00:00-04:00,25.66551399230957
1143,2023-08-18 00:00:00-04:00,25.66551399230957
1144,2023-08-21 00:00:00-04:00,25.215925216674805
1145,2023-08-22 00:00:00-04:00,24.805435180664062
1146,2023-08-23 00:00:00-04:00,25.401626586914062
1147,2023-08-24 00:00:00-04:00,25.030229568481445
1148,2023-08-25 00:00:00-04:00,25.206153869628906
1149,2023-08-28 00:00:00-04:00,25.362531661987305
1150,2023-08-29 00:00:00-04:00,25.919628143310547
1151,2023-08-30 00:00:00-04:00,26.00758934020996
1152,2023-08-31 00:00:00-04:00,26.134647369384766
1153,2023-09-01 00:00:00-04:00,26.261703491210938
1154,2023-09-05 00:00:00-04:00,25.538455963134766
1155,2023-09-06 00:00:00-04:00,25.518909454345703
1156,2023-09-07 00:00:00-04:00,25.34298324584961
1157,2023-09-08 00:00:00-04:00,25.34298324584961
1158,2023-09-11 00:00:00-04:00,25.372303009033203
1159,2023-09-12 00:00:00-04:00,25.518909454345703
1160,2023-09-13 00:00:00-04:00,25.323436737060547
1161,2023-09-14 00:00:00-04:00,25.626419067382812
1162,2023-09-15 00:00:00-04:00,25.655738830566406
1163,2023-09-18 00:00:00-04:00,25.538455963134766
1164,2023-09-19 00:00:00-04:00,25.636192321777344
1165,2023-09-20 00:00:00-04:00,25.323436737060547
1166,2023-09-21 00:00:00-04:00,24.609962463378906
1167,2023-09-22 00:00:00-04:00,24.45358657836914
1168,2023-09-25 00:00:00-04:00,24.365623474121094
1169,2023-09-26 00:00:00-04:00,23.80852699279785
1170,2023-09-27 00:00:00-04:00,23.720563888549805
1171,2023-09-28 00:00:00-04:00,24.205463409423828
1172,2023-09-29 00:00:00-04:00,24.324214935302734
1173,2023-10-02 00:00:00-04:00,23.958065032958984
1174,2023-10-03 00:00:00-04:00,23.10701560974121
1175,2023-10-04 00:00:00-04:00,23.483060836791992
1176,2023-10-05 00:00:00-04:00,23.651290893554688
1177,2023-10-06 00:00:00-04:00,23.740354537963867
1178,2023-10-09 00:00:00-04:00,23.641395568847656
1179,2023-10-10 00:00:00-04:00,23.83931541442871
1180,2023-10-11 00:00:00-04:00,23.453372955322266
1181,2023-10-12 00:00:00-04:00,22.641904830932617
1182,2023-10-13 00:00:00-04:00,22.41429901123047
1183,2023-10-16 00:00:00-04:00,22.711177825927734
1184,2023-10-17 00:00:00-04:00,23.087223052978516
1185,2023-10-18 00:00:00-04:00,22.65180206298828
1186,2023-10-19 00:00:00-04:00,22.394506454467773
1187,2023-10-20 00:00:00-04:00,22.32523536682129
1188,2023-10-23 00:00:00-04:00,22.00856590270996
1189,2023-10-24 00:00:00-04:00,22.32523536682129
1190,2023-10-25 00:00:00-04:00,22.028358459472656
1191,2023-10-26 00:00:00-04:00,22.513259887695312
1192,2023-10-27 00:00:00-04:00,22.216381072998047
1193,2023-10-30 00:00:00-04:00,22.2757568359375
1194,2023-10-31 00:00:00-04:00,22.55284309387207
1195,2023-11-01 00:00:00-04:00,22.315340042114258
1196,2023-11-02 00:00:00-04:00,23.28514289855957
1197,2023-11-03 00:00:00-04:00,23.997650146484375
1198,2023-11-06 00:00:00-05:00,23.582019805908203
1199,2023-11-07 00:00:00-05:00,23.304933547973633
1200,2023-11-08 00:00:00-05:00,23.344518661499023
1201,2023-11-09 00:00:00-05:00,22.760658264160156
1202,2023-11-10 00:00:00-05:00,22.681489944458008
1203,2023-11-13 00:00:00-05:00,22.26586151123047
1204,2023-11-14 00:00:00-05:00,23.690876007080078
1205,2023-11-15 00:00:00-05:00,24.30442237854004
1206,2023-11-16 00:00:00-05:00,24.294527053833008
1207,2023-11-17 00:00:00-05:00,24.01744270324707
1208,2023-11-20 00:00:00-05:00,23.948171615600586
1209,2023-11-21 00:00:00-05:00,23.433582305908203
1210,2023-11-22 00:00:00-05:00,23.631498336791992
1211,2023-11-24 00:00:00-05:00,23.572124481201172
1212,2023-11-27 00:00:00-05:00,23.463268280029297
1213,2023-11-28 00:00:00-05:00,23.720561981201172
1214,2023-11-29 00:00:00-05:00,24.3341121673584
1215,2023-11-30 00:00:00-05:00,24.54192543029785
1216,2023-12-01 00:00:00-05:00,25.36328887939453
1217,2023-12-04 00:00:00-05:00,25.40287208557129
1218,2023-12-05 00:00:00-05:00,25.03672218322754
1219,2023-12-06 00:00:00-05:00,25.204954147338867
1220,2023-12-07 00:00:00-05:00,25.412769317626953
1221,2023-12-08 00:00:00-05:00,25.303913116455078
1222,2023-12-11 00:00:00-05:00,25.224746704101562
1223,2023-12-12 00:00:00-05:00,26.26382064819336
1224,2023-12-13 00:00:00-05:00,27.34247589111328
1225,2023-12-14 00:00:00-05:00,29.06437110900879
1226,2023-12-15 00:00:00-05:00,29.08416175842285
1227,2023-12-18 00:00:00-05:00,28.915929794311523
1228,2023-12-19 00:00:00-05:00,29.41072654724121
1229,2023-12-20 00:00:00-05:00,28.915929794311523
1230,2023-12-21 00:00:00-05:00,29.242496490478516
1231,2023-12-22 00:00:00-05:00,29.39093589782715
1232,2023-12-26 00:00:00-05:00,29.76698112487793
1233,2023-12-27 00:00:00-05:00,29.865942001342773
1234,2023-12-28 00:00:00-05:00,29.747188568115234
1235,2023-12-29 00:00:00-05:00,29.479999542236328
1236,2024-01-02 00:00:00-05:00,29.290000915527344
1237,2024-01-03 00:00:00-05:00,28.270000457763672
1238,2024-01-04 00:00:00-05:00,28.469999313354492
1239,2024-01-05 00:00:00-05:00,28.8799991607666
1240,2024-01-08 00:00:00-05:00,29.329999923706055
1241,2024-01-09 00:00:00-05:00,29.1200008392334
1242,2024-01-10 00:00:00-05:00,29.079999923706055
1243,2024-01-11 00:00:00-05:00,28.799999237060547
1244,2024-01-12 00:00:00-05:00,28.399999618530273
1245,2024-01-16 00:00:00-05:00,27.84000015258789
1246,2024-01-17 00:00:00-05:00,27.3700008392334
1247,2024-01-18 00:00:00-05:00,27.459999084472656
1248,2024-01-19 00:00:00-05:00,27.93000030517578
1249,2024-01-22 00:00:00-05:00,28.329999923706055
1250,2024-01-23 00:00:00-05:00,27.25
1251,2024-01-24 00:00:00-05:00,26.8799991607666
1252,2024-01-25 00:00:00-05:00,27.479999542236328
1253,2024-01-26 00:00:00-05:00,27.59000015258789
1254,2024-01-29 00:00:00-05:00,27.510000228881836
1255,2024-01-30 00:00:00-05:00,27.1299991607666
1256,2024-01-31 00:00:00-05:00,26.6299991607666
1257,2024-02-01 00:00:00-05:00,27.049999237060547
1258,2024-02-02 00:00:00-05:00,26.90999984741211
