,Unnamed: 0,Date,BLK
0,0,2019-02-05,366.19384765625
1,1,2019-02-06,365.1677856445313
2,2,2019-02-07,363.9575805664063
3,3,2019-02-08,361.1073303222656
4,4,2019-02-11,361.9316101074219
5,5,2019-02-12,373.1658630371094
6,6,2019-02-13,374.86724853515625
7,7,2019-02-14,371.2978515625
8,8,2019-02-15,378.8136901855469
9,9,2019-02-19,378.0419006347656
10,10,2019-02-20,383.4353332519531
11,11,2019-02-21,381.5059509277344
12,12,2019-02-22,382.9968566894531
13,13,2019-02-25,384.9350280761719
14,14,2019-02-26,386.3381958007813
15,15,2019-02-27,387.6361389160156
16,16,2019-02-28,388.697265625
17,17,2019-03-01,389.17962646484375
18,18,2019-03-04,383.5318603515625
19,19,2019-03-05,382.197509765625
20,20,2019-03-06,379.846923828125
21,21,2019-03-07,373.9529724121094
22,22,2019-03-08,372.2917175292969
23,23,2019-03-11,378.2917175292969
24,24,2019-03-12,378.0620727539063
25,25,2019-03-13,381.59661865234375
26,26,2019-03-14,383.1783752441406
27,27,2019-03-15,383.1076354980469
28,28,2019-03-18,389.2314453125
29,29,2019-03-19,384.0090637207031
30,30,2019-03-20,379.9000549316406
31,31,2019-03-21,380.2887878417969
32,32,2019-03-22,368.8013305664063
33,33,2019-03-25,367.0781555175781
34,34,2019-03-26,373.4935607910156
35,35,2019-03-27,370.8160705566406
36,36,2019-03-28,375.5260009765625
37,37,2019-03-29,377.6466674804688
38,38,2019-04-01,387.3845520019531
39,39,2019-04-02,385.6702575683594
40,40,2019-04-03,387.9854431152344
41,41,2019-04-04,390.4331359863281
42,42,2019-04-05,393.3138427734375
43,43,2019-04-08,394.2328796386719
44,44,2019-04-09,388.639404296875
45,45,2019-04-10,391.24609375
46,46,2019-04-11,394.2063293457031
47,47,2019-04-12,401.4877014160156
48,48,2019-04-15,399.287353515625
49,49,2019-04-16,412.2593383789063
50,50,2019-04-17,413.0988464355469
51,51,2019-04-18,411.50830078125
52,52,2019-04-22,410.0325622558594
53,53,2019-04-23,418.8778991699219
54,54,2019-04-24,424.3036193847656
55,55,2019-04-25,419.24908447265625
56,56,2019-04-26,423.2520446777344
57,57,2019-04-29,424.0119018554688
58,58,2019-04-30,428.78363037109375
59,59,2019-05-01,423.3846435546875
60,60,2019-05-02,420.9809875488281
61,61,2019-05-03,426.3624267578125
62,62,2019-05-06,420.9456787109375
63,63,2019-05-07,409.8116455078125
64,64,2019-05-08,411.3138732910156
65,65,2019-05-09,410.2093811035156
66,66,2019-05-10,409.1313171386719
67,67,2019-05-13,391.2637634277344
68,68,2019-05-14,393.98541259765625
69,69,2019-05-15,392.6599426269531
70,70,2019-05-16,395.2047729492188
71,71,2019-05-17,390.1856994628906
72,72,2019-05-20,387.1194763183594
73,73,2019-05-21,390.2740783691406
74,74,2019-05-22,388.0473937988281
75,75,2019-05-23,383.4081726074219
76,76,2019-05-24,385.06048583984375
77,77,2019-05-28,379.3609619140625
78,78,2019-05-29,378.1415100097656
79,79,2019-05-30,376.9574890136719
80,80,2019-05-31,367.210693359375
81,81,2019-06-03,371.04583740234375
82,82,2019-06-04,383.9736633300781
83,83,2019-06-05,390.1352844238281
84,84,2019-06-06,391.0969543457031
85,85,2019-06-07,395.4421997070313
86,86,2019-06-10,395.1750793457031
87,87,2019-06-11,394.5606689453125
88,88,2019-06-12,397.34771728515625
89,89,2019-06-13,399.1551818847656
90,90,2019-06-14,397.98876953125
91,91,2019-06-17,391.889404296875
92,92,2019-06-18,400.0723571777344
93,93,2019-06-19,405.0943603515625
94,94,2019-06-20,414.5593872070313
95,95,2019-06-21,416.9278869628906
96,96,2019-06-24,412.6182556152344
97,97,2019-06-25,408.1306457519531
98,98,2019-06-26,410.4456787109375
99,99,2019-06-27,413.5799560546875
100,100,2019-06-28,417.8717346191406
101,101,2019-07-01,421.1039123535156
102,102,2019-07-02,418.3792724609375
103,103,2019-07-03,423.2587585449219
104,104,2019-07-05,426.2327575683594
105,105,2019-07-08,420.6676635742188
106,106,2019-07-09,421.89642333984375
107,107,2019-07-10,423.427978515625
108,108,2019-07-11,427.4615478515625
109,109,2019-07-12,429.5896606445313
110,110,2019-07-15,428.9129028320313
111,111,2019-07-16,424.87933349609375
112,112,2019-07-17,419.3854675292969
113,113,2019-07-18,423.07177734375
114,114,2019-07-19,421.3800048828125
115,115,2019-07-22,421.656005859375
116,116,2019-07-23,425.1375427246094
117,117,2019-07-24,424.8615112304688
118,118,2019-07-25,421.94091796875
119,119,2019-07-26,425.7697448730469
120,120,2019-07-29,425.8944396972656
121,121,2019-07-30,425.9834289550781
122,122,2019-07-31,416.4292602539063
123,123,2019-08-01,402.4231262207031
124,124,2019-08-02,399.1017761230469
125,125,2019-08-05,384.0538330078125
126,126,2019-08-06,387.9626770019531
127,127,2019-08-07,383.2257690429688
128,128,2019-08-08,389.6633911132813
129,129,2019-08-09,379.610595703125
130,130,2019-08-12,370.804443359375
131,131,2019-08-13,378.7201843261719
132,132,2019-08-14,366.28997802734375
133,133,2019-08-15,364.4468383789063
134,134,2019-08-16,373.4934997558594
135,135,2019-08-19,378.925048828125
136,136,2019-08-20,372.4517211914063
137,137,2019-08-21,374.8023681640625
138,138,2019-08-22,373.0839538574219
139,139,2019-08-23,362.6214904785156
140,140,2019-08-26,361.0366516113281
141,141,2019-08-27,365.5242614746094
142,142,2019-08-28,368.4892578125
143,143,2019-08-29,375.790771484375
144,144,2019-08-30,376.2537536621094
145,145,2019-09-03,370.25238037109375
146,146,2019-09-04,373.05267333984375
147,147,2019-09-05,381.2023315429688
148,148,2019-09-06,380.4035034179688
149,149,2019-09-09,386.7041931152344
150,150,2019-09-10,384.4513854980469
151,151,2019-09-11,388.4813232421875
152,152,2019-09-12,390.2046203613281
153,153,2019-09-13,397.5733947753906
154,154,2019-09-16,391.0662841796875
155,155,2019-09-17,394.1806335449219
156,156,2019-09-18,397.7528991699219
157,157,2019-09-19,398.4888610839844
158,158,2019-09-20,398.85693359375
159,159,2019-09-23,400.4814453125
160,160,2019-09-24,396.8194885253906
161,161,2019-09-25,399.5748901367188
162,162,2019-09-26,400.3018798828125
163,163,2019-09-27,400.4186096191406
164,164,2019-09-30,399.9788208007813
165,165,2019-10-01,389.2532348632813
166,166,2019-10-02,377.2890319824219
167,167,2019-10-03,376.6158752441406
168,168,2019-10-04,383.6436462402344
169,169,2019-10-07,379.8112182617188
170,170,2019-10-08,370.8267211914063
171,171,2019-10-09,374.4259338378906
172,172,2019-10-10,377.3070068359375
173,173,2019-10-11,389.531494140625
174,174,2019-10-14,389.7199096679688
175,175,2019-10-15,398.9107360839844
176,176,2019-10-16,400.6609497070313
177,177,2019-10-17,404.4934692382813
178,178,2019-10-18,399.4403076171875
179,179,2019-10-21,407.1680908203125
180,180,2019-10-22,404.1793212890625
181,181,2019-10-23,410.2287292480469
182,182,2019-10-24,408.07464599609375
183,183,2019-10-25,412.68792724609375
184,184,2019-10-28,418.75531005859375
185,185,2019-10-29,418.396240234375
186,186,2019-10-30,419.0963745117188
187,187,2019-10-31,414.3932800292969
188,188,2019-11-01,421.0979309082031
189,189,2019-11-04,427.7037658691406
190,190,2019-11-05,433.0082092285156
191,191,2019-11-06,439.3807678222656
192,192,2019-11-07,439.9372253417969
193,193,2019-11-08,439.9820861816406
194,194,2019-11-11,436.9124755859375
195,195,2019-11-12,436.9124755859375
196,196,2019-11-13,435.8174743652344
197,197,2019-11-14,434.9378967285156
198,198,2019-11-15,440.6552429199219
199,199,2019-11-18,441.3553466796875
200,200,2019-11-19,442.3066711425781
201,201,2019-11-20,438.72552490234375
202,202,2019-11-21,435.2879638671875
203,203,2019-11-22,435.305908203125
204,204,2019-11-25,441.4629821777344
205,205,2019-11-26,440.5924377441406
206,206,2019-11-27,443.57220458984375
207,207,2019-11-29,444.2005310058594
208,208,2019-12-02,439.5242919921875
209,209,2019-12-03,435.9880676269531
210,210,2019-12-04,436.8227844238281
211,211,2019-12-05,443.067138671875
212,212,2019-12-06,448.0010986328125
213,213,2019-12-09,449.1849060058594
214,214,2019-12-10,446.4377746582031
215,215,2019-12-11,446.3292236328125
216,216,2019-12-12,453.7484436035156
217,217,2019-12-13,450.5765686035156
218,218,2019-12-16,453.6851196289063
219,219,2019-12-17,453.9020690917969
220,220,2019-12-18,451.3717651367188
221,221,2019-12-19,453.94720458984375
222,222,2019-12-20,451.4620971679688
223,223,2019-12-23,451.525390625
224,224,2019-12-24,451.50732421875
225,225,2019-12-26,454.760498046875
226,226,2019-12-27,454.5526428222656
227,227,2019-12-30,452.5917053222656
228,228,2019-12-31,454.27252197265625
229,229,2020-01-02,459.9475402832031
230,230,2020-01-03,455.0587463378906
231,231,2020-01-06,455.447265625
232,232,2020-01-07,458.3570861816406
233,233,2020-01-08,458.2486572265625
234,234,2020-01-09,463.6707153320313
235,235,2020-01-10,462.8392639160156
236,236,2020-01-13,472.7163696289063
237,237,2020-01-14,468.3877868652344
238,238,2020-01-15,479.1776123046875
239,239,2020-01-16,483.4609375
240,240,2020-01-17,483.677734375
241,241,2020-01-21,478.1654968261719
242,242,2020-01-22,485.1416931152344
243,243,2020-01-23,489.732421875
244,244,2020-01-24,485.1236877441406
245,245,2020-01-27,473.3489379882813
246,246,2020-01-28,478.9154052734375
247,247,2020-01-29,484.807373046875
248,248,2020-01-30,487.6990966796875
249,249,2020-01-31,476.5478210449219
250,250,2020-02-03,479.0149536132813
251,251,2020-02-04,483.677734375
252,252,2020-02-05,491.1239318847656
253,253,2020-02-06,501.2361145019531
254,254,2020-02-07,502.2029724121094
255,255,2020-02-10,507.0466003417969
256,256,2020-02-11,515.4868774414062
257,257,2020-02-12,517.3303833007812
258,258,2020-02-13,513.7787475585938
259,259,2020-02-14,511.4202575683594
260,260,2020-02-18,510.3992309570313
261,261,2020-02-19,516.959716796875
262,262,2020-02-20,512.305908203125
263,263,2020-02-21,503.3414611816406
264,264,2020-02-24,477.1353454589844
265,265,2020-02-25,457.2545776367188
266,266,2020-02-26,459.4866333007813
267,267,2020-02-27,429.9820251464844
268,268,2020-02-28,418.4060363769531
269,269,2020-03-02,440.9343566894531
270,270,2020-03-03,435.62994384765625
271,271,2020-03-04,450.9904479980469
272,272,2020-03-05,430.1941223144531
273,273,2020-03-06,410.1080322265625
274,274,2020-03-09,381.51763916015625
275,275,2020-03-10,417.9293823242188
276,276,2020-03-11,392.4074096679688
277,277,2020-03-12,351.6615905761719
278,278,2020-03-13,376.7555541992188
279,279,2020-03-16,325.3111267089844
280,280,2020-03-17,352.1532897949219
281,281,2020-03-18,339.9522705078125
282,282,2020-03-19,361.8047790527344
283,283,2020-03-20,322.98016357421875
284,284,2020-03-23,298.1229858398437
285,285,2020-03-24,338.4408569335937
286,286,2020-03-25,365.4651184082031
287,287,2020-03-26,411.4646301269531
288,288,2020-03-27,395.4759216308594
289,289,2020-03-30,414.6060180664063
290,290,2020-03-31,400.6021728515625
291,291,2020-04-01,372.8950500488281
292,292,2020-04-02,388.3647155761719
293,293,2020-04-03,380.6617126464844
294,294,2020-04-06,409.2976379394531
295,295,2020-04-07,403.4702758789063
296,296,2020-04-08,410.6178588867188
297,297,2020-04-09,429.2380676269531
298,298,2020-04-13,411.9108276367188
299,299,2020-04-14,417.0462341308594
300,300,2020-04-15,403.42474365234375
301,301,2020-04-16,417.9202575683594
302,302,2020-04-17,434.2004089355469
303,303,2020-04-20,428.6735534667969
304,304,2020-04-21,431.9240112304688
305,305,2020-04-22,437.96087646484375
306,306,2020-04-23,429.0377502441406
307,307,2020-04-24,432.6252136230469
308,308,2020-04-27,452.2104797363281
309,309,2020-04-28,453.2303466796875
310,310,2020-04-29,465.6316223144531
311,311,2020-04-30,457.11822509765625
312,312,2020-05-01,440.8381652832031
313,313,2020-05-04,438.4251708984375
314,314,2020-05-05,442.049072265625
315,315,2020-05-06,440.1460876464844
316,316,2020-05-07,452.8843078613281
317,317,2020-05-08,454.1498718261719
318,318,2020-05-11,448.98724365234375
319,319,2020-05-12,413.7774353027344
320,320,2020-05-13,442.3313598632813
321,321,2020-05-14,453.621826171875
322,322,2020-05-15,467.76214599609375
323,323,2020-05-18,470.2206115722656
324,324,2020-05-19,456.35345458984375
325,325,2020-05-20,463.2186584472656
326,326,2020-05-21,463.00927734375
327,327,2020-05-22,467.3706665039063
328,328,2020-05-26,476.7763366699219
329,329,2020-05-27,488.4037170410156
330,330,2020-05-28,488.8043518066406
331,331,2020-05-29,481.3381042480469
332,332,2020-06-01,490.0700073242188
333,333,2020-06-02,492.9017639160156
334,334,2020-06-03,498.7016906738281
335,335,2020-06-04,500.63580322265625
336,336,2020-06-05,510.1134033203125
337,337,2020-06-08,510.8466491699219
338,338,2020-06-09,511.51568603515625
339,339,2020-06-10,511.51568603515625
340,340,2020-06-11,481.4055786132813
341,341,2020-06-12,483.0829162597656
342,342,2020-06-15,497.7394104003906
343,343,2020-06-16,504.49462890625
344,344,2020-06-17,508.9218444824219
345,345,2020-06-18,510.3334045410156
346,346,2020-06-19,509.0501403808594
347,347,2020-06-22,507.0703125
348,348,2020-06-23,508.3901062011719
349,349,2020-06-24,493.65130615234375
350,350,2020-06-25,501.3507385253906
351,351,2020-06-26,490.2415161132813
352,352,2020-06-29,488.4267272949219
353,353,2020-06-30,498.7109069824219
354,354,2020-07-01,498.92181396484375
355,355,2020-07-02,505.7504577636719
356,356,2020-07-06,511.04833984375
357,357,2020-07-07,503.4221496582031
358,358,2020-07-08,511.1033325195313
359,359,2020-07-09,503.61468505859375
360,360,2020-07-10,507.8677978515625
361,361,2020-07-13,506.4744873046875
362,362,2020-07-14,514.5130004882812
363,363,2020-07-15,521.1675415039062
364,364,2020-07-16,519.6735229492188
365,365,2020-07-17,538.7020874023438
366,366,2020-07-20,531.2592163085938
367,367,2020-07-21,531.6259765625
368,368,2020-07-22,533.9539794921875
369,369,2020-07-23,529.9302368164062
370,370,2020-07-24,523.0281982421875
371,371,2020-07-27,527.345458984375
372,372,2020-07-28,523.1015014648438
373,373,2020-07-29,529.426025390625
374,374,2020-07-30,525.292236328125
375,375,2020-07-31,527.0521240234375
376,376,2020-08-03,531.5801391601562
377,377,2020-08-04,523.4130859375
378,378,2020-08-05,533.5966186523438
379,379,2020-08-06,533.6698608398438
380,380,2020-08-07,539.1327514648438
381,381,2020-08-10,531.8091430664062
382,382,2020-08-11,537.7120971679688
383,383,2020-08-12,541.0118408203125
384,384,2020-08-13,540.3884887695312
385,385,2020-08-14,539.3802490234375
386,386,2020-08-17,542.6526489257812
387,387,2020-08-18,540.0677490234375
388,388,2020-08-19,540.5626831054688
389,389,2020-08-20,534.7056274414062
390,390,2020-08-21,535.328857421875
391,391,2020-08-24,542.120849609375
392,392,2020-08-25,541.8458251953125
393,393,2020-08-26,542.7166748046875
394,394,2020-08-27,545.3565063476562
395,395,2020-08-28,550.9293823242188
396,396,2020-08-31,544.6323852539062
397,397,2020-09-01,546.5113525390625
398,398,2020-09-02,557.29052734375
399,399,2020-09-03,534.007568359375
400,400,2020-09-04,520.6463012695312
401,401,2020-09-08,509.49798583984375
402,402,2020-09-09,516.54296875
403,403,2020-09-10,500.9870910644531
404,404,2020-09-11,499.04144287109375
405,405,2020-09-14,504.7400207519531
406,406,2020-09-15,505.4592895507813
407,407,2020-09-16,517.97216796875
408,408,2020-09-17,505.6897583007813
409,409,2020-09-18,513.536865234375
410,410,2020-09-21,509.5442810058594
411,411,2020-09-22,507.89361572265625
412,412,2020-09-23,496.588623046875
413,413,2020-09-24,493.37054443359375
414,414,2020-09-25,505.1365356445313
415,415,2020-09-28,515.1321411132812
416,416,2020-09-29,511.5820007324219
417,417,2020-09-30,519.650390625
418,418,2020-10-01,523.6707153320312
419,419,2020-10-02,525.7085571289062
420,420,2020-10-05,535.7225952148438
421,421,2020-10-06,535.0310668945312
422,422,2020-10-07,545.9302368164062
423,423,2020-10-08,557.3551025390625
424,424,2020-10-09,563.9296875
425,425,2020-10-12,566.9910278320312
426,426,2020-10-13,589.1861572265625
427,427,2020-10-14,590.0067138671875
428,428,2020-10-15,595.8990478515625
429,429,2020-10-16,606.1712646484375
430,430,2020-10-19,585.4331665039062
431,431,2020-10-20,594.8202514648438
432,432,2020-10-21,585.5252685546875
433,433,2020-10-22,585.7005615234375
434,434,2020-10-23,587.6646728515625
435,435,2020-10-26,573.722412109375
436,436,2020-10-27,566.6591796875
437,437,2020-10-28,553.9157104492188
438,438,2020-10-29,555.4095458984375
439,439,2020-10-30,552.5325317382812
440,440,2020-11-02,566.97265625
441,441,2020-11-03,580.2415771484375
442,442,2020-11-04,600.8414916992188
443,443,2020-11-05,616.1390991210938
444,444,2020-11-06,603.8843383789062
445,445,2020-11-09,614.13818359375
446,446,2020-11-10,609.1404418945312
447,447,2020-11-11,618.379638671875
448,448,2020-11-12,608.3935546875
449,449,2020-11-13,617.595947265625
450,450,2020-11-16,623.7373657226562
451,451,2020-11-17,615.4937744140625
452,452,2020-11-18,617.7066650390625
453,453,2020-11-19,621.0170288085938
454,454,2020-11-20,620.30712890625
455,455,2020-11-23,629.6755981445312
456,456,2020-11-24,644.8256225585938
457,457,2020-11-25,648.800048828125
458,458,2020-11-27,659.4041137695312
459,459,2020-11-30,643.94970703125
460,460,2020-12-01,659.5147705078125
461,461,2020-12-02,662.4009399414062
462,462,2020-12-03,663.0403442382812
463,463,2020-12-04,651.9653930664062
464,464,2020-12-07,657.5446166992188
465,465,2020-12-08,661.6502685546875
466,466,2020-12-09,650.3063354492188
467,467,2020-12-10,647.2758178710938
468,468,2020-12-11,644.3009033203125
469,469,2020-12-14,633.8467407226562
470,470,2020-12-15,647.0625610351562
471,471,2020-12-16,647.23876953125
472,472,2020-12-17,654.3193359375
473,473,2020-12-18,647.6372680664062
474,474,2020-12-21,647.6650390625
475,475,2020-12-22,642.743896484375
476,476,2020-12-23,652.1229248046875
477,477,2020-12-24,655.40380859375
478,478,2020-12-28,658.18408203125
479,479,2020-12-29,654.5697021484375
480,480,2020-12-30,657.0348510742188
481,481,2020-12-31,668.7122802734375
482,482,2021-01-04,658.7772216796875
483,483,2021-01-05,662.2620239257812
484,484,2021-01-06,681.1498413085938
485,485,2021-01-07,695.477783203125
486,486,2021-01-08,701.0665283203125
487,487,2021-01-11,710.54736328125
488,488,2021-01-12,720.7977294921875
489,489,2021-01-13,722.6605224609375
490,490,2021-01-14,689.0645751953125
491,491,2021-01-15,674.4769897460938
492,492,2021-01-19,679.9357299804688
493,493,2021-01-20,687.2481079101562
494,494,2021-01-21,687.8598022460938
495,495,2021-01-22,681.2332153320312
496,496,2021-01-25,670.0469360351562
497,497,2021-01-26,668.9996337890625
498,498,2021-01-27,646.701171875
499,499,2021-01-28,667.20166015625
500,500,2021-01-29,649.9171752929688
501,501,2021-02-01,660.9552612304688
502,502,2021-02-02,676.0895385742188
503,503,2021-02-03,671.0663452148438
504,504,2021-02-04,678.8236083984375
505,505,2021-02-05,673.1517333984375
506,506,2021-02-08,673.2628173828125
507,507,2021-02-09,675.4408569335938
508,508,2021-02-10,670.2230834960938
509,509,2021-02-11,668.6104736328125
510,510,2021-02-12,670.0469360351562
511,511,2021-02-16,676.8402709960938
512,512,2021-02-17,668.5733642578125
513,513,2021-02-18,652.0209350585938
514,514,2021-02-19,658.1192016601562
515,515,2021-02-22,651.6595458984375
516,516,2021-02-23,651.677978515625
517,517,2021-02-24,659.96337890625
518,518,2021-02-25,643.9208374023438
519,519,2021-02-26,643.6521606445312
520,520,2021-03-01,666.5437622070312
521,521,2021-03-02,663.8652954101562
522,522,2021-03-03,650.1303100585938
523,523,2021-03-04,636.938720703125
524,524,2021-03-05,654.7171020507812
525,525,2021-03-08,651.6219482421875
526,526,2021-03-09,673.1015625
527,527,2021-03-10,679.161376953125
528,528,2021-03-11,673.2134399414062
529,529,2021-03-12,667.68505859375
530,530,2021-03-15,670.3140258789062
531,531,2021-03-16,674.09912109375
532,532,2021-03-17,678.9003295898438
533,533,2021-03-18,674.71435546875
534,534,2021-03-19,680.2241821289062
535,535,2021-03-22,681.4174194335938
536,536,2021-03-23,668.039306640625
537,537,2021-03-24,673.8007202148438
538,538,2021-03-25,678.2289428710938
539,539,2021-03-26,705.637939453125
540,540,2021-03-29,706.532958984375
541,541,2021-03-30,698.5153198242188
542,542,2021-03-31,702.8970947265625
543,543,2021-04-01,714.8953247070312
544,544,2021-04-05,730.921142578125
545,545,2021-04-06,728.7675170898438
546,546,2021-04-07,734.631591796875
547,547,2021-04-08,746.3782958984375
548,548,2021-04-09,753.603271484375
549,549,2021-04-12,753.2582397460938
550,550,2021-04-13,748.1403198242188
551,551,2021-04-14,746.81640625
552,552,2021-04-15,762.4506225585938
553,553,2021-04-16,756.4933471679688
554,554,2021-04-19,756.1577758789062
555,555,2021-04-20,750.4429931640625
556,556,2021-04-21,756.568115234375
557,557,2021-04-22,741.4558715820312
558,558,2021-04-23,758.096923828125
559,559,2021-04-26,762.8981323242188
560,560,2021-04-27,764.9398193359375
561,561,2021-04-28,760.9962768554688
562,562,2021-04-29,771.28857421875
563,563,2021-04-30,763.8117065429688
564,564,2021-05-03,769.7037353515625
565,565,2021-05-04,779.7816772460938
566,566,2021-05-05,793.3742065429688
567,567,2021-05-06,808.37451171875
568,568,2021-05-07,814.648681640625
569,569,2021-05-10,799.3780517578125
570,570,2021-05-11,786.93212890625
571,571,2021-05-12,767.727294921875
572,572,2021-05-13,782.168212890625
573,573,2021-05-14,798.8372192382812
574,574,2021-05-17,791.92919921875
575,575,2021-05-18,783.2403564453125
576,576,2021-05-19,781.72998046875
577,577,2021-05-20,787.6593017578125
578,578,2021-05-21,802.4732055664062
579,579,2021-05-24,813.2782592773438
580,580,2021-05-25,815.058837890625
581,581,2021-05-26,817.3523559570312
582,582,2021-05-27,817.0725708007812
583,583,2021-05-28,817.6411743164062
584,584,2021-06-01,817.5200805664062
585,585,2021-06-02,827.3181762695312
586,586,2021-06-03,825.1826782226562
587,587,2021-06-04,830.6526489257812
588,588,2021-06-07,828.8823852539062
589,589,2021-06-08,828.4702758789062
590,590,2021-06-09,815.7507934570312
591,591,2021-06-10,812.4725952148438
592,592,2021-06-11,824.8547973632812
593,593,2021-06-14,821.2207641601562
594,594,2021-06-15,825.1826782226562
595,595,2021-06-16,814.2615356445312
596,596,2021-06-17,813.76513671875
597,597,2021-06-18,787.5020141601562
598,598,2021-06-21,806.6842651367188
599,599,2021-06-22,809.96240234375
600,600,2021-06-23,810.5805053710938
601,601,2021-06-24,812.3789672851562
602,602,2021-06-25,818.6450805664062
603,603,2021-06-28,823.0565185546875
604,604,2021-06-29,818.1767578125
605,605,2021-06-30,819.525390625
606,606,2021-07-01,823.5154418945312
607,607,2021-07-02,837.0029907226562
608,608,2021-07-06,836.11328125
609,609,2021-07-07,843.849853515625
610,610,2021-07-08,820.9584350585938
611,611,2021-07-09,844.1962890625
612,612,2021-07-12,857.8804931640625
613,613,2021-07-13,850.5280151367188
614,614,2021-07-14,824.5364379882812
615,615,2021-07-15,824.2366943359375
616,616,2021-07-16,819.5723266601562
617,617,2021-07-19,791.6044311523438
618,618,2021-07-20,823.1502075195312
619,619,2021-07-21,826.746826171875
620,620,2021-07-22,811.9292602539062
621,621,2021-07-23,813.886962890625
622,622,2021-07-26,816.2660522460938
623,623,2021-07-27,807.2649536132812
624,624,2021-07-28,806.1690673828125
625,625,2021-07-29,814.299072265625
626,626,2021-07-30,812.2197265625
627,627,2021-08-02,817.923828125
628,628,2021-08-03,824.4334106445312
629,629,2021-08-04,826.119384765625
630,630,2021-08-05,832.9287109375
631,631,2021-08-06,839.3071899414062
632,632,2021-08-09,844.8145141601562
633,633,2021-08-10,854.7334594726562
634,634,2021-08-11,858.9765014648438
635,635,2021-08-12,860.3345336914062
636,636,2021-08-13,858.760986328125
637,637,2021-08-16,866.2822265625
638,638,2021-08-17,851.9799194335938
639,639,2021-08-18,844.7584228515625
640,640,2021-08-19,846.5098876953125
641,641,2021-08-20,859.0513305664062
642,642,2021-08-23,869.0638427734375
643,643,2021-08-24,870.3096923828125
644,644,2021-08-25,879.985107421875
645,645,2021-08-26,876.5757446289062
646,646,2021-08-27,894.4279174804688
647,647,2021-08-30,888.0027465820312
648,648,2021-08-31,883.5162353515625
649,649,2021-09-01,884.0125732421875
650,650,2021-09-02,890.428466796875
651,651,2021-09-03,881.7174682617188
652,652,2021-09-07,870.0055541992188
653,653,2021-09-08,869.5445556640625
654,654,2021-09-09,867.4749145507812
655,655,2021-09-10,862.2821655273438
656,656,2021-09-13,861.9435424804688
657,657,2021-09-14,848.4818725585938
658,658,2021-09-15,855.725341796875
659,659,2021-09-16,837.654052734375
660,660,2021-09-17,824.6627807617188
661,661,2021-09-20,806.4505004882812
662,662,2021-09-21,795.1336059570312
663,663,2021-09-22,800.5991821289062
664,664,2021-09-23,824.2301025390625
665,665,2021-09-24,822.7719116210938
666,666,2021-09-27,823.5714721679688
667,667,2021-09-28,809.554931640625
668,668,2021-09-29,805.7919921875
669,669,2021-09-30,788.9435424804688
670,670,2021-10-01,791.982177734375
671,671,2021-10-04,776.6202392578125
672,672,2021-10-05,789.0567016601562
673,673,2021-10-06,787.8994750976562
674,674,2021-10-07,792.4149169921875
675,675,2021-10-08,794.3435668945312
676,676,2021-10-11,789.9503173828125
677,677,2021-10-12,786.6200561523438
678,678,2021-10-13,816.3656616210938
679,679,2021-10-14,839.6014404296875
680,680,2021-10-15,853.4771118164062
681,681,2021-10-18,843.1761474609375
682,682,2021-10-19,848.1996459960938
683,683,2021-10-20,849.4037475585938
684,684,2021-10-21,850.1469116210938
685,685,2021-10-22,860.72998046875
686,686,2021-10-25,869.9208984375
687,687,2021-10-26,876.35546875
688,688,2021-10-27,862.8936767578125
689,689,2021-10-28,880.024169921875
690,690,2021-10-29,887.5311279296875
691,691,2021-11-01,880.7296142578125
692,692,2021-11-02,891.660888671875
693,693,2021-11-03,895.2825927734375
694,694,2021-11-04,897.48388671875
695,695,2021-11-05,898.4904174804688
696,696,2021-11-08,908.6126098632812
697,697,2021-11-09,909.4404907226562
698,698,2021-11-10,902.3475341796876
699,699,2021-11-11,908.3585815429688
700,700,2021-11-12,913.8994140625
701,701,2021-11-15,896.7313232421875
702,702,2021-11-16,892.6956176757812
703,703,2021-11-17,876.3177490234375
704,704,2021-11-18,868.0675659179688
705,705,2021-11-19,860.7112426757812
706,706,2021-11-22,864.83154296875
707,707,2021-11-23,879.9771728515625
708,708,2021-11-24,875.5463256835938
709,709,2021-11-26,848.190185546875
710,710,2021-11-29,872.987548828125
711,711,2021-11-30,850.9840698242188
712,712,2021-12-01,846.9580078125
713,713,2021-12-02,864.3800048828125
714,714,2021-12-03,846.2429809570312
715,715,2021-12-06,847.4337158203125
716,716,2021-12-07,870.3230590820312
717,717,2021-12-08,873.1015014648438
718,718,2021-12-09,868.5841674804688
719,719,2021-12-10,874.330078125
720,720,2021-12-13,867.2420654296875
721,721,2021-12-14,852.8016357421875
722,722,2021-12-15,864.6431274414062
723,723,2021-12-16,870.9183959960938
724,724,2021-12-17,863.3768920898438
725,725,2021-12-20,847.9912719726562
726,726,2021-12-21,860.8251953125
727,727,2021-12-22,861.4583740234375
728,728,2021-12-23,863.7076416015625
729,729,2021-12-27,871.8824462890625
730,730,2021-12-28,871.1736450195312
731,731,2021-12-29,859.7383422851562
732,732,2021-12-30,863.556396484375
733,733,2021-12-31,865.2575073242188
734,734,2022-01-03,861.6380004882812
735,735,2022-01-04,866.8262329101562
736,736,2022-01-05,842.7745971679688
737,737,2022-01-06,846.2902221679688
738,738,2022-01-07,843.2470703125
739,739,2022-01-10,825.3572387695312
740,740,2022-01-11,839.3912353515625
741,741,2022-01-12,836.4805297851562
742,742,2022-01-13,819.9136352539062
743,743,2022-01-14,801.976318359375
744,744,2022-01-18,786.2884521484375
745,745,2022-01-19,780.1455688476562
746,746,2022-01-20,781.137939453125
747,747,2022-01-21,756.916015625
748,748,2022-01-24,743.5906982421875
749,749,2022-01-25,754.6763305664062
750,750,2022-01-26,751.7655029296875
751,751,2022-01-27,744.6680908203125
752,752,2022-01-28,763.7393798828125
753,753,2022-01-31,777.7261962890625
754,754,2022-02-01,780.57080078125
755,755,2022-02-02,777.31982421875
756,756,2022-02-03,761.4995727539062
757,757,2022-02-04,765.3270874023438
758,758,2022-02-07,772.0369873046875
759,759,2022-02-08,763.0305786132812
760,760,2022-02-09,768.3323364257812
761,761,2022-02-10,735.4348754882812
762,762,2022-02-11,730.0480346679688
763,763,2022-02-14,718.5372314453125
764,764,2022-02-15,738.27001953125
765,765,2022-02-16,740.3775634765625
766,766,2022-02-17,720.60693359375
767,767,2022-02-18,714.4828491210938
768,768,2022-02-22,704.52197265625
769,769,2022-02-23,692.2457275390625
770,770,2022-02-24,691.5841674804688
771,771,2022-02-25,709.6159057617188
772,772,2022-02-28,703.0194702148438
773,773,2022-03-01,675.537109375
774,774,2022-03-02,697.49072265625
775,775,2022-03-03,697.178955078125
776,776,2022-03-04,662.701904296875
777,777,2022-03-07,644.131591796875
778,778,2022-03-08,630.622314453125
779,779,2022-03-09,659.5244750976562
780,780,2022-03-10,663.2822265625
781,781,2022-03-11,653.616455078125
782,782,2022-03-14,663.59619140625
783,783,2022-03-15,673.242919921875
784,784,2022-03-16,695.5425415039062
785,785,2022-03-17,704.8848876953125
786,786,2022-03-18,702.6587524414062
787,787,2022-03-21,698.1302490234375
788,788,2022-03-22,710.5359497070312
789,789,2022-03-23,700.6322631835938
790,790,2022-03-24,702.36376953125
791,791,2022-03-25,704.989501953125
792,792,2022-03-28,713.3993530273438
793,793,2022-03-29,735.6229858398438
794,794,2022-03-30,739.5426635742188
795,795,2022-03-31,726.9942016601562
796,796,2022-04-01,732.3123779296875
797,797,2022-04-04,744.1756591796875
798,798,2022-04-05,727.2416381835938
799,799,2022-04-06,708.9756469726562
800,800,2022-04-07,712.4576416015625
801,801,2022-04-08,700.2897338867188
802,802,2022-04-11,692.9453735351562
803,803,2022-04-12,681.957275390625
804,804,2022-04-13,680.9203491210938
805,805,2022-04-14,654.69140625
806,806,2022-04-18,646.9190063476562
807,807,2022-04-19,667.439697265625
808,808,2022-04-20,664.99462890625
809,809,2022-04-21,648.3079833984375
810,810,2022-04-22,630.68896484375
811,811,2022-04-25,635.7692260742188
812,812,2022-04-26,615.5718994140625
813,813,2022-04-27,611.7380981445312
814,814,2022-04-28,619.3013305664062
815,815,2022-04-29,594.2902221679688
816,816,2022-05-02,594.4043579101562
817,817,2022-05-03,600.3599243164062
818,818,2022-05-04,632.8674926757812
819,819,2022-05-05,602.9761352539062
820,820,2022-05-06,598.0385131835938
821,821,2022-05-09,576.100341796875
822,822,2022-05-10,580.543212890625
823,823,2022-05-11,571.1438598632812
824,824,2022-05-12,571.1914672851562
825,825,2022-05-13,585.3950805664062
826,826,2022-05-16,569.4788818359375
827,827,2022-05-17,581.9606323242188
828,828,2022-05-18,563.06689453125
829,829,2022-05-19,564.2274780273438
830,830,2022-05-20,571.2294311523438
831,831,2022-05-23,581.760986328125
832,832,2022-05-24,588.2681884765625
833,833,2022-05-25,596.1167602539062
834,834,2022-05-26,620.6998291015625
835,835,2022-05-27,634.1043701171875
836,836,2022-05-31,636.5302734375
837,837,2022-06-01,628.3771362304688
838,838,2022-06-02,653.0932006835938
839,839,2022-06-03,643.6362915039062
840,840,2022-06-06,647.085693359375
841,841,2022-06-07,651.1768798828125
842,842,2022-06-08,634.6964721679688
843,843,2022-06-09,632.2435913085938
844,844,2022-06-10,591.828369140625
845,845,2022-06-13,573.671142578125
846,846,2022-06-14,566.4945068359375
847,847,2022-06-15,574.8018188476562
848,848,2022-06-16,561.2630004882812
849,849,2022-06-17,557.8997802734375
850,850,2022-06-21,588.8292236328125
851,851,2022-06-22,583.7893676757812
852,852,2022-06-23,598.5737915039062
853,853,2022-06-24,620.6785888671875
854,854,2022-06-27,610.2730102539062
855,855,2022-06-28,602.7993774414062
856,856,2022-06-29,592.1062622070312
857,857,2022-06-30,583.5594482421875
858,858,2022-07-01,590.89892578125
859,859,2022-07-05,594.7506713867188
860,860,2022-07-06,589.0209350585938
861,861,2022-07-07,597.6061401367188
862,862,2022-07-08,593.6393432617188
863,863,2022-07-11,579.6884155273438
864,864,2022-07-12,578.0499877929688
865,865,2022-07-13,571.4290771484375
866,866,2022-07-14,564.0032958984375
867,867,2022-07-15,575.2521362304688
868,868,2022-07-18,572.531005859375
869,869,2022-07-19,602.052001953125
870,870,2022-07-20,608.1746215820312
871,871,2022-07-21,612.5630493164062
872,872,2022-07-22,607.1302490234375
873,873,2022-07-25,609.5352783203125
874,874,2022-07-26,596.8779296875
875,875,2022-07-27,616.4052124023438
876,876,2022-07-28,632.3682250976562
877,877,2022-07-29,641.1832885742188
878,878,2022-08-01,643.3008422851562
879,879,2022-08-02,638.2896728515625
880,880,2022-08-03,661.6495971679688
881,881,2022-08-04,666.8908081054688
882,882,2022-08-05,666.814208984375
883,883,2022-08-08,667.1399536132812
884,884,2022-08-09,667.369873046875
885,885,2022-08-10,694.8692626953125
886,886,2022-08-11,698.165283203125
887,887,2022-08-12,720.37548828125
888,888,2022-08-15,724.1984252929688
889,889,2022-08-16,725.396240234375
890,890,2022-08-17,712.1256713867188
891,891,2022-08-18,714.0419921875
892,892,2022-08-19,683.9844360351562
893,893,2022-08-22,665.970947265625
894,894,2022-08-23,667.8106689453125
895,895,2022-08-24,671.1162719726562
896,896,2022-08-25,680.8704833984375
897,897,2022-08-26,648.1395263671875
898,898,2022-08-29,647.6126098632812
899,899,2022-08-30,644.5751953125
900,900,2022-08-31,638.5100708007812
901,901,2022-09-01,637.034423828125
902,902,2022-09-02,630.528564453125
903,903,2022-09-06,638.6854858398438
904,904,2022-09-07,650.8389282226562
905,905,2022-09-08,667.9249877929688
906,906,2022-09-09,671.3423461914062
907,907,2022-09-12,672.6454467773438
908,908,2022-09-13,622.5452270507812
909,909,2022-09-14,621.261474609375
910,910,2022-09-15,610.4112548828125
911,911,2022-09-16,605.0054321289062
912,912,2022-09-19,612.7183837890625
913,913,2022-09-20,600.7290649414062
914,914,2022-09-21,587.002197265625
915,915,2022-09-22,579.6753540039062
916,916,2022-09-23,570.8814086914062
917,917,2022-09-26,564.3750610351562
918,918,2022-09-27,558.5347900390625
919,919,2022-09-28,565.1280517578125
920,920,2022-09-29,544.3639526367188
921,921,2022-09-30,531.1969604492188
922,922,2022-10-03,552.8587036132812
923,923,2022-10-04,570.79443359375
924,924,2022-10-05,562.9271240234375
925,925,2022-10-06,551.7872314453125
926,926,2022-10-07,531.3128051757812
927,927,2022-10-10,526.621337890625
928,928,2022-10-11,512.7206420898438
929,929,2022-10-12,512.68212890625
930,930,2022-10-13,546.40087890625
931,931,2022-10-14,531.84375
932,932,2022-10-17,549.509033203125
933,933,2022-10-18,560.9095458984375
934,934,2022-10-19,557.8591918945312
935,935,2022-10-20,552.5112915039062
936,936,2022-10-21,576.5477905273438
937,937,2022-10-24,590.2359619140625
938,938,2022-10-25,613.8864135742188
939,939,2022-10-26,615.681884765625
940,940,2022-10-27,626.4741821289062
941,941,2022-10-28,640.7319946289062
942,942,2022-10-31,623.5105590820312
943,943,2022-11-01,629.3894653320312
944,944,2022-11-02,616.6569213867188
945,945,2022-11-03,611.8301391601562
946,946,2022-11-04,633.3955688476562
947,947,2022-11-07,652.8467407226562
948,948,2022-11-08,662.5289306640625
949,949,2022-11-09,646.3984375
950,950,2022-11-10,733.460693359375
951,951,2022-11-11,747.8826293945312
952,952,2022-11-14,715.4478759765625
953,953,2022-11-15,714.636962890625
954,954,2022-11-16,701.817626953125
955,955,2022-11-17,696.2958374023438
956,956,2022-11-18,695.6201171875
957,957,2022-11-21,698.6029663085938
958,958,2022-11-22,708.0148315429688
959,959,2022-11-23,710.7852783203125
960,960,2022-11-25,712.1947631835938
961,961,2022-11-28,696.1607055664062
962,962,2022-11-29,689.2393188476562
963,963,2022-11-30,691.169921875
964,964,2022-12-01,697.1356811523438
965,965,2022-12-02,688.2547607421875
966,966,2022-12-05,688.0423583984375
967,967,2022-12-06,690.384765625
968,968,2022-12-07,689.2864990234375
969,969,2022-12-08,683.726806640625
970,970,2022-12-09,687.138427734375
971,971,2022-12-12,689.3544311523438
972,972,2022-12-13,703.8563842773438
973,973,2022-12-14,691.5803833007812
974,974,2022-12-15,678.6141357421875
975,975,2022-12-16,680.5969848632812
976,976,2022-12-19,673.0641479492188
977,977,2022-12-20,672.1797485351562
978,978,2022-12-21,692.9605712890625
979,979,2022-12-22,683.6199340820312
980,980,2022-12-23,684.2127685546875
981,981,2022-12-27,683.5518188476562
982,982,2022-12-28,680.7039184570312
983,983,2022-12-29,696.0806884765625
984,984,2022-12-30,688.7714233398438
985,985,2023-01-03,692.0858154296875
986,986,2023-01-04,701.66943359375
987,987,2023-01-05,681.5884399414062
988,988,2023-01-06,717.3182373046875
989,989,2023-01-09,731.8881225585938
990,990,2023-01-10,736.0580444335938
991,991,2023-01-11,734.736083984375
992,992,2023-01-12,732.8310546875
993,993,2023-01-13,732.860107421875
994,994,2023-01-17,728.719482421875
995,995,2023-01-18,726.416015625
996,996,2023-01-19,709.4160766601562
997,997,2023-01-20,720.92431640625
998,998,2023-01-23,727.0574951171875
999,999,2023-01-24,730.9940185546875
1000,1000,2023-01-25,730.1969604492188
1001,1001,2023-01-26,737.6326293945312
1002,1002,2023-01-27,737.9047241210938
1003,1003,2023-01-30,726.9019775390625
1004,1004,2023-01-31,737.9338989257812
1005,1005,2023-02-01,741.258056640625
1006,1006,2023-02-02,749.1310424804688
1007,1007,2023-02-03,735.9413452148438
1008,1008,2023-02-06,721.5755004882812
1009,1009,2023-02-07,720.0592041015625
1010,1010,2023-02-08,709.4064331054688
1011,1011,2023-02-09,695.9056396484375
1012,1012,2023-02-10,703.234375
1013,1013,2023-02-13,716.2587890625
1014,1014,2023-02-14,708.71630859375
1015,1015,2023-02-15,703.8953247070312
1016,1016,2023-02-16,693.0189208984375
1017,1017,2023-02-17,696.09033203125
1018,1018,2023-02-21,676.2523193359375
1019,1019,2023-02-22,668.1459350585938
1020,1020,2023-02-23,672.4518432617188
1021,1021,2023-02-24,664.2775268554688
1022,1022,2023-02-27,663.9179077148438
1023,1023,2023-02-28,670.109375
1024,1024,2023-03-01,661.488037109375
1025,1025,2023-03-02,666.68798828125
1026,1026,2023-03-03,675.7566528320312
1027,1027,2023-03-06,673.9454345703125
1028,1028,2023-03-07,660.5034790039062
1029,1029,2023-03-08,660.2098388671875
1030,1030,2023-03-09,637.6140747070312
1031,1031,2023-03-10,621.705078125
1032,1032,2023-03-13,612.6393432617188
1033,1033,2023-03-14,624.4463500976562
1034,1034,2023-03-15,618.4840698242188
1035,1035,2023-03-16,623.6141967773438
1036,1036,2023-03-17,623.349853515625
1037,1037,2023-03-20,630.0560913085938
1038,1038,2023-03-21,648.2559814453125
1039,1039,2023-03-22,634.7161865234375
1040,1040,2023-03-23,638.1036376953125
1041,1041,2023-03-24,631.348388671875
1042,1042,2023-03-27,634.7161865234375
1043,1043,2023-03-28,632.6798095703125
1044,1044,2023-03-29,643.429443359375
1045,1045,2023-03-30,647.1693115234375
1046,1046,2023-03-31,655.0797729492188
1047,1047,2023-04-03,652.4266357421875
1048,1048,2023-04-04,645.27978515625
1049,1049,2023-04-05,642.274169921875
1050,1050,2023-04-06,642.626708984375
1051,1051,2023-04-10,645.9749145507812
1052,1052,2023-04-11,655.6279907226562
1053,1053,2023-04-12,651.9957885742188
1054,1054,2023-04-13,656.6559448242188
1055,1055,2023-04-14,676.82373046875
1056,1056,2023-04-17,683.7061767578125
1057,1057,2023-04-18,679.4671020507812
1058,1058,2023-04-19,680.6516723632812
1059,1059,2023-04-20,681.7677612304688
1060,1060,2023-04-21,666.6517333984375
1061,1061,2023-04-24,660.0433349609375
1062,1062,2023-04-25,645.8671875
1063,1063,2023-04-26,637.016845703125
1064,1064,2023-04-27,648.77490234375
1065,1065,2023-04-28,657.1160888671875
1066,1066,2023-05-01,649.0587768554688
1067,1067,2023-05-02,637.7903442382812
1068,1068,2023-05-03,628.93017578125
1069,1069,2023-05-04,618.40576171875
1070,1070,2023-05-05,630.956787109375
1071,1071,2023-05-08,629.6449584960938
1072,1072,2023-05-09,622.2337646484375
1073,1073,2023-05-10,615.9778442382812
1074,1074,2023-05-11,628.5484008789062
1075,1075,2023-05-12,631.5637817382812
1076,1076,2023-05-15,631.2210693359375
1077,1077,2023-05-16,620.5302124023438
1078,1078,2023-05-17,636.987548828125
1079,1079,2023-05-18,655.2853393554688
1080,1080,2023-05-19,652.7105712890625
1081,1081,2023-05-22,657.3021240234375
1082,1082,2023-05-23,647.6490478515625
1083,1083,2023-05-24,641.2560424804688
1084,1084,2023-05-25,646.6602172851562
1085,1085,2023-05-26,658.1929931640625
1086,1086,2023-05-30,659.4461669921875
1087,1087,2023-05-31,643.7525024414062
1088,1088,2023-06-01,654.8056640625
1089,1089,2023-06-02,667.5524291992188
1090,1090,2023-06-05,662.2951049804688
1091,1091,2023-06-06,670.5482177734375
1092,1092,2023-06-07,668.8815307617188
1093,1093,2023-06-08,671.1991577148438
1094,1094,2023-06-09,674.9664916992188
1095,1095,2023-06-12,672.9743041992188
1096,1096,2023-06-13,679.5918579101562
1097,1097,2023-06-14,682.905517578125
1098,1098,2023-06-15,701.38720703125
1099,1099,2023-06-16,693.0932006835938
1100,1100,2023-06-20,681.4262084960938
1101,1101,2023-06-21,679.5425415039062
1102,1102,2023-06-22,670.0156860351562
1103,1103,2023-06-23,671.0709838867188
1104,1104,2023-06-26,670.7947387695312
1105,1105,2023-06-27,675.2031860351562
1106,1106,2023-06-28,675.775146484375
1107,1107,2023-06-29,678.7239990234375
1108,1108,2023-06-30,681.6135864257812
1109,1109,2023-07-03,684.0199584960938
1110,1110,2023-07-05,683.2802734375
1111,1111,2023-07-06,671.2484130859375
1112,1112,2023-07-07,674.6705932617188
1113,1113,2023-07-10,686.57421875
1114,1114,2023-07-11,700.410888671875
1115,1115,2023-07-12,715.9931030273438
1116,1116,2023-07-13,729.6028442382812
1117,1117,2023-07-14,717.9951171875
1118,1118,2023-07-17,717.8373413085938
1119,1119,2023-07-18,728.744873046875
1120,1120,2023-07-19,736.99951171875
1121,1121,2023-07-20,740.5301513671875
1122,1122,2023-07-21,740.8556518554688
1123,1123,2023-07-24,746.151611328125
1124,1124,2023-07-25,735.7371826171875
1125,1125,2023-07-26,732.91650390625
1126,1126,2023-07-27,719.020751953125
1127,1127,2023-07-28,728.1630249023438
1128,1128,2023-07-31,728.6658935546875
1129,1129,2023-08-01,722.1668090820312
1130,1130,2023-08-02,707.551025390625
1131,1131,2023-08-03,700.3812866210938
1132,1132,2023-08-04,700.4898071289062
1133,1133,2023-08-07,702.728515625
1134,1134,2023-08-08,687.3731079101562
1135,1135,2023-08-09,682.550537109375
1136,1136,2023-08-10,687.4026489257812
1137,1137,2023-08-11,686.0219116210938
1138,1138,2023-08-14,683.37890625
1139,1139,2023-08-15,663.5460815429688
1140,1140,2023-08-16,662.9740600585938
1141,1141,2023-08-17,664.7098388671875
1142,1142,2023-08-18,661.011474609375
1143,1143,2023-08-21,662.3330688476562
1144,1144,2023-08-22,656.6622924804688
1145,1145,2023-08-23,669.4140625
1146,1146,2023-08-24,663.88134765625
1147,1147,2023-08-25,666.642822265625
1148,1148,2023-08-28,669.6409301757812
1149,1149,2023-08-29,681.505126953125
1150,1150,2023-08-30,686.21923828125
1151,1151,2023-08-31,690.8839721679688
1152,1152,2023-09-01,696.4561157226562
1153,1153,2023-09-05,686.3375854492188
1154,1154,2023-09-06,684.6116943359375
1155,1155,2023-09-07,686.4791870117188
1156,1156,2023-09-08,686.0421142578125
1157,1157,2023-09-11,691.3169555664062
1158,1158,2023-09-12,692.7175903320312
1159,1159,2023-09-13,692.6082763671875
1160,1160,2023-09-14,702.1248168945312
1161,1161,2023-09-15,692.787109375
1162,1162,2023-09-18,690.2838745117188
1163,1163,2023-09-19,684.3931884765625
1164,1164,2023-09-20,678.949462890625
1165,1165,2023-09-21,664.3966064453125
1166,1166,2023-09-22,655.7244262695312
1167,1167,2023-09-25,653.1913452148438
1168,1168,2023-09-26,642.43310546875
1169,1169,2023-09-27,639.125244140625
1170,1170,2023-09-28,640.9629516601562
1171,1171,2023-09-29,642.2046508789062
1172,1172,2023-10-02,638.7775268554688
1173,1173,2023-10-03,621.323974609375
1174,1174,2023-10-04,632.3107299804688
1175,1175,2023-10-05,636.0556640625
1176,1176,2023-10-06,643.9629516601562
1177,1177,2023-10-09,639.3536987304688
1178,1178,2023-10-10,637.6947631835938
1179,1179,2023-10-11,638.4099731445312
1180,1180,2023-10-12,631.9530639648438
1181,1181,2023-10-13,623.4994506835938
1182,1182,2023-10-16,631.2378540039062
1183,1183,2023-10-17,631.8834838867188
1184,1184,2023-10-18,612.6021728515625
1185,1185,2023-10-19,618.3836059570312
1186,1186,2023-10-20,610.7545166015625
1187,1187,2023-10-23,610.6551513671875
1188,1188,2023-10-24,608.3306884765625
1189,1189,2023-10-25,604.645263671875
1190,1190,2023-10-26,603.0459594726562
1191,1191,2023-10-27,594.1155395507812
1192,1192,2023-10-30,603.0956420898438
1193,1193,2023-10-31,608.221435546875
1194,1194,2023-11-01,612.1253662109375
1195,1195,2023-11-02,640.2178955078125
1196,1196,2023-11-03,653.6085205078125
1197,1197,2023-11-06,648.8900146484375
1198,1198,2023-11-07,644.290771484375
1199,1199,2023-11-08,650.6085815429688
1200,1200,2023-11-09,647.4993286132812
1201,1201,2023-11-10,660.5919799804688
1202,1202,2023-11-13,657.0654907226562
1203,1203,2023-11-14,692.7274780273438
1204,1204,2023-11-15,704.141357421875
1205,1205,2023-11-16,710.1611938476562
1206,1206,2023-11-17,712.108154296875
1207,1207,2023-11-20,716.1412963867188
1208,1208,2023-11-21,719.836669921875
1209,1209,2023-11-22,722.320068359375
1210,1210,2023-11-24,725.2604370117188
1211,1211,2023-11-27,725.8366088867188
1212,1212,2023-11-28,731.8762817382812
1213,1213,2023-11-29,742.346435546875
1214,1214,2023-11-30,746.2503662109375
1215,1215,2023-12-01,751.33642578125
1216,1216,2023-12-04,751.4158935546875
1217,1217,2023-12-05,749.2999877929688
1218,1218,2023-12-06,743.0700073242188
1219,1219,2023-12-07,745.4400024414062
1220,1220,2023-12-08,744.72998046875
1221,1221,2023-12-11,752.4099731445312
1222,1222,2023-12-12,759.2899780273438
1223,1223,2023-12-13,773.4299926757812
1224,1224,2023-12-14,807.1300048828125
1225,1225,2023-12-15,819.0
1226,1226,2023-12-18,796.4400024414062
1227,1227,2023-12-19,801.3800048828125
1228,1228,2023-12-20,789.22998046875
1229,1229,2023-12-21,799.0999755859375
1230,1230,2023-12-22,802.4199829101562
1231,1231,2023-12-26,806.6099853515625
1232,1232,2023-12-27,813.25
1233,1233,2023-12-28,814.4099731445312
1234,1234,2023-12-29,811.7999877929688
1235,1235,2024-01-02,800.2999877929688
1236,1236,2024-01-03,784.1500244140625
1237,1237,2024-01-04,785.9500122070312
1238,1238,2024-01-05,782.8300170898438
1239,1239,2024-01-08,797.1900024414062
1240,1240,2024-01-09,794.52001953125
1241,1241,2024-01-10,792.3599853515625
1242,1242,2024-01-11,792.6099853515625
1243,1243,2024-01-12,799.5999755859375
1244,1244,2024-01-16,791.3800048828125
1245,1245,2024-01-17,787.4299926757812
1246,1246,2024-01-18,795.260009765625
1247,1247,2024-01-19,805.4400024414062
1248,1248,2024-01-22,794.02001953125
1249,1249,2024-01-23,792.5599975585938
1250,1250,2024-01-24,785.75
1251,1251,2024-01-25,790.4600219726562
1252,1252,2024-01-26,787.2999877929688
1253,1253,2024-01-29,788.7000122070312
1254,1254,2024-01-30,781.72998046875
1255,1255,2024-01-31,774.3099975585938
1256,1256,2024-02-01,784.9299926757812
1257,1257,2024-02-02,788.0
1258,1258,2024-02-05,779.3599853515625
