,Date,COP
0,2019-02-04 00:00:00-05:00,58.417137145996094
1,2019-02-05 00:00:00-05:00,57.85744094848633
2,2019-02-06 00:00:00-05:00,57.73214340209961
3,2019-02-07 00:00:00-05:00,56.3704948425293
4,2019-02-08 00:00:00-05:00,55.6026725769043
5,2019-02-11 00:00:00-05:00,56.00546646118164
6,2019-02-12 00:00:00-05:00,56.60126495361328
7,2019-02-13 00:00:00-05:00,56.87818145751953
8,2019-02-14 00:00:00-05:00,57.98587417602539
9,2019-02-15 00:00:00-05:00,58.89216232299805
10,2019-02-19 00:00:00-05:00,58.31315994262695
11,2019-02-20 00:00:00-05:00,59.286598205566406
12,2019-02-21 00:00:00-05:00,58.942535400390625
13,2019-02-22 00:00:00-05:00,58.715946197509766
14,2019-02-25 00:00:00-05:00,58.11176300048828
15,2019-02-26 00:00:00-05:00,57.83483123779297
16,2019-02-27 00:00:00-05:00,58.086585998535156
17,2019-02-28 00:00:00-05:00,56.936927795410156
18,2019-03-01 00:00:00-05:00,57.84322738647461
19,2019-03-04 00:00:00-05:00,58.65720748901367
20,2019-03-05 00:00:00-05:00,57.91035079956055
21,2019-03-06 00:00:00-05:00,57.306148529052734
22,2019-03-07 00:00:00-05:00,57.02084732055664
23,2019-03-08 00:00:00-05:00,54.90616989135742
24,2019-03-11 00:00:00-04:00,55.275394439697266
25,2019-03-12 00:00:00-04:00,55.074005126953125
26,2019-03-13 00:00:00-04:00,56.5173454284668
27,2019-03-14 00:00:00-04:00,56.24042892456055
28,2019-03-15 00:00:00-04:00,56.7187385559082
29,2019-03-18 00:00:00-04:00,56.735538482666016
30,2019-03-19 00:00:00-04:00,56.5173454284668
31,2019-03-20 00:00:00-04:00,56.67680740356445
32,2019-03-21 00:00:00-04:00,57.1802978515625
33,2019-03-22 00:00:00-04:00,55.44322204589844
34,2019-03-25 00:00:00-04:00,56.282379150390625
35,2019-03-26 00:00:00-04:00,57.53273010253906
36,2019-03-27 00:00:00-04:00,56.98728561401367
37,2019-03-28 00:00:00-04:00,56.54252624511719
38,2019-03-29 00:00:00-04:00,56.00546646118164
39,2019-04-01 00:00:00-04:00,56.802669525146484
40,2019-04-02 00:00:00-04:00,55.678184509277344
41,2019-04-03 00:00:00-04:00,54.97330856323242
42,2019-04-04 00:00:00-04:00,54.679603576660156
43,2019-04-05 00:00:00-04:00,55.48518753051758
44,2019-04-08 00:00:00-04:00,55.84602737426758
45,2019-04-09 00:00:00-04:00,55.132728576660156
46,2019-04-10 00:00:00-04:00,56.1984748840332
47,2019-04-11 00:00:00-04:00,55.694984436035156
48,2019-04-12 00:00:00-04:00,56.534122467041016
49,2019-04-15 00:00:00-04:00,55.66979217529297
50,2019-04-16 00:00:00-04:00,55.250213623046875
51,2019-04-17 00:00:00-04:00,55.199867248535156
52,2019-04-18 00:00:00-04:00,55.30057907104492
53,2019-04-22 00:00:00-04:00,56.190086364746094
54,2019-04-23 00:00:00-04:00,55.76211166381836
55,2019-04-24 00:00:00-04:00,54.293582916259766
56,2019-04-25 00:00:00-04:00,53.68099594116211
57,2019-04-26 00:00:00-04:00,52.682403564453125
58,2019-04-29 00:00:00-04:00,52.57331466674805
59,2019-04-30 00:00:00-04:00,52.967708587646484
60,2019-05-01 00:00:00-04:00,52.590087890625
61,2019-05-02 00:00:00-04:00,51.43205642700195
62,2019-05-03 00:00:00-04:00,52.0362434387207
63,2019-05-06 00:00:00-04:00,51.927154541015625
64,2019-05-07 00:00:00-04:00,51.188690185546875
65,2019-05-08 00:00:00-04:00,51.54952621459961
66,2019-05-09 00:00:00-04:00,51.641841888427734
67,2019-05-10 00:00:00-04:00,52.21952819824219
68,2019-05-13 00:00:00-04:00,51.60388946533203
69,2019-05-14 00:00:00-04:00,52.55686569213867
70,2019-05-15 00:00:00-04:00,52.32072067260742
71,2019-05-16 00:00:00-04:00,52.767696380615234
72,2019-05-17 00:00:00-04:00,52.3713264465332
73,2019-05-20 00:00:00-04:00,52.66649627685547
74,2019-05-21 00:00:00-04:00,53.653202056884766
75,2019-05-22 00:00:00-04:00,53.17250442504883
76,2019-05-23 00:00:00-04:00,50.17864990234375
77,2019-05-24 00:00:00-04:00,50.499122619628906
78,2019-05-28 00:00:00-04:00,50.642478942871094
79,2019-05-29 00:00:00-04:00,50.71837615966797
80,2019-05-30 00:00:00-04:00,49.71480941772461
81,2019-05-31 00:00:00-04:00,49.72323989868164
82,2019-06-03 00:00:00-04:00,50.11117172241211
83,2019-06-04 00:00:00-04:00,49.841312408447266
84,2019-06-05 00:00:00-04:00,48.13777160644531
85,2019-06-06 00:00:00-04:00,49.082305908203125
86,2019-06-07 00:00:00-04:00,49.72323989868164
87,2019-06-10 00:00:00-04:00,49.97624206542969
88,2019-06-11 00:00:00-04:00,49.52927017211914
89,2019-06-12 00:00:00-04:00,49.37746810913086
90,2019-06-13 00:00:00-04:00,49.80757141113281
91,2019-06-14 00:00:00-04:00,49.60517883300781
92,2019-06-17 00:00:00-04:00,49.765403747558594
93,2019-06-18 00:00:00-04:00,50.456947326660156
94,2019-06-19 00:00:00-04:00,50.305145263671875
95,2019-06-20 00:00:00-04:00,51.19065856933594
96,2019-06-21 00:00:00-04:00,50.87861633300781
97,2019-06-24 00:00:00-04:00,51.03886032104492
98,2019-06-25 00:00:00-04:00,50.40634536743164
99,2019-06-26 00:00:00-04:00,52.91949462890625
100,2019-06-27 00:00:00-04:00,51.67136001586914
101,2019-06-28 00:00:00-04:00,51.44365692138672
102,2019-07-01 00:00:00-04:00,52.49782943725586
103,2019-07-02 00:00:00-04:00,50.684654235839844
104,2019-07-03 00:00:00-04:00,51.02199172973633
105,2019-07-05 00:00:00-04:00,50.5159797668457
106,2019-07-08 00:00:00-04:00,50.507545471191406
107,2019-07-09 00:00:00-04:00,50.507545471191406
108,2019-07-10 00:00:00-04:00,51.620750427246094
109,2019-07-11 00:00:00-04:00,51.83158874511719
110,2019-07-12 00:00:00-04:00,52.084590911865234
111,2019-07-15 00:00:00-04:00,51.14847946166992
112,2019-07-16 00:00:00-04:00,50.38948440551758
113,2019-07-17 00:00:00-04:00,50.41477966308594
114,2019-07-18 00:00:00-04:00,50.870182037353516
115,2019-07-19 00:00:00-04:00,51.13718795776367
116,2019-07-22 00:00:00-04:00,51.23042297363281
117,2019-07-23 00:00:00-04:00,51.09480285644531
118,2019-07-24 00:00:00-04:00,50.92527770996094
119,2019-07-25 00:00:00-04:00,50.04375457763672
120,2019-07-26 00:00:00-04:00,49.79793930053711
121,2019-07-29 00:00:00-04:00,49.32327651977539
122,2019-07-30 00:00:00-04:00,50.442134857177734
123,2019-07-31 00:00:00-04:00,50.07765579223633
124,2019-08-01 00:00:00-04:00,49.8403205871582
125,2019-08-02 00:00:00-04:00,47.865360260009766
126,2019-08-05 00:00:00-04:00,46.348106384277344
127,2019-08-06 00:00:00-04:00,45.9666748046875
128,2019-08-07 00:00:00-04:00,45.195335388183594
129,2019-08-08 00:00:00-04:00,46.67867660522461
130,2019-08-09 00:00:00-04:00,45.78020095825195
131,2019-08-12 00:00:00-04:00,45.025814056396484
132,2019-08-13 00:00:00-04:00,45.661529541015625
133,2019-08-14 00:00:00-04:00,43.88999557495117
134,2019-08-15 00:00:00-04:00,43.152565002441406
135,2019-08-16 00:00:00-04:00,43.62723159790039
136,2019-08-19 00:00:00-04:00,45.720863342285156
137,2019-08-20 00:00:00-04:00,44.678279876708984
138,2019-08-21 00:00:00-04:00,44.6104736328125
139,2019-08-22 00:00:00-04:00,44.2968635559082
140,2019-08-23 00:00:00-04:00,42.73723602294922
141,2019-08-26 00:00:00-04:00,43.542476654052734
142,2019-08-27 00:00:00-04:00,43.21189498901367
143,2019-08-28 00:00:00-04:00,44.034095764160156
144,2019-08-29 00:00:00-04:00,44.32229232788086
145,2019-08-30 00:00:00-04:00,44.22905349731445
146,2019-09-03 00:00:00-04:00,44.110382080078125
147,2019-09-04 00:00:00-04:00,45.17837905883789
148,2019-09-05 00:00:00-04:00,45.297054290771484
149,2019-09-06 00:00:00-04:00,45.45811080932617
150,2019-09-09 00:00:00-04:00,46.59391403198242
151,2019-09-10 00:00:00-04:00,47.73822021484375
152,2019-09-11 00:00:00-04:00,48.4841194152832
153,2019-09-12 00:00:00-04:00,47.763641357421875
154,2019-09-13 00:00:00-04:00,48.602787017822266
155,2019-09-16 00:00:00-04:00,53.0019645690918
156,2019-09-17 00:00:00-04:00,51.89157485961914
157,2019-09-18 00:00:00-04:00,50.865943908691406
158,2019-09-19 00:00:00-04:00,50.83203887939453
159,2019-09-20 00:00:00-04:00,51.55251693725586
160,2019-09-23 00:00:00-04:00,51.01004409790039
161,2019-09-24 00:00:00-04:00,50.264129638671875
162,2019-09-25 00:00:00-04:00,50.41670227050781
163,2019-09-26 00:00:00-04:00,48.8909797668457
164,2019-09-27 00:00:00-04:00,49.07746124267578
165,2019-09-30 00:00:00-04:00,48.29764175415039
166,2019-10-01 00:00:00-04:00,46.74649429321289
167,2019-10-02 00:00:00-04:00,44.98344039916992
168,2019-10-03 00:00:00-04:00,45.4835319519043
169,2019-10-04 00:00:00-04:00,45.34790802001953
170,2019-10-07 00:00:00-04:00,46.28029251098633
171,2019-10-08 00:00:00-04:00,45.68695831298828
172,2019-10-09 00:00:00-04:00,46.5684928894043
173,2019-10-10 00:00:00-04:00,47.365264892578125
174,2019-10-11 00:00:00-04:00,47.831459045410156
175,2019-10-14 00:00:00-04:00,47.57716751098633
176,2019-10-15 00:00:00-04:00,47.424591064453125
177,2019-10-16 00:00:00-04:00,46.638885498046875
178,2019-10-17 00:00:00-04:00,46.57054901123047
179,2019-10-18 00:00:00-04:00,46.07522201538086
180,2019-10-21 00:00:00-04:00,47.79182052612305
181,2019-10-22 00:00:00-04:00,48.28717041015625
182,2019-10-23 00:00:00-04:00,48.03950119018555
183,2019-10-24 00:00:00-04:00,47.96263885498047
184,2019-10-25 00:00:00-04:00,48.12490463256836
185,2019-10-28 00:00:00-04:00,47.552696228027344
186,2019-10-29 00:00:00-04:00,48.756893157958984
187,2019-10-30 00:00:00-04:00,47.00611877441406
188,2019-10-31 00:00:00-04:00,47.142757415771484
189,2019-11-01 00:00:00-04:00,48.80812454223633
190,2019-11-04 00:00:00-05:00,49.5340576171875
191,2019-11-05 00:00:00-05:00,49.96961975097656
192,2019-11-06 00:00:00-05:00,49.21806716918945
193,2019-11-07 00:00:00-05:00,50.84926986694336
194,2019-11-08 00:00:00-05:00,50.52473831176758
195,2019-11-11 00:00:00-05:00,50.31123733520508
196,2019-11-12 00:00:00-05:00,49.730491638183594
197,2019-11-13 00:00:00-05:00,49.158294677734375
198,2019-11-14 00:00:00-05:00,48.89353942871094
199,2019-11-15 00:00:00-05:00,49.74756622314453
200,2019-11-18 00:00:00-05:00,48.4238166809082
201,2019-11-19 00:00:00-05:00,48.8252067565918
202,2019-11-20 00:00:00-05:00,50.695556640625
203,2019-11-21 00:00:00-05:00,51.421478271484375
204,2019-11-22 00:00:00-05:00,51.1567268371582
205,2019-11-25 00:00:00-05:00,52.13886260986328
206,2019-11-26 00:00:00-05:00,51.336082458496094
207,2019-11-27 00:00:00-05:00,51.53250503540039
208,2019-11-29 00:00:00-05:00,51.190887451171875
209,2019-12-02 00:00:00-05:00,51.558128356933594
210,2019-12-03 00:00:00-05:00,50.29413986206055
211,2019-12-04 00:00:00-05:00,51.78016662597656
212,2019-12-05 00:00:00-05:00,51.10548400878906
213,2019-12-06 00:00:00-05:00,52.924598693847656
214,2019-12-09 00:00:00-05:00,52.805023193359375
215,2019-12-10 00:00:00-05:00,52.745235443115234
216,2019-12-11 00:00:00-05:00,52.676910400390625
217,2019-12-12 00:00:00-05:00,53.45408248901367
218,2019-12-13 00:00:00-05:00,53.54802703857422
219,2019-12-16 00:00:00-05:00,53.650508880615234
220,2019-12-17 00:00:00-05:00,54.24833679199219
221,2019-12-18 00:00:00-05:00,53.97504806518555
222,2019-12-19 00:00:00-05:00,53.96651077270508
223,2019-12-20 00:00:00-05:00,54.41914367675781
224,2019-12-23 00:00:00-05:00,55.17069625854492
225,2019-12-24 00:00:00-05:00,55.23047637939453
226,2019-12-26 00:00:00-05:00,55.51230239868164
227,2019-12-27 00:00:00-05:00,55.495243072509766
228,2019-12-30 00:00:00-05:00,55.17924880981445
229,2019-12-31 00:00:00-05:00,55.537933349609375
230,2020-01-02 00:00:00-05:00,55.9051628112793
231,2020-01-03 00:00:00-05:00,56.11012649536133
232,2020-01-06 00:00:00-05:00,56.77628707885742
233,2020-01-07 00:00:00-05:00,56.77628707885742
234,2020-01-08 00:00:00-05:00,55.4610595703125
235,2020-01-09 00:00:00-05:00,56.42612838745117
236,2020-01-10 00:00:00-05:00,55.871002197265625
237,2020-01-13 00:00:00-05:00,55.62333679199219
238,2020-01-14 00:00:00-05:00,55.63187789916992
239,2020-01-15 00:00:00-05:00,55.51230239868164
240,2020-01-16 00:00:00-05:00,55.572086334228516
241,2020-01-17 00:00:00-05:00,55.572086334228516
242,2020-01-21 00:00:00-05:00,54.68389129638672
243,2020-01-22 00:00:00-05:00,53.81277847290039
244,2020-01-23 00:00:00-05:00,53.923797607421875
245,2020-01-24 00:00:00-05:00,53.47970962524414
246,2020-01-27 00:00:00-05:00,52.13032531738281
247,2020-01-28 00:00:00-05:00,52.2498893737793
248,2020-01-29 00:00:00-05:00,51.66061019897461
249,2020-01-30 00:00:00-05:00,52.00222396850586
250,2020-01-31 00:00:00-05:00,50.75532913208008
251,2020-02-03 00:00:00-05:00,50.54182052612305
252,2020-02-04 00:00:00-05:00,48.24446487426758
253,2020-02-05 00:00:00-05:00,50.2002067565918
254,2020-02-06 00:00:00-05:00,49.88421630859375
255,2020-02-07 00:00:00-05:00,49.525516510009766
256,2020-02-10 00:00:00-05:00,49.42304229736328
257,2020-02-11 00:00:00-05:00,50.14041519165039
258,2020-02-12 00:00:00-05:00,51.03715896606445
259,2020-02-13 00:00:00-05:00,50.58992004394531
260,2020-02-14 00:00:00-05:00,50.41790771484375
261,2020-02-18 00:00:00-05:00,50.14268493652344
262,2020-02-19 00:00:00-05:00,50.968360900878906
263,2020-02-20 00:00:00-05:00,50.64152526855469
264,2020-02-21 00:00:00-05:00,50.263092041015625
265,2020-02-24 00:00:00-05:00,48.4913215637207
266,2020-02-25 00:00:00-05:00,46.298118591308594
267,2020-02-26 00:00:00-05:00,44.01029968261719
268,2020-02-27 00:00:00-05:00,40.53558349609375
269,2020-02-28 00:00:00-05:00,41.64508819580078
270,2020-03-02 00:00:00-05:00,42.34175109863281
271,2020-03-03 00:00:00-05:00,41.387062072753906
272,2020-03-04 00:00:00-05:00,42.51376724243164
273,2020-03-05 00:00:00-05:00,41.02582931518555
274,2020-03-06 00:00:00-05:00,38.9874382019043
275,2020-03-09 00:00:00-04:00,29.30293846130371
276,2020-03-10 00:00:00-04:00,29.999603271484375
277,2020-03-11 00:00:00-04:00,28.00421714782715
278,2020-03-12 00:00:00-04:00,24.25426483154297
279,2020-03-13 00:00:00-04:00,26.989316940307617
280,2020-03-16 00:00:00-04:00,22.430892944335938
281,2020-03-17 00:00:00-04:00,22.577104568481445
282,2020-03-18 00:00:00-04:00,19.498016357421875
283,2020-03-19 00:00:00-04:00,22.009456634521484
284,2020-03-20 00:00:00-04:00,23.084556579589844
285,2020-03-23 00:00:00-04:00,21.11496925354004
286,2020-03-24 00:00:00-04:00,26.43886947631836
287,2020-03-25 00:00:00-04:00,26.610883712768555
288,2020-03-26 00:00:00-04:00,27.599973678588867
289,2020-03-27 00:00:00-04:00,25.1573486328125
290,2020-03-30 00:00:00-04:00,25.191755294799805
291,2020-03-31 00:00:00-04:00,26.4904727935791
292,2020-04-01 00:00:00-04:00,25.4755802154541
293,2020-04-02 00:00:00-04:00,29.122316360473633
294,2020-04-03 00:00:00-04:00,28.305240631103516
295,2020-04-06 00:00:00-04:00,28.210634231567383
296,2020-04-07 00:00:00-04:00,28.61487579345703
297,2020-04-08 00:00:00-04:00,30.687667846679688
298,2020-04-09 00:00:00-04:00,29.87058448791504
299,2020-04-13 00:00:00-04:00,29.500751495361328
300,2020-04-14 00:00:00-04:00,29.31154441833496
301,2020-04-15 00:00:00-04:00,27.6945858001709
302,2020-04-16 00:00:00-04:00,26.722692489624023
303,2020-04-17 00:00:00-04:00,30.326425552368164
304,2020-04-20 00:00:00-04:00,29.732967376708984
305,2020-04-21 00:00:00-04:00,28.54606056213379
306,2020-04-22 00:00:00-04:00,30.085603713989258
307,2020-04-23 00:00:00-04:00,31.117704391479492
308,2020-04-24 00:00:00-04:00,31.04029655456543
309,2020-04-27 00:00:00-04:00,31.951980590820312
310,2020-04-28 00:00:00-04:00,33.095890045166016
311,2020-04-29 00:00:00-04:00,36.303993225097656
312,2020-04-30 00:00:00-04:00,36.20937728881836
313,2020-05-01 00:00:00-04:00,33.66353225708008
314,2020-05-04 00:00:00-04:00,34.71284484863281
315,2020-05-05 00:00:00-04:00,35.19449234008789
316,2020-05-06 00:00:00-04:00,34.824649810791016
317,2020-05-07 00:00:00-04:00,36.48460006713867
318,2020-05-08 00:00:00-04:00,37.42277908325195
319,2020-05-11 00:00:00-04:00,36.71915817260742
320,2020-05-12 00:00:00-04:00,36.11975860595703
321,2020-05-13 00:00:00-04:00,34.65168380737305
322,2020-05-14 00:00:00-04:00,34.68642807006836
323,2020-05-15 00:00:00-04:00,35.50299835205078
324,2020-05-18 00:00:00-04:00,37.87450408935547
325,2020-05-19 00:00:00-04:00,37.06661605834961
326,2020-05-20 00:00:00-04:00,38.352256774902344
327,2020-05-21 00:00:00-04:00,37.978736877441406
328,2020-05-22 00:00:00-04:00,37.59651565551758
329,2020-05-26 00:00:00-04:00,37.935302734375
330,2020-05-27 00:00:00-04:00,38.803977966308594
331,2020-05-28 00:00:00-04:00,37.361968994140625
332,2020-05-29 00:00:00-04:00,36.64096450805664
333,2020-06-01 00:00:00-04:00,37.69206619262695
334,2020-06-02 00:00:00-04:00,38.395713806152344
335,2020-06-03 00:00:00-04:00,39.19489288330078
336,2020-06-04 00:00:00-04:00,38.838722229003906
337,2020-06-05 00:00:00-04:00,42.20920944213867
338,2020-06-08 00:00:00-04:00,43.703346252441406
339,2020-06-09 00:00:00-04:00,42.24396514892578
340,2020-06-10 00:00:00-04:00,39.88114547729492
341,2020-06-11 00:00:00-04:00,36.58884811401367
342,2020-06-12 00:00:00-04:00,37.98741912841797
343,2020-06-15 00:00:00-04:00,37.65732955932617
344,2020-06-16 00:00:00-04:00,39.18621063232422
345,2020-06-17 00:00:00-04:00,38.23933792114258
346,2020-06-18 00:00:00-04:00,38.612884521484375
347,2020-06-19 00:00:00-04:00,37.961360931396484
348,2020-06-22 00:00:00-04:00,37.83974838256836
349,2020-06-23 00:00:00-04:00,38.056915283203125
350,2020-06-24 00:00:00-04:00,35.60723876953125
351,2020-06-25 00:00:00-04:00,36.53672790527344
352,2020-06-26 00:00:00-04:00,35.0512809753418
353,2020-06-29 00:00:00-04:00,35.876522064208984
354,2020-06-30 00:00:00-04:00,36.50197982788086
355,2020-07-01 00:00:00-04:00,35.39006042480469
356,2020-07-02 00:00:00-04:00,36.29349136352539
357,2020-07-06 00:00:00-04:00,36.1631965637207
358,2020-07-07 00:00:00-04:00,35.30319595336914
359,2020-07-08 00:00:00-04:00,35.650672912597656
360,2020-07-09 00:00:00-04:00,33.31391906738281
361,2020-07-10 00:00:00-04:00,34.47795486450195
362,2020-07-13 00:00:00-04:00,34.451873779296875
363,2020-07-14 00:00:00-04:00,35.885215759277344
364,2020-07-15 00:00:00-04:00,36.15451431274414
365,2020-07-16 00:00:00-04:00,36.12844467163086
366,2020-07-17 00:00:00-04:00,35.066619873046875
367,2020-07-20 00:00:00-04:00,34.51376724243164
368,2020-07-21 00:00:00-04:00,36.55844497680664
369,2020-07-22 00:00:00-04:00,35.88273620605469
370,2020-07-23 00:00:00-04:00,35.50539016723633
371,2020-07-24 00:00:00-04:00,35.34743118286133
372,2020-07-27 00:00:00-04:00,34.89988708496094
373,2020-07-28 00:00:00-04:00,34.1890754699707
374,2020-07-29 00:00:00-04:00,35.049068450927734
375,2020-07-30 00:00:00-04:00,33.03071594238281
376,2020-07-31 00:00:00-04:00,32.811336517333984
377,2020-08-03 00:00:00-04:00,32.214603424072266
378,2020-08-04 00:00:00-04:00,33.03071594238281
379,2020-08-05 00:00:00-04:00,33.36418914794922
380,2020-08-06 00:00:00-04:00,33.3905029296875
381,2020-08-07 00:00:00-04:00,33.609893798828125
382,2020-08-10 00:00:00-04:00,34.785804748535156
383,2020-08-11 00:00:00-04:00,34.84723663330078
384,2020-08-12 00:00:00-04:00,36.55844497680664
385,2020-08-13 00:00:00-04:00,35.65456771850586
386,2020-08-14 00:00:00-04:00,35.82130432128906
387,2020-08-17 00:00:00-04:00,35.716007232666016
388,2020-08-18 00:00:00-04:00,35.39130783081055
389,2020-08-19 00:00:00-04:00,34.79458236694336
390,2020-08-20 00:00:00-04:00,34.022335052490234
391,2020-08-21 00:00:00-04:00,33.487037658691406
392,2020-08-24 00:00:00-04:00,34.11009216308594
393,2020-08-25 00:00:00-04:00,34.0925407409668
394,2020-08-26 00:00:00-04:00,32.96051788330078
395,2020-08-27 00:00:00-04:00,33.478267669677734
396,2020-08-28 00:00:00-04:00,33.68010330200195
397,2020-08-31 00:00:00-04:00,33.250099182128906
398,2020-09-01 00:00:00-04:00,32.60950469970703
399,2020-09-02 00:00:00-04:00,31.925016403198242
400,2020-09-03 00:00:00-04:00,31.582773208618164
401,2020-09-04 00:00:00-04:00,31.468692779541016
402,2020-09-08 00:00:00-04:00,29.889122009277344
403,2020-09-09 00:00:00-04:00,30.240131378173828
404,2020-09-10 00:00:00-04:00,28.888713836669922
405,2020-09-11 00:00:00-04:00,29.055450439453125
406,2020-09-14 00:00:00-04:00,29.415250778198242
407,2020-09-15 00:00:00-04:00,29.66094970703125
408,2020-09-16 00:00:00-04:00,30.78420066833496
409,2020-09-17 00:00:00-04:00,31.67051887512207
410,2020-09-18 00:00:00-04:00,31.477476119995117
411,2020-09-21 00:00:00-04:00,30.152379989624023
412,2020-09-22 00:00:00-04:00,30.099727630615234
413,2020-09-23 00:00:00-04:00,28.888713836669922
414,2020-09-24 00:00:00-04:00,29.485441207885742
415,2020-09-25 00:00:00-04:00,29.573205947875977
416,2020-09-28 00:00:00-04:00,29.581972122192383
417,2020-09-29 00:00:00-04:00,28.485042572021484
418,2020-09-30 00:00:00-04:00,28.818511962890625
419,2020-10-01 00:00:00-04:00,28.458721160888672
420,2020-10-02 00:00:00-04:00,29.020343780517578
421,2020-10-05 00:00:00-04:00,30.082170486450195
422,2020-10-06 00:00:00-04:00,29.222183227539062
423,2020-10-07 00:00:00-04:00,30.12604331970215
424,2020-10-08 00:00:00-04:00,31.179107666015625
425,2020-10-09 00:00:00-04:00,30.82808494567871
426,2020-10-12 00:00:00-04:00,31.231752395629883
427,2020-10-13 00:00:00-04:00,30.60870361328125
428,2020-10-14 00:00:00-04:00,30.301559448242188
429,2020-10-15 00:00:00-04:00,31.065021514892578
430,2020-10-16 00:00:00-04:00,29.999027252197266
431,2020-10-19 00:00:00-04:00,29.048507690429688
432,2020-10-20 00:00:00-04:00,28.94190788269043
433,2020-10-21 00:00:00-04:00,27.21854019165039
434,2020-10-22 00:00:00-04:00,28.346715927124023
435,2020-10-23 00:00:00-04:00,28.9063720703125
436,2020-10-26 00:00:00-04:00,26.934267044067383
437,2020-10-27 00:00:00-04:00,26.880971908569336
438,2020-10-28 00:00:00-04:00,25.575122833251953
439,2020-10-29 00:00:00-04:00,25.9038028717041
440,2020-10-30 00:00:00-04:00,25.424104690551758
441,2020-11-02 00:00:00-05:00,26.854320526123047
442,2020-11-03 00:00:00-05:00,26.03705406188965
443,2020-11-04 00:00:00-05:00,26.98756980895996
444,2020-11-05 00:00:00-05:00,26.75660514831543
445,2020-11-06 00:00:00-05:00,25.93045425415039
446,2020-11-09 00:00:00-05:00,29.652572631835938
447,2020-11-10 00:00:00-05:00,31.562490463256836
448,2020-11-11 00:00:00-05:00,31.340404510498047
449,2020-11-12 00:00:00-05:00,30.21222496032715
450,2020-11-13 00:00:00-05:00,31.41147804260254
451,2020-11-16 00:00:00-05:00,33.827735900878906
452,2020-11-17 00:00:00-05:00,34.511749267578125
453,2020-11-18 00:00:00-05:00,34.80490493774414
454,2020-11-19 00:00:00-05:00,35.06252670288086
455,2020-11-20 00:00:00-05:00,35.2224235534668
456,2020-11-23 00:00:00-05:00,37.94072723388672
457,2020-11-24 00:00:00-05:00,39.45089340209961
458,2020-11-25 00:00:00-05:00,38.757991790771484
459,2020-11-27 00:00:00-05:00,38.00290298461914
460,2020-11-30 00:00:00-05:00,35.142478942871094
461,2020-12-01 00:00:00-05:00,34.88485336303711
462,2020-12-02 00:00:00-05:00,35.506690979003906
463,2020-12-03 00:00:00-05:00,36.599342346191406
464,2020-12-04 00:00:00-05:00,39.32653045654297
465,2020-12-07 00:00:00-05:00,38.0384407043457
466,2020-12-08 00:00:00-05:00,37.91407775878906
467,2020-12-09 00:00:00-05:00,37.93185043334961
468,2020-12-10 00:00:00-05:00,39.0866813659668
469,2020-12-11 00:00:00-05:00,38.624732971191406
470,2020-12-14 00:00:00-05:00,37.594276428222656
471,2020-12-15 00:00:00-05:00,38.020660400390625
472,2020-12-16 00:00:00-05:00,37.594276428222656
473,2020-12-17 00:00:00-05:00,37.283363342285156
474,2020-12-18 00:00:00-05:00,36.40390396118164
475,2020-12-21 00:00:00-05:00,35.74654006958008
476,2020-12-22 00:00:00-05:00,34.671653747558594
477,2020-12-23 00:00:00-05:00,35.604408264160156
478,2020-12-24 00:00:00-05:00,35.08029556274414
479,2020-12-28 00:00:00-05:00,34.91150665283203
480,2020-12-29 00:00:00-05:00,34.70718765258789
481,2020-12-30 00:00:00-05:00,35.54222106933594
482,2020-12-31 00:00:00-05:00,35.52445602416992
483,2021-01-04 00:00:00-05:00,35.15135192871094
484,2021-01-05 00:00:00-05:00,37.16787338256836
485,2021-01-06 00:00:00-05:00,38.651397705078125
486,2021-01-07 00:00:00-05:00,39.70851135253906
487,2021-01-08 00:00:00-05:00,39.70851135253906
488,2021-01-11 00:00:00-05:00,40.294803619384766
489,2021-01-12 00:00:00-05:00,42.12477111816406
490,2021-01-13 00:00:00-05:00,41.77832794189453
491,2021-01-14 00:00:00-05:00,42.52451705932617
492,2021-01-15 00:00:00-05:00,40.08161544799805
493,2021-01-19 00:00:00-05:00,40.86334228515625
494,2021-01-20 00:00:00-05:00,40.294803619384766
495,2021-01-21 00:00:00-05:00,38.36711883544922
496,2021-01-22 00:00:00-05:00,37.92295837402344
497,2021-01-25 00:00:00-05:00,37.82524490356445
498,2021-01-26 00:00:00-05:00,37.02573013305664
499,2021-01-27 00:00:00-05:00,36.110755920410156
500,2021-01-28 00:00:00-05:00,36.51939010620117
501,2021-01-29 00:00:00-05:00,35.55998611450195
502,2021-02-01 00:00:00-05:00,36.1640510559082
503,2021-02-02 00:00:00-05:00,36.39502716064453
504,2021-02-03 00:00:00-05:00,38.38488006591797
505,2021-02-04 00:00:00-05:00,39.095558166503906
506,2021-02-05 00:00:00-05:00,39.45976638793945
507,2021-02-08 00:00:00-05:00,41.556236267089844
508,2021-02-09 00:00:00-05:00,41.645076751708984
509,2021-02-10 00:00:00-05:00,41.973758697509766
510,2021-02-11 00:00:00-05:00,41.633094787597656
511,2021-02-12 00:00:00-05:00,42.278564453125
512,2021-02-16 00:00:00-05:00,43.793636322021484
513,2021-02-17 00:00:00-05:00,44.25084686279297
514,2021-02-18 00:00:00-05:00,42.75370788574219
515,2021-02-19 00:00:00-05:00,43.40815353393555
516,2021-02-22 00:00:00-05:00,45.61351776123047
517,2021-02-23 00:00:00-05:00,46.70722579956055
518,2021-02-24 00:00:00-05:00,49.0112190246582
519,2021-02-25 00:00:00-05:00,47.540977478027344
520,2021-02-26 00:00:00-05:00,46.626548767089844
521,2021-03-01 00:00:00-05:00,47.16444778442383
522,2021-03-02 00:00:00-05:00,46.86860275268555
523,2021-03-03 00:00:00-05:00,48.10576629638672
524,2021-03-04 00:00:00-05:00,49.86288833618164
525,2021-03-05 00:00:00-05:00,52.30134963989258
526,2021-03-08 00:00:00-05:00,52.69580078125
527,2021-03-09 00:00:00-05:00,51.90689468383789
528,2021-03-10 00:00:00-05:00,53.26955795288086
529,2021-03-11 00:00:00-05:00,53.63712692260742
530,2021-03-12 00:00:00-05:00,53.063358306884766
531,2021-03-15 00:00:00-04:00,52.13997268676758
532,2021-03-16 00:00:00-04:00,50.72352600097656
533,2021-03-17 00:00:00-04:00,50.9476432800293
534,2021-03-18 00:00:00-04:00,47.8547477722168
535,2021-03-19 00:00:00-04:00,47.15548324584961
536,2021-03-22 00:00:00-04:00,46.83274841308594
537,2021-03-23 00:00:00-04:00,46.357601165771484
538,2021-03-24 00:00:00-04:00,47.702335357666016
539,2021-03-25 00:00:00-04:00,48.02508544921875
540,2021-03-26 00:00:00-04:00,49.34292221069336
541,2021-03-29 00:00:00-04:00,48.26713180541992
542,2021-03-30 00:00:00-04:00,47.89957809448242
543,2021-03-31 00:00:00-04:00,47.487186431884766
544,2021-04-01 00:00:00-04:00,48.428504943847656
545,2021-04-05 00:00:00-04:00,46.80584716796875
546,2021-04-06 00:00:00-04:00,47.137550354003906
547,2021-04-07 00:00:00-04:00,46.95825958251953
548,2021-04-08 00:00:00-04:00,45.936256408691406
549,2021-04-09 00:00:00-04:00,45.92728805541992
550,2021-04-12 00:00:00-04:00,45.59558868408203
551,2021-04-13 00:00:00-04:00,45.5328369140625
552,2021-04-14 00:00:00-04:00,47.23616409301758
553,2021-04-15 00:00:00-04:00,46.52793884277344
554,2021-04-16 00:00:00-04:00,45.801780700683594
555,2021-04-19 00:00:00-04:00,45.62247848510742
556,2021-04-20 00:00:00-04:00,43.61433792114258
557,2021-04-21 00:00:00-04:00,44.860469818115234
558,2021-04-22 00:00:00-04:00,44.34049606323242
559,2021-04-23 00:00:00-04:00,44.573585510253906
560,2021-04-26 00:00:00-04:00,45.048728942871094
561,2021-04-27 00:00:00-04:00,45.99004364013672
562,2021-04-28 00:00:00-04:00,47.5499382019043
563,2021-04-29 00:00:00-04:00,47.630619049072266
564,2021-04-30 00:00:00-04:00,45.84660339355469
565,2021-05-03 00:00:00-04:00,47.28098678588867
566,2021-05-04 00:00:00-04:00,47.12858963012695
567,2021-05-05 00:00:00-04:00,49.70152282714844
568,2021-05-06 00:00:00-04:00,49.93461608886719
569,2021-05-07 00:00:00-04:00,51.189693450927734
570,2021-05-10 00:00:00-04:00,51.100040435791016
571,2021-05-11 00:00:00-04:00,49.952537536621094
572,2021-05-12 00:00:00-04:00,49.92565155029297
573,2021-05-13 00:00:00-04:00,49.00410461425781
574,2021-05-14 00:00:00-04:00,51.06401443481445
575,2021-05-17 00:00:00-04:00,52.67218017578125
576,2021-05-18 00:00:00-04:00,51.75968933105469
577,2021-05-19 00:00:00-04:00,50.21476364135742
578,2021-05-20 00:00:00-04:00,50.04309844970703
579,2021-05-21 00:00:00-04:00,50.27799987792969
580,2021-05-24 00:00:00-04:00,50.68456268310547
581,2021-05-25 00:00:00-04:00,49.58232498168945
582,2021-05-26 00:00:00-04:00,50.0702018737793
583,2021-05-27 00:00:00-04:00,50.169578552246094
584,2021-05-28 00:00:00-04:00,50.359317779541016
585,2021-06-01 00:00:00-04:00,52.64508056640625
586,2021-06-02 00:00:00-04:00,53.29557800292969
587,2021-06-03 00:00:00-04:00,53.72923278808594
588,2021-06-04 00:00:00-04:00,54.07256317138672
589,2021-06-07 00:00:00-04:00,54.03641891479492
590,2021-06-08 00:00:00-04:00,54.63270950317383
591,2021-06-09 00:00:00-04:00,53.918975830078125
592,2021-06-10 00:00:00-04:00,54.36166763305664
593,2021-06-11 00:00:00-04:00,54.18098068237305
594,2021-06-14 00:00:00-04:00,54.488162994384766
595,2021-06-15 00:00:00-04:00,55.265132904052734
596,2021-06-16 00:00:00-04:00,55.229000091552734
597,2021-06-17 00:00:00-04:00,53.31364822387695
598,2021-06-18 00:00:00-04:00,51.97651290893555
599,2021-06-21 00:00:00-04:00,54.614646911621094
600,2021-06-22 00:00:00-04:00,54.92182159423828
601,2021-06-23 00:00:00-04:00,54.89472198486328
602,2021-06-24 00:00:00-04:00,55.46390151977539
603,2021-06-25 00:00:00-04:00,55.39162826538086
604,2021-06-28 00:00:00-04:00,53.83766555786133
605,2021-06-29 00:00:00-04:00,53.34978103637695
606,2021-06-30 00:00:00-04:00,55.021202087402344
607,2021-07-01 00:00:00-04:00,56.8100700378418
608,2021-07-02 00:00:00-04:00,56.69261932373047
609,2021-07-06 00:00:00-04:00,54.461055755615234
610,2021-07-07 00:00:00-04:00,53.31364822387695
611,2021-07-08 00:00:00-04:00,53.49433517456055
612,2021-07-09 00:00:00-04:00,54.325523376464844
613,2021-07-12 00:00:00-04:00,54.02738571166992
614,2021-07-13 00:00:00-04:00,53.72020721435547
615,2021-07-14 00:00:00-04:00,52.10299301147461
616,2021-07-15 00:00:00-04:00,51.5699577331543
617,2021-07-16 00:00:00-04:00,50.142478942871094
618,2021-07-19 00:00:00-04:00,48.516239166259766
619,2021-07-20 00:00:00-04:00,49.21190643310547
620,2021-07-21 00:00:00-04:00,51.5157470703125
621,2021-07-22 00:00:00-04:00,51.19953155517578
622,2021-07-23 00:00:00-04:00,50.38019943237305
623,2021-07-26 00:00:00-04:00,51.773075103759766
624,2021-07-27 00:00:00-04:00,51.28147506713867
625,2021-07-28 00:00:00-04:00,51.63651657104492
626,2021-07-29 00:00:00-04:00,51.96425247192383
627,2021-07-30 00:00:00-04:00,51.03566360473633
628,2021-08-02 00:00:00-04:00,50.41660690307617
629,2021-08-03 00:00:00-04:00,51.563690185546875
630,2021-08-04 00:00:00-04:00,50.00694274902344
631,2021-08-05 00:00:00-04:00,50.93552780151367
632,2021-08-06 00:00:00-04:00,51.43622970581055
633,2021-08-09 00:00:00-04:00,50.4803352355957
634,2021-08-10 00:00:00-04:00,51.41802215576172
635,2021-08-11 00:00:00-04:00,52.06439208984375
636,2021-08-12 00:00:00-04:00,51.92782974243164
637,2021-08-13 00:00:00-04:00,50.9537353515625
638,2021-08-16 00:00:00-04:00,49.8976936340332
639,2021-08-17 00:00:00-04:00,49.633697509765625
640,2021-08-18 00:00:00-04:00,48.732418060302734
641,2021-08-19 00:00:00-04:00,47.74010467529297
642,2021-08-20 00:00:00-04:00,48.04052734375
643,2021-08-23 00:00:00-04:00,49.87948989868164
644,2021-08-24 00:00:00-04:00,50.44391632080078
645,2021-08-25 00:00:00-04:00,50.99925994873047
646,2021-08-26 00:00:00-04:00,50.189022064208984
647,2021-08-27 00:00:00-04:00,51.654720306396484
648,2021-08-30 00:00:00-04:00,51.163116455078125
649,2021-08-31 00:00:00-04:00,50.55316162109375
650,2021-09-01 00:00:00-04:00,49.75204086303711
651,2021-09-02 00:00:00-04:00,51.52726745605469
652,2021-09-03 00:00:00-04:00,51.19953536987305
653,2021-09-07 00:00:00-04:00,50.96284103393555
654,2021-09-08 00:00:00-04:00,50.32558059692383
655,2021-09-09 00:00:00-04:00,50.598697662353516
656,2021-09-10 00:00:00-04:00,50.73524475097656
657,2021-09-13 00:00:00-04:00,52.42853546142578
658,2021-09-14 00:00:00-04:00,51.836795806884766
659,2021-09-15 00:00:00-04:00,54.00348663330078
660,2021-09-16 00:00:00-04:00,53.92155456542969
661,2021-09-17 00:00:00-04:00,53.63934326171875
662,2021-09-20 00:00:00-04:00,51.95514678955078
663,2021-09-21 00:00:00-04:00,54.012603759765625
664,2021-09-22 00:00:00-04:00,56.679988861083984
665,2021-09-23 00:00:00-04:00,58.00003433227539
666,2021-09-24 00:00:00-04:00,59.192630767822266
667,2021-09-27 00:00:00-04:00,60.73115158081055
668,2021-09-28 00:00:00-04:00,61.72347640991211
669,2021-09-29 00:00:00-04:00,61.94197463989258
670,2021-09-30 00:00:00-04:00,61.69615936279297
671,2021-10-01 00:00:00-04:00,63.81732940673828
672,2021-10-04 00:00:00-04:00,65.08277130126953
673,2021-10-05 00:00:00-04:00,65.30123901367188
674,2021-10-06 00:00:00-04:00,65.37406921386719
675,2021-10-07 00:00:00-04:00,65.10096740722656
676,2021-10-08 00:00:00-04:00,68.20536041259766
677,2021-10-11 00:00:00-04:00,67.34050750732422
678,2021-10-12 00:00:00-04:00,66.8306884765625
679,2021-10-13 00:00:00-04:00,66.66682434082031
680,2021-10-14 00:00:00-04:00,67.23124694824219
681,2021-10-15 00:00:00-04:00,67.49525451660156
682,2021-10-18 00:00:00-04:00,67.82300567626953
683,2021-10-19 00:00:00-04:00,68.56949615478516
684,2021-10-20 00:00:00-04:00,69.2067642211914
685,2021-10-21 00:00:00-04:00,67.90492248535156
686,2021-10-22 00:00:00-04:00,68.93364715576172
687,2021-10-25 00:00:00-04:00,69.66195678710938
688,2021-10-26 00:00:00-04:00,70.12623596191406
689,2021-10-27 00:00:00-04:00,68.16633605957031
690,2021-10-28 00:00:00-04:00,68.82573699951172
691,2021-10-29 00:00:00-04:00,68.2212905883789
692,2021-11-01 00:00:00-04:00,68.3128662109375
693,2021-11-02 00:00:00-04:00,66.8841552734375
694,2021-11-03 00:00:00-04:00,66.61856079101562
695,2021-11-04 00:00:00-04:00,67.14058685302734
696,2021-11-05 00:00:00-04:00,69.10049438476562
697,2021-11-08 00:00:00-05:00,69.54010772705078
698,2021-11-09 00:00:00-05:00,69.375244140625
699,2021-11-10 00:00:00-05:00,66.85667419433594
700,2021-11-11 00:00:00-05:00,66.06904602050781
701,2021-11-12 00:00:00-05:00,66.27053833007812
702,2021-11-15 00:00:00-05:00,66.6002426147461
703,2021-11-16 00:00:00-05:00,66.52696990966797
704,2021-11-17 00:00:00-05:00,65.91336059570312
705,2021-11-18 00:00:00-05:00,66.6002426147461
706,2021-11-19 00:00:00-05:00,63.75196838378906
707,2021-11-22 00:00:00-05:00,65.84007263183594
708,2021-11-23 00:00:00-05:00,67.57102966308594
709,2021-11-24 00:00:00-05:00,68.53267669677734
710,2021-11-26 00:00:00-05:00,65.46459197998047
711,2021-11-29 00:00:00-05:00,66.07820892333984
712,2021-11-30 00:00:00-05:00,64.22818756103516
713,2021-12-01 00:00:00-05:00,63.37647247314453
714,2021-12-02 00:00:00-05:00,65.26311492919922
715,2021-12-03 00:00:00-05:00,65.125732421875
716,2021-12-06 00:00:00-05:00,66.68267059326172
717,2021-12-07 00:00:00-05:00,68.29454040527344
718,2021-12-08 00:00:00-05:00,67.87326049804688
719,2021-12-09 00:00:00-05:00,66.4445571899414
720,2021-12-10 00:00:00-05:00,67.30545043945312
721,2021-12-13 00:00:00-05:00,65.04330444335938
722,2021-12-14 00:00:00-05:00,64.73191833496094
723,2021-12-15 00:00:00-05:00,64.75938415527344
724,2021-12-16 00:00:00-05:00,65.66607666015625
725,2021-12-17 00:00:00-05:00,62.83611297607422
726,2021-12-20 00:00:00-05:00,62.826961517333984
727,2021-12-21 00:00:00-05:00,64.73191833496094
728,2021-12-22 00:00:00-05:00,65.09825897216797
729,2021-12-23 00:00:00-05:00,65.1989974975586
730,2021-12-27 00:00:00-05:00,67.04898834228516
731,2021-12-28 00:00:00-05:00,66.96656799316406
732,2021-12-29 00:00:00-05:00,66.78340911865234
733,2021-12-30 00:00:00-05:00,66.19727325439453
734,2021-12-31 00:00:00-05:00,66.28909301757812
735,2022-01-03 00:00:00-05:00,67.74933624267578
736,2022-01-04 00:00:00-05:00,70.68819427490234
737,2022-01-05 00:00:00-05:00,69.47590637207031
738,2022-01-06 00:00:00-05:00,72.08413696289062
739,2022-01-07 00:00:00-05:00,74.05865478515625
740,2022-01-10 00:00:00-05:00,74.41681671142578
741,2022-01-11 00:00:00-05:00,76.76789093017578
742,2022-01-12 00:00:00-05:00,77.51180267333984
743,2022-01-13 00:00:00-05:00,76.7954330444336
744,2022-01-14 00:00:00-05:00,79.66079711914062
745,2022-01-18 00:00:00-05:00,80.36797332763672
746,2022-01-19 00:00:00-05:00,80.15672302246094
747,2022-01-20 00:00:00-05:00,78.64140319824219
748,2022-01-21 00:00:00-05:00,75.96888732910156
749,2022-01-24 00:00:00-05:00,76.2444076538086
750,2022-01-25 00:00:00-05:00,80.00059509277344
751,2022-01-26 00:00:00-05:00,79.95469665527344
752,2022-01-27 00:00:00-05:00,82.3425064086914
753,2022-01-28 00:00:00-05:00,81.93840026855469
754,2022-01-31 00:00:00-05:00,81.38737487792969
755,2022-02-01 00:00:00-05:00,84.0690689086914
756,2022-02-02 00:00:00-05:00,84.68437957763672
757,2022-02-03 00:00:00-05:00,83.45375061035156
758,2022-02-04 00:00:00-05:00,84.37213134765625
759,2022-02-07 00:00:00-05:00,85.35480499267578
760,2022-02-08 00:00:00-05:00,83.87620544433594
761,2022-02-09 00:00:00-05:00,85.3639907836914
762,2022-02-10 00:00:00-05:00,84.40885925292969
763,2022-02-11 00:00:00-05:00,86.3194808959961
764,2022-02-14 00:00:00-05:00,84.50116729736328
765,2022-02-15 00:00:00-05:00,82.77515411376953
766,2022-02-16 00:00:00-05:00,83.26433563232422
767,2022-02-17 00:00:00-05:00,84.14119720458984
768,2022-02-18 00:00:00-05:00,82.72898864746094
769,2022-02-22 00:00:00-05:00,81.06757354736328
770,2022-02-23 00:00:00-05:00,81.43679809570312
771,2022-02-24 00:00:00-05:00,80.97528839111328
772,2022-02-25 00:00:00-05:00,84.24272918701172
773,2022-02-28 00:00:00-05:00,87.5562973022461
774,2022-03-01 00:00:00-05:00,89.49462890625
775,2022-03-02 00:00:00-05:00,90.49147033691406
776,2022-03-03 00:00:00-05:00,89.90998077392578
777,2022-03-04 00:00:00-05:00,92.54976654052734
778,2022-03-07 00:00:00-05:00,93.4727783203125
779,2022-03-08 00:00:00-05:00,91.1929702758789
780,2022-03-09 00:00:00-05:00,88.80237579345703
781,2022-03-10 00:00:00-05:00,92.0421142578125
782,2022-03-11 00:00:00-05:00,90.83299255371094
783,2022-03-14 00:00:00-04:00,89.11620330810547
784,2022-03-15 00:00:00-04:00,87.731689453125
785,2022-03-16 00:00:00-04:00,87.51937866210938
786,2022-03-17 00:00:00-04:00,91.22066497802734
787,2022-03-18 00:00:00-04:00,91.93136596679688
788,2022-03-21 00:00:00-04:00,94.84805297851562
789,2022-03-22 00:00:00-04:00,93.93428039550781
790,2022-03-23 00:00:00-04:00,96.3340835571289
791,2022-03-24 00:00:00-04:00,96.49101257324219
792,2022-03-25 00:00:00-04:00,99.22310638427734
793,2022-03-28 00:00:00-04:00,95.53108215332031
794,2022-03-29 00:00:00-04:00,92.93742370605469
795,2022-03-30 00:00:00-04:00,93.5947265625
796,2022-03-31 00:00:00-04:00,92.57640838623047
797,2022-04-01 00:00:00-04:00,93.11333465576172
798,2022-04-04 00:00:00-04:00,93.08556365966797
799,2022-04-05 00:00:00-04:00,90.77117156982422
800,2022-04-06 00:00:00-04:00,90.29901885986328
801,2022-04-07 00:00:00-04:00,92.53936767578125
802,2022-04-08 00:00:00-04:00,95.39997100830078
803,2022-04-11 00:00:00-04:00,90.70634460449219
804,2022-04-12 00:00:00-04:00,92.57640838623047
805,2022-04-13 00:00:00-04:00,92.78932189941406
806,2022-04-14 00:00:00-04:00,93.84467315673828
807,2022-04-18 00:00:00-04:00,95.78881072998047
808,2022-04-19 00:00:00-04:00,94.02057647705078
809,2022-04-20 00:00:00-04:00,95.04817199707031
810,2022-04-21 00:00:00-04:00,91.34512329101562
811,2022-04-22 00:00:00-04:00,88.88261413574219
812,2022-04-25 00:00:00-04:00,84.85551452636719
813,2022-04-26 00:00:00-04:00,84.54075622558594
814,2022-04-27 00:00:00-04:00,86.1515884399414
815,2022-04-28 00:00:00-04:00,90.30827331542969
816,2022-04-29 00:00:00-04:00,88.4289779663086
817,2022-05-02 00:00:00-04:00,88.79927825927734
818,2022-05-03 00:00:00-04:00,91.5858154296875
819,2022-05-04 00:00:00-04:00,96.14984130859375
820,2022-05-05 00:00:00-04:00,95.22408294677734
821,2022-05-06 00:00:00-04:00,99.69551086425781
822,2022-05-09 00:00:00-04:00,89.9842529296875
823,2022-05-10 00:00:00-04:00,90.724853515625
824,2022-05-11 00:00:00-04:00,91.68765258789062
825,2022-05-12 00:00:00-04:00,92.2060775756836
826,2022-05-13 00:00:00-04:00,95.2703628540039
827,2022-05-16 00:00:00-04:00,98.10662841796875
828,2022-05-17 00:00:00-04:00,99.52010345458984
829,2022-05-18 00:00:00-04:00,97.15811920166016
830,2022-05-19 00:00:00-04:00,97.27899169921875
831,2022-05-20 00:00:00-04:00,97.66026306152344
832,2022-05-23 00:00:00-04:00,101.37992858886719
833,2022-05-24 00:00:00-04:00,101.8077163696289
834,2022-05-25 00:00:00-04:00,103.40717315673828
835,2022-05-26 00:00:00-04:00,105.22050476074219
836,2022-05-27 00:00:00-04:00,106.56890869140625
837,2022-05-31 00:00:00-04:00,104.48587799072266
838,2022-06-01 00:00:00-04:00,107.63829040527344
839,2022-06-02 00:00:00-04:00,106.90367126464844
840,2022-06-03 00:00:00-04:00,109.84222412109375
841,2022-06-06 00:00:00-04:00,109.15408325195312
842,2022-06-07 00:00:00-04:00,114.11054992675781
843,2022-06-08 00:00:00-04:00,113.32012176513672
844,2022-06-09 00:00:00-04:00,110.25139617919922
845,2022-06-10 00:00:00-04:00,108.64262390136719
846,2022-06-13 00:00:00-04:00,103.92792510986328
847,2022-06-14 00:00:00-04:00,103.67684173583984
848,2022-06-15 00:00:00-04:00,101.66822052001953
849,2022-06-16 00:00:00-04:00,95.24246215820312
850,2022-06-17 00:00:00-04:00,87.1707534790039
851,2022-06-21 00:00:00-04:00,92.32251739501953
852,2022-06-22 00:00:00-04:00,86.53841400146484
853,2022-06-23 00:00:00-04:00,81.73072814941406
854,2022-06-24 00:00:00-04:00,84.5390853881836
855,2022-06-27 00:00:00-04:00,86.43208312988281
856,2022-06-28 00:00:00-04:00,89.23412322998047
857,2022-06-29 00:00:00-04:00,85.71049499511719
858,2022-06-30 00:00:00-04:00,84.16421508789062
859,2022-07-01 00:00:00-04:00,85.26068115234375
860,2022-07-05 00:00:00-04:00,79.31922149658203
861,2022-07-06 00:00:00-04:00,78.10094451904297
862,2022-07-07 00:00:00-04:00,80.9217300415039
863,2022-07-08 00:00:00-04:00,81.0248031616211
864,2022-07-11 00:00:00-04:00,80.17203521728516
865,2022-07-12 00:00:00-04:00,78.20403289794922
866,2022-07-13 00:00:00-04:00,77.88540649414062
867,2022-07-14 00:00:00-04:00,76.47969818115234
868,2022-07-15 00:00:00-04:00,77.67924499511719
869,2022-07-18 00:00:00-04:00,79.72219848632812
870,2022-07-19 00:00:00-04:00,82.91783905029297
871,2022-07-20 00:00:00-04:00,85.00764465332031
872,2022-07-21 00:00:00-04:00,83.33954620361328
873,2022-07-22 00:00:00-04:00,82.58983612060547
874,2022-07-25 00:00:00-04:00,86.26341247558594
875,2022-07-26 00:00:00-04:00,85.36375427246094
876,2022-07-27 00:00:00-04:00,87.40672302246094
877,2022-07-28 00:00:00-04:00,88.14704132080078
878,2022-07-29 00:00:00-04:00,91.30520629882812
879,2022-08-01 00:00:00-04:00,89.12166595458984
880,2022-08-02 00:00:00-04:00,88.75617980957031
881,2022-08-03 00:00:00-04:00,85.57929992675781
882,2022-08-04 00:00:00-04:00,84.22982025146484
883,2022-08-05 00:00:00-04:00,87.01311492919922
884,2022-08-08 00:00:00-04:00,87.74408721923828
885,2022-08-09 00:00:00-04:00,89.50590515136719
886,2022-08-10 00:00:00-04:00,89.94636535644531
887,2022-08-11 00:00:00-04:00,94.0510025024414
888,2022-08-12 00:00:00-04:00,96.290771484375
889,2022-08-15 00:00:00-04:00,94.85990905761719
890,2022-08-16 00:00:00-04:00,94.22919464111328
891,2022-08-17 00:00:00-04:00,95.4153060913086
892,2022-08-18 00:00:00-04:00,98.7288589477539
893,2022-08-19 00:00:00-04:00,98.97364044189453
894,2022-08-22 00:00:00-04:00,99.06775665283203
895,2022-08-23 00:00:00-04:00,102.08948516845703
896,2022-08-24 00:00:00-04:00,104.0380859375
897,2022-08-25 00:00:00-04:00,105.50659942626953
898,2022-08-26 00:00:00-04:00,105.54424285888672
899,2022-08-29 00:00:00-04:00,106.76800537109375
900,2022-08-30 00:00:00-04:00,104.0192642211914
901,2022-08-31 00:00:00-04:00,103.03084564208984
902,2022-09-01 00:00:00-04:00,101.22344207763672
903,2022-09-02 00:00:00-04:00,103.79335021972656
904,2022-09-06 00:00:00-04:00,102.25892639160156
905,2022-09-07 00:00:00-04:00,100.49861145019531
906,2022-09-08 00:00:00-04:00,101.96710968017578
907,2022-09-09 00:00:00-04:00,105.4030532836914
908,2022-09-12 00:00:00-04:00,107.68110656738281
909,2022-09-13 00:00:00-04:00,105.74192810058594
910,2022-09-14 00:00:00-04:00,110.80640411376953
911,2022-09-15 00:00:00-04:00,108.7824935913086
912,2022-09-16 00:00:00-04:00,106.4950180053711
913,2022-09-19 00:00:00-04:00,106.2502670288086
914,2022-09-20 00:00:00-04:00,105.49717712402344
915,2022-09-21 00:00:00-04:00,104.57465362548828
916,2022-09-22 00:00:00-04:00,103.60506439208984
917,2022-09-23 00:00:00-04:00,94.69046020507812
918,2022-09-26 00:00:00-04:00,93.38198852539062
919,2022-09-27 00:00:00-04:00,92.96780395507812
920,2022-09-28 00:00:00-04:00,98.35336303710938
921,2022-09-29 00:00:00-04:00,98.98358917236328
922,2022-09-30 00:00:00-04:00,97.72313690185547
923,2022-10-03 00:00:00-04:00,105.00892639160156
924,2022-10-04 00:00:00-04:00,110.404052734375
925,2022-10-05 00:00:00-04:00,110.70006561279297
926,2022-10-06 00:00:00-04:00,112.34246063232422
927,2022-10-07 00:00:00-04:00,113.16366577148438
928,2022-10-10 00:00:00-04:00,111.53081512451172
929,2022-10-11 00:00:00-04:00,110.3658447265625
930,2022-10-12 00:00:00-04:00,111.05335998535156
931,2022-10-13 00:00:00-04:00,117.20282745361328
932,2022-10-14 00:00:00-04:00,112.63847351074219
933,2022-10-17 00:00:00-04:00,113.02042388916016
934,2022-10-18 00:00:00-04:00,112.5716323852539
935,2022-10-19 00:00:00-04:00,115.6463623046875
936,2022-10-20 00:00:00-04:00,116.31477355957031
937,2022-10-21 00:00:00-04:00,118.8738784790039
938,2022-10-24 00:00:00-04:00,119.49456024169922
939,2022-10-25 00:00:00-04:00,118.34869384765625
940,2022-10-26 00:00:00-04:00,120.86004638671875
941,2022-10-27 00:00:00-04:00,120.92688751220703
942,2022-10-28 00:00:00-04:00,121.43299102783203
943,2022-10-31 00:00:00-04:00,120.40170288085938
944,2022-11-01 00:00:00-04:00,122.01547241210938
945,2022-11-02 00:00:00-04:00,120.80274963378906
946,2022-11-03 00:00:00-04:00,127.78298950195312
947,2022-11-04 00:00:00-04:00,126.35065460205078
948,2022-11-07 00:00:00-05:00,128.8524627685547
949,2022-11-08 00:00:00-05:00,128.37501525878906
950,2022-11-09 00:00:00-05:00,119.60914611816406
951,2022-11-10 00:00:00-05:00,123.61968231201172
952,2022-11-11 00:00:00-05:00,127.91667175292969
953,2022-11-14 00:00:00-05:00,127.51408386230469
954,2022-11-15 00:00:00-05:00,128.53012084960938
955,2022-11-16 00:00:00-05:00,123.88124084472656
956,2022-11-17 00:00:00-05:00,125.75037384033203
957,2022-11-18 00:00:00-05:00,123.25818634033203
958,2022-11-21 00:00:00-05:00,120.28672790527344
959,2022-11-22 00:00:00-05:00,124.59053802490234
960,2022-11-23 00:00:00-05:00,121.48487854003906
961,2022-11-25 00:00:00-05:00,121.55198669433594
962,2022-11-28 00:00:00-05:00,118.70513916015625
963,2022-11-29 00:00:00-05:00,119.09814453125
964,2022-11-30 00:00:00-05:00,118.3888168334961
965,2022-12-01 00:00:00-05:00,117.95748901367188
966,2022-12-02 00:00:00-05:00,117.11396789550781
967,2022-12-05 00:00:00-05:00,114.42047882080078
968,2022-12-06 00:00:00-05:00,110.8163833618164
969,2022-12-07 00:00:00-05:00,110.11663818359375
970,2022-12-08 00:00:00-05:00,107.93118286132812
971,2022-12-09 00:00:00-05:00,105.45816040039062
972,2022-12-12 00:00:00-05:00,107.14519500732422
973,2022-12-13 00:00:00-05:00,108.70760345458984
974,2022-12-14 00:00:00-05:00,108.19000244140625
975,2022-12-15 00:00:00-05:00,107.88326263427734
976,2022-12-16 00:00:00-05:00,105.86075592041016
977,2022-12-19 00:00:00-05:00,105.86075592041016
978,2022-12-20 00:00:00-05:00,107.97911834716797
979,2022-12-21 00:00:00-05:00,111.45861053466797
980,2022-12-22 00:00:00-05:00,108.21875762939453
981,2022-12-23 00:00:00-05:00,112.89665985107422
982,2022-12-27 00:00:00-05:00,114.26627349853516
983,2022-12-28 00:00:00-05:00,111.21839141845703
984,2022-12-29 00:00:00-05:00,112.26007080078125
985,2022-12-30 00:00:00-05:00,113.81295013427734
986,2023-01-03 00:00:00-05:00,109.1061019897461
987,2023-01-04 00:00:00-05:00,109.31829071044922
988,2023-01-05 00:00:00-05:00,112.6265869140625
989,2023-01-06 00:00:00-05:00,114.03479766845703
990,2023-01-09 00:00:00-05:00,113.19566345214844
991,2023-01-10 00:00:00-05:00,113.89010620117188
992,2023-01-11 00:00:00-05:00,114.04442596435547
993,2023-01-12 00:00:00-05:00,115.89630889892578
994,2023-01-13 00:00:00-05:00,117.15982818603516
995,2023-01-17 00:00:00-05:00,115.97345733642578
996,2023-01-18 00:00:00-05:00,114.34343719482422
997,2023-01-19 00:00:00-05:00,115.3947525024414
998,2023-01-20 00:00:00-05:00,117.47810363769531
999,2023-01-23 00:00:00-05:00,115.86736297607422
1000,2023-01-24 00:00:00-05:00,114.59419250488281
1001,2023-01-25 00:00:00-05:00,116.09886169433594
1002,2023-01-26 00:00:00-05:00,120.22698974609375
1003,2023-01-27 00:00:00-05:00,119.22389221191406
1004,2023-01-30 00:00:00-05:00,116.253173828125
1005,2023-01-31 00:00:00-05:00,117.5456314086914
1006,2023-02-01 00:00:00-05:00,113.52359771728516
1007,2023-02-02 00:00:00-05:00,107.35069274902344
1008,2023-02-03 00:00:00-05:00,104.27388000488281
1009,2023-02-06 00:00:00-05:00,103.67586517333984
1010,2023-02-07 00:00:00-05:00,108.04513549804688
1011,2023-02-08 00:00:00-05:00,106.85877990722656
1012,2023-02-09 00:00:00-05:00,106.029296875
1013,2023-02-10 00:00:00-05:00,110.9772720336914
1014,2023-02-13 00:00:00-05:00,108.80712127685547
1015,2023-02-14 00:00:00-05:00,110.00846862792969
1016,2023-02-15 00:00:00-05:00,108.167724609375
1017,2023-02-16 00:00:00-05:00,104.98033142089844
1018,2023-02-17 00:00:00-05:00,100.87258911132812
1019,2023-02-21 00:00:00-05:00,102.02545928955078
1020,2023-02-22 00:00:00-05:00,100.83382415771484
1021,2023-02-23 00:00:00-05:00,102.14171600341797
1022,2023-02-24 00:00:00-05:00,101.96733093261719
1023,2023-02-27 00:00:00-05:00,102.55830383300781
1024,2023-02-28 00:00:00-05:00,100.1265869140625
1025,2023-03-01 00:00:00-05:00,102.93614196777344
1026,2023-03-02 00:00:00-05:00,104.95126342773438
1027,2023-03-03 00:00:00-05:00,105.25159454345703
1028,2023-03-06 00:00:00-05:00,106.14291381835938
1029,2023-03-07 00:00:00-05:00,104.29248809814453
1030,2023-03-08 00:00:00-05:00,103.88558197021484
1031,2023-03-09 00:00:00-05:00,102.5098648071289
1032,2023-03-10 00:00:00-05:00,100.9694595336914
1033,2023-03-13 00:00:00-04:00,97.53986358642578
1034,2023-03-14 00:00:00-04:00,98.19866180419922
1035,2023-03-15 00:00:00-04:00,92.26952362060547
1036,2023-03-16 00:00:00-04:00,93.39336395263672
1037,2023-03-17 00:00:00-04:00,91.446044921875
1038,2023-03-20 00:00:00-04:00,93.16084289550781
1039,2023-03-21 00:00:00-04:00,96.60011291503906
1040,2023-03-22 00:00:00-04:00,95.30191802978516
1041,2023-03-23 00:00:00-04:00,93.41272735595703
1042,2023-03-24 00:00:00-04:00,92.45360565185547
1043,2023-03-27 00:00:00-04:00,94.43966674804688
1044,2023-03-28 00:00:00-04:00,95.4632339477539
1045,2023-03-29 00:00:00-04:00,97.23738098144531
1046,2023-03-30 00:00:00-04:00,96.74996948242188
1047,2023-03-31 00:00:00-04:00,96.71097564697266
1048,2023-04-03 00:00:00-04:00,105.68899536132812
1049,2023-04-04 00:00:00-04:00,103.62239074707031
1050,2023-04-05 00:00:00-04:00,105.03587341308594
1051,2023-04-06 00:00:00-04:00,103.5833969116211
1052,2023-04-10 00:00:00-04:00,103.28120422363281
1053,2023-04-11 00:00:00-04:00,104.0610580444336
1054,2023-04-12 00:00:00-04:00,104.82140350341797
1055,2023-04-13 00:00:00-04:00,106.29337310791016
1056,2023-04-14 00:00:00-04:00,105.76697540283203
1057,2023-04-17 00:00:00-04:00,102.94977569580078
1058,2023-04-18 00:00:00-04:00,102.306396484375
1059,2023-04-19 00:00:00-04:00,102.60858917236328
1060,2023-04-20 00:00:00-04:00,101.1658706665039
1061,2023-04-21 00:00:00-04:00,99.68415069580078
1062,2023-04-24 00:00:00-04:00,101.03914642333984
1063,2023-04-25 00:00:00-04:00,99.51844024658203
1064,2023-04-26 00:00:00-04:00,97.93924713134766
1065,2023-04-27 00:00:00-04:00,98.68010711669922
1066,2023-04-28 00:00:00-04:00,100.29827880859375
1067,2023-05-01 00:00:00-04:00,99.94734954833984
1068,2023-05-02 00:00:00-04:00,96.15533447265625
1069,2023-05-03 00:00:00-04:00,93.66957092285156
1070,2023-05-04 00:00:00-04:00,94.90758514404297
1071,2023-05-05 00:00:00-04:00,97.8417739868164
1072,2023-05-08 00:00:00-04:00,98.35841369628906
1073,2023-05-09 00:00:00-04:00,98.97254180908203
1074,2023-05-10 00:00:00-04:00,97.93924713134766
1075,2023-05-11 00:00:00-04:00,97.37385559082031
1076,2023-05-12 00:00:00-04:00,96.92544555664062
1077,2023-05-15 00:00:00-04:00,98.26781463623047
1078,2023-05-16 00:00:00-04:00,96.09258270263672
1079,2023-05-17 00:00:00-04:00,98.67935180664062
1080,2023-05-18 00:00:00-04:00,98.708740234375
1081,2023-05-19 00:00:00-04:00,100.53123474121094
1082,2023-05-22 00:00:00-04:00,101.63845825195312
1083,2023-05-23 00:00:00-04:00,102.28514099121094
1084,2023-05-24 00:00:00-04:00,101.88341522216797
1085,2023-05-25 00:00:00-04:00,99.63959503173828
1086,2023-05-26 00:00:00-04:00,99.79635620117188
1087,2023-05-30 00:00:00-04:00,99.15946197509766
1088,2023-05-31 00:00:00-04:00,97.29777526855469
1089,2023-06-01 00:00:00-04:00,97.52313995361328
1090,2023-06-02 00:00:00-04:00,100.2862777709961
1091,2023-06-05 00:00:00-04:00,100.01192474365234
1092,2023-06-06 00:00:00-04:00,99.88455200195312
1093,2023-06-07 00:00:00-04:00,102.69667053222656
1094,2023-06-08 00:00:00-04:00,102.43212127685547
1095,2023-06-09 00:00:00-04:00,101.79521942138672
1096,2023-06-12 00:00:00-04:00,100.7468032836914
1097,2023-06-13 00:00:00-04:00,101.32491302490234
1098,2023-06-14 00:00:00-04:00,100.59982299804688
1099,2023-06-15 00:00:00-04:00,102.04999542236328
1100,2023-06-16 00:00:00-04:00,102.80445861816406
1101,2023-06-20 00:00:00-04:00,99.97272491455078
1102,2023-06-21 00:00:00-04:00,101.60905456542969
1103,2023-06-22 00:00:00-04:00,99.38483428955078
1104,2023-06-23 00:00:00-04:00,98.43439483642578
1105,2023-06-26 00:00:00-04:00,99.86368560791016
1106,2023-06-27 00:00:00-04:00,99.35110473632812
1107,2023-06-28 00:00:00-04:00,101.04655456542969
1108,2023-06-29 00:00:00-04:00,101.58869934082031
1109,2023-06-30 00:00:00-04:00,102.13084411621094
1110,2023-07-03 00:00:00-04:00,102.74199676513672
1111,2023-07-05 00:00:00-04:00,102.53498840332031
1112,2023-07-06 00:00:00-04:00,98.90753173828125
1113,2023-07-07 00:00:00-04:00,101.75627899169922
1114,2023-07-10 00:00:00-04:00,102.86028289794922
1115,2023-07-11 00:00:00-04:00,105.90617370605469
1116,2023-07-12 00:00:00-04:00,107.74947357177734
1117,2023-07-13 00:00:00-04:00,108.97177124023438
1118,2023-07-14 00:00:00-04:00,105.56116485595703
1119,2023-07-17 00:00:00-04:00,104.92045593261719
1120,2023-07-18 00:00:00-04:00,107.19747161865234
1121,2023-07-19 00:00:00-04:00,107.91705322265625
1122,2023-07-20 00:00:00-04:00,110.09549713134766
1123,2023-07-21 00:00:00-04:00,111.27836608886719
1124,2023-07-24 00:00:00-04:00,113.08224487304688
1125,2023-07-25 00:00:00-04:00,114.52140045166016
1126,2023-07-26 00:00:00-04:00,115.16211700439453
1127,2023-07-27 00:00:00-04:00,114.12711334228516
1128,2023-07-28 00:00:00-04:00,114.27497100830078
1129,2023-07-31 00:00:00-04:00,116.03941345214844
1130,2023-08-01 00:00:00-04:00,115.70426940917969
1131,2023-08-02 00:00:00-04:00,113.9398193359375
1132,2023-08-03 00:00:00-04:00,113.348388671875
1133,2023-08-04 00:00:00-04:00,112.086669921875
1134,2023-08-07 00:00:00-04:00,112.84567260742188
1135,2023-08-08 00:00:00-04:00,113.9398193359375
1136,2023-08-09 00:00:00-04:00,114.7776870727539
1137,2023-08-10 00:00:00-04:00,114.1763916015625
1138,2023-08-11 00:00:00-04:00,116.12812805175781
1139,2023-08-14 00:00:00-04:00,116.00984954833984
1140,2023-08-15 00:00:00-04:00,114.35652160644531
1141,2023-08-16 00:00:00-04:00,113.49520874023438
1142,2023-08-17 00:00:00-04:00,115.56433868408203
1143,2023-08-18 00:00:00-04:00,116.1187515258789
1144,2023-08-21 00:00:00-04:00,116.03954315185547
1145,2023-08-22 00:00:00-04:00,114.9901351928711
1146,2023-08-23 00:00:00-04:00,114.65351867675781
1147,2023-08-24 00:00:00-04:00,113.65361785888672
1148,2023-08-25 00:00:00-04:00,115.35643768310547
1149,2023-08-28 00:00:00-04:00,116.34644317626953
1150,2023-08-29 00:00:00-04:00,116.48505401611328
1151,2023-08-30 00:00:00-04:00,117.51466369628906
1152,2023-08-31 00:00:00-04:00,117.84136962890625
1153,2023-09-01 00:00:00-04:00,120.9203109741211
1154,2023-09-05 00:00:00-04:00,121.60342407226562
1155,2023-09-06 00:00:00-04:00,121.84102630615234
1156,2023-09-07 00:00:00-04:00,120.4946060180664
1157,2023-09-08 00:00:00-04:00,121.49452209472656
1158,2023-09-11 00:00:00-04:00,119.23729705810547
1159,2023-09-12 00:00:00-04:00,121.8509292602539
1160,2023-09-13 00:00:00-04:00,121.08861541748047
1161,2023-09-14 00:00:00-04:00,123.25674438476562
1162,2023-09-15 00:00:00-04:00,122.3360366821289
1163,2023-09-18 00:00:00-04:00,123.23694610595703
1164,2023-09-19 00:00:00-04:00,121.93013000488281
1165,2023-09-20 00:00:00-04:00,119.95999908447266
1166,2023-09-21 00:00:00-04:00,117.88097381591797
1167,2023-09-22 00:00:00-04:00,117.97007751464844
1168,2023-09-25 00:00:00-04:00,119.86100006103516
1169,2023-09-26 00:00:00-04:00,118.9402847290039
1170,2023-09-27 00:00:00-04:00,122.47247314453125
1171,2023-09-28 00:00:00-04:00,122.10433197021484
1172,2023-09-29 00:00:00-04:00,119.19898223876953
1173,2023-10-02 00:00:00-04:00,116.51252746582031
1174,2023-10-03 00:00:00-04:00,117.01001739501953
1175,2023-10-04 00:00:00-04:00,112.76144409179688
1176,2023-10-05 00:00:00-04:00,112.85098266601562
1177,2023-10-06 00:00:00-04:00,114.75140380859375
1178,2023-10-09 00:00:00-04:00,121.20884704589844
1179,2023-10-10 00:00:00-04:00,119.78601837158203
1180,2023-10-11 00:00:00-04:00,119.43777465820312
1181,2023-10-12 00:00:00-04:00,120.50241088867188
1182,2023-10-13 00:00:00-04:00,124.23359680175781
1183,2023-10-16 00:00:00-04:00,124.68133544921875
1184,2023-10-17 00:00:00-04:00,124.83058166503906
1185,2023-10-18 00:00:00-04:00,125.95491027832031
1186,2023-10-19 00:00:00-04:00,125.74596405029297
1187,2023-10-20 00:00:00-04:00,123.43760681152344
1188,2023-10-23 00:00:00-04:00,120.73124694824219
1189,2023-10-24 00:00:00-04:00,119.34822082519531
1190,2023-10-25 00:00:00-04:00,119.80592346191406
1191,2023-10-26 00:00:00-04:00,117.7164535522461
1192,2023-10-27 00:00:00-04:00,117.20901489257812
1193,2023-10-30 00:00:00-04:00,117.54730987548828
1194,2023-10-31 00:00:00-04:00,118.2040023803711
1195,2023-11-01 00:00:00-04:00,116.08467864990234
1196,2023-11-02 00:00:00-04:00,121.4078369140625
1197,2023-11-03 00:00:00-04:00,119.14923095703125
1198,2023-11-06 00:00:00-05:00,117.87565612792969
1199,2023-11-07 00:00:00-05:00,114.67180633544922
1200,2023-11-08 00:00:00-05:00,113.87581634521484
1201,2023-11-09 00:00:00-05:00,113.57732391357422
1202,2023-11-10 00:00:00-05:00,115.02999877929688
1203,2023-11-13 00:00:00-05:00,115.36000061035156
1204,2023-11-14 00:00:00-05:00,115.54000091552734
1205,2023-11-15 00:00:00-05:00,115.02999877929688
1206,2023-11-16 00:00:00-05:00,111.98999786376953
1207,2023-11-17 00:00:00-05:00,114.58999633789062
1208,2023-11-20 00:00:00-05:00,115.38999938964844
1209,2023-11-21 00:00:00-05:00,115.16999816894531
1210,2023-11-22 00:00:00-05:00,114.8499984741211
1211,2023-11-24 00:00:00-05:00,115.48999786376953
1212,2023-11-27 00:00:00-05:00,114.80000305175781
1213,2023-11-28 00:00:00-05:00,114.9800033569336
1214,2023-11-29 00:00:00-05:00,113.97000122070312
1215,2023-11-30 00:00:00-05:00,115.56999969482422
1216,2023-12-01 00:00:00-05:00,115.2300033569336
1217,2023-12-04 00:00:00-05:00,114.52999877929688
1218,2023-12-05 00:00:00-05:00,113.13999938964844
1219,2023-12-06 00:00:00-05:00,110.5199966430664
1220,2023-12-07 00:00:00-05:00,110.8499984741211
1221,2023-12-08 00:00:00-05:00,112.06999969482422
1222,2023-12-11 00:00:00-05:00,112.16000366210938
1223,2023-12-12 00:00:00-05:00,111.05999755859375
1224,2023-12-13 00:00:00-05:00,111.8499984741211
1225,2023-12-14 00:00:00-05:00,114.94999694824219
1226,2023-12-15 00:00:00-05:00,114.54000091552734
1227,2023-12-18 00:00:00-05:00,114.9000015258789
1228,2023-12-19 00:00:00-05:00,116.48999786376953
1229,2023-12-20 00:00:00-05:00,116.69000244140625
1230,2023-12-21 00:00:00-05:00,116.83000183105469
1231,2023-12-22 00:00:00-05:00,117.66000366210938
1232,2023-12-26 00:00:00-05:00,119.0199966430664
1233,2023-12-27 00:00:00-05:00,118.48999786376953
1234,2023-12-28 00:00:00-05:00,116.5
1235,2023-12-29 00:00:00-05:00,116.06999969482422
1236,2024-01-02 00:00:00-05:00,117.58999633789062
1237,2024-01-03 00:00:00-05:00,119.93000030517578
1238,2024-01-04 00:00:00-05:00,116.4800033569336
1239,2024-01-05 00:00:00-05:00,116.52999877929688
1240,2024-01-08 00:00:00-05:00,114.5
1241,2024-01-09 00:00:00-05:00,112.76000213623047
1242,2024-01-10 00:00:00-05:00,111.18000030517578
1243,2024-01-11 00:00:00-05:00,111.0
1244,2024-01-12 00:00:00-05:00,111.69999694824219
1245,2024-01-16 00:00:00-05:00,108.63999938964844
1246,2024-01-17 00:00:00-05:00,107.56999969482422
1247,2024-01-18 00:00:00-05:00,106.93000030517578
1248,2024-01-19 00:00:00-05:00,107.87000274658203
1249,2024-01-22 00:00:00-05:00,108.05999755859375
1250,2024-01-23 00:00:00-05:00,107.98999786376953
1251,2024-01-24 00:00:00-05:00,109.66999816894531
1252,2024-01-25 00:00:00-05:00,112.05000305175781
1253,2024-01-26 00:00:00-05:00,112.2300033569336
1254,2024-01-29 00:00:00-05:00,111.5999984741211
1255,2024-01-30 00:00:00-05:00,114.05000305175781
1256,2024-01-31 00:00:00-05:00,111.87000274658203
1257,2024-02-01 00:00:00-05:00,111.37999725341797
1258,2024-02-02 00:00:00-05:00,110.62999725341797
