,Unnamed: 0,Date,CPB
0,0,2019-02-05,29.87761878967285
1,1,2019-02-06,29.219558715820312
2,2,2019-02-07,29.22810935974121
3,3,2019-02-08,29.305021286010746
4,4,2019-02-11,29.193925857543945
5,5,2019-02-12,29.53577423095703
6,6,2019-02-13,29.62122917175293
7,7,2019-02-14,29.441761016845703
8,8,2019-02-15,29.73233413696289
9,9,2019-02-19,29.920345306396484
10,10,2019-02-20,30.06563186645508
11,11,2019-02-21,30.2878360748291
12,12,2019-02-22,28.057273864746094
13,13,2019-02-25,27.570140838623047
14,14,2019-02-26,28.125640869140625
15,15,2019-02-27,30.94589614868164
16,16,2019-02-28,30.783519744873047
17,17,2019-03-01,31.06553840637207
18,18,2019-03-04,30.76643180847168
19,19,2019-03-05,30.851882934570312
20,20,2019-03-06,30.88606834411621
21,21,2019-03-07,30.69806289672852
22,22,2019-03-08,30.783519744873047
23,23,2019-03-11,30.680965423583984
24,24,2019-03-12,29.95452880859375
25,25,2019-03-13,30.142547607421875
26,26,2019-03-14,30.458763122558597
27,27,2019-03-15,30.77496910095215
28,28,2019-03-18,31.24501609802246
29,29,2019-03-19,31.022815704345703
30,30,2019-03-20,31.039905548095703
31,31,2019-03-21,32.35603332519531
32,32,2019-03-22,32.6807861328125
33,33,2019-03-25,32.714969635009766
34,34,2019-03-26,32.920074462890625
35,35,2019-03-27,32.43294906616211
36,36,2019-03-28,32.7320556640625
37,37,2019-03-29,32.58676528930664
38,38,2019-04-01,32.34748077392578
39,39,2019-04-02,32.15091323852539
40,40,2019-04-03,31.83470916748047
41,41,2019-04-04,32.005638122558594
42,42,2019-04-05,32.6978759765625
43,43,2019-04-08,32.92862701416016
44,44,2019-04-09,33.74905776977539
45,45,2019-04-10,33.740440368652344
46,46,2019-04-11,34.197444915771484
47,47,2019-04-12,34.326778411865234
48,48,2019-04-15,34.35265350341797
49,49,2019-04-16,33.999122619628906
50,50,2019-04-17,33.740440368652344
51,51,2019-04-18,33.96462631225586
52,52,2019-04-22,33.90427017211914
53,53,2019-04-23,33.54212188720703
54,54,2019-04-24,33.62834548950195
55,55,2019-04-25,32.921287536621094
56,56,2019-04-26,33.31793975830078
57,57,2019-04-29,33.05924606323242
58,58,2019-04-30,33.36104202270508
59,59,2019-05-01,33.0420036315918
60,60,2019-05-02,32.6884765625
61,61,2019-05-03,32.9988899230957
62,62,2019-05-06,32.94715118408203
63,63,2019-05-07,32.96439743041992
64,64,2019-05-08,33.274810791015625
65,65,2019-05-09,33.59385299682617
66,66,2019-05-10,33.40415954589844
67,67,2019-05-13,33.38690948486328
68,68,2019-05-14,33.34379959106445
69,69,2019-05-15,33.61109924316406
70,70,2019-05-16,33.567989349365234
71,71,2019-05-17,33.740440368652344
72,72,2019-05-20,33.41278076171875
73,73,2019-05-21,33.128231048583984
74,74,2019-05-22,32.64536666870117
75,75,2019-05-23,32.860923767089844
76,76,2019-05-24,32.360816955566406
77,77,2019-05-28,31.714111328125
78,78,2019-05-29,31.23124885559082
79,79,2019-05-30,30.869096755981445
80,80,2019-05-31,31.308853149414062
81,81,2019-06-03,32.22285079956055
82,82,2019-06-04,32.860923767089844
83,83,2019-06-05,36.15478515625
84,84,2019-06-06,37.08603286743164
85,85,2019-06-07,37.14638137817383
86,86,2019-06-10,36.22376251220703
87,87,2019-06-11,36.67213821411133
88,88,2019-06-12,36.585914611816406
89,89,2019-06-13,36.76699447631836
90,90,2019-06-14,36.43932723999024
91,91,2019-06-17,35.67191696166992
92,92,2019-06-18,35.23215866088867
93,93,2019-06-19,35.577056884765625
94,94,2019-06-20,35.37873840332031
95,95,2019-06-21,35.08557891845703
96,96,2019-06-24,34.947601318359375
97,97,2019-06-25,35.387359619140625
98,98,2019-06-26,34.88724899291992
99,99,2019-06-27,34.275047302246094
100,100,2019-06-28,34.550968170166016
101,101,2019-07-01,34.59408187866211
102,102,2019-07-02,35.04246139526367
103,103,2019-07-03,35.93059539794922
104,104,2019-07-05,35.84436798095703
105,105,2019-07-08,35.78400421142578
106,106,2019-07-09,35.74951934814453
107,107,2019-07-10,35.69778823852539
108,108,2019-07-11,35.5412483215332
109,109,2019-07-12,35.5847282409668
110,110,2019-07-15,35.75865936279297
111,111,2019-07-16,35.906490325927734
112,112,2019-07-17,35.95866775512695
113,113,2019-07-18,36.245643615722656
114,114,2019-07-19,35.889095306396484
115,115,2019-07-22,35.77605056762695
116,116,2019-07-23,36.06301498413086
117,117,2019-07-24,35.23689270019531
118,118,2019-07-25,35.132530212402344
119,119,2019-07-26,35.6195182800293
120,120,2019-07-29,35.94996643066406
121,121,2019-07-30,36.22825241088867
122,122,2019-07-31,35.94996643066406
123,123,2019-08-01,36.61957931518555
124,124,2019-08-02,36.81958770751953
125,125,2019-08-05,35.8369140625
126,126,2019-08-06,35.880401611328125
127,127,2019-08-07,36.14998245239258
128,128,2019-08-08,36.55000305175781
129,129,2019-08-09,36.34130096435547
130,130,2019-08-12,36.61957931518555
131,131,2019-08-13,36.75001525878906
132,132,2019-08-14,36.054325103759766
133,133,2019-08-15,36.66305923461914
134,134,2019-08-16,37.08046722412109
135,135,2019-08-19,37.55876159667969
136,136,2019-08-20,37.46310806274414
137,137,2019-08-21,37.628326416015625
138,138,2019-08-22,37.98487854003906
139,139,2019-08-23,37.11526107788086
140,140,2019-08-26,37.09786987304688
141,141,2019-08-27,36.56740188598633
142,142,2019-08-28,36.49782943725586
143,143,2019-08-29,37.66312026977539
144,144,2019-08-30,39.13276672363281
145,145,2019-09-03,39.5067024230957
146,146,2019-09-04,39.193641662597656
147,147,2019-09-05,38.80231857299805
148,148,2019-09-06,39.115379333496094
149,149,2019-09-09,38.77622604370117
150,150,2019-09-10,39.90672302246094
151,151,2019-09-11,40.57633590698242
152,152,2019-09-12,41.00244903564453
153,153,2019-09-13,40.245880126953125
154,154,2019-09-16,40.645904541015625
155,155,2019-09-17,40.60242462158203
156,156,2019-09-18,40.50676727294922
157,157,2019-09-19,40.53285217285156
158,158,2019-09-20,40.66329574584961
159,159,2019-09-23,40.57633590698242
160,160,2019-09-24,40.13283157348633
161,161,2019-09-25,40.4893684387207
162,162,2019-09-26,40.61111831665039
163,163,2019-09-27,40.75895309448242
164,164,2019-09-30,40.802433013916016
165,165,2019-10-01,40.715476989746094
166,166,2019-10-02,40.14152145385742
167,167,2019-10-03,40.6719970703125
168,168,2019-10-04,41.16766357421875
169,169,2019-10-07,40.87200546264648
170,170,2019-10-08,40.6719970703125
171,171,2019-10-09,41.03121948242188
172,172,2019-10-10,41.46055603027344
173,173,2019-10-11,41.06626892089844
174,174,2019-10-14,41.03121948242188
175,175,2019-10-15,40.83846282958984
176,176,2019-10-16,41.3291130065918
177,177,2019-10-17,42.02130126953125
178,178,2019-10-18,41.67082977294922
179,179,2019-10-21,41.9599723815918
180,180,2019-10-22,41.767208099365234
181,181,2019-10-23,41.8811149597168
182,182,2019-10-24,41.250267028808594
183,183,2019-10-25,40.70704650878906
184,184,2019-10-28,40.794654846191406
185,185,2019-10-29,40.73332977294922
186,186,2019-10-30,40.540565490722656
187,187,2019-10-31,40.57560729980469
188,188,2019-11-01,40.777130126953125
189,189,2019-11-04,40.60189437866211
190,190,2019-11-05,40.73332977294922
191,191,2019-11-06,40.82969665527344
192,192,2019-11-07,40.6719856262207
193,193,2019-11-08,40.52304458618164
194,194,2019-11-11,40.365325927734375
195,195,2019-11-12,40.636940002441406
196,196,2019-11-13,41.504356384277344
197,197,2019-11-14,41.24150466918945
198,198,2019-11-15,41.42549896240234
199,199,2019-11-18,42.091400146484375
200,200,2019-11-19,42.19652938842773
201,201,2019-11-20,42.30167388916016
202,202,2019-11-21,41.039981842041016
203,203,2019-11-22,41.03121948242188
204,204,2019-11-25,41.00493240356445
205,205,2019-11-26,41.26778793334961
206,206,2019-11-27,41.23273849487305
207,207,2019-11-29,40.803409576416016
208,208,2019-12-02,41.30283737182617
209,209,2019-12-03,41.6883544921875
210,210,2019-12-04,42.4681510925293
211,211,2019-12-05,41.73215866088867
212,212,2019-12-06,41.83730316162109
213,213,2019-12-09,42.266632080078125
214,214,2019-12-10,42.398048400878906
215,215,2019-12-11,42.0388069152832
216,216,2019-12-12,41.80224990844727
217,217,2019-12-13,41.933685302734375
218,218,2019-12-16,42.02130126953125
219,219,2019-12-17,41.84606552124024
220,220,2019-12-18,42.24909973144531
221,221,2019-12-19,42.24909973144531
222,222,2019-12-20,43.08146667480469
223,223,2019-12-23,43.02889633178711
224,224,2019-12-24,43.134033203125
225,225,2019-12-26,42.95004653930664
226,226,2019-12-27,43.33555603027344
227,227,2019-12-30,43.15156555175781
228,228,2019-12-31,43.300514221191406
229,229,2020-01-02,42.48567199707031
230,230,2020-01-03,42.433101654052734
231,231,2020-01-06,42.50318908691406
232,232,2020-01-07,42.52967071533203
233,233,2020-01-08,41.78833770751953
234,234,2020-01-09,42.0266227722168
235,235,2020-01-10,42.12369918823242
236,236,2020-01-13,42.11487579345703
237,237,2020-01-14,41.95602035522461
238,238,2020-01-15,42.16782760620117
239,239,2020-01-16,42.44142532348633
240,240,2020-01-17,42.379638671875
241,241,2020-01-21,42.85621643066406
242,242,2020-01-22,42.86503219604492
243,243,2020-01-23,43.209228515625
244,244,2020-01-24,43.05919647216797
245,245,2020-01-27,43.04154586791992
246,246,2020-01-28,43.13862609863281
247,247,2020-01-29,42.662052154541016
248,248,2020-01-30,43.27101135253906
249,249,2020-01-31,42.706172943115234
250,250,2020-02-03,43.12979888916016
251,251,2020-02-04,42.944461822509766
252,252,2020-02-05,43.24453353881836
253,253,2020-02-06,42.50318908691406
254,254,2020-02-07,43.13862609863281
255,255,2020-02-10,42.979766845703125
256,256,2020-02-11,43.00624084472656
257,257,2020-02-12,42.52083969116211
258,258,2020-02-13,42.67969512939453
259,259,2020-02-14,42.92681121826172
260,260,2020-02-18,42.53849792480469
261,261,2020-02-19,42.17665863037109
262,262,2020-02-20,42.13252639770508
263,263,2020-02-21,42.3266830444336
264,264,2020-02-24,42.379638671875
265,265,2020-02-25,42.256080627441406
266,266,2020-02-26,41.16173553466797
267,267,2020-02-27,40.33214569091797
268,268,2020-02-28,39.82027053833008
269,269,2020-03-02,42.34434127807617
270,270,2020-03-03,42.256080627441406
271,271,2020-03-04,46.5275764465332
272,272,2020-03-05,46.86294937133789
273,273,2020-03-06,45.68035125732422
274,274,2020-03-09,44.30358123779297
275,275,2020-03-10,45.23907852172852
276,276,2020-03-11,44.541873931884766
277,277,2020-03-12,42.0795783996582
278,278,2020-03-13,43.49163818359375
279,279,2020-03-16,43.50929641723633
280,280,2020-03-17,47.51603317260742
281,281,2020-03-18,44.55069732666016
282,282,2020-03-19,41.920711517333984
283,283,2020-03-20,39.9791259765625
284,284,2020-03-23,37.88750457763672
285,285,2020-03-24,38.39054870605469
286,286,2020-03-25,36.5460319519043
287,287,2020-03-26,38.4699821472168
288,288,2020-03-27,38.99950408935547
289,289,2020-03-30,41.06464767456055
290,290,2020-03-31,40.73811340332031
291,291,2020-04-01,40.57925415039063
292,292,2020-04-02,41.87659454345703
293,293,2020-04-03,43.7122802734375
294,294,2020-04-06,42.01780319213867
295,295,2020-04-07,41.24999237060547
296,296,2020-04-08,41.04547119140625
297,297,2020-04-09,42.45929718017578
298,298,2020-04-13,43.12620162963867
299,299,2020-04-14,44.52224349975586
300,300,2020-04-15,44.904598236083984
301,301,2020-04-16,45.4470100402832
302,302,2020-04-17,44.762332916259766
303,303,2020-04-20,45.61595153808594
304,304,2020-04-21,44.85124588012695
305,305,2020-04-22,45.17135620117188
306,306,2020-04-23,44.94017028808594
307,307,2020-04-24,45.12690353393555
308,308,2020-04-27,45.56260299682617
309,309,2020-04-28,45.33141326904297
310,310,2020-04-29,44.62005615234375
311,311,2020-04-30,44.44221878051758
312,312,2020-05-01,44.82456970214844
313,313,2020-05-04,45.1535758972168
314,314,2020-05-05,45.24249267578125
315,315,2020-05-06,44.95795822143555
316,316,2020-05-07,44.67340850830078
317,317,2020-05-08,45.58039093017578
318,318,2020-05-11,46.20283126831055
319,319,2020-05-12,46.594085693359375
320,320,2020-05-13,46.68300247192383
321,321,2020-05-14,47.100921630859375
322,322,2020-05-15,47.59886932373047
323,323,2020-05-18,45.29584884643555
324,324,2020-05-19,44.12209701538086
325,325,2020-05-20,42.832763671875
326,326,2020-05-21,41.95245361328125
327,327,2020-05-22,42.9928092956543
328,328,2020-05-26,42.11251831054688
329,329,2020-05-27,43.26847076416016
330,330,2020-05-28,44.03318786621094
331,331,2020-05-29,45.33141326904297
332,332,2020-06-01,45.98942565917969
333,333,2020-06-02,46.24729537963867
334,334,2020-06-03,43.410743713378906
335,335,2020-06-04,43.36627960205078
336,336,2020-06-05,42.84165954589844
337,337,2020-06-08,44.3621826171875
338,338,2020-06-09,44.04207611083984
339,339,2020-06-10,43.51744079589844
340,340,2020-06-11,42.6549072265625
341,341,2020-06-12,41.85464096069336
342,342,2020-06-15,43.01948928833008
343,343,2020-06-16,43.72195053100586
344,344,2020-06-17,43.93537139892578
345,345,2020-06-18,43.615264892578125
346,346,2020-06-19,43.69528198242188
347,347,2020-06-22,44.29104995727539
348,348,2020-06-23,43.65971755981445
349,349,2020-06-24,43.44631576538086
350,350,2020-06-25,44.10432434082031
351,351,2020-06-26,43.03728103637695
352,352,2020-06-29,43.79309844970703
353,353,2020-06-30,44.1309928894043
354,354,2020-07-01,43.84645462036133
355,355,2020-07-02,43.85533905029297
356,356,2020-07-06,43.84645462036133
357,357,2020-07-07,44.21992111206055
358,358,2020-07-08,44.04207611083984
359,359,2020-07-09,43.93537139892578
360,360,2020-07-10,44.7089729309082
361,361,2020-07-13,44.30884552001953
362,362,2020-07-14,45.05208969116211
363,363,2020-07-15,44.06705093383789
364,364,2020-07-16,44.371524810791016
365,365,2020-07-17,44.416290283203125
366,366,2020-07-20,44.07601165771485
367,367,2020-07-21,44.19241714477539
368,368,2020-07-22,44.1834716796875
369,369,2020-07-23,44.44316101074219
370,370,2020-07-24,44.23720169067383
371,371,2020-07-27,44.31779479980469
372,372,2020-07-28,44.98045349121094
373,373,2020-07-29,44.95358657836914
374,374,2020-07-30,44.15660095214844
375,375,2020-07-31,44.38942337036133
376,376,2020-08-03,44.51480484008789
377,377,2020-08-04,45.17745971679688
378,378,2020-08-05,44.54166793823242
379,379,2020-08-06,44.66702651977539
380,380,2020-08-07,44.74761962890625
381,381,2020-08-10,45.13268280029297
382,382,2020-08-11,44.56852340698242
383,383,2020-08-12,45.6341552734375
384,384,2020-08-13,45.8311653137207
385,385,2020-08-14,46.234134674072266
386,386,2020-08-17,46.816200256347656
387,387,2020-08-18,46.95948028564453
388,388,2020-08-19,46.90574264526367
389,389,2020-08-20,46.92366409301758
390,390,2020-08-21,47.04903030395508
391,391,2020-08-24,47.18335723876953
392,392,2020-08-25,47.4878158569336
393,393,2020-08-26,47.89080047607422
394,394,2020-08-27,47.72065734863281
395,395,2020-08-28,46.69084167480469
396,396,2020-08-31,47.11172103881836
397,397,2020-09-01,46.02818298339844
398,398,2020-09-02,46.96844100952149
399,399,2020-09-03,43.45812225341797
400,400,2020-09-04,42.60741424560547
401,401,2020-09-08,40.49404525756836
402,402,2020-09-09,40.82537841796875
403,403,2020-09-10,40.58360290527344
404,404,2020-09-11,40.74478149414063
405,405,2020-09-14,41.03134536743164
406,406,2020-09-15,40.76269912719727
407,407,2020-09-16,40.52986526489258
408,408,2020-09-17,40.82537841796875
409,409,2020-09-18,40.69105529785156
410,410,2020-09-21,41.25521469116211
411,411,2020-09-22,40.8880615234375
412,412,2020-09-23,40.45823669433594
413,413,2020-09-24,41.917877197265625
414,414,2020-09-25,42.58949279785156
415,415,2020-09-28,42.96559143066406
416,416,2020-09-29,43.001426696777344
417,417,2020-09-30,43.31483840942383
418,418,2020-10-01,43.44916534423828
419,419,2020-10-02,43.70885467529297
420,420,2020-10-05,43.861087799072266
421,421,2020-10-06,43.50289535522461
422,422,2020-10-07,43.52093124389648
423,423,2020-10-08,43.67427062988281
424,424,2020-10-09,43.7193717956543
425,425,2020-10-12,44.305660247802734
426,426,2020-10-13,44.74763870239258
427,427,2020-10-14,44.61233901977539
428,428,2020-10-15,44.34174346923828
429,429,2020-10-16,44.1432991027832
430,430,2020-10-19,43.86368179321289
431,431,2020-10-20,42.99777221679688
432,432,2020-10-21,43.0699348449707
433,433,2020-10-22,43.21425628662109
434,434,2020-10-23,43.79153060913086
435,435,2020-10-26,43.55701446533203
436,436,2020-10-27,43.51191329956055
437,437,2020-10-28,42.45657730102539
438,438,2020-10-29,42.18599319458008
439,439,2020-10-30,42.09578323364258
440,440,2020-11-02,43.006797790527344
441,441,2020-11-03,43.19620895385742
442,442,2020-11-04,43.01581573486328
443,443,2020-11-05,43.34955978393555
444,444,2020-11-06,43.28641891479492
445,445,2020-11-09,41.59969329833984
446,446,2020-11-10,42.65502166748047
447,447,2020-11-11,43.55701446533203
448,448,2020-11-12,43.77349090576172
449,449,2020-11-13,44.368797302246094
450,450,2020-11-16,45.00921249389648
451,451,2020-11-17,44.54018020629883
452,452,2020-11-18,44.233497619628906
453,453,2020-11-19,44.486061096191406
454,454,2020-11-20,44.179386138916016
455,455,2020-11-23,44.2966423034668
456,456,2020-11-24,44.531158447265625
457,457,2020-11-25,44.125267028808594
458,458,2020-11-27,44.179386138916016
459,459,2020-11-30,45.11745071411133
460,460,2020-12-01,45.32491302490234
461,461,2020-12-02,44.26056289672852
462,462,2020-12-03,43.96290969848633
463,463,2020-12-04,43.746429443359375
464,464,2020-12-07,43.57505798339844
465,465,2020-12-08,43.52995300292969
466,466,2020-12-09,42.64599990844727
467,467,2020-12-10,42.67306518554688
468,468,2020-12-11,42.58286285400391
469,469,2020-12-14,42.13187026977539
470,470,2020-12-15,42.23108673095703
471,471,2020-12-16,42.49265670776367
472,472,2020-12-17,43.09699630737305
473,473,2020-12-18,42.9075813293457
474,474,2020-12-21,43.58407211303711
475,475,2020-12-22,43.078948974609375
476,476,2020-12-23,43.394657135009766
477,477,2020-12-24,43.79153060913086
478,478,2020-12-28,43.683292388916016
479,479,2020-12-29,43.67427062988281
480,480,2020-12-30,43.31348037719727
481,481,2020-12-31,43.61112976074219
482,482,2021-01-04,43.77349090576172
483,483,2021-01-05,44.10722732543945
484,484,2021-01-06,43.21425628662109
485,485,2021-01-07,42.923370361328125
486,486,2021-01-08,42.596134185791016
487,487,2021-01-11,41.84165573120117
488,488,2021-01-12,41.35078811645508
489,489,2021-01-13,41.29624557495117
490,490,2021-01-14,41.69621276855469
491,491,2021-01-15,42.1961669921875
492,492,2021-01-19,42.15980911254883
493,493,2021-01-20,41.85074615478516
494,494,2021-01-21,42.37796401977539
495,495,2021-01-22,42.34160614013672
496,496,2021-01-25,43.63239288330078
497,497,2021-01-26,45.40496826171875
498,498,2021-01-27,47.9138298034668
499,499,2021-01-28,44.31415557861328
500,500,2021-01-29,43.73239517211914
501,501,2021-02-01,43.65967178344727
502,502,2021-02-02,42.95973205566406
503,503,2021-02-03,42.83247375488281
504,504,2021-02-04,42.659767150878906
505,505,2021-02-05,43.17789459228516
506,506,2021-02-08,42.83247375488281
507,507,2021-02-09,42.72339630126953
508,508,2021-02-10,43.22335052490234
509,509,2021-02-11,42.69611740112305
510,510,2021-02-12,42.49613571166992
511,511,2021-02-16,41.91437530517578
512,512,2021-02-17,42.15980911254883
513,513,2021-02-18,42.85065460205078
514,514,2021-02-19,42.105262756347656
515,515,2021-02-22,41.93255615234375
516,516,2021-02-23,42.11435317993164
517,517,2021-02-24,42.03254699707031
518,518,2021-02-25,41.49623107910156
519,519,2021-02-26,41.34169769287109
520,520,2021-03-01,41.37805938720703
521,521,2021-03-02,41.46895980834961
522,522,2021-03-03,41.64167022705078
523,523,2021-03-04,41.6325798034668
524,524,2021-03-05,42.35070037841797
525,525,2021-03-08,42.950645446777344
526,526,2021-03-09,42.659767150878906
527,527,2021-03-10,43.523319244384766
528,528,2021-03-11,43.12335586547852
529,529,2021-03-12,43.59604263305664
530,530,2021-03-15,43.26879501342773
531,531,2021-03-16,44.45050811767578
532,532,2021-03-17,44.50504302978516
533,533,2021-03-18,45.01409530639648
534,534,2021-03-19,45.259521484375
535,535,2021-03-22,46.37760162353516
536,536,2021-03-23,46.023094177246094
537,537,2021-03-24,44.33234024047852
538,538,2021-03-25,44.87773895263672
539,539,2021-03-26,46.241249084472656
540,540,2021-03-29,47.23207473754883
541,541,2021-03-30,46.70484161376953
542,542,2021-03-31,45.69585037231445
543,543,2021-04-01,45.42314910888672
544,544,2021-04-05,45.53223037719727
545,545,2021-04-06,45.53223037719727
546,546,2021-04-07,45.074337005615234
547,547,2021-04-08,44.6439323425293
548,548,2021-04-09,44.02120208740234
549,549,2021-04-12,44.71718978881836
550,550,2021-04-13,44.74467086791992
551,551,2021-04-14,44.36003494262695
552,552,2021-04-15,44.76298141479492
553,553,2021-04-16,45.23918151855469
554,554,2021-04-19,45.477272033691406
555,555,2021-04-20,45.91685485839844
556,556,2021-04-21,46.29231262207031
557,557,2021-04-22,45.35823440551758
558,558,2021-04-23,44.66225051879883
559,559,2021-04-26,43.88383483886719
560,560,2021-04-27,43.97541046142578
561,561,2021-04-28,43.56331634521485
562,562,2021-04-29,43.97541046142578
563,563,2021-04-30,43.728153228759766
564,564,2021-05-03,44.32341003417969
565,565,2021-05-04,44.1860466003418
566,566,2021-05-05,44.73550796508789
567,567,2021-05-06,45.62379837036133
568,568,2021-05-07,45.37654495239258
569,569,2021-05-10,45.92601013183594
570,570,2021-05-11,45.81612014770508
571,571,2021-05-12,45.05602264404297
572,572,2021-05-13,45.385704040527344
573,573,2021-05-14,45.1201286315918
574,574,2021-05-17,45.20255279541016
575,575,2021-05-18,44.698875427246094
576,576,2021-05-19,44.25930404663086
577,577,2021-05-20,44.74467086791992
578,578,2021-05-21,44.75382232666016
579,579,2021-05-24,44.54318618774414
580,580,2021-05-25,44.33256530761719
581,581,2021-05-26,44.28677368164063
582,582,2021-05-27,43.79225158691406
583,583,2021-05-28,44.57065582275391
584,584,2021-06-01,44.75382232666016
585,585,2021-06-02,45.477272033691406
586,586,2021-06-03,45.25749969482422
587,587,2021-06-04,45.49559020996094
588,588,2021-06-07,45.29412841796875
589,589,2021-06-08,44.982757568359375
590,590,2021-06-09,42.05228805541992
591,591,2021-06-10,41.86913299560547
592,592,2021-06-11,42.22628784179688
593,593,2021-06-14,41.96071243286133
594,594,2021-06-15,41.54861068725586
595,595,2021-06-16,41.685977935791016
596,596,2021-06-17,41.84165954589844
597,597,2021-06-18,41.45703506469727
598,598,2021-06-21,41.71344757080078
599,599,2021-06-22,41.75008392333984
600,600,2021-06-23,41.41124725341797
601,601,2021-06-24,41.3929328918457
602,602,2021-06-25,41.90576553344727
603,603,2021-06-28,41.997337341308594
604,604,2021-06-29,41.78671646118164
605,605,2021-06-30,41.75008392333984
606,606,2021-07-01,41.86913299560547
607,607,2021-07-02,41.814186096191406
608,608,2021-07-06,41.70429611206055
609,609,2021-07-07,42.19881439208984
610,610,2021-07-08,41.997337341308594
611,611,2021-07-09,41.79586791992188
612,612,2021-07-12,41.71344757080078
613,613,2021-07-13,41.27951431274414
614,614,2021-07-14,40.96560287475586
615,615,2021-07-15,41.602664947509766
616,616,2021-07-16,42.03659439086914
617,617,2021-07-19,42.3874397277832
618,618,2021-07-20,41.8057746887207
619,619,2021-07-21,41.168724060058594
620,620,2021-07-22,40.87327194213867
621,621,2021-07-23,41.1502571105957
622,622,2021-07-26,41.0948600769043
623,623,2021-07-27,41.26105117797852
624,624,2021-07-28,40.71631240844727
625,625,2021-07-29,40.56859588623047
626,626,2021-07-30,40.365478515625
627,627,2021-08-02,39.9869384765625
628,628,2021-08-03,40.02386474609375
629,629,2021-08-04,39.19292449951172
630,630,2021-08-05,38.98979568481445
631,631,2021-08-06,39.054420471191406
632,632,2021-08-09,39.32218170166016
633,633,2021-08-10,39.248313903808594
634,634,2021-08-11,39.54376602172852
635,635,2021-08-12,39.32218170166016
636,636,2021-08-13,39.86690902709961
637,637,2021-08-16,40.10696029663086
638,638,2021-08-17,40.53166580200195
639,639,2021-08-18,39.49760055541992
640,640,2021-08-19,39.885372161865234
641,641,2021-08-20,39.95923614501953
642,642,2021-08-23,39.25754928588867
643,643,2021-08-24,38.7959098815918
644,644,2021-08-25,37.95573043823242
645,645,2021-08-26,37.327903747558594
646,646,2021-08-27,38.22348403930664
647,647,2021-08-30,37.81724166870117
648,648,2021-08-31,38.52816009521485
649,649,2021-09-01,39.32218170166016
650,650,2021-09-02,39.52530288696289
651,651,2021-09-03,39.74687576293945
652,652,2021-09-07,39.58992767333984
653,653,2021-09-08,39.719181060791016
654,654,2021-09-09,39.51606369018555
655,655,2021-09-10,39.83920669555664
656,656,2021-09-13,40.46703338623047
657,657,2021-09-14,40.0330924987793
658,658,2021-09-15,40.62398910522461
659,659,2021-09-16,40.18081665039063
660,660,2021-09-17,39.87614440917969
661,661,2021-09-20,39.3314094543457
662,662,2021-09-21,38.980560302734375
663,663,2021-09-22,39.10982131958008
664,664,2021-09-23,39.03595733642578
665,665,2021-09-24,39.17444610595703
666,666,2021-09-27,39.01749420166016
667,667,2021-09-28,38.83285140991211
668,668,2021-09-29,39.56222534179688
669,669,2021-09-30,38.60203170776367
670,670,2021-10-01,38.343509674072266
671,671,2021-10-04,38.879005432128906
672,672,2021-10-05,39.29448318481445
673,673,2021-10-06,39.58320236206055
674,674,2021-10-07,39.30378723144531
675,675,2021-10-08,39.313106536865234
676,676,2021-10-11,38.99643707275391
677,677,2021-10-12,38.893985748291016
678,678,2021-10-13,38.66114807128906
679,679,2021-10-14,38.64252471923828
680,680,2021-10-15,38.33516693115234
681,681,2021-10-18,38.05575180053711
682,682,2021-10-19,38.01850891113281
683,683,2021-10-20,38.44693374633789
684,684,2021-10-21,37.8415412902832
685,685,2021-10-22,37.90673828125
686,686,2021-10-25,37.44105911254883
687,687,2021-10-26,37.97193908691406
688,688,2021-10-27,37.17095565795898
689,689,2021-10-28,37.43173599243164
690,690,2021-10-29,37.20821380615234
691,691,2021-11-01,37.63664245605469
692,692,2021-11-02,37.608699798583984
693,693,2021-11-03,38.71703338623047
694,694,2021-11-04,38.148887634277344
695,695,2021-11-05,37.9346809387207
696,696,2021-11-08,38.00919342041016
697,697,2021-11-09,38.44693374633789
698,698,2021-11-10,38.568016052246094
699,699,2021-11-11,38.12094879150391
700,700,2021-11-12,38.69839477539063
701,701,2021-11-15,38.86605072021485
702,702,2021-11-16,38.54007339477539
703,703,2021-11-17,38.735652923583984
704,704,2021-11-18,38.17683410644531
705,705,2021-11-19,37.79497909545898
706,706,2021-11-22,38.24203109741211
707,707,2021-11-23,38.66114807128906
708,708,2021-11-24,38.51212692260742
709,709,2021-11-26,38.67045974731445
710,710,2021-11-29,38.3724250793457
711,711,2021-11-30,37.5621337890625
712,712,2021-12-01,37.17095565795898
713,713,2021-12-02,37.73908996582031
714,714,2021-12-03,38.30722427368164
715,715,2021-12-06,38.46556091308594
716,716,2021-12-07,38.29790878295898
717,717,2021-12-08,38.95919036865234
718,718,2021-12-09,39.28516387939453
719,719,2021-12-10,40.18859100341797
720,720,2021-12-13,40.66359329223633
721,721,2021-12-14,40.11408615112305
722,722,2021-12-15,40.5052604675293
723,723,2021-12-16,41.147911071777344
724,724,2021-12-17,40.16065216064453
725,725,2021-12-20,40.25379180908203
726,726,2021-12-21,39.39692687988281
727,727,2021-12-22,39.08958435058594
728,728,2021-12-23,39.08026123046875
729,729,2021-12-27,39.28516387939453
730,730,2021-12-28,40.38418197631836
731,731,2021-12-29,40.25379180908203
732,732,2021-12-30,40.18859100341797
733,733,2021-12-31,40.477317810058594
734,734,2022-01-03,40.73810577392578
735,735,2022-01-04,41.092018127441406
736,736,2022-01-05,41.589820861816406
737,737,2022-01-06,42.29425811767578
738,738,2022-01-07,43.06443786621094
739,739,2022-01-10,43.05504608154297
740,740,2022-01-11,42.331825256347656
741,741,2022-01-12,42.46332550048828
742,742,2022-01-13,43.09261703491211
743,743,2022-01-14,43.56224060058594
744,744,2022-01-18,43.47770309448242
745,745,2022-01-19,43.24289321899414
746,746,2022-01-20,42.10641098022461
747,747,2022-01-21,42.5478515625
748,748,2022-01-24,42.5666389465332
749,749,2022-01-25,41.69313430786133
750,750,2022-01-26,40.88538360595703
751,751,2022-01-27,41.524070739746094
752,752,2022-01-28,41.53346252441406
753,753,2022-01-31,41.439544677734375
754,754,2022-02-01,41.46772766113281
755,755,2022-02-02,41.834022521972656
756,756,2022-02-03,41.890380859375
757,757,2022-02-04,40.47211837768555
758,758,2022-02-07,40.894775390625
759,759,2022-02-08,40.96991729736328
760,760,2022-02-09,40.81964111328125
761,761,2022-02-10,40.566043853759766
762,762,2022-02-11,41.46772766113281
763,763,2022-02-14,41.35500717163086
764,764,2022-02-15,41.44893646240234
765,765,2022-02-16,41.01688003540039
766,766,2022-02-17,41.50529098510742
767,767,2022-02-18,42.21910858154297
768,768,2022-02-22,41.974910736083984
769,769,2022-02-23,41.95611953735352
770,770,2022-02-24,40.894775390625
771,771,2022-02-25,42.44453811645508
772,772,2022-02-28,42.2379035949707
773,773,2022-03-01,41.7119255065918
774,774,2022-03-02,42.4069709777832
775,775,2022-03-03,42.78266143798828
776,776,2022-03-04,42.78266143798828
777,777,2022-03-07,42.754486083984375
778,778,2022-03-08,39.7301139831543
779,779,2022-03-09,40.04006576538086
780,780,2022-03-10,39.32623672485352
781,781,2022-03-11,39.60801315307617
782,782,2022-03-14,40.20913314819336
783,783,2022-03-15,40.82903671264648
784,784,2022-03-16,40.06824493408203
785,785,2022-03-17,40.14338302612305
786,786,2022-03-18,39.85221099853516
787,787,2022-03-21,39.88978958129883
788,788,2022-03-22,40.37819290161133
789,789,2022-03-23,40.39697647094727
790,790,2022-03-24,40.68814468383789
791,791,2022-03-25,41.82463455200195
792,792,2022-03-28,41.46772766113281
793,793,2022-03-29,42.012481689453125
794,794,2022-03-30,41.42075729370117
795,795,2022-03-31,41.86220169067383
796,796,2022-04-01,42.31303405761719
797,797,2022-04-04,42.25668716430664
798,798,2022-04-05,42.15337371826172
799,799,2022-04-06,42.51324462890625
800,800,2022-04-07,42.76895523071289
801,801,2022-04-08,43.06254577636719
802,802,2022-04-11,43.34666061401367
803,803,2022-04-12,43.28983688354492
804,804,2022-04-13,43.38454055786133
805,805,2022-04-14,43.75388717651367
806,806,2022-04-18,43.06254577636719
807,807,2022-04-19,43.75388717651367
808,808,2022-04-20,44.64411926269531
809,809,2022-04-21,44.96611785888672
810,810,2022-04-22,44.454715728759766
811,811,2022-04-25,44.35053634643555
812,812,2022-04-26,43.905418395996094
813,813,2022-04-27,44.549415588378906
814,814,2022-04-28,45.71429061889648
815,815,2022-04-29,44.71988677978516
816,816,2022-05-02,44.41683578491211
817,817,2022-05-03,44.62517929077149
818,818,2022-05-04,45.45859146118164
819,819,2022-05-05,46.04576110839844
820,820,2022-05-06,47.04016876220703
821,821,2022-05-09,48.66909790039063
822,822,2022-05-10,46.95493698120117
823,823,2022-05-11,46.73710632324219
824,824,2022-05-12,47.36216354370117
825,825,2022-05-13,47.873573303222656
826,826,2022-05-16,47.97774887084961
827,827,2022-05-17,47.61787033081055
828,828,2022-05-18,43.7728385925293
829,829,2022-05-19,43.62130355834961
830,830,2022-05-20,43.592891693115234
831,831,2022-05-23,43.71601104736328
832,832,2022-05-24,45.23128890991211
833,833,2022-05-25,45.43964385986328
834,834,2022-05-26,45.3638801574707
835,835,2022-05-27,45.657470703125
836,836,2022-05-31,45.37335205078125
837,837,2022-06-01,44.51153564453125
838,838,2022-06-02,43.32771682739258
839,839,2022-06-03,43.30877304077149
840,840,2022-06-06,43.47924423217773
841,841,2022-06-07,44.13270950317383
842,842,2022-06-08,44.80512237548828
843,843,2022-06-09,44.51153564453125
844,844,2022-06-10,44.44524002075195
845,845,2022-06-13,43.431888580322266
846,846,2022-06-14,43.03413009643555
847,847,2022-06-15,42.911014556884766
848,848,2022-06-16,42.78789520263672
849,849,2022-06-17,42.98677444458008
850,850,2022-06-21,44.51153564453125
851,851,2022-06-22,44.48311996459961
852,852,2022-06-23,44.89036178588867
853,853,2022-06-24,45.87528610229492
854,854,2022-06-27,45.5911750793457
855,855,2022-06-28,45.35440826416016
856,856,2022-06-29,45.83740997314453
857,857,2022-06-30,45.50593948364258
858,858,2022-07-01,45.922645568847656
859,859,2022-07-05,45.69535446166992
860,860,2022-07-06,46.153446197509766
861,861,2022-07-07,46.35386276245117
862,862,2022-07-08,46.3634147644043
863,863,2022-07-11,46.51611709594727
864,864,2022-07-12,46.659271240234375
865,865,2022-07-13,47.20326232910156
866,866,2022-07-14,46.81196594238281
867,867,2022-07-15,46.50656509399414
868,868,2022-07-18,45.981666564941406
869,869,2022-07-19,46.21070861816406
870,870,2022-07-20,45.85759735107422
871,871,2022-07-21,45.43766784667969
872,872,2022-07-22,45.66671752929688
873,873,2022-07-25,46.39204406738281
874,874,2022-07-26,46.76424789428711
875,875,2022-07-27,46.34432220458984
876,876,2022-07-28,46.87876892089844
877,877,2022-07-29,47.09827423095703
878,878,2022-08-01,47.31778717041016
879,879,2022-08-02,46.95512390136719
880,880,2022-08-03,47.422760009765625
881,881,2022-08-04,46.70698165893555
882,882,2022-08-05,47.16508483886719
883,883,2022-08-08,47.27960968017578
884,884,2022-08-09,47.4132194519043
885,885,2022-08-10,47.661354064941406
886,886,2022-08-11,47.80451583862305
887,887,2022-08-12,47.661354064941406
888,888,2022-08-15,47.76634216308594
889,889,2022-08-16,48.37713623046875
890,890,2022-08-17,48.37713623046875
891,891,2022-08-18,48.47257232666016
892,892,2022-08-19,48.968849182128906
893,893,2022-08-22,48.52983474731445
894,894,2022-08-23,48.82568740844727
895,895,2022-08-24,49.197898864746094
896,896,2022-08-25,48.85431671142578
897,897,2022-08-26,48.37713623046875
898,898,2022-08-29,48.806602478027344
899,899,2022-08-30,48.37713623046875
900,900,2022-08-31,48.081275939941406
901,901,2022-09-01,47.11736297607422
902,902,2022-09-02,46.88831329345703
903,903,2022-09-06,46.58292007446289
904,904,2022-09-07,47.06010437011719
905,905,2022-09-08,45.65717697143555
906,906,2022-09-09,45.74306869506836
907,907,2022-09-12,46.29660034179688
908,908,2022-09-13,45.12272644042969
909,909,2022-09-14,45.179988861083984
910,910,2022-09-15,44.94139862060547
911,911,2022-09-16,45.51401901245117
912,912,2022-09-19,45.85759735107422
913,913,2022-09-20,45.59037399291992
914,914,2022-09-21,46.31568908691406
915,915,2022-09-22,46.936031341552734
916,916,2022-09-23,46.38249969482422
917,917,2022-09-26,45.79078674316406
918,918,2022-09-27,44.93185424804688
919,919,2022-09-28,45.695350646972656
920,920,2022-09-29,44.86504364013672
921,921,2022-09-30,44.97002410888672
922,922,2022-10-03,45.54264831542969
923,923,2022-10-04,45.86713790893555
924,924,2022-10-05,45.77096557617188
925,925,2022-10-06,45.02077865600586
926,926,2022-10-07,44.84765625
927,927,2022-10-10,45.895992279052734
928,928,2022-10-11,46.76158905029297
929,929,2022-10-12,47.213623046875
930,930,2022-10-13,48.68513870239258
931,931,2022-10-14,48.44469833374024
932,932,2022-10-17,48.09845733642578
933,933,2022-10-18,48.61781692504883
934,934,2022-10-19,49.03138732910156
935,935,2022-10-20,47.97343063354492
936,936,2022-10-21,48.32928466796875
937,937,2022-10-24,48.6659049987793
938,938,2022-10-25,49.204498291015625
939,939,2022-10-26,49.56997680664063
940,940,2022-10-27,49.82003784179688
941,941,2022-10-28,50.71449279785156
942,942,2022-10-31,50.88761138916016
943,943,2022-11-01,50.56061172485352
944,944,2022-11-02,50.262454986572266
945,945,2022-11-03,49.27182769775391
946,946,2022-11-04,48.88711929321289
947,947,2022-11-07,49.16603469848633
948,948,2022-11-08,49.56997680664063
949,949,2022-11-09,49.47379684448242
950,950,2022-11-10,48.61781692504883
951,951,2022-11-11,47.09821319580078
952,952,2022-11-14,46.78082656860352
953,953,2022-11-15,46.944332122802734
954,954,2022-11-16,48.77170181274414
955,955,2022-11-17,48.56011581420898
956,956,2022-11-18,49.58921813964844
957,957,2022-11-21,50.19513320922852
958,958,2022-11-22,50.56061172485352
959,959,2022-11-23,50.53175735473633
960,960,2022-11-25,51.01264190673828
961,961,2022-11-28,50.89723205566406
962,962,2022-11-29,50.60869216918945
963,963,2022-11-30,51.618560791015625
964,964,2022-12-01,51.54161834716797
965,965,2022-12-02,52.03212738037109
966,966,2022-12-05,51.26270294189453
967,967,2022-12-06,50.96455383300781
968,968,2022-12-07,54.032623291015625
969,969,2022-12-08,54.88860702514648
970,970,2022-12-09,53.53249740600586
971,971,2022-12-12,54.73472213745117
972,972,2022-12-13,54.11918258666992
973,973,2022-12-14,54.82128143310547
974,974,2022-12-15,54.74433898925781
975,975,2022-12-16,54.87898635864258
976,976,2022-12-19,54.65778350830078
977,977,2022-12-20,54.032623291015625
978,978,2022-12-21,54.73472213745117
979,979,2022-12-22,54.64816284179688
980,980,2022-12-23,55.090576171875
981,981,2022-12-27,55.35025405883789
982,982,2022-12-28,54.85974884033203
983,983,2022-12-29,54.542362213134766
984,984,2022-12-30,54.580833435058594
985,985,2023-01-03,54.05186080932617
986,986,2023-01-04,53.98408889770508
987,987,2023-01-05,54.35198593139648
988,988,2023-01-06,55.194278717041016
989,989,2023-01-09,54.16803741455078
990,990,2023-01-10,54.21644973754883
991,991,2023-01-11,53.85823059082031
992,992,2023-01-12,52.98689651489258
993,993,2023-01-13,53.20956802368164
994,994,2023-01-17,52.91912460327149
995,995,2023-01-18,50.905372619628906
996,996,2023-01-19,50.72142028808594
997,997,2023-01-20,50.382568359375
998,998,2023-01-23,49.93721771240234
999,999,2023-01-24,49.76295471191406
1000,1000,2023-01-25,50.01466751098633
1001,1001,2023-01-26,49.05620193481445
1002,1002,2023-01-27,49.50155258178711
1003,1003,2023-01-30,50.24702835083008
1004,1004,2023-01-31,50.27606964111328
1005,1005,2023-02-01,50.02434921264648
1006,1006,2023-02-02,48.77543640136719
1007,1007,2023-02-03,49.25951385498047
1008,1008,2023-02-06,50.421295166015625
1009,1009,2023-02-07,49.6661376953125
1010,1010,2023-02-08,49.27887725830078
1011,1011,2023-02-09,48.90129470825195
1012,1012,2023-02-10,49.79199600219727
1013,1013,2023-02-13,50.15021514892578
1014,1014,2023-02-14,49.39505386352539
1015,1015,2023-02-15,49.3272819519043
1016,1016,2023-02-16,49.26919555664063
1017,1017,2023-02-17,50.68269348144531
1018,1018,2023-02-21,51.65084457397461
1019,1019,2023-02-22,51.29263305664063
1020,1020,2023-02-23,51.36039733886719
1021,1021,2023-02-24,51.4378547668457
1022,1022,2023-02-27,51.42816925048828
1023,1023,2023-02-28,50.8472785949707
1024,1024,2023-03-01,50.25670623779297
1025,1025,2023-03-02,50.750465393066406
1026,1026,2023-03-03,50.74078369140625
1027,1027,2023-03-06,50.905372619628906
1028,1028,2023-03-07,50.46969985961914
1029,1029,2023-03-08,51.44753646850586
1030,1030,2023-03-09,50.663333892822266
1031,1031,2023-03-10,50.83760070800781
1032,1032,2023-03-13,51.58307266235352
1033,1033,2023-03-14,52.05746841430664
1034,1034,2023-03-15,52.60931015014648
1035,1035,2023-03-16,52.33823394775391
1036,1036,2023-03-17,51.67988967895508
1037,1037,2023-03-20,52.35759735107422
1038,1038,2023-03-21,52.35759735107422
1039,1039,2023-03-22,51.88320159912109
1040,1040,2023-03-23,51.79606628417969
1041,1041,2023-03-24,52.80294418334961
1042,1042,2023-03-27,52.94816589355469
1043,1043,2023-03-28,53.00625228881836
1044,1044,2023-03-29,52.88039779663086
1045,1045,2023-03-30,52.66740417480469
1046,1046,2023-03-31,53.22893142700195
1047,1047,2023-04-03,53.393516540527344
1048,1048,2023-04-04,53.22893142700195
1049,1049,2023-04-05,54.1549072265625
1050,1050,2023-04-06,54.06718444824219
1051,1051,2023-04-10,53.95996475219727
1052,1052,2023-04-11,54.37908935546875
1053,1053,2023-04-12,53.95996475219727
1054,1054,2023-04-13,53.92097473144531
1055,1055,2023-04-14,53.394630432128906
1056,1056,2023-04-17,53.81375503540039
1057,1057,2023-04-18,53.72603225708008
1058,1058,2023-04-19,52.858543395996094
1059,1059,2023-04-20,53.0047492980957
1060,1060,2023-04-21,52.31270217895508
1061,1061,2023-04-24,52.13725662231445
1062,1062,2023-04-25,53.287410736083984
1063,1063,2023-04-26,53.16070175170898
1064,1064,2023-04-27,53.58957290649414
1065,1065,2023-04-28,52.9267692565918
1066,1066,2023-05-01,53.24842834472656
1067,1067,2023-05-02,53.170448303222656
1068,1068,2023-05-03,53.170448303222656
1069,1069,2023-05-04,52.956016540527344
1070,1070,2023-05-05,53.35564422607422
1071,1071,2023-05-08,53.08272171020508
1072,1072,2023-05-09,53.21918487548828
1073,1073,2023-05-10,52.97550582885742
1074,1074,2023-05-11,53.08272171020508
1075,1075,2023-05-12,52.956016540527344
1076,1076,2023-05-15,51.98130416870117
1077,1077,2023-05-16,51.679141998291016
1078,1078,2023-05-17,52.22498321533203
1079,1079,2023-05-18,51.5134391784668
1080,1080,2023-05-19,51.34774017333984
1081,1081,2023-05-22,50.28530502319336
1082,1082,2023-05-23,50.558223724365234
1083,1083,2023-05-24,50.29505157470703
1084,1084,2023-05-25,50.15859222412109
1085,1085,2023-05-26,50.20732879638672
1086,1086,2023-05-30,49.09616088867188
1087,1087,2023-05-31,49.2716064453125
1088,1088,2023-06-01,49.36907958984375
1089,1089,2023-06-02,50.16834259033203
1090,1090,2023-06-05,50.25606536865234
1091,1091,2023-06-06,49.31059646606445
1092,1092,2023-06-07,44.91465377807617
1093,1093,2023-06-08,45.58720397949219
1094,1094,2023-06-09,44.88540649414063
1095,1095,2023-06-12,44.81718063354492
1096,1096,2023-06-13,45.08035659790039
1097,1097,2023-06-14,44.74895095825195
1098,1098,2023-06-15,45.26554489135742
1099,1099,2023-06-16,45.24604797363281
1100,1100,2023-06-20,44.63198471069336
1101,1101,2023-06-21,44.5247688293457
1102,1102,2023-06-22,44.62223815917969
1103,1103,2023-06-23,44.43704605102539
1104,1104,2023-06-26,44.67097473144531
1105,1105,2023-06-27,45.0316162109375
1106,1106,2023-06-28,44.17387008666992
1107,1107,2023-06-29,44.3298225402832
1108,1108,2023-06-30,44.55400848388672
1109,1109,2023-07-03,45.33377456665039
1110,1110,2023-07-05,45.176570892333984
1111,1111,2023-07-06,45.21587371826172
1112,1112,2023-07-07,44.744258880615234
1113,1113,2023-07-10,45.1864013671875
1114,1114,2023-07-11,45.39272689819336
1115,1115,2023-07-12,45.117618560791016
1116,1116,2023-07-13,44.73443603515625
1117,1117,2023-07-14,44.59687805175781
1118,1118,2023-07-17,44.15474319458008
1119,1119,2023-07-18,44.07614135742188
1120,1120,2023-07-19,45.08814239501953
1121,1121,2023-07-20,45.73661422729492
1122,1122,2023-07-21,45.52045822143555
1123,1123,2023-07-24,45.59906005859375
1124,1124,2023-07-25,45.46150588989258
1125,1125,2023-07-26,45.38290023803711
1126,1126,2023-07-27,45.23552322387695
1127,1127,2023-07-28,45.441856384277344
1128,1128,2023-07-31,45.01936721801758
1129,1129,2023-08-01,44.704959869384766
1130,1130,2023-08-02,45.40255355834961
1131,1131,2023-08-03,44.83268737792969
1132,1132,2023-08-04,44.36107635498047
1133,1133,2023-08-07,43.56523132324219
1134,1134,2023-08-08,42.55323028564453
1135,1135,2023-08-09,43.20169448852539
1136,1136,2023-08-10,43.24099349975586
1137,1137,2023-08-11,43.28029251098633
1138,1138,2023-08-14,42.9167594909668
1139,1139,2023-08-15,42.23881912231445
1140,1140,2023-08-16,42.170040130615234
1141,1141,2023-08-17,41.62964630126953
1142,1142,2023-08-18,42.08161544799805
1143,1143,2023-08-21,41.32506942749024
1144,1144,2023-08-22,41.15803909301758
1145,1145,2023-08-23,41.05978775024414
1146,1146,2023-08-24,41.04013442993164
1147,1147,2023-08-25,41.34471893310547
1148,1148,2023-08-28,41.492095947265625
1149,1149,2023-08-29,41.54122543334961
1150,1150,2023-08-30,41.22681427001953
1151,1151,2023-08-31,40.97135925292969
1152,1152,2023-09-01,40.17551040649414
1153,1153,2023-09-05,40.49974822998047
1154,1154,2023-09-06,40.38184356689453
1155,1155,2023-09-07,41.08926010131836
1156,1156,2023-09-08,41.442970275878906
1157,1157,2023-09-11,41.97353744506836
1158,1158,2023-09-12,41.83598327636719
1159,1159,2023-09-13,41.97353744506836
1160,1160,2023-09-14,42.730079650878906
1161,1161,2023-09-15,42.28794479370117
1162,1162,2023-09-18,41.97353744506836
1163,1163,2023-09-19,41.58052444458008
1164,1164,2023-09-20,41.93423461914063
1165,1165,2023-09-21,42.150390625
1166,1166,2023-09-22,41.865455627441406
1167,1167,2023-09-25,41.246463775634766
1168,1168,2023-09-26,41.03030776977539
1169,1169,2023-09-27,40.73554992675781
1170,1170,2023-09-28,40.53904342651367
1171,1171,2023-09-29,40.3621940612793
1172,1172,2023-10-02,38.80979919433594
1173,1173,2023-10-03,39.17333221435547
1174,1174,2023-10-04,39.58985900878906
1175,1175,2023-10-05,38.84606170654297
1176,1176,2023-10-06,39.13366317749024
1177,1177,2023-10-09,39.9072151184082
1178,1178,2023-10-10,39.23283767700195
1179,1179,2023-10-11,39.103912353515625
1180,1180,2023-10-12,37.745243072509766
1181,1181,2023-10-13,39.381595611572266
1182,1182,2023-10-16,39.76837158203125
1183,1183,2023-10-17,39.30226135253906
1184,1184,2023-10-18,39.510520935058594
1185,1185,2023-10-19,39.45101547241211
1186,1186,2023-10-20,39.39151763916016
1187,1187,2023-10-23,39.183250427246094
1188,1188,2023-10-24,39.27250671386719
1189,1189,2023-10-25,40.5617561340332
1190,1190,2023-10-26,40.59150695800781
1191,1191,2023-10-27,40.105560302734375
1192,1192,2023-10-30,40.06589126586914
1193,1193,2023-10-31,40.075809478759766
1194,1194,2023-11-01,40.33365631103516
1195,1195,2023-11-02,40.93861389160156
1196,1196,2023-11-03,40.6510124206543
1197,1197,2023-11-06,40.36341094970703
1198,1198,2023-11-07,40.09564208984375
1199,1199,2023-11-08,39.93696594238281
1200,1200,2023-11-09,40.30390548706055
1201,1201,2023-11-10,40.085723876953125
1202,1202,2023-11-13,40.085723876953125
1203,1203,2023-11-14,40.2344856262207
1204,1204,2023-11-15,40.16506576538086
1205,1205,2023-11-16,40.78985595703125
1206,1206,2023-11-17,40.54192352294922
1207,1207,2023-11-20,40.39316177368164
1208,1208,2023-11-21,40.31382369995117
1209,1209,2023-11-22,40.62125778198242
1210,1210,2023-11-24,40.809688568115234
1211,1211,2023-11-27,40.49233627319336
1212,1212,2023-11-28,40.105560302734375
1213,1213,2023-11-29,39.431182861328125
1214,1214,2023-11-30,39.84770965576172
1215,1215,2023-12-01,40.26423645019531
1216,1216,2023-12-04,40.67084503173828
1217,1217,2023-12-05,40.03613662719727
1218,1218,2023-12-06,42.88240432739258
1219,1219,2023-12-07,43.08074951171875
1220,1220,2023-12-08,42.55513381958008
1221,1221,2023-12-11,43.46752548217773
1222,1222,2023-12-12,44.022891998291016
1223,1223,2023-12-13,44.96503829956055
1224,1224,2023-12-14,44.042728424072266
1225,1225,2023-12-15,43.5171127319336
1226,1226,2023-12-18,43.39810180664063
1227,1227,2023-12-19,43.31876373291016
1228,1228,2023-12-20,42.24769592285156
1229,1229,2023-12-21,42.416290283203125
1230,1230,2023-12-22,42.64439010620117
1231,1231,2023-12-26,42.62455368041992
1232,1232,2023-12-27,42.4956283569336
1233,1233,2023-12-28,42.63447189331055
1234,1234,2023-12-29,42.87248611450195
1235,1235,2024-01-02,44.369998931884766
1236,1236,2024-01-03,44.52999877929688
1237,1237,2024-01-04,43.470001220703125
1238,1238,2024-01-05,43.61000061035156
1239,1239,2024-01-08,43.93000030517578
1240,1240,2024-01-09,44.79999923706055
1241,1241,2024-01-10,43.720001220703125
1242,1242,2024-01-11,43.459999084472656
1243,1243,2024-01-12,43.41999816894531
1244,1244,2024-01-16,43.540000915527344
1245,1245,2024-01-17,44.119998931884766
1246,1246,2024-01-18,43.709999084472656
1247,1247,2024-01-19,43.150001525878906
1248,1248,2024-01-22,43.16999816894531
1249,1249,2024-01-23,44.25
1250,1250,2024-01-24,44.119998931884766
1251,1251,2024-01-25,44.2400016784668
1252,1252,2024-01-26,44.5
1253,1253,2024-01-29,43.77999877929688
1254,1254,2024-01-30,44.68000030517578
1255,1255,2024-01-31,44.630001068115234
1256,1256,2024-02-01,45.20000076293945
1257,1257,2024-02-02,44.81999969482422
1258,1258,2024-02-05,44.18000030517578
