,Unnamed: 0.1,Unnamed: 0,Date,EXR,EXR_6m,EXR_12m
0,0,0,2019-02-05,82.37030792236328,,
1,1,1,2019-02-06,82.55516052246094,,
2,2,2,2019-02-07,83.68952178955078,,
3,3,3,2019-02-08,84.34490203857422,,
4,4,4,2019-02-11,83.99198150634766,,
5,5,5,2019-02-12,83.18534088134766,,
6,6,6,2019-02-13,83.45423126220703,82.37030792236328,
7,7,7,2019-02-14,83.16854858398438,82.55516052246094,
8,8,8,2019-02-15,83.79032897949219,83.68952178955078,
9,9,9,2019-02-19,83.27777099609375,84.34490203857422,
10,10,10,2019-02-20,80.6645736694336,83.99198150634766,
11,11,11,2019-02-21,77.538818359375,83.18534088134766,
12,12,12,2019-02-22,79.4546127319336,83.45423126220703,82.37030792236328
13,13,13,2019-02-25,78.54714965820312,83.16854858398438,82.55516052246094
14,14,14,2019-02-26,78.55552673339844,83.79032897949219,83.68952178955078
15,15,15,2019-02-27,79.28656768798828,83.27777099609375,84.34490203857422
16,16,16,2019-02-28,80.6141586303711,80.6645736694336,83.99198150634766
17,17,17,2019-03-01,80.31167602539062,77.538818359375,83.18534088134766
18,18,18,2019-03-04,80.91664123535156,79.4546127319336,83.45423126220703
19,19,19,2019-03-05,82.17704772949219,78.54714965820312,83.16854858398438
20,20,20,2019-03-06,81.71489715576172,78.55552673339844,83.79032897949219
21,21,21,2019-03-07,81.44603729248047,79.28656768798828,83.27777099609375
22,22,22,2019-03-08,81.55524444580078,80.6141586303711,80.6645736694336
23,23,23,2019-03-11,83.09293365478516,80.31167602539062,77.538818359375
24,24,24,2019-03-12,83.72309875488281,80.91664123535156,79.4546127319336
25,25,25,2019-03-13,84.15164184570312,82.17704772949219,78.54714965820312
26,26,26,2019-03-14,84.7957763671875,81.71489715576172,78.55552673339844
27,27,27,2019-03-15,84.56694793701172,81.44603729248047,79.28656768798828
28,28,28,2019-03-18,84.03300476074219,81.55524444580078,80.6141586303711
29,29,29,2019-03-19,83.84651184082031,83.09293365478516,80.31167602539062
30,30,30,2019-03-20,84.13468170166016,83.72309875488281,80.91664123535156
31,31,31,2019-03-21,85.31275939941406,84.15164184570312,82.17704772949219
32,32,32,2019-03-22,85.2703857421875,84.7957763671875,81.71489715576172
33,33,33,2019-03-25,85.88909149169922,84.56694793701172,81.44603729248047
34,34,34,2019-03-26,86.2704849243164,84.03300476074219,81.55524444580078
35,35,35,2019-03-27,85.72805786132812,83.84651184082031,83.09293365478516
36,36,36,2019-03-28,87.09259033203125,84.13468170166016,83.72309875488281
37,37,37,2019-03-29,86.37218475341797,85.31275939941406,84.15164184570312
38,38,38,2019-04-01,85.75348663330078,85.2703857421875,84.7957763671875
39,39,39,2019-04-02,86.52474212646484,85.88909149169922,84.56694793701172
40,40,40,2019-04-03,86.60950469970703,86.2704849243164,84.03300476074219
41,41,41,2019-04-04,85.53311157226562,85.72805786132812,83.84651184082031
42,42,42,2019-04-05,86.14334869384766,87.09259033203125,84.13468170166016
43,43,43,2019-04-08,84.86356353759766,86.37218475341797,85.31275939941406
44,44,44,2019-04-09,85.59243774414062,85.75348663330078,85.2703857421875
45,45,45,2019-04-10,86.43997955322266,86.52474212646484,85.88909149169922
46,46,46,2019-04-11,86.10943603515625,86.60950469970703,86.2704849243164
47,47,47,2019-04-12,86.60950469970703,85.53311157226562,85.72805786132812
48,48,48,2019-04-15,86.17725372314453,86.14334869384766,87.09259033203125
49,49,49,2019-04-16,84.77881622314453,84.86356353759766,86.37218475341797
50,50,50,2019-04-17,84.5754165649414,85.59243774414062,85.75348663330078
51,51,51,2019-04-18,85.34667205810547,86.43997955322266,86.52474212646484
52,52,52,2019-04-22,84.1092529296875,86.10943603515625,86.60950469970703
53,53,53,2019-04-23,84.82968139648438,86.60950469970703,85.53311157226562
54,54,54,2019-04-24,86.28743743896484,86.17725372314453,86.14334869384766
55,55,55,2019-04-25,86.48235321044922,84.77881622314453,84.86356353759766
56,56,56,2019-04-26,87.7706069946289,84.5754165649414,85.59243774414062
57,57,57,2019-04-29,86.99934387207031,85.34667205810547,86.43997955322266
58,58,58,2019-04-30,87.88080596923828,84.1092529296875,86.10943603515625
59,59,59,2019-05-01,89.83013153076172,84.82968139648438,86.60950469970703
60,60,60,2019-05-02,90.2284698486328,86.28743743896484,86.17725372314453
61,61,61,2019-05-03,90.0759048461914,86.48235321044922,84.77881622314453
62,62,62,2019-05-06,90.05046844482422,87.7706069946289,84.5754165649414
63,63,63,2019-05-07,88.27912902832031,86.99934387207031,85.34667205810547
64,64,64,2019-05-08,87.66043090820312,87.88080596923828,84.1092529296875
65,65,65,2019-05-09,87.96553039550781,89.83013153076172,84.82968139648438
66,66,66,2019-05-10,89.73690032958984,90.2284698486328,86.28743743896484
67,67,67,2019-05-13,91.21160125732422,90.0759048461914,86.48235321044922
68,68,68,2019-05-14,90.37254333496094,90.05046844482422,87.7706069946289
69,69,69,2019-05-15,90.28778076171876,88.27912902832031,86.99934387207031
70,70,70,2019-05-16,90.05046844482422,87.66043090820312,87.88080596923828
71,71,71,2019-05-17,89.83013153076172,87.96553039550781,89.83013153076172
72,72,72,2019-05-20,89.7284164428711,89.73690032958984,90.2284698486328
73,73,73,2019-05-21,90.27082824707033,91.21160125732422,90.0759048461914
74,74,74,2019-05-22,90.05046844482422,90.37254333496094,90.05046844482422
75,75,75,2019-05-23,90.42340850830078,90.28778076171876,88.27912902832031
76,76,76,2019-05-24,90.669189453125,90.05046844482422,87.66043090820312
77,77,77,2019-05-28,89.24533081054688,89.83013153076172,87.96553039550781
78,78,78,2019-05-29,88.79612731933594,89.7284164428711,89.73690032958984
79,79,79,2019-05-30,89.55044555664062,90.27082824707033,91.21160125732422
80,80,80,2019-05-31,90.8217315673828,90.05046844482422,90.37254333496094
81,81,81,2019-06-03,90.72850799560548,90.42340850830078,90.28778076171876
82,82,82,2019-06-04,90.15218353271484,90.669189453125,90.05046844482422
83,83,83,2019-06-05,92.9999008178711,89.24533081054688,89.83013153076172
84,84,84,2019-06-06,92.30492401123048,88.79612731933594,89.7284164428711
85,85,85,2019-06-07,92.78802490234376,89.55044555664062,90.27082824707033
86,86,86,2019-06-10,92.48291778564452,90.8217315673828,90.05046844482422
87,87,87,2019-06-11,92.47443389892578,90.72850799560548,90.42340850830078
88,88,88,2019-06-12,92.2371063232422,90.15218353271484,90.669189453125
89,89,89,2019-06-13,92.33967590332033,92.9999008178711,89.24533081054688
90,90,90,2019-06-14,92.34822082519533,92.30492401123048,88.79612731933594
91,91,91,2019-06-17,92.94642639160156,92.78802490234376,89.55044555664062
92,92,92,2019-06-18,92.59606170654295,92.48291778564452,90.8217315673828
93,93,93,2019-06-19,93.22846221923828,92.47443389892578,90.72850799560548
94,94,94,2019-06-20,93.21990203857422,92.2371063232422,90.15218353271484
95,95,95,2019-06-21,92.07476043701172,92.33967590332033,92.9999008178711
96,96,96,2019-06-24,91.6388931274414,92.34822082519533,92.30492401123048
97,97,97,2019-06-25,90.92103576660156,92.94642639160156,92.78802490234376
98,98,98,2019-06-26,89.78441619873047,92.59606170654295,92.48291778564452
99,99,99,2019-06-27,90.25444793701172,93.22846221923828,92.47443389892578
100,100,100,2019-06-28,90.67318725585938,93.21990203857422,92.2371063232422
101,101,101,2019-07-01,90.33989715576172,92.07476043701172,92.33967590332033
102,102,102,2019-07-02,91.70726013183594,91.6388931274414,92.34822082519533
103,103,103,2019-07-03,92.72425079345705,90.92103576660156,92.94642639160156
104,104,104,2019-07-05,92.72425079345705,89.78441619873047,92.59606170654295
105,105,105,2019-07-08,93.51048278808594,90.25444793701172,93.22846221923828
106,106,106,2019-07-09,94.48472595214844,90.67318725585938,93.21990203857422
107,107,107,2019-07-10,95.23675537109376,90.33989715576172,92.07476043701172
108,108,108,2019-07-11,94.51890563964844,91.70726013183594,91.6388931274414
109,109,109,2019-07-12,94.74109649658205,92.72425079345705,90.92103576660156
110,110,110,2019-07-15,95.70679473876952,92.72425079345705,89.78441619873047
111,111,111,2019-07-16,95.20258331298828,93.51048278808594,90.25444793701172
112,112,112,2019-07-17,95.15131378173828,94.48472595214844,90.67318725585938
113,113,113,2019-07-18,94.93766021728516,95.23675537109376,90.33989715576172
114,114,114,2019-07-19,92.88661193847656,94.51890563964844,91.70726013183594
115,115,115,2019-07-22,92.88661193847656,94.74109649658205,92.72425079345705
116,116,116,2019-07-23,94.00613403320312,95.70679473876952,92.72425079345705
117,117,117,2019-07-24,93.85231018066406,95.20258331298828,93.51048278808594
118,118,118,2019-07-25,93.96343231201172,95.15131378173828,94.48472595214844
119,119,119,2019-07-26,94.22835540771484,94.93766021728516,95.23675537109376
120,120,120,2019-07-29,95.21112823486328,92.88661193847656,94.51890563964844
121,121,121,2019-07-30,95.6298828125,92.88661193847656,94.74109649658205
122,122,122,2019-07-31,96.04863739013672,94.00613403320312,95.70679473876952
123,123,123,2019-08-01,97.552734375,93.85231018066406,95.20258331298828
124,124,124,2019-08-02,98.11678314208984,93.96343231201172,95.15131378173828
125,125,125,2019-08-05,97.527099609375,94.22835540771484,94.93766021728516
126,126,126,2019-08-06,98.49278259277344,95.21112823486328,92.88661193847656
127,127,127,2019-08-07,99.97126007080078,95.6298828125,92.88661193847656
128,128,128,2019-08-08,101.44972229003906,96.04863739013672,94.00613403320312
129,129,129,2019-08-09,101.38990020751952,97.552734375,93.85231018066406
130,130,130,2019-08-12,101.78299713134766,98.11678314208984,93.96343231201172
131,131,131,2019-08-13,101.70611572265624,97.527099609375,94.22835540771484
132,132,132,2019-08-14,100.81730651855467,98.49278259277344,95.21112823486328
133,133,133,2019-08-15,103.23584747314452,99.97126007080078,95.6298828125
134,134,134,2019-08-16,103.08200073242188,101.44972229003906,96.04863739013672
135,135,135,2019-08-19,104.0135269165039,101.38990020751952,97.552734375
136,136,136,2019-08-20,103.37256622314452,101.78299713134766,98.11678314208984
137,137,137,2019-08-21,103.21018981933594,101.70611572265624,97.527099609375
138,138,138,2019-08-22,103.7229461669922,100.81730651855467,98.49278259277344
139,139,139,2019-08-23,103.40675354003906,103.23584747314452,99.97126007080078
140,140,140,2019-08-26,103.85113525390624,103.08200073242188,101.44972229003906
141,141,141,2019-08-27,103.60332489013672,104.0135269165039,101.38990020751952
142,142,142,2019-08-28,103.40675354003906,103.37256622314452,101.78299713134766
143,143,143,2019-08-29,103.58621978759766,103.21018981933594,101.70611572265624
144,144,144,2019-08-30,104.19298553466795,103.7229461669922,100.81730651855467
145,145,145,2019-09-03,104.65447235107422,103.40675354003906,103.23584747314452
146,146,146,2019-09-04,105.5603485107422,103.85113525390624,103.08200073242188
147,147,147,2019-09-05,103.57767486572266,103.60332489013672,104.0135269165039
148,148,148,2019-09-06,102.32997131347656,103.40675354003906,103.37256622314452
149,149,149,2019-09-09,101.08223724365234,103.58621978759766,103.21018981933594
150,150,150,2019-09-10,98.94572448730467,104.19298553466795,103.7229461669922
151,151,151,2019-09-11,99.59523010253906,104.65447235107422,103.40675354003906
152,152,152,2019-09-12,99.98833465576172,105.5603485107422,103.85113525390624
153,153,153,2019-09-13,100.0055923461914,103.57767486572266,103.60332489013672
154,154,154,2019-09-16,100.86681365966795,102.32997131347656,103.40675354003906
155,155,155,2019-09-17,101.38355255126952,101.08223724365234,103.58621978759766
156,156,156,2019-09-18,100.61705017089844,98.94572448730467,104.19298553466795
157,157,157,2019-09-19,100.63427734375,99.59523010253906,104.65447235107422
158,158,158,2019-09-20,99.88500213623048,99.98833465576172,105.5603485107422
159,159,159,2019-09-23,99.6783218383789,100.0055923461914,103.57767486572266
160,160,160,2019-09-24,100.19503021240234,100.86681365966795,102.32997131347656
161,161,161,2019-09-25,100.82373046875,101.38355255126952,101.08223724365234
162,162,162,2019-09-26,101.60746002197266,100.61705017089844,98.94572448730467
163,163,163,2019-09-27,100.49649047851562,100.63427734375,99.59523010253906
164,164,164,2019-09-30,100.60842895507812,99.88500213623048,99.98833465576172
165,165,165,2019-10-01,99.61803436279295,99.6783218383789,100.0055923461914
166,166,166,2019-10-02,99.21324920654295,100.19503021240234,100.86681365966795
167,167,167,2019-10-03,100.46202850341795,100.82373046875,101.38355255126952
168,168,168,2019-10-04,101.1510009765625,101.60746002197266,100.61705017089844
169,169,169,2019-10-07,100.54815673828124,100.49649047851562,100.63427734375
170,170,170,2019-10-08,100.78068542480467,100.60842895507812,99.88500213623048
171,171,171,2019-10-09,100.64288330078124,99.61803436279295,99.6783218383789
172,172,172,2019-10-10,100.1433563232422,99.21324920654295,100.19503021240234
173,173,173,2019-10-11,99.61803436279295,100.46202850341795,100.82373046875
174,174,174,2019-10-14,99.24769592285156,101.1510009765625,101.60746002197266
175,175,175,2019-10-15,99.04100799560548,100.54815673828124,100.49649047851562
176,176,176,2019-10-16,99.18741607666016,100.78068542480467,100.60842895507812
177,177,177,2019-10-17,98.43815612792967,100.64288330078124,99.61803436279295
178,178,178,2019-10-18,98.38645935058594,100.1433563232422,99.21324920654295
179,179,179,2019-10-21,99.5921859741211,99.61803436279295,100.46202850341795
180,180,180,2019-10-22,99.23046112060548,99.24769592285156,101.1510009765625
181,181,181,2019-10-23,99.62663269042967,99.04100799560548,100.54815673828124
182,182,182,2019-10-24,99.51468658447266,99.18741607666016,100.78068542480467
183,183,183,2019-10-25,96.65541076660156,98.43815612792967,100.64288330078124
184,184,184,2019-10-28,96.51760864257812,98.38645935058594,100.1433563232422
185,185,185,2019-10-29,97.08602142333984,99.5921859741211,99.61803436279295
186,186,186,2019-10-30,95.4669189453125,99.23046112060548,99.24769592285156
187,187,187,2019-10-31,96.68985748291016,99.62663269042967,99.04100799560548
188,188,188,2019-11-01,95.78558349609376,99.51468658447266,99.18741607666016
189,189,189,2019-11-04,93.88226318359376,96.65541076660156,98.43815612792967
190,190,190,2019-11-05,92.24593353271484,96.51760864257812,98.38645935058594
191,191,191,2019-11-06,93.78751373291016,97.08602142333984,99.5921859741211
192,192,192,2019-11-07,92.98657989501952,95.4669189453125,99.23046112060548
193,193,193,2019-11-08,91.53972625732422,96.68985748291016,99.62663269042967
194,194,194,2019-11-11,90.99715423583984,95.78558349609376,99.51468658447266
195,195,195,2019-11-12,89.9723129272461,93.88226318359376,96.65541076660156
196,196,196,2019-11-13,90.73878479003906,92.24593353271484,96.51760864257812
197,197,197,2019-11-14,92.24593353271484,93.78751373291016,97.08602142333984
198,198,198,2019-11-15,92.32344818115234,92.98657989501952,95.4669189453125
199,199,199,2019-11-18,91.7205810546875,91.53972625732422,96.68985748291016
200,200,200,2019-11-19,91.9789581298828,90.99715423583984,95.78558349609376
201,201,201,2019-11-20,92.12535858154295,89.9723129272461,93.88226318359376
202,202,202,2019-11-21,90.9799346923828,90.73878479003906,92.24593353271484
203,203,203,2019-11-22,90.94548797607422,92.24593353271484,93.78751373291016
204,204,204,2019-11-25,90.4804229736328,92.32344818115234,92.98657989501952
205,205,205,2019-11-26,92.15119171142578,91.7205810546875,91.53972625732422
206,206,206,2019-11-27,91.4708251953125,91.9789581298828,90.99715423583984
207,207,207,2019-11-29,91.3330307006836,92.12535858154295,89.9723129272461
208,208,208,2019-12-02,90.09286499023438,90.9799346923828,90.73878479003906
209,209,209,2019-12-03,91.49665069580078,90.94548797607422,92.24593353271484
210,210,210,2019-12-04,91.67752075195312,90.4804229736328,92.32344818115234
211,211,211,2019-12-05,92.22010040283205,92.15119171142578,91.7205810546875
212,212,212,2019-12-06,92.58181762695312,91.4708251953125,91.9789581298828
213,213,213,2019-12-09,91.83255004882812,91.3330307006836,92.12535858154295
214,214,214,2019-12-10,90.79045104980467,90.09286499023438,90.9799346923828
215,215,215,2019-12-11,90.3943099975586,91.49665069580078,90.94548797607422
216,216,216,2019-12-12,88.18956756591797,91.67752075195312,90.4804229736328
217,217,217,2019-12-13,88.8759536743164,92.22010040283205,92.15119171142578
218,218,218,2019-12-16,89.70137023925781,92.58181762695312,91.4708251953125
219,219,219,2019-12-17,89.2235107421875,91.83255004882812,91.3330307006836
220,220,220,2019-12-18,89.93595886230469,90.79045104980467,90.09286499023438
221,221,221,2019-12-19,90.23139190673828,90.3943099975586,91.49665069580078
222,222,222,2019-12-20,90.77009582519533,88.18956756591797,91.67752075195312
223,223,223,2019-12-23,90.18793487548828,88.8759536743164,92.22010040283205
224,224,224,2019-12-24,90.7092742919922,89.70137023925781,92.58181762695312
225,225,225,2019-12-26,90.8830337524414,89.2235107421875,91.83255004882812
226,226,226,2019-12-27,90.80485534667967,89.93595886230469,90.79045104980467
227,227,227,2019-12-30,90.63976287841795,90.23139190673828,90.3943099975586
228,228,228,2019-12-31,91.76927947998048,90.77009582519533,88.18956756591797
229,229,229,2020-01-02,90.9959945678711,90.18793487548828,88.8759536743164
230,230,230,2020-01-03,92.55123901367188,90.7092742919922,89.70137023925781
231,231,231,2020-01-06,92.49042510986328,90.8830337524414,89.2235107421875
232,232,232,2020-01-07,92.0733642578125,90.80485534667967,89.93595886230469
233,233,233,2020-01-08,92.25582122802734,90.63976287841795,90.23139190673828
234,234,234,2020-01-09,91.9951629638672,91.76927947998048,90.77009582519533
235,235,235,2020-01-10,93.63731384277344,90.9959945678711,90.18793487548828
236,236,236,2020-01-13,93.94141387939452,92.55123901367188,90.7092742919922
237,237,237,2020-01-14,94.1412582397461,92.49042510986328,90.8830337524414
238,238,238,2020-01-15,95.2186508178711,92.0733642578125,90.80485534667967
239,239,239,2020-01-16,96.36556243896484,92.25582122802734,90.63976287841795
240,240,240,2020-01-17,96.93030548095705,91.9951629638672,91.76927947998048
241,241,241,2020-01-21,97.9642562866211,93.63731384277344,90.9959945678711
242,242,242,2020-01-22,95.32291412353516,93.94141387939452,92.55123901367188
243,243,243,2020-01-23,96.06146240234376,94.1412582397461,92.49042510986328
244,244,244,2020-01-24,96.3829345703125,95.2186508178711,92.0733642578125
245,245,245,2020-01-27,96.44375610351562,96.36556243896484,92.25582122802734
246,246,246,2020-01-28,96.02669525146484,96.93030548095705,91.9951629638672
247,247,247,2020-01-29,95.0970230102539,97.9642562866211,93.63731384277344
248,248,248,2020-01-30,96.07884216308594,95.32291412353516,93.94141387939452
249,249,249,2020-01-31,96.16571807861328,96.06146240234376,94.1412582397461
250,250,250,2020-02-03,95.2099609375,96.3829345703125,95.2186508178711
251,251,251,2020-02-04,95.7573471069336,96.44375610351562,96.36556243896484
252,252,252,2020-02-05,95.1144027709961,96.02669525146484,96.93030548095705
253,253,253,2020-02-06,95.5922622680664,95.0970230102539,97.9642562866211
254,254,254,2020-02-07,95.7573471069336,96.07884216308594,95.32291412353516
255,255,255,2020-02-10,96.66097259521484,96.16571807861328,96.06146240234376
256,256,256,2020-02-11,96.92162322998048,95.2099609375,96.3829345703125
257,257,257,2020-02-12,97.45164489746094,95.7573471069336,96.44375610351562
258,258,258,2020-02-13,98.21623229980467,95.1144027709961,96.02669525146484
259,259,259,2020-02-14,100.29281616210938,95.5922622680664,95.0970230102539
260,260,260,2020-02-18,100.26675415039062,95.7573471069336,96.07884216308594
261,261,261,2020-02-19,93.38533020019533,96.66097259521484,96.16571807861328
262,262,262,2020-02-20,93.2376480102539,96.92162322998048,95.2099609375
263,263,263,2020-02-21,94.87980651855467,97.45164489746094,95.7573471069336
264,264,264,2020-02-24,94.54094696044922,98.21623229980467,95.1144027709961
265,265,265,2020-02-25,92.9683074951172,100.29281616210938,95.5922622680664
266,266,266,2020-02-26,93.54174041748048,100.26675415039062,95.7573471069336
267,267,267,2020-02-27,87.48577117919922,93.38533020019533,96.66097259521484
268,268,268,2020-02-28,87.19906616210938,93.2376480102539,96.92162322998048
269,269,269,2020-03-02,91.57811737060548,94.87980651855467,97.45164489746094
270,270,270,2020-03-03,91.79531860351562,94.54094696044922,98.21623229980467
271,271,271,2020-03-04,95.39242553710938,92.9683074951172,100.29281616210938
272,272,272,2020-03-05,96.06146240234376,93.54174041748048,100.26675415039062
273,273,273,2020-03-06,95.5922622680664,87.48577117919922,93.38533020019533
274,274,274,2020-03-09,92.01254272460938,87.19906616210938,93.2376480102539
275,275,275,2020-03-10,93.47224426269533,91.57811737060548,94.87980651855467
276,276,276,2020-03-11,90.7092742919922,91.79531860351562,94.54094696044922
277,277,277,2020-03-12,83.65410614013672,95.39242553710938,92.9683074951172
278,278,278,2020-03-13,84.70654296875,96.06146240234376,93.54174041748048
279,279,279,2020-03-16,71.60327911376953,95.5922622680664,87.48577117919922
280,280,280,2020-03-17,75.62898254394531,92.01254272460938,87.19906616210938
281,281,281,2020-03-18,78.90918731689453,93.47224426269533,91.57811737060548
282,282,282,2020-03-19,76.04120635986328,90.7092742919922,91.79531860351562
283,283,283,2020-03-20,69.91931915283203,83.65410614013672,95.39242553710938
284,284,284,2020-03-23,65.43751525878906,84.70654296875,96.06146240234376
285,285,285,2020-03-24,68.69143676757812,71.60327911376953,95.5922622680664
286,286,286,2020-03-25,72.83116149902344,75.62898254394531,92.01254272460938
287,287,287,2020-03-26,78.78641510009766,78.90918731689453,93.47224426269533
288,288,288,2020-03-27,84.2154312133789,76.04120635986328,90.7092742919922
289,289,289,2020-03-30,84.85565948486328,69.91931915283203,83.65410614013672
290,290,290,2020-03-31,83.98738098144531,65.43751525878906,84.70654296875
291,291,291,2020-04-01,82.44373321533203,68.69143676757812,71.60327911376953
292,292,292,2020-04-02,84.16278076171875,72.83116149902344,75.62898254394531
293,293,293,2020-04-03,84.31187438964844,78.78641510009766,78.90918731689453
294,294,294,2020-04-06,87.60086059570312,84.2154312133789,76.04120635986328
295,295,295,2020-04-07,85.48715209960938,84.85565948486328,69.91931915283203
296,296,296,2020-04-08,86.11864471435547,83.98738098144531,65.43751525878906
297,297,297,2020-04-09,90.25836181640624,82.44373321533203,68.69143676757812
298,298,298,2020-04-13,84.5925521850586,84.16278076171875,72.83116149902344
299,299,299,2020-04-14,83.86458587646484,84.31187438964844,78.78641510009766
300,300,300,2020-04-15,81.56669616699219,87.60086059570312,84.2154312133789
301,301,301,2020-04-16,80.14584350585938,85.48715209960938,84.85565948486328
302,302,302,2020-04-17,81.6543960571289,86.11864471435547,83.98738098144531
303,303,303,2020-04-20,78.37419128417969,90.25836181640624,82.44373321533203
304,304,304,2020-04-21,77.90056610107422,84.5925521850586,84.16278076171875
305,305,305,2020-04-22,80.25109100341797,83.86458587646484,84.31187438964844
306,306,306,2020-04-23,77.11121368408203,81.56669616699219,87.60086059570312
307,307,307,2020-04-24,77.96196746826172,80.14584350585938,85.48715209960938
308,308,308,2020-04-27,80.39143371582031,81.6543960571289,86.11864471435547
309,309,309,2020-04-28,81.2772445678711,78.37419128417969,90.25836181640624
310,310,310,2020-04-29,78.53206634521484,77.90056610107422,84.5925521850586
311,311,311,2020-04-30,77.39186096191406,80.25109100341797,83.86458587646484
312,312,312,2020-05-01,76.44465637207031,77.11121368408203,81.56669616699219
313,313,313,2020-05-04,74.81332397460938,77.96196746826172,80.14584350585938
314,314,314,2020-05-05,75.33953857421875,80.39143371582031,81.6543960571289
315,315,315,2020-05-06,73.67315673828125,81.2772445678711,78.37419128417969
316,316,316,2020-05-07,77.33049774169922,78.53206634521484,77.90056610107422
317,317,317,2020-05-08,80.417724609375,77.39186096191406,80.25109100341797
318,318,318,2020-05-11,80.5843734741211,76.44465637207031,77.11121368408203
319,319,319,2020-05-12,74.82209014892578,74.81332397460938,77.96196746826172
320,320,320,2020-05-13,74.01519012451172,75.33953857421875,80.39143371582031
321,321,321,2020-05-14,73.84855651855469,73.67315673828125,81.2772445678711
322,322,322,2020-05-15,71.75237274169922,77.33049774169922,78.53206634521484
323,323,323,2020-05-18,76.4183349609375,80.417724609375,77.39186096191406
324,324,324,2020-05-19,76.69898986816406,80.5843734741211,76.44465637207031
325,325,325,2020-05-20,76.84811401367188,74.82209014892578,74.81332397460938
326,326,326,2020-05-21,76.24293518066406,74.01519012451172,75.33953857421875
327,327,327,2020-05-22,75.62898254394531,73.84855651855469,73.67315673828125
328,328,328,2020-05-26,80.85626983642578,71.75237274169922,77.33049774169922
329,329,329,2020-05-27,82.77702331542969,76.4183349609375,80.417724609375
330,330,330,2020-05-28,85.26789855957031,76.69898986816406,80.5843734741211
331,331,331,2020-05-29,84.85565948486328,76.84811401367188,74.82209014892578
332,332,332,2020-06-01,86.67118072509766,76.24293518066406,74.01519012451172
333,333,333,2020-06-02,87.86398315429688,75.62898254394531,73.84855651855469
334,334,334,2020-06-03,89.79352569580078,80.85626983642578,71.75237274169922
335,335,335,2020-06-04,88.98661804199219,82.77702331542969,76.4183349609375
336,336,336,2020-06-05,90.63549041748048,85.26789855957031,76.69898986816406
337,337,337,2020-06-08,91.70551300048828,84.85565948486328,76.84811401367188
338,338,338,2020-06-09,90.29344177246094,86.67118072509766,76.24293518066406
339,339,339,2020-06-10,88.28496551513672,87.86398315429688,75.62898254394531
340,340,340,2020-06-11,82.54898834228516,89.79352569580078,80.85626983642578
341,341,341,2020-06-12,85.63948822021484,88.98661804199219,82.77702331542969
342,342,342,2020-06-15,86.26820373535156,90.63549041748048,85.26789855957031
343,343,343,2020-06-16,86.44532012939453,91.70551300048828,84.85565948486328
344,344,344,2020-06-17,85.88741302490234,90.29344177246094,86.67118072509766
345,345,345,2020-06-18,84.58568572998047,88.28496551513672,87.86398315429688
346,346,346,2020-06-19,82.3276138305664,82.54898834228516,89.79352569580078
347,347,347,2020-06-22,82.19477081298828,85.63948822021484,88.98661804199219
348,348,348,2020-06-23,81.17642211914062,86.26820373535156,90.63549041748048
349,349,349,2020-06-24,80.12265014648438,86.44532012939453,91.70551300048828
350,350,350,2020-06-25,81.28266906738281,85.88741302490234,90.29344177246094
351,351,351,2020-06-26,80.59198760986328,84.58568572998047,88.28496551513672
352,352,352,2020-06-29,81.31809997558594,82.3276138305664,82.54898834228516
353,353,353,2020-06-30,81.79629516601562,82.19477081298828,85.63948822021484
354,354,354,2020-07-01,85.86087799072266,81.17642211914062,86.26820373535156
355,355,355,2020-07-02,86.11767578125,80.12265014648438,86.44532012939453
356,356,356,2020-07-06,85.19673156738281,81.28266906738281,85.88741302490234
357,357,357,2020-07-07,84.19608306884766,80.59198760986328,84.58568572998047
358,358,358,2020-07-08,84.71854400634766,81.31809997558594,82.3276138305664
359,359,359,2020-07-09,84.31118774414062,81.79629516601562,82.19477081298828
360,360,360,2020-07-10,85.2321548461914,85.86087799072266,81.17642211914062
361,361,361,2020-07-13,85.0107650756836,86.11767578125,80.12265014648438
362,362,362,2020-07-14,86.16197204589844,85.19673156738281,81.28266906738281
363,363,363,2020-07-15,86.8526611328125,84.19608306884766,80.59198760986328
364,364,364,2020-07-16,85.6306381225586,84.71854400634766,81.31809997558594
365,365,365,2020-07-17,87.38397979736328,84.31118774414062,81.79629516601562
366,366,366,2020-07-20,85.8697509765625,85.2321548461914,85.86087799072266
367,367,367,2020-07-21,85.6926040649414,85.0107650756836,86.11767578125
368,368,368,2020-07-22,86.72869873046875,86.16197204589844,85.19673156738281
369,369,369,2020-07-23,85.86087799072266,86.8526611328125,84.19608306884766
370,370,370,2020-07-24,84.47945404052734,85.6306381225586,84.71854400634766
371,371,371,2020-07-27,84.62113952636719,87.38397979736328,84.31118774414062
372,372,372,2020-07-28,88.18981170654297,85.8697509765625,85.2321548461914
373,373,373,2020-07-29,89.3144302368164,85.6926040649414,85.0107650756836
374,374,374,2020-07-30,89.89002227783203,86.72869873046875,86.16197204589844
375,375,375,2020-07-31,91.51053619384766,85.86087799072266,86.8526611328125
376,376,376,2020-08-03,90.25310516357422,84.47945404052734,85.6306381225586
377,377,377,2020-08-04,93.08678436279295,84.62113952636719,87.38397979736328
378,378,378,2020-08-05,90.5630340576172,88.18981170654297,85.8697509765625
379,379,379,2020-08-06,89.52694702148438,89.3144302368164,85.6926040649414
380,380,380,2020-08-07,91.88248443603516,89.89002227783203,86.72869873046875
381,381,381,2020-08-10,93.00709533691406,91.51053619384766,85.86087799072266
382,382,382,2020-08-11,91.20061492919922,90.25310516357422,84.47945404052734
383,383,383,2020-08-12,91.64337921142578,93.08678436279295,84.62113952636719
384,384,384,2020-08-13,91.2360382080078,90.5630340576172,88.18981170654297
385,385,385,2020-08-14,92.28095245361328,89.52694702148438,89.3144302368164
386,386,386,2020-08-17,92.6971435546875,91.88248443603516,89.89002227783203
387,387,387,2020-08-18,93.06021881103516,93.00709533691406,91.51053619384766
388,388,388,2020-08-19,90.50105285644533,91.20061492919922,90.25310516357422
389,389,389,2020-08-20,92.2366714477539,91.64337921142578,93.08678436279295
390,390,390,2020-08-21,93.25502014160156,91.2360382080078,90.5630340576172
391,391,391,2020-08-24,94.07857513427734,92.28095245361328,89.52694702148438
392,392,392,2020-08-25,93.91917419433594,92.6971435546875,91.88248443603516
393,393,393,2020-08-26,93.68894958496094,93.06021881103516,93.00709533691406
394,394,394,2020-08-27,94.33538055419922,90.50105285644533,91.20061492919922
395,395,395,2020-08-28,94.52133178710938,92.2366714477539,91.64337921142578
396,396,396,2020-08-31,94.35308837890624,93.25502014160156,91.2360382080078
397,397,397,2020-09-01,94.61874389648438,94.07857513427734,92.28095245361328
398,398,398,2020-09-02,96.0444564819336,93.91917419433594,92.6971435546875
399,399,399,2020-09-03,95.76993560791016,93.68894958496094,93.06021881103516
400,400,400,2020-09-04,95.9470443725586,94.33538055419922,90.50105285644533
401,401,401,2020-09-08,95.6636734008789,94.52133178710938,92.2366714477539
402,402,402,2020-09-09,98.13430786132812,94.35308837890624,93.25502014160156
403,403,403,2020-09-10,97.3019027709961,94.61874389648438,94.07857513427734
404,404,404,2020-09-11,98.4619369506836,96.0444564819336,93.91917419433594
405,405,405,2020-09-14,99.39041900634766,95.76993560791016,93.68894958496094
406,406,406,2020-09-15,99.22972106933594,95.9470443725586,94.33538055419922
407,407,407,2020-09-16,100.2474594116211,95.6636734008789,94.52133178710938
408,408,408,2020-09-17,99.28328704833984,98.13430786132812,94.35308837890624
409,409,409,2020-09-18,97.5959701538086,97.3019027709961,94.61874389648438
410,410,410,2020-09-21,96.02473449707033,98.4619369506836,96.0444564819336
411,411,411,2020-09-22,96.27469635009766,99.39041900634766,95.76993560791016
412,412,412,2020-09-23,93.1947021484375,99.22972106933594,95.9470443725586
413,413,413,2020-09-24,92.7751007080078,100.2474594116211,95.6636734008789
414,414,414,2020-09-25,94.14100646972656,99.28328704833984,98.13430786132812
415,415,415,2020-09-28,96.52467346191406,97.5959701538086,97.3019027709961
416,416,416,2020-09-29,95.7390594482422,96.02473449707033,98.4619369506836
417,417,417,2020-09-30,95.51585388183594,96.27469635009766,99.39041900634766
418,418,418,2020-10-01,97.52454376220705,93.1947021484375,99.22972106933594
419,419,419,2020-10-02,100.33672332763672,92.7751007080078,100.2474594116211
420,420,420,2020-10-05,100.69384765625,94.14100646972656,99.28328704833984
421,421,421,2020-10-06,99.94392395019533,96.52467346191406,97.5959701538086
422,422,422,2020-10-07,100.46170806884766,95.7390594482422,96.02473449707033
423,423,423,2020-10-08,101.55087280273438,95.51585388183594,96.27469635009766
424,424,424,2020-10-09,101.19377136230467,97.52454376220705,93.1947021484375
425,425,425,2020-10-12,101.6937255859375,100.33672332763672,92.7751007080078
426,426,426,2020-10-13,101.01522827148438,100.69384765625,94.14100646972656
427,427,427,2020-10-14,101.21163177490234,99.94392395019533,96.52467346191406
428,428,428,2020-10-15,102.61327362060548,100.46170806884766,95.7390594482422
429,429,429,2020-10-16,102.33650970458984,101.55087280273438,95.51585388183594
430,430,430,2020-10-19,101.53303527832033,101.19377136230467,97.52454376220705
431,431,431,2020-10-20,102.10438537597656,101.6937255859375,100.33672332763672
432,432,432,2020-10-21,102.97927856445312,101.01522827148438,100.69384765625
433,433,433,2020-10-22,104.8629913330078,101.21163177490234,99.94392395019533
434,434,434,2020-10-23,105.93431091308594,102.61327362060548,100.46170806884766
435,435,435,2020-10-26,105.8896713256836,102.33650970458984,101.55087280273438
436,436,436,2020-10-27,104.53267669677734,101.53303527832033,101.19377136230467
437,437,437,2020-10-28,103.291748046875,102.10438537597656,101.6937255859375
438,438,438,2020-10-29,103.84526824951172,102.97927856445312,101.01522827148438
439,439,439,2020-10-30,103.51494598388672,104.8629913330078,101.21163177490234
440,440,440,2020-11-02,103.42566680908205,105.93431091308594,102.61327362060548
441,441,441,2020-11-03,104.31841278076172,105.8896713256836,102.33650970458984
442,442,442,2020-11-04,104.7647933959961,104.53267669677734,101.53303527832033
443,443,443,2020-11-05,101.68480682373048,103.291748046875,102.10438537597656
444,444,444,2020-11-06,100.63134002685548,103.84526824951172,102.97927856445312
445,445,445,2020-11-09,95.45335388183594,103.51494598388672,104.8629913330078
446,446,446,2020-11-10,103.12213134765624,103.42566680908205,105.93431091308594
447,447,447,2020-11-11,105.33615112304688,104.31841278076172,105.8896713256836
448,448,448,2020-11-12,103.18462371826172,104.7647933959961,104.53267669677734
449,449,449,2020-11-13,105.09512329101562,101.68480682373048,103.291748046875
450,450,450,2020-11-16,105.2647476196289,100.63134002685548,103.84526824951172
451,451,451,2020-11-17,105.22903442382812,95.45335388183594,103.51494598388672
452,452,452,2020-11-18,100.98844909667967,103.12213134765624,103.42566680908205
453,453,453,2020-11-19,100.54207611083984,105.33615112304688,104.31841278076172
454,454,454,2020-11-20,100.60456085205078,103.18462371826172,104.7647933959961
455,455,455,2020-11-23,98.9976043701172,105.09512329101562,101.68480682373048
456,456,456,2020-11-24,98.20305633544922,105.2647476196289,100.63134002685548
457,457,457,2020-11-25,99.97962188720705,105.22903442382812,95.45335388183594
458,458,458,2020-11-27,98.20305633544922,100.98844909667967,103.12213134765624
459,459,459,2020-11-30,100.6402587890625,100.54207611083984,105.33615112304688
460,460,460,2020-12-01,101.47053527832033,100.60456085205078,103.18462371826172
461,461,461,2020-12-02,99.47075653076172,98.9976043701172,105.09512329101562
462,462,462,2020-12-03,101.32770538330078,98.20305633544922,105.2647476196289
463,463,463,2020-12-04,102.0865478515625,99.97962188720705,105.22903442382812
464,464,464,2020-12-07,102.66683197021484,98.20305633544922,100.98844909667967
465,465,465,2020-12-08,101.39911651611328,100.6402587890625,100.54207611083984
466,466,466,2020-12-09,100.43492889404295,101.47053527832033,100.60456085205078
467,467,467,2020-12-10,98.22089385986328,99.47075653076172,98.9976043701172
468,468,468,2020-12-11,98.56014251708984,101.32770538330078,98.20305633544922
469,469,469,2020-12-14,98.90218353271484,102.0865478515625,99.97962188720705
470,470,470,2020-12-15,100.4953384399414,102.66683197021484,98.20305633544922
471,471,471,2020-12-16,99.97331237792967,101.39911651611328,100.6402587890625
472,472,472,2020-12-17,102.7635726928711,100.43492889404295,101.47053527832033
473,473,473,2020-12-18,101.25142669677734,98.22089385986328,99.47075653076172
474,474,474,2020-12-21,102.80858612060548,98.56014251708984,101.32770538330078
475,475,475,2020-12-22,103.68167877197266,98.90218353271484,102.0865478515625
476,476,476,2020-12-23,101.55746459960938,100.4953384399414,102.66683197021484
477,477,477,2020-12-24,102.96160125732422,99.97331237792967,101.39911651611328
478,478,478,2020-12-28,102.43055725097656,102.7635726928711,100.43492889404295
479,479,479,2020-12-29,102.43955993652344,101.25142669677734,98.22089385986328
480,480,480,2020-12-30,103.2496337890625,102.80858612060548,98.56014251708984
481,481,481,2020-12-31,104.28474426269533,103.68167877197266,98.90218353271484
482,482,482,2021-01-04,99.2712173461914,101.55746459960938,100.4953384399414
483,483,483,2021-01-05,98.00208282470705,102.96160125732422,99.97331237792967
484,484,484,2021-01-06,97.8490753173828,102.43055725097656,102.7635726928711
485,485,485,2021-01-07,98.0831069946289,102.43955993652344,101.25142669677734
486,486,486,2021-01-08,100.85539245605467,103.2496337890625,102.80858612060548
487,487,487,2021-01-11,100.22531127929688,104.28474426269533,103.68167877197266
488,488,488,2021-01-12,100.72037506103516,99.2712173461914,101.55746459960938
489,489,489,2021-01-13,100.68436431884766,98.00208282470705,102.96160125732422
490,490,490,2021-01-14,99.2622299194336,97.8490753173828,102.43055725097656
491,491,491,2021-01-15,100.97239685058594,98.0831069946289,102.43955993652344
492,492,492,2021-01-19,100.5043487548828,100.85539245605467,103.2496337890625
493,493,493,2021-01-20,103.33963775634766,100.22531127929688,104.28474426269533
494,494,494,2021-01-21,103.23163604736328,100.72037506103516,99.2712173461914
495,495,495,2021-01-22,103.87969970703124,100.68436431884766,98.00208282470705
496,496,496,2021-01-25,104.36575317382812,99.2622299194336,97.8490753173828
497,497,497,2021-01-26,105.29283905029295,100.97239685058594,98.0831069946289
498,498,498,2021-01-27,103.6186752319336,100.5043487548828,100.85539245605467
499,499,499,2021-01-28,101.96250915527344,103.33963775634766,100.22531127929688
500,500,500,2021-01-29,102.42154693603516,103.23163604736328,100.72037506103516
501,501,501,2021-02-01,104.96881103515624,103.87969970703124,100.68436431884766
502,502,502,2021-02-02,105.41886901855467,104.36575317382812,99.2622299194336
503,503,503,2021-02-03,104.41976165771484,105.29283905029295,100.97239685058594
504,504,504,2021-02-04,105.25684356689452,103.6186752319336,100.5043487548828
505,505,505,2021-02-05,104.96881103515624,101.96250915527344,103.33963775634766
506,506,506,2021-02-08,105.47286224365234,102.42154693603516,103.23163604736328
507,507,507,2021-02-09,107.6960906982422,104.96881103515624,103.87969970703124
508,508,508,2021-02-10,106.4899673461914,105.41886901855467,104.36575317382812
509,509,509,2021-02-11,105.96791076660156,104.41976165771484,105.29283905029295
510,510,510,2021-02-12,105.20281982421876,105.25684356689452,103.6186752319336
511,511,511,2021-02-16,105.48185729980467,104.96881103515624,101.96250915527344
512,512,512,2021-02-17,106.01292419433594,105.47286224365234,102.42154693603516
513,513,513,2021-02-18,106.50798034667967,107.6960906982422,104.96881103515624
514,514,514,2021-02-19,107.67809295654295,106.4899673461914,105.41886901855467
515,515,515,2021-02-22,108.67719268798828,105.96791076660156,104.41976165771484
516,516,516,2021-02-23,113.86172485351562,105.20281982421876,105.25684356689452
517,517,517,2021-02-24,114.40177917480467,105.48185729980467,104.96881103515624
518,518,518,2021-02-25,116.5890121459961,106.01292419433594,105.47286224365234
519,519,519,2021-02-26,113.1416473388672,106.50798034667967,107.6960906982422
520,520,520,2021-03-01,111.42247772216795,107.67809295654295,106.4899673461914
521,521,521,2021-03-02,112.2685546875,108.67719268798828,105.96791076660156
522,522,522,2021-03-03,111.05343627929688,113.86172485351562,105.20281982421876
523,523,523,2021-03-04,109.82931518554688,114.40177917480467,105.48185729980467
524,524,524,2021-03-05,111.43148040771484,116.5890121459961,106.01292419433594
525,525,525,2021-03-08,113.96075439453124,113.1416473388672,106.50798034667967
526,526,526,2021-03-09,114.96883392333984,111.42247772216795,107.67809295654295
527,527,527,2021-03-10,116.17495727539062,112.2685546875,108.67719268798828
528,528,528,2021-03-11,116.42698669433594,111.05343627929688,113.86172485351562
529,529,529,2021-03-12,119.47486114501952,109.82931518554688,114.40177917480467
530,530,530,2021-03-15,121.10765838623048,111.43148040771484,116.5890121459961
531,531,531,2021-03-16,121.50677490234376,113.96075439453124,113.1416473388672
532,532,532,2021-03-17,119.13922882080078,114.96883392333984,111.42247772216795
533,533,533,2021-03-18,119.82864379882812,116.17495727539062,112.2685546875
534,534,534,2021-03-19,114.61278533935548,116.42698669433594,111.05343627929688
535,535,535,2021-03-22,116.254638671875,119.47486114501952,109.82931518554688
536,536,536,2021-03-23,118.28655242919922,121.10765838623048,111.43148040771484
537,537,537,2021-03-24,118.80359649658205,121.50677490234376,113.96075439453124
538,538,538,2021-03-25,118.83082580566406,119.13922882080078,114.96883392333984
539,539,539,2021-03-26,120.27311706542967,119.82864379882812,116.17495727539062
540,540,540,2021-03-29,120.8264389038086,114.61278533935548,116.42698669433594
541,541,541,2021-03-30,120.64501190185548,116.254638671875,119.47486114501952
542,542,542,2021-03-31,120.23683166503906,118.28655242919922,121.10765838623048
543,543,543,2021-04-01,122.86743927001952,118.80359649658205,121.50677490234376
544,544,544,2021-04-05,122.4683074951172,118.83082580566406,119.13922882080078
545,545,545,2021-04-06,124.41860961914062,120.27311706542967,119.82864379882812
546,546,546,2021-04-07,124.8177261352539,120.8264389038086,114.61278533935548
547,547,547,2021-04-08,124.79959106445312,120.64501190185548,116.254638671875
548,548,548,2021-04-09,125.52526092529295,120.23683166503906,118.28655242919922
549,549,549,2021-04-12,126.33258056640624,122.86743927001952,118.80359649658205
550,550,550,2021-04-13,128.0379180908203,122.4683074951172,118.83082580566406
551,551,551,2021-04-14,126.11488342285156,124.41860961914062,120.27311706542967
552,552,552,2021-04-15,128.9722442626953,124.8177261352539,120.8264389038086
553,553,553,2021-04-16,129.36228942871094,124.79959106445312,120.64501190185548
554,554,554,2021-04-19,130.55970764160156,125.52526092529295,120.23683166503906
555,555,555,2021-04-20,132.79116821289062,126.33258056640624,122.86743927001952
556,556,556,2021-04-21,132.7821044921875,128.0379180908203,122.4683074951172
557,557,557,2021-04-22,133.34449768066406,126.11488342285156,124.41860961914062
558,558,558,2021-04-23,133.83433532714844,128.9722442626953,124.8177261352539
559,559,559,2021-04-26,132.97259521484375,129.36228942871094,124.79959106445312
560,560,560,2021-04-27,133.58033752441406,130.55970764160156,125.52526092529295
561,561,561,2021-04-28,132.9635009765625,132.79116821289062,126.33258056640624
562,562,562,2021-04-29,133.18125915527344,132.7821044921875,128.0379180908203
563,563,563,2021-04-30,134.87750244140625,133.34449768066406,126.11488342285156
564,564,564,2021-05-03,132.0926971435547,133.83433532714844,128.9722442626953
565,565,565,2021-05-04,134.46929931640625,132.97259521484375,129.36228942871094
566,566,566,2021-05-05,132.3013458251953,133.58033752441406,130.55970764160156
567,567,567,2021-05-06,132.0382843017578,132.9635009765625,132.79116821289062
568,568,568,2021-05-07,133.56222534179688,133.18125915527344,132.7821044921875
569,569,569,2021-05-10,134.10647583007812,134.87750244140625,133.34449768066406
570,570,570,2021-05-11,131.62100219726562,132.0926971435547,133.83433532714844
571,571,571,2021-05-12,128.6275634765625,134.46929931640625,132.97259521484375
572,572,572,2021-05-13,131.52122497558594,132.3013458251953,133.58033752441406
573,573,573,2021-05-14,131.19468688964844,132.0382843017578,132.9635009765625
574,574,574,2021-05-17,132.0836181640625,133.56222534179688,133.18125915527344
575,575,575,2021-05-18,131.757080078125,134.10647583007812,134.87750244140625
576,576,576,2021-05-19,131.466796875,131.62100219726562,132.0926971435547
577,577,577,2021-05-20,132.4736785888672,128.6275634765625,134.46929931640625
578,578,578,2021-05-21,132.28318786621094,131.52122497558594,132.3013458251953
579,579,579,2021-05-24,133.2628631591797,131.19468688964844,132.0382843017578
580,580,580,2021-05-25,134.04299926757812,132.0836181640625,133.56222534179688
581,581,581,2021-05-26,133.60755920410156,131.757080078125,134.10647583007812
582,582,582,2021-05-27,133.6166229248047,131.466796875,131.62100219726562
583,583,583,2021-05-28,135.89346313476562,132.4736785888672,128.6275634765625
584,584,584,2021-06-01,137.88906860351562,132.28318786621094,131.52122497558594
585,585,585,2021-06-02,139.69424438476562,133.2628631591797,131.19468688964844
586,586,586,2021-06-03,139.49468994140625,134.04299926757812,132.0836181640625
587,587,587,2021-06-04,139.84844970703125,133.60755920410156,131.757080078125
588,588,588,2021-06-07,142.0345916748047,133.6166229248047,131.466796875
589,589,589,2021-06-08,143.78529357910156,135.89346313476562,132.4736785888672
590,590,590,2021-06-09,143.8397216796875,137.88906860351562,132.28318786621094
591,591,591,2021-06-10,144.37489318847656,139.69424438476562,133.2628631591797
592,592,592,2021-06-11,144.63795471191406,139.49468994140625,134.04299926757812
593,593,593,2021-06-14,145.9980926513672,139.84844970703125,133.60755920410156
594,594,594,2021-06-15,146.0345916748047,142.0345916748047,133.6166229248047
595,595,595,2021-06-16,145.62384033203125,143.78529357910156,135.89346313476562
596,596,596,2021-06-17,147.2943115234375,143.8397216796875,137.88906860351562
597,597,597,2021-06-18,145.5142822265625,144.37489318847656,139.69424438476562
598,598,598,2021-06-21,149.39382934570312,144.63795471191406,139.49468994140625
599,599,599,2021-06-22,148.72743225097656,145.9980926513672,139.84844970703125
600,600,600,2021-06-23,150.4161834716797,146.0345916748047,142.0345916748047
601,601,601,2021-06-24,149.45770263671875,145.62384033203125,143.78529357910156
602,602,602,2021-06-25,151.88583374023438,147.2943115234375,143.8397216796875
603,603,603,2021-06-28,151.15557861328125,145.5142822265625,144.37489318847656
604,604,604,2021-06-29,150.27923583984375,149.39382934570312,144.63795471191406
605,605,605,2021-06-30,149.5398712158203,148.72743225097656,145.9980926513672
606,606,606,2021-07-01,150.5348663330078,150.4161834716797,146.0345916748047
607,607,607,2021-07-02,152.31488037109375,149.45770263671875,145.62384033203125
608,608,608,2021-07-06,155.9479217529297,151.88583374023438,147.2943115234375
609,609,609,2021-07-07,156.55039978027344,151.15557861328125,145.5142822265625
610,610,610,2021-07-08,154.74302673339844,150.27923583984375,149.39382934570312
611,611,611,2021-07-09,158.0930938720703,149.5398712158203,148.72743225097656
612,612,612,2021-07-12,159.4532012939453,150.5348663330078,150.4161834716797
613,613,613,2021-07-13,156.63253784179688,152.31488037109375,149.45770263671875
614,614,614,2021-07-14,157.33546447753906,155.9479217529297,151.88583374023438
615,615,615,2021-07-15,157.67318725585938,156.55039978027344,151.15557861328125
616,616,616,2021-07-16,156.95204162597656,154.74302673339844,150.27923583984375
617,617,617,2021-07-19,153.79364013671875,158.0930938720703,149.5398712158203
618,618,618,2021-07-20,155.7744903564453,159.4532012939453,150.5348663330078
619,619,619,2021-07-21,152.85345458984375,156.63253784179688,152.31488037109375
620,620,620,2021-07-22,154.05838012695312,157.33546447753906,155.9479217529297
621,621,621,2021-07-23,156.46827697753906,157.67318725585938,156.55039978027344
622,622,622,2021-07-26,155.8749237060547,156.95204162597656,154.74302673339844
623,623,623,2021-07-27,156.82424926757812,153.79364013671875,158.0930938720703
624,624,624,2021-07-28,157.52713012695312,155.7744903564453,159.4532012939453
625,625,625,2021-07-29,158.59515380859375,152.85345458984375,156.63253784179688
626,626,626,2021-07-30,158.9602813720703,154.05838012695312,157.33546447753906
627,627,627,2021-08-02,160.010009765625,156.46827697753906,157.67318725585938
628,628,628,2021-08-03,161.1602020263672,155.8749237060547,156.95204162597656
629,629,629,2021-08-04,160.41168212890625,156.82424926757812,153.79364013671875
630,630,630,2021-08-05,160.5211944580078,157.52713012695312,155.7744903564453
631,631,631,2021-08-06,160.21084594726562,158.59515380859375,152.85345458984375
632,632,632,2021-08-09,160.05567932128906,158.9602813720703,154.05838012695312
633,633,633,2021-08-10,158.51296997070312,160.010009765625,156.46827697753906
634,634,634,2021-08-11,158.3030242919922,161.1602020263672,155.8749237060547
635,635,635,2021-08-12,159.43496704101562,160.41168212890625,156.82424926757812
636,636,636,2021-08-13,160.36602783203125,160.5211944580078,157.52713012695312
637,637,637,2021-08-16,160.01914978027344,160.21084594726562,158.59515380859375
638,638,638,2021-08-17,161.0050048828125,160.05567932128906,158.9602813720703
639,639,639,2021-08-18,159.26150512695312,158.51296997070312,160.010009765625
640,640,640,2021-08-19,161.1145477294922,158.3030242919922,161.1602020263672
641,641,641,2021-08-20,162.08216857910156,159.43496704101562,160.41168212890625
642,642,642,2021-08-23,161.9361114501953,160.36602783203125,160.5211944580078
643,643,643,2021-08-24,162.30125427246094,160.01914978027344,160.21084594726562
644,644,644,2021-08-25,164.51943969726562,161.0050048828125,160.05567932128906
645,645,645,2021-08-26,165.67869567871094,159.26150512695312,158.51296997070312
646,646,646,2021-08-27,167.45870971679688,161.1145477294922,158.3030242919922
647,647,647,2021-08-30,169.46694946289062,162.08216857910156,159.43496704101562
648,648,648,2021-08-31,170.61712646484375,161.9361114501953,160.36602783203125
649,649,649,2021-09-01,173.23695373535156,162.30125427246094,160.01914978027344
650,650,650,2021-09-02,174.90744018554688,164.51943969726562,161.0050048828125
651,651,651,2021-09-03,176.82437133789062,165.67869567871094,159.26150512695312
652,652,652,2021-09-07,174.2593231201172,167.45870971679688,161.1145477294922
653,653,653,2021-09-08,175.62855529785156,169.46694946289062,162.08216857910156
654,654,654,2021-09-09,170.82705688476562,170.61712646484375,161.9361114501953
655,655,655,2021-09-10,170.74493408203125,173.23695373535156,162.30125427246094
656,656,656,2021-09-13,170.19723510742188,174.90744018554688,164.51943969726562
657,657,657,2021-09-14,168.69009399414062,176.82437133789062,165.67869567871094
658,658,658,2021-09-15,169.2230987548828,174.2593231201172,167.45870971679688
659,659,659,2021-09-16,168.1202850341797,175.62855529785156,169.46694946289062
660,660,660,2021-09-17,165.51956176757812,170.82705688476562,170.61712646484375
661,661,661,2021-09-20,165.57469177246094,170.74493408203125,173.23695373535156
662,662,662,2021-09-21,165.1795196533203,170.19723510742188,174.90744018554688
663,663,663,2021-09-22,164.66488647460938,168.69009399414062,176.82437133789062
664,664,664,2021-09-23,162.84530639648438,169.2230987548828,174.2593231201172
665,665,665,2021-09-24,158.6271514892578,168.1202850341797,175.62855529785156
666,666,666,2021-09-27,155.7506866455078,165.51956176757812,170.82705688476562
667,667,667,2021-09-28,157.45999145507812,165.57469177246094,170.74493408203125
668,668,668,2021-09-29,158.07571411132812,165.1795196533203,170.19723510742188
669,669,669,2021-09-30,154.3813934326172,164.66488647460938,168.69009399414062
670,670,670,2021-10-01,155.2544403076172,162.84530639648438,169.2230987548828
671,671,671,2021-10-04,154.666259765625,158.6271514892578,168.1202850341797
672,672,672,2021-10-05,154.2894744873047,155.7506866455078,165.51956176757812
673,673,673,2021-10-06,156.7156219482422,157.45999145507812,165.57469177246094
674,674,674,2021-10-07,158.461669921875,158.07571411132812,165.1795196533203
675,675,675,2021-10-08,157.21188354492188,154.3813934326172,164.66488647460938
676,676,676,2021-10-11,158.41575622558594,155.2544403076172,162.84530639648438
677,677,677,2021-10-12,162.34902954101562,154.666259765625,158.6271514892578
678,678,678,2021-10-13,165.19789123535156,154.2894744873047,155.7506866455078
679,679,679,2021-10-14,168.81874084472656,156.7156219482422,157.45999145507812
680,680,680,2021-10-15,168.14785766601562,158.461669921875,158.07571411132812
681,681,681,2021-10-18,169.2506561279297,157.21188354492188,154.3813934326172
682,682,682,2021-10-19,168.59817504882812,158.41575622558594,155.2544403076172
683,683,683,2021-10-20,170.00424194335938,162.34902954101562,154.666259765625
684,684,684,2021-10-21,170.12368774414062,165.19789123535156,154.2894744873047
685,685,685,2021-10-22,170.86810302734375,168.81874084472656,156.7156219482422
686,686,686,2021-10-25,173.20230102539062,168.14785766601562,158.461669921875
687,687,687,2021-10-26,172.1087188720703,169.2506561279297,157.21188354492188
688,688,688,2021-10-27,168.96575927734375,168.59817504882812,158.41575622558594
689,689,689,2021-10-28,177.916748046875,170.00424194335938,162.34902954101562
690,690,690,2021-10-29,181.3813323974609,170.12368774414062,165.19789123535156
691,691,691,2021-11-01,181.1148376464844,170.86810302734375,168.81874084472656
692,692,692,2021-11-02,185.6730194091797,173.20230102539062,168.14785766601562
693,693,693,2021-11-03,183.2652740478516,172.1087188720703,169.2506561279297
694,694,694,2021-11-04,182.7690277099609,168.96575927734375,168.59817504882812
695,695,695,2021-11-05,178.8357696533203,177.916748046875,170.00424194335938
696,696,696,2021-11-08,181.4364624023437,181.3813323974609,170.12368774414062
697,697,697,2021-11-09,181.6938018798828,181.1148376464844,170.86810302734375
698,698,698,2021-11-10,181.1791839599609,185.6730194091797,173.20230102539062
699,699,699,2021-11-11,182.31871032714844,183.2652740478516,172.1087188720703
700,700,700,2021-11-12,181.9235382080078,182.7690277099609,168.96575927734375
701,701,701,2021-11-15,183.7339782714844,178.8357696533203,177.916748046875
702,702,702,2021-11-16,182.67713928222656,181.4364624023437,181.3813323974609
703,703,703,2021-11-17,184.96543884277344,181.6938018798828,181.1148376464844
704,704,704,2021-11-18,186.84014892578125,181.1791839599609,185.6730194091797
705,705,705,2021-11-19,185.7833404541016,182.31871032714844,183.2652740478516
706,706,706,2021-11-22,183.70639038085932,181.9235382080078,182.7690277099609
707,707,707,2021-11-23,184.15670776367188,183.7339782714844,178.8357696533203
708,708,708,2021-11-24,187.7683563232422,182.67713928222656,181.4364624023437
709,709,709,2021-11-26,182.68630981445312,184.96543884277344,181.6938018798828
710,710,710,2021-11-29,186.60122680664065,186.84014892578125,181.1791839599609
711,711,711,2021-11-30,183.7982940673828,185.7833404541016,182.31871032714844
712,712,712,2021-12-01,183.3755645751953,183.70639038085932,181.9235382080078
713,713,713,2021-12-02,188.77005004882807,184.15670776367188,183.7339782714844
714,714,714,2021-12-03,185.1583709716797,187.7683563232422,182.67713928222656
715,715,715,2021-12-06,188.5678558349609,182.68630981445312,184.96543884277344
716,716,716,2021-12-07,191.7935333251953,186.60122680664065,186.84014892578125
717,717,717,2021-12-08,192.4000396728516,183.7982940673828,185.7833404541016
718,718,718,2021-12-09,188.87112426757807,183.3755645751953,183.70639038085932
719,719,719,2021-12-10,191.80270385742188,188.77005004882807,184.15670776367188
720,720,720,2021-12-13,195.6073455810547,185.1583709716797,187.7683563232422
721,721,721,2021-12-14,193.90640258789065,188.5678558349609,182.68630981445312
722,722,722,2021-12-15,198.2049560546875,191.7935333251953,186.60122680664065
723,723,723,2021-12-16,198.2049560546875,192.4000396728516,183.7982940673828
724,724,724,2021-12-17,198.88902282714844,188.87112426757807,183.3755645751953
725,725,725,2021-12-20,199.48989868164065,191.80270385742188,188.77005004882807
726,726,726,2021-12-21,199.42518615722656,195.6073455810547,185.1583709716797
727,727,727,2021-12-22,202.4942779541016,193.90640258789065,188.5678558349609
728,728,728,2021-12-23,201.52362060546875,198.2049560546875,191.7935333251953
729,729,729,2021-12-27,204.99020385742188,198.2049560546875,192.4000396728516
730,730,730,2021-12-28,205.729736328125,198.88902282714844,188.87112426757807
731,731,731,2021-12-29,208.3828125,199.48989868164065,191.80270385742188
732,732,732,2021-12-30,208.52149963378903,199.42518615722656,195.6073455810547
733,733,733,2021-12-31,209.5938262939453,202.4942779541016,193.90640258789065
734,734,734,2022-01-03,202.66064453125,201.52362060546875,198.2049560546875
735,735,735,2022-01-04,204.84228515625,204.99020385742188,198.2049560546875
736,736,736,2022-01-05,201.2832489013672,205.729736328125,198.88902282714844
737,737,737,2022-01-06,201.20005798339844,208.3828125,199.48989868164065
738,738,738,2022-01-07,192.69541931152344,208.52149963378903,199.42518615722656
739,739,739,2022-01-10,192.7508544921875,209.5938262939453,202.4942779541016
740,740,740,2022-01-11,194.1837310791016,202.66064453125,201.52362060546875
741,741,741,2022-01-12,195.7090301513672,204.84228515625,204.99020385742188
742,742,742,2022-01-13,190.99449157714844,201.2832489013672,205.729736328125
743,743,743,2022-01-14,188.22122192382807,201.20005798339844,208.3828125
744,744,744,2022-01-18,185.07818603515625,192.69541931152344,208.52149963378903
745,745,745,2022-01-19,183.4142303466797,192.7508544921875,209.5938262939453
746,746,746,2022-01-20,180.61325073242188,194.1837310791016,202.66064453125
747,747,747,2022-01-21,180.70567321777344,195.7090301513672,204.84228515625
748,748,748,2022-01-24,180.261947631836,190.99449157714844,201.2832489013672
749,749,749,2022-01-25,180.69644165039065,188.22122192382807,201.20005798339844
750,750,750,2022-01-26,178.45933532714844,185.07818603515625,192.69541931152344
751,751,751,2022-01-27,175.95416259765625,183.4142303466797,192.7508544921875
752,752,752,2022-01-28,182.0276031494141,180.61325073242188,194.1837310791016
753,753,753,2022-01-31,183.2108764648437,180.70567321777344,195.7090301513672
754,754,754,2022-02-01,182.6284637451172,180.261947631836,190.99449157714844
755,755,755,2022-02-02,191.17935180664065,180.69644165039065,188.22122192382807
756,756,756,2022-02-03,189.08090209960932,178.45933532714844,185.07818603515625
757,757,757,2022-02-04,186.2336883544922,175.95416259765625,183.4142303466797
758,758,758,2022-02-07,184.6529541015625,182.0276031494141,180.61325073242188
759,759,759,2022-02-08,184.1075439453125,183.2108764648437,180.70567321777344
760,760,760,2022-02-09,189.81121826171875,182.6284637451172,180.261947631836
761,761,761,2022-02-10,183.83023071289065,191.17935180664065,180.69644165039065
762,762,762,2022-02-11,182.036865234375,189.08090209960932,178.45933532714844
763,763,763,2022-02-14,179.53167724609375,186.2336883544922,175.95416259765625
764,764,764,2022-02-15,177.65509033203125,184.6529541015625,182.0276031494141
765,765,765,2022-02-16,176.34239196777344,184.1075439453125,183.2108764648437
766,766,766,2022-02-17,174.46585083007812,189.81121826171875,182.6284637451172
767,767,767,2022-02-18,173.310302734375,183.83023071289065,191.17935180664065
768,768,768,2022-02-22,171.27658081054688,182.036865234375,189.08090209960932
769,769,769,2022-02-23,172.50607299804688,179.53167724609375,186.2336883544922
770,770,770,2022-02-24,175.39950561523438,177.65509033203125,184.6529541015625
771,771,771,2022-02-25,179.50390625,176.34239196777344,184.1075439453125
772,772,772,2022-02-28,173.92967224121094,174.46585083007812,189.81121826171875
773,773,773,2022-03-01,176.9155731201172,173.310302734375,183.83023071289065
774,774,774,2022-03-02,179.07870483398438,171.27658081054688,182.036865234375
775,775,775,2022-03-03,180.4838104248047,172.50607299804688,179.53167724609375
776,776,776,2022-03-04,185.706787109375,175.39950561523438,177.65509033203125
777,777,777,2022-03-07,185.1151733398437,179.50390625,176.34239196777344
778,778,778,2022-03-08,181.7317657470703,173.92967224121094,174.46585083007812
779,779,779,2022-03-09,183.00747680664065,176.9155731201172,173.310302734375
780,780,780,2022-03-10,181.4452209472656,179.07870483398438,171.27658081054688
781,781,781,2022-03-11,181.65782165527344,180.4838104248047,172.50607299804688
782,782,782,2022-03-14,178.24842834472656,185.706787109375,175.39950561523438
783,783,783,2022-03-15,176.7020721435547,185.1151733398437,179.50390625
784,784,784,2022-03-16,180.1674041748047,181.7317657470703,173.92967224121094
785,785,785,2022-03-17,182.60801696777344,183.00747680664065,176.9155731201172
786,786,786,2022-03-18,181.1082305908203,181.4452209472656,179.07870483398438
787,787,787,2022-03-21,182.50552368164065,181.65782165527344,180.4838104248047
788,788,788,2022-03-22,182.3378448486328,178.24842834472656,185.706787109375
789,789,789,2022-03-23,180.3071136474609,176.7020721435547,185.1151733398437
790,790,790,2022-03-24,181.5181121826172,180.1674041748047,181.7317657470703
791,791,791,2022-03-25,184.03323364257807,182.60801696777344,183.00747680664065
792,792,792,2022-03-28,186.8930206298828,181.1082305908203,181.4452209472656
793,793,793,2022-03-29,194.9694061279297,182.50552368164065,181.65782165527344
794,794,794,2022-03-30,194.64337158203125,182.3378448486328,178.24842834472656
795,795,795,2022-03-31,191.5227508544922,180.3071136474609,176.7020721435547
796,796,796,2022-04-01,195.220932006836,181.5181121826172,180.1674041748047
797,797,797,2022-04-04,192.0723419189453,184.03323364257807,182.60801696777344
798,798,798,2022-04-05,191.4016571044922,186.8930206298828,181.1082305908203
799,799,799,2022-04-06,197.8291931152344,194.9694061279297,182.50552368164065
800,800,800,2022-04-07,198.7514038085937,194.64337158203125,182.3378448486328
801,801,801,2022-04-08,199.0774688720703,191.5227508544922,180.3071136474609
802,802,802,2022-04-11,196.180404663086,195.220932006836,181.5181121826172
803,803,803,2022-04-12,198.2763519287109,192.0723419189453,184.03323364257807
804,804,804,2022-04-13,198.05276489257807,191.4016571044922,186.8930206298828
805,805,805,2022-04-14,197.9968719482422,197.8291931152344,194.9694061279297
806,806,806,2022-04-18,197.8944091796875,198.7514038085937,194.64337158203125
807,807,807,2022-04-19,203.371826171875,199.0774688720703,191.5227508544922
808,808,808,2022-04-20,204.89019775390625,196.180404663086,195.220932006836
809,809,809,2022-04-21,202.1514892578125,198.2763519287109,192.0723419189453
810,810,810,2022-04-22,198.00619506835932,198.05276489257807,191.4016571044922
811,811,811,2022-04-25,194.261459350586,197.9968719482422,197.8291931152344
812,812,812,2022-04-26,190.47010803222656,197.8944091796875,198.7514038085937
813,813,813,2022-04-27,190.0136566162109,203.371826171875,199.0774688720703
814,814,814,2022-04-28,193.7956695556641,204.89019775390625,196.180404663086
815,815,815,2022-04-29,176.9908447265625,202.1514892578125,198.2763519287109
816,816,816,2022-05-02,170.42356872558594,198.00619506835932,198.05276489257807
817,817,817,2022-05-03,170.55398559570312,194.261459350586,197.9968719482422
818,818,818,2022-05-04,182.1794891357422,190.47010803222656,197.8944091796875
819,819,819,2022-05-05,176.71141052246094,190.0136566162109,203.371826171875
820,820,820,2022-05-06,169.22189331054688,193.7956695556641,204.89019775390625
821,821,821,2022-05-09,157.8292694091797,176.9908447265625,202.1514892578125
822,822,822,2022-05-10,163.2787322998047,170.42356872558594,198.00619506835932
823,823,823,2022-05-11,162.98065185546875,170.55398559570312,194.261459350586
824,824,824,2022-05-12,162.75706481933594,182.1794891357422,190.47010803222656
825,825,825,2022-05-13,166.70675659179688,176.71141052246094,190.0136566162109
826,826,826,2022-05-16,166.44595336914062,169.22189331054688,193.7956695556641
827,827,827,2022-05-17,166.594970703125,157.8292694091797,176.9908447265625
828,828,828,2022-05-18,159.43150329589844,163.2787322998047,170.42356872558594
829,829,829,2022-05-19,158.03421020507812,162.98065185546875,170.55398559570312
830,830,830,2022-05-20,159.645751953125,162.75706481933594,182.1794891357422
831,831,831,2022-05-23,162.40306091308594,166.70675659179688,176.71141052246094
832,832,832,2022-05-24,163.17626953125,166.44595336914062,169.22189331054688
833,833,833,2022-05-25,160.6425018310547,166.594970703125,157.8292694091797
834,834,834,2022-05-26,162.71051025390625,159.43150329589844,163.2787322998047
835,835,835,2022-05-27,167.7034912109375,158.03421020507812,162.98065185546875
836,836,836,2022-05-31,165.99879455566406,159.645751953125,162.75706481933594
837,837,837,2022-06-01,166.41799926757812,162.40306091308594,166.70675659179688
838,838,838,2022-06-02,167.5172119140625,163.17626953125,166.44595336914062
839,839,839,2022-06-03,166.09194946289062,160.6425018310547,166.594970703125
840,840,840,2022-06-06,163.1017303466797,162.71051025390625,159.43150329589844
841,841,841,2022-06-07,167.72213745117188,167.7034912109375,158.03421020507812
842,842,842,2022-06-08,160.32577514648438,165.99879455566406,159.645751953125
843,843,843,2022-06-09,157.73614501953125,166.41799926757812,162.40306091308594
844,844,844,2022-06-10,155.49111938476562,167.5172119140625,163.17626953125
845,845,845,2022-06-13,148.5512237548828,166.09194946289062,160.6425018310547
846,846,846,2022-06-14,149.27532958984375,163.1017303466797,162.71051025390625
847,847,847,2022-06-15,151.87074279785156,167.72213745117188,167.7034912109375
848,848,848,2022-06-16,150.40374755859375,160.32577514648438,165.99879455566406
849,849,849,2022-06-17,149.96180725097656,157.73614501953125,166.41799926757812
850,850,850,2022-06-21,152.1716766357422,155.49111938476562,167.5172119140625
851,851,851,2022-06-22,154.84234619140625,148.5512237548828,166.09194946289062
852,852,852,2022-06-23,157.87037658691406,149.27532958984375,163.1017303466797
853,853,853,2022-06-24,162.09262084960938,151.87074279785156,167.72213745117188
854,854,854,2022-06-27,161.7164764404297,150.40374755859375,160.32577514648438
855,855,855,2022-06-28,160.82313537597656,149.96180725097656,157.73614501953125
856,856,856,2022-06-29,160.75730895996094,152.1716766357422,155.49111938476562
857,857,857,2022-06-30,159.97679138183594,154.84234619140625,148.5512237548828
858,858,858,2022-07-01,163.98281860351562,157.87037658691406,149.27532958984375
859,859,859,2022-07-05,161.62245178222656,162.09262084960938,151.87074279785156
860,860,860,2022-07-06,163.8699493408203,161.7164764404297,150.40374755859375
861,861,861,2022-07-07,162.74148559570312,160.82313537597656,149.96180725097656
862,862,862,2022-07-08,162.76971435546875,160.75730895996094,152.1716766357422
863,863,863,2022-07-11,161.78231811523438,159.97679138183594,154.84234619140625
864,864,864,2022-07-12,157.04281616210938,163.98281860351562,157.87037658691406
865,865,865,2022-07-13,157.6258544921875,161.62245178222656,162.09262084960938
866,866,866,2022-07-14,157.48480224609375,163.8699493408203,161.7164764404297
867,867,867,2022-07-15,159.45957946777344,162.74148559570312,160.82313537597656
868,868,868,2022-07-18,158.5474395751953,162.76971435546875,160.75730895996094
869,869,869,2022-07-19,161.8575439453125,161.78231811523438,159.97679138183594
870,870,870,2022-07-20,162.4875946044922,157.04281616210938,163.98281860351562
871,871,871,2022-07-21,164.9701690673828,157.6258544921875,161.62245178222656
872,872,872,2022-07-22,167.30233764648438,157.48480224609375,163.8699493408203
873,873,873,2022-07-25,167.42454528808594,159.45957946777344,162.74148559570312
874,874,874,2022-07-26,168.44017028808594,158.5474395751953,162.76971435546875
875,875,875,2022-07-27,170.2174835205078,161.8575439453125,161.78231811523438
876,876,876,2022-07-28,176.92237854003906,162.4875946044922,157.04281616210938
877,877,877,2022-07-29,178.2200927734375,164.9701690673828,157.6258544921875
878,878,878,2022-08-01,177.74049377441406,167.30233764648438,157.48480224609375
879,879,879,2022-08-02,175.85035705566406,167.42454528808594,159.45957946777344
880,880,880,2022-08-03,182.75271606445312,168.44017028808594,158.5474395751953
881,881,881,2022-08-04,183.6084442138672,170.2174835205078,161.8575439453125
882,882,882,2022-08-05,185.46096801757807,176.92237854003906,162.4875946044922
883,883,883,2022-08-08,188.41375732421875,178.2200927734375,164.9701690673828
884,884,884,2022-08-09,191.28192138671875,177.74049377441406,167.30233764648438
885,885,885,2022-08-10,194.50738525390625,175.85035705566406,167.42454528808594
886,886,886,2022-08-11,195.0810394287109,182.75271606445312,168.44017028808594
887,887,887,2022-08-12,199.32215881347656,183.6084442138672,170.2174835205078
888,888,888,2022-08-15,201.04299926757807,185.46096801757807,176.92237854003906
889,889,889,2022-08-16,200.05563354492188,188.41375732421875,178.2200927734375
890,890,890,2022-08-17,202.2279052734375,191.28192138671875,177.74049377441406
891,891,891,2022-08-18,200.403564453125,194.50738525390625,175.85035705566406
892,892,892,2022-08-19,199.03060913085932,195.0810394287109,182.75271606445312
893,893,893,2022-08-22,196.55743408203125,199.32215881347656,183.6084442138672
894,894,894,2022-08-23,193.3789520263672,201.04299926757807,185.46096801757807
895,895,895,2022-08-24,195.2973175048828,200.05563354492188,188.41375732421875
896,896,896,2022-08-25,198.1748809814453,202.2279052734375,191.28192138671875
897,897,897,2022-08-26,194.78012084960932,200.403564453125,194.50738525390625
898,898,898,2022-08-29,193.08743286132807,199.03060913085932,195.0810394287109
899,899,899,2022-08-30,189.0814666748047,196.55743408203125,199.32215881347656
900,900,900,2022-08-31,186.8809356689453,193.3789520263672,201.04299926757807
901,901,901,2022-09-01,188.95919799804688,195.2973175048828,200.05563354492188
902,902,902,2022-09-02,187.6990966796875,198.1748809814453,202.2279052734375
903,903,903,2022-09-06,190.39796447753903,194.78012084960932,200.403564453125
904,904,904,2022-09-07,192.8899688720703,193.08743286132807,199.03060913085932
905,905,905,2022-09-08,191.32894897460932,189.0814666748047,196.55743408203125
906,906,906,2022-09-09,189.81491088867188,186.8809356689453,193.3789520263672
907,907,907,2022-09-12,188.11285400390625,188.95919799804688,195.2973175048828
908,908,908,2022-09-13,182.90316772460932,187.6990966796875,198.1748809814453
909,909,909,2022-09-14,181.623779296875,190.39796447753903,194.78012084960932
910,910,910,2022-09-15,176.88536071777344,192.8899688720703,193.08743286132807
911,911,911,2022-09-16,174.55406188964844,191.32894897460932,189.0814666748047
912,912,912,2022-09-19,172.77239990234375,189.81491088867188,186.8809356689453
913,913,913,2022-09-20,169.7113800048828,188.11285400390625,188.95919799804688
914,914,914,2022-09-21,167.98660278320312,182.90316772460932,187.6990966796875
915,915,915,2022-09-22,165.37098693847656,181.623779296875,190.39796447753903
916,916,916,2022-09-23,163.69357299804688,176.88536071777344,192.8899688720703
917,917,917,2022-09-26,160.89791870117188,174.55406188964844,191.32894897460932
918,918,918,2022-09-27,158.23492431640625,172.77239990234375,189.81491088867188
919,919,919,2022-09-28,161.74136352539062,169.7113800048828,188.11285400390625
920,920,920,2022-09-29,159.9976348876953,167.98660278320312,182.90316772460932
921,921,921,2022-09-30,163.6746368408203,165.37098693847656,181.623779296875
922,922,922,2022-10-03,164.51808166503906,163.69357299804688,176.88536071777344
923,923,923,2022-10-04,170.0809783935547,160.89791870117188,174.55406188964844
924,924,924,2022-10-05,168.79214477539062,158.23492431640625,172.77239990234375
925,925,925,2022-10-06,163.10601806640625,161.74136352539062,169.7113800048828
926,926,926,2022-10-07,156.5290985107422,159.9976348876953,167.98660278320312
927,927,927,2022-10-10,156.95553588867188,163.6746368408203,165.37098693847656
928,928,928,2022-10-11,159.41952514648438,164.51808166503906,163.69357299804688
929,929,929,2022-10-12,158.07382202148438,170.0809783935547,160.89791870117188
930,930,930,2022-10-13,158.06434631347656,168.79214477539062,158.23492431640625
931,931,931,2022-10-14,152.397216796875,163.10601806640625,161.74136352539062
932,932,932,2022-10-17,159.12574768066406,156.5290985107422,159.9976348876953
933,933,933,2022-10-18,161.94036865234375,156.95553588867188,163.6746368408203
934,934,934,2022-10-19,157.23985290527344,159.41952514648438,164.51808166503906
935,935,935,2022-10-20,157.10720825195312,158.07382202148438,170.0809783935547
936,936,936,2022-10-21,157.27777099609375,158.06434631347656,168.79214477539062
937,937,937,2022-10-24,156.37747192382812,152.397216796875,163.10601806640625
938,938,938,2022-10-25,164.3000946044922,159.12574768066406,156.5290985107422
939,939,939,2022-10-26,162.47109985351562,161.94036865234375,156.95553588867188
940,940,940,2022-10-27,162.8785858154297,157.23985290527344,159.41952514648438
941,941,941,2022-10-28,169.36074829101562,157.10720825195312,158.07382202148438
942,942,942,2022-10-31,168.15719604492188,157.27777099609375,158.06434631347656
943,943,943,2022-11-01,168.58363342285156,156.37747192382812,152.397216796875
944,944,944,2022-11-02,150.17013549804688,164.3000946044922,159.12574768066406
945,945,945,2022-11-03,146.1803741455078,162.47109985351562,161.94036865234375
946,946,946,2022-11-04,145.82025146484375,162.8785858154297,157.23985290527344
947,947,947,2022-11-07,144.048095703125,169.36074829101562,157.10720825195312
948,948,948,2022-11-08,145.71600341796875,168.15719604492188,157.27777099609375
949,949,949,2022-11-09,143.6974334716797,168.58363342285156,156.37747192382812
950,950,950,2022-11-10,154.5579071044922,150.17013549804688,164.3000946044922
951,951,951,2022-11-11,150.0469207763672,146.1803741455078,162.47109985351562
952,952,952,2022-11-14,146.25619506835938,145.82025146484375,162.8785858154297
953,953,953,2022-11-15,146.74900817871094,144.048095703125,169.36074829101562
954,954,954,2022-11-16,148.72018432617188,145.71600341796875,168.15719604492188
955,955,955,2022-11-17,147.17544555664062,143.6974334716797,168.58363342285156
956,956,956,2022-11-18,149.8668670654297,154.5579071044922,150.17013549804688
957,957,957,2022-11-21,149.3456268310547,150.0469207763672,146.1803741455078
958,958,958,2022-11-22,148.54013061523438,146.25619506835938,145.82025146484375
959,959,959,2022-11-23,148.3031768798828,146.74900817871094,144.048095703125
960,960,960,2022-11-25,147.4787139892578,148.72018432617188,145.71600341796875
961,961,961,2022-11-28,144.56930541992188,147.17544555664062,143.6974334716797
962,962,962,2022-11-29,145.48855590820312,149.8668670654297,154.5579071044922
963,963,963,2022-11-30,152.28346252441406,149.3456268310547,150.0469207763672
964,964,964,2022-12-01,151.6769561767578,148.54013061523438,146.25619506835938
965,965,965,2022-12-02,150.68186950683594,148.3031768798828,146.74900817871094
966,966,966,2022-12-05,148.6443634033203,147.4787139892578,148.72018432617188
967,967,967,2022-12-06,147.87673950195312,144.56930541992188,147.17544555664062
968,968,968,2022-12-07,148.93814086914062,145.48855590820312,149.8668670654297
969,969,969,2022-12-08,149.2224578857422,152.28346252441406,149.3456268310547
970,970,970,2022-12-09,148.3885040283203,151.6769561767578,148.54013061523438
971,971,971,2022-12-12,150.32174682617188,150.68186950683594,148.3031768798828
972,972,972,2022-12-13,150.8192596435547,148.6443634033203,147.4787139892578
973,973,973,2022-12-14,149.25978088378906,147.87673950195312,144.56930541992188
974,974,974,2022-12-15,148.8866729736328,148.93814086914062,145.48855590820312
975,975,975,2022-12-16,142.8401336669922,149.2224578857422,152.28346252441406
976,976,976,2022-12-19,140.3621826171875,148.3885040283203,151.6769561767578
977,977,977,2022-12-20,139.67333984375,150.32174682617188,150.68186950683594
978,978,978,2022-12-21,140.6109161376953,150.8192596435547,148.6443634033203
979,979,979,2022-12-22,139.75942993164062,149.25978088378906,147.87673950195312
980,980,980,2022-12-23,140.55352783203125,148.8866729736328,148.93814086914062
981,981,981,2022-12-27,141.15625,142.8401336669922,149.2224578857422
982,982,982,2022-12-28,139.04188537597656,140.3621826171875,148.3885040283203
983,983,983,2022-12-29,142.56265258789062,139.67333984375,150.32174682617188
984,984,984,2022-12-30,140.81182861328125,140.6109161376953,150.8192596435547
985,985,985,2023-01-03,138.04689025878906,139.75942993164062,149.25978088378906
986,986,986,2023-01-04,138.21910095214844,140.55352783203125,148.8866729736328
987,987,987,2023-01-05,134.9375,141.15625,142.8401336669922
988,988,988,2023-01-06,137.76943969726562,139.04188537597656,140.3621826171875
989,989,989,2023-01-09,140.92665100097656,142.56265258789062,139.67333984375
990,990,990,2023-01-10,140.1421356201172,140.81182861328125,140.6109161376953
991,991,991,2023-01-11,147.16453552246094,138.04689025878906,139.75942993164062
992,992,992,2023-01-12,147.44200134277344,138.21910095214844,140.55352783203125
993,993,993,2023-01-13,145.32760620117188,134.9375,141.15625
994,994,994,2023-01-17,146.47569274902344,137.76943969726562,139.04188537597656
995,995,995,2023-01-18,144.2943572998047,140.92665100097656,142.56265258789062
996,996,996,2023-01-19,143.50982666015625,140.1421356201172,140.81182861328125
997,997,997,2023-01-20,144.3804473876953,147.16453552246094,138.04689025878906
998,998,998,2023-01-23,144.73443603515625,147.44200134277344,138.21910095214844
999,999,999,2023-01-24,145.50936889648438,145.32760620117188,134.9375
1000,1000,1000,2023-01-25,145.1649627685547,146.47569274902344,137.76943969726562
1001,1001,1001,2023-01-26,149.48941040039062,144.2943572998047,140.92665100097656
1002,1002,1002,2023-01-27,150.77142333984375,143.50982666015625,140.1421356201172
1003,1003,1003,2023-01-30,146.38003540039062,144.3804473876953,147.16453552246094
1004,1004,1004,2023-01-31,151.0010528564453,144.73443603515625,147.44200134277344
1005,1005,1005,2023-02-01,151.58462524414062,145.50936889648438,145.32760620117188
1006,1006,1006,2023-02-02,157.96604919433594,145.1649627685547,146.47569274902344
1007,1007,1007,2023-02-03,156.07171630859375,149.48941040039062,144.2943572998047
1008,1008,1008,2023-02-06,160.72145080566406,150.77142333984375,143.50982666015625
1009,1009,1009,2023-02-07,160.39614868164062,146.38003540039062,144.3804473876953
1010,1010,1010,2023-02-08,159.1141357421875,151.0010528564453,144.73443603515625
1011,1011,1011,2023-02-09,158.5018310546875,151.58462524414062,145.50936889648438
1012,1012,1012,2023-02-10,154.75143432617188,157.96604919433594,145.1649627685547
1013,1013,1013,2023-02-13,155.88037109375,156.07171630859375,149.48941040039062
1014,1014,1014,2023-02-14,153.0388946533203,160.72145080566406,150.77142333984375
1015,1015,1015,2023-02-15,155.16282653808594,160.39614868164062,146.38003540039062
1016,1016,1016,2023-02-16,151.9673309326172,159.1141357421875,151.0010528564453
1017,1017,1017,2023-02-17,152.11085510253906,158.5018310546875,151.58462524414062
1018,1018,1018,2023-02-21,151.6611785888672,154.75143432617188,157.96604919433594
1019,1019,1019,2023-02-22,147.623779296875,155.88037109375,156.07171630859375
1020,1020,1020,2023-02-23,151.7760009765625,153.0388946533203,160.72145080566406
1021,1021,1021,2023-02-24,153.83294677734375,155.16282653808594,160.39614868164062
1022,1022,1022,2023-02-27,154.8758087158203,151.9673309326172,159.1141357421875
1023,1023,1023,2023-02-28,157.52593994140625,152.11085510253906,158.5018310546875
1024,1024,1024,2023-03-01,156.57879638671875,151.6611785888672,154.75143432617188
1025,1025,1025,2023-03-02,159.69773864746094,147.623779296875,155.88037109375
1026,1026,1026,2023-03-03,161.79295349121094,151.7760009765625,153.0388946533203
1027,1027,1027,2023-03-06,160.03260803222656,153.83294677734375,155.16282653808594
1028,1028,1028,2023-03-07,156.693603515625,154.8758087158203,151.9673309326172
1029,1029,1029,2023-03-08,156.65533447265625,157.52593994140625,152.11085510253906
1030,1030,1030,2023-03-09,153.4694061279297,156.57879638671875,151.6611785888672
1031,1031,1031,2023-03-10,146.90621948242188,159.69773864746094,147.623779296875
1032,1032,1032,2023-03-13,150.77142333984375,161.79295349121094,151.7760009765625
1033,1033,1033,2023-03-14,152.12474060058594,160.03260803222656,153.83294677734375
1034,1034,1034,2023-03-15,152.3277587890625,156.693603515625,154.8758087158203
1035,1035,1035,2023-03-16,154.62843322753906,156.65533447265625,157.52593994140625
1036,1036,1036,2023-03-17,154.20309448242188,153.4694061279297,156.57879638671875
1037,1037,1037,2023-03-20,154.9957733154297,146.90621948242188,159.69773864746094
1038,1038,1038,2023-03-21,153.37176513671875,150.77142333984375,161.79295349121094
1039,1039,1039,2023-03-22,144.5557403564453,152.12474060058594,160.03260803222656
1040,1040,1040,2023-03-23,144.2947540283203,152.3277587890625,156.693603515625
1041,1041,1041,2023-03-24,148.09375,154.62843322753906,156.65533447265625
1042,1042,1042,2023-03-27,148.23876953125,154.20309448242188,153.4694061279297
1043,1043,1043,2023-03-28,146.10240173339844,154.9957733154297,146.90621948242188
1044,1044,1044,2023-03-29,150.4717559814453,153.37176513671875,150.77142333984375
1045,1045,1045,2023-03-30,153.53611755371094,144.5557403564453,152.12474060058594
1046,1046,1046,2023-03-31,157.4994354248047,144.2947540283203,152.3277587890625
1047,1047,1047,2023-04-03,149.3600616455078,148.09375,154.62843322753906
1048,1048,1048,2023-04-04,154.8314208984375,148.23876953125,154.20309448242188
1049,1049,1049,2023-04-05,154.6864471435547,146.10240173339844,154.9957733154297
1050,1050,1050,2023-04-06,157.36410522460938,150.4717559814453,153.37176513671875
1051,1051,1051,2023-04-10,158.74644470214844,153.53611755371094,144.5557403564453
1052,1052,1052,2023-04-11,159.19110107421875,157.4994354248047,144.2947540283203
1053,1053,1053,2023-04-12,157.97311401367188,149.3600616455078,148.09375
1054,1054,1054,2023-04-13,153.49742126464844,154.8314208984375,148.23876953125
1055,1055,1055,2023-04-14,149.94009399414062,154.6864471435547,146.10240173339844
1056,1056,1056,2023-04-17,151.10009765625,157.36410522460938,150.4717559814453
1057,1057,1057,2023-04-18,149.8144073486328,158.74644470214844,153.53611755371094
1058,1058,1058,2023-04-19,147.9680938720703,159.19110107421875,157.4994354248047
1059,1059,1059,2023-04-20,146.85641479492188,157.97311401367188,149.3600616455078
1060,1060,1060,2023-04-21,146.12173461914062,153.49742126464844,154.8314208984375
1061,1061,1061,2023-04-24,147.14642333984375,149.94009399414062,154.6864471435547
1062,1062,1062,2023-04-25,145.32908630371094,151.10009765625,157.36410522460938
1063,1063,1063,2023-04-26,144.41073608398438,149.8144073486328,158.74644470214844
1064,1064,1064,2023-04-27,146.08306884765625,147.9680938720703,159.19110107421875
1065,1065,1065,2023-04-28,146.972412109375,146.85641479492188,157.97311401367188
1066,1066,1066,2023-05-01,147.32040405273438,146.12173461914062,153.49742126464844
1067,1067,1067,2023-05-02,146.1700897216797,147.14642333984375,149.94009399414062
1068,1068,1068,2023-05-03,142.3517303466797,145.32908630371094,151.10009765625
1069,1069,1069,2023-05-04,145.76406860351562,144.41073608398438,149.8144073486328
1070,1070,1070,2023-05-05,149.58242797851562,146.08306884765625,147.9680938720703
1071,1071,1071,2023-05-08,151.7477569580078,146.972412109375,146.85641479492188
1072,1072,1072,2023-05-09,151.21607971191406,147.32040405273438,146.12173461914062
1073,1073,1073,2023-05-10,151.57376098632812,146.1700897216797,147.14642333984375
1074,1074,1074,2023-05-11,147.48475646972656,142.3517303466797,145.32908630371094
1075,1075,1075,2023-05-12,148.42242431640625,145.76406860351562,144.41073608398438
1076,1076,1076,2023-05-15,147.14642333984375,149.58242797851562,146.08306884765625
1077,1077,1077,2023-05-16,144.1497344970703,151.7477569580078,146.972412109375
1078,1078,1078,2023-05-17,144.22708129882812,151.21607971191406,147.32040405273438
1079,1079,1079,2023-05-18,144.20773315429688,151.57376098632812,146.1700897216797
1080,1080,1080,2023-05-19,143.1637420654297,147.48475646972656,142.3517303466797
1081,1081,1081,2023-05-22,143.69540405273438,148.42242431640625,145.76406860351562
1082,1082,1082,2023-05-23,143.15406799316406,147.14642333984375,149.58242797851562
1083,1083,1083,2023-05-24,141.57839965820312,144.1497344970703,151.7477569580078
1084,1084,1084,2023-05-25,140.54405212402344,144.22708129882812,151.21607971191406
1085,1085,1085,2023-05-26,141.69439697265625,144.20773315429688,151.57376098632812
1086,1086,1086,2023-05-30,141.29806518554688,143.1637420654297,147.48475646972656
1087,1087,1087,2023-05-31,139.46139526367188,143.69540405273438,148.42242431640625
1088,1088,1088,2023-06-01,138.58172607421875,143.15406799316406,147.14642333984375
1089,1089,1089,2023-06-02,141.18206787109375,141.57839965820312,144.1497344970703
1090,1090,1090,2023-06-05,139.625732421875,140.54405212402344,144.22708129882812
1091,1091,1091,2023-06-06,138.54307556152344,141.69439697265625,144.20773315429688
1092,1092,1092,2023-06-07,144.51707458496094,141.29806518554688,143.1637420654297
1093,1093,1093,2023-06-08,141.2787322998047,139.46139526367188,143.69540405273438
1094,1094,1094,2023-06-09,139.6837158203125,138.58172607421875,143.15406799316406
1095,1095,1095,2023-06-12,140.5247344970703,141.18206787109375,141.57839965820312
1096,1096,1096,2023-06-13,141.0273895263672,139.625732421875,140.54405212402344
1097,1097,1097,2023-06-14,140.09877014160156,138.54307556152344,141.69439697265625
1098,1098,1098,2023-06-15,142.5034637451172,144.51707458496094,141.29806518554688
1099,1099,1099,2023-06-16,142.0146942138672,141.2787322998047,139.46139526367188
1100,1100,1100,2023-06-20,140.56797790527344,139.6837158203125,138.58172607421875
1101,1101,1101,2023-06-21,142.72828674316406,140.5247344970703,141.18206787109375
1102,1102,1102,2023-06-22,139.99124145507812,141.0273895263672,139.625732421875
1103,1103,1103,2023-06-23,138.7693328857422,140.09877014160156,138.54307556152344
1104,1104,1104,2023-06-26,142.43504333496094,142.5034637451172,144.51707458496094
1105,1105,1105,2023-06-27,143.8231201171875,142.0146942138672,141.2787322998047
1106,1106,1106,2023-06-28,144.67356872558594,140.56797790527344,139.6837158203125
1107,1107,1107,2023-06-29,144.6442413330078,142.72828674316406,140.5247344970703
1108,1108,1108,2023-06-30,145.50445556640625,139.99124145507812,141.0273895263672
1109,1109,1109,2023-07-03,147.03916931152344,138.7693328857422,140.09877014160156
1110,1110,1110,2023-07-05,146.28648376464844,142.43504333496094,142.5034637451172
1111,1111,1111,2023-07-06,145.1134490966797,143.8231201171875,142.0146942138672
1112,1112,1112,2023-07-07,144.79086303710938,144.67356872558594,140.56797790527344
1113,1113,1113,2023-07-10,146.15940856933594,144.6442413330078,142.72828674316406
1114,1114,1114,2023-07-11,148.54457092285156,145.50445556640625,139.99124145507812
1115,1115,1115,2023-07-12,149.45974731445312,147.03916931152344,138.7693328857422
1116,1116,1116,2023-07-13,151.98878479003906,146.28648376464844,142.43504333496094
1117,1117,1117,2023-07-14,153.2779083251953,145.1134490966797,143.8231201171875
1118,1118,1118,2023-07-17,153.92739868164062,144.79086303710938,144.67356872558594
1119,1119,1119,2023-07-18,147.91476440429688,146.15940856933594,144.6442413330078
1120,1120,1120,2023-07-19,146.58627319335938,148.54457092285156,145.50445556640625
1121,1121,1121,2023-07-20,144.48037719726562,149.45974731445312,147.03916931152344
1122,1122,1122,2023-07-21,143.74234008789062,151.98878479003906,146.28648376464844
1123,1123,1123,2023-07-24,144.05723571777344,153.2779083251953,145.1134490966797
1124,1124,1124,2023-07-25,142.85665893554688,153.92739868164062,144.79086303710938
1125,1125,1125,2023-07-26,142.2563934326172,147.91476440429688,146.15940856933594
1126,1126,1126,2023-07-27,139.72735595703125,146.58627319335938,148.54457092285156
1127,1127,1127,2023-07-28,138.59567260742188,144.48037719726562,149.45974731445312
1128,1128,1128,2023-07-31,137.34593200683594,143.74234008789062,151.98878479003906
1129,1129,1129,2023-08-01,135.36793518066406,144.05723571777344,153.2779083251953
1130,1130,1130,2023-08-02,134.66925048828125,142.85665893554688,153.92739868164062
1131,1131,1131,2023-08-03,137.2278289794922,142.2563934326172,147.91476440429688
1132,1132,1132,2023-08-04,123.69692993164062,139.72735595703125,146.58627319335938
1133,1133,1133,2023-08-07,129.01089477539062,138.59567260742188,144.48037719726562
1134,1134,1134,2023-08-08,126.69832611083984,137.34593200683594,143.74234008789062
1135,1135,1135,2023-08-09,128.04649353027344,135.36793518066406,144.05723571777344
1136,1136,1136,2023-08-10,127.8103256225586,134.66925048828125,142.85665893554688
1137,1137,1137,2023-08-11,128.92230224609375,137.2278289794922,142.2563934326172
1138,1138,1138,2023-08-14,128.095703125,123.69692993164062,139.72735595703125
1139,1139,1139,2023-08-15,126.88530731201172,129.01089477539062,138.59567260742188
1140,1140,1140,2023-08-16,125.99964141845705,126.69832611083984,137.34593200683594
1141,1141,1141,2023-08-17,124.4251480102539,128.04649353027344,135.36793518066406
1142,1142,1142,2023-08-18,124.83844757080078,127.8103256225586,134.66925048828125
1143,1143,1143,2023-08-21,125.30095672607422,128.92230224609375,137.2278289794922
1144,1144,1144,2023-08-22,124.48418426513672,128.095703125,123.69692993164062
1145,1145,1145,2023-08-23,125.47809600830078,126.88530731201172,129.01089477539062
1146,1146,1146,2023-08-24,125.42888641357422,125.99964141845705,126.69832611083984
1147,1147,1147,2023-08-25,125.89139556884766,124.4251480102539,128.04649353027344
1148,1148,1148,2023-08-28,126.4818344116211,124.83844757080078,127.8103256225586
1149,1149,1149,2023-08-29,128.49917602539062,125.30095672607422,128.92230224609375
1150,1150,1150,2023-08-30,128.5483856201172,124.48418426513672,128.095703125
1151,1151,1151,2023-08-31,126.6294403076172,125.47809600830078,126.88530731201172
1152,1152,1152,2023-09-01,126.77706146240234,125.42888641357422,125.99964141845705
1153,1153,1153,2023-09-05,125.66505432128906,125.89139556884766,124.4251480102539
1154,1154,1154,2023-09-06,124.54322052001952,126.4818344116211,124.83844757080078
1155,1155,1155,2023-09-07,125.21238708496094,128.49917602539062,125.30095672607422
1156,1156,1156,2023-09-08,124.37593841552734,128.5483856201172,124.48418426513672
1157,1157,1157,2023-09-11,124.76956939697266,126.6294403076172,125.47809600830078
1158,1158,1158,2023-09-12,124.77940368652344,126.77706146240234,125.42888641357422
1159,1159,1159,2023-09-13,122.66366577148438,125.66505432128906,125.89139556884766
1160,1160,1160,2023-09-14,124.80958557128906,124.54322052001952,126.4818344116211
1161,1161,1161,2023-09-15,126.6390609741211,125.21238708496094,128.49917602539062
1162,1162,1162,2023-09-18,125.19525909423828,124.37593841552734,128.5483856201172
1163,1163,1163,2023-09-19,126.2731704711914,124.76956939697266,126.6294403076172
1164,1164,1164,2023-09-20,126.12483215332033,124.77940368652344,126.77706146240234
1165,1165,1165,2023-09-21,121.22975158691406,122.66366577148438,125.66505432128906
1166,1166,1166,2023-09-22,122.68344116210938,124.80958557128906,124.54322052001952
1167,1167,1167,2023-09-25,121.0814208984375,126.6390609741211,125.21238708496094
1168,1168,1168,2023-09-26,119.42994689941406,125.19525909423828,124.37593841552734
1169,1169,1169,2023-09-27,119.17283630371094,126.2731704711914,124.76956939697266
1170,1170,1170,2023-09-28,119.4793930053711,126.12483215332033,124.77940368652344
1171,1171,1171,2023-09-29,120.23096466064452,121.22975158691406,122.66366577148438
1172,1172,1172,2023-10-02,117.94659423828124,122.68344116210938,124.80958557128906
1173,1173,1173,2023-10-03,115.49411010742188,121.0814208984375,126.6390609741211
1174,1174,1174,2023-10-04,115.07877349853516,119.42994689941406,125.19525909423828
1175,1175,1175,2023-10-05,115.27655029296876,119.17283630371094,126.2731704711914
1176,1176,1176,2023-10-06,117.20491027832033,119.4793930053711,126.12483215332033
1177,1177,1177,2023-10-09,119.3310546875,120.23096466064452,121.22975158691406
1178,1178,1178,2023-10-10,119.88484954833984,117.94659423828124,122.68344116210938
1179,1179,1179,2023-10-11,120.8935317993164,115.49411010742188,121.0814208984375
1180,1180,1180,2023-10-12,118.77727508544922,115.07877349853516,119.42994689941406
1181,1181,1181,2023-10-13,116.7599105834961,115.27655029296876,119.17283630371094
1182,1182,1182,2023-10-16,118.16415405273438,117.20491027832033,119.4793930053711
1183,1183,1183,2023-10-17,117.471923828125,119.3310546875,120.23096466064452
1184,1184,1184,2023-10-18,114.71287536621094,119.88484954833984,117.94659423828124
1185,1185,1185,2023-10-19,111.25171661376952,120.8935317993164,115.49411010742188
1186,1186,1186,2023-10-20,108.3740005493164,118.77727508544922,115.07877349853516
1187,1187,1187,2023-10-23,106.9301986694336,116.7599105834961,115.27655029296876
1188,1188,1188,2023-10-24,105.2886199951172,118.16415405273438,117.20491027832033
1189,1189,1189,2023-10-25,101.93624114990234,117.471923828125,119.3310546875
1190,1190,1190,2023-10-26,104.052490234375,114.71287536621094,119.88484954833984
1191,1191,1191,2023-10-27,103.23169708251952,111.25171661376952,120.8935317993164
1192,1192,1192,2023-10-30,102.77680206298828,108.3740005493164,118.77727508544922
1193,1193,1193,2023-10-31,102.4405746459961,106.9301986694336,116.7599105834961
1194,1194,1194,2023-11-01,102.18346405029295,105.2886199951172,118.16415405273438
1195,1195,1195,2023-11-02,104.2008285522461,101.93624114990234,117.471923828125
1196,1196,1196,2023-11-03,105.78307342529295,104.052490234375,114.71287536621094
1197,1197,1197,2023-11-06,104.64583587646484,103.23169708251952,111.25171661376952
1198,1198,1198,2023-11-07,106.0105209350586,102.77680206298828,108.3740005493164
1199,1199,1199,2023-11-08,117.21480560302734,102.4405746459961,106.9301986694336
1200,1200,1200,2023-11-09,116.7895736694336,102.18346405029295,105.2886199951172
1201,1201,1201,2023-11-10,117.78836822509766,104.2008285522461,101.93624114990234
1202,1202,1202,2023-11-13,116.2753448486328,105.78307342529295,104.052490234375
1203,1203,1203,2023-11-14,128.11253356933594,104.64583587646484,103.23169708251952
1204,1204,1204,2023-11-15,128.5575408935547,106.0105209350586,102.77680206298828
1205,1205,1205,2023-11-16,128.65643310546875,117.21480560302734,102.4405746459961
1206,1206,1206,2023-11-17,126.83683776855467,116.7895736694336,102.18346405029295
1207,1207,1207,2023-11-20,128.04330444335938,117.78836822509766,104.2008285522461
1208,1208,1208,2023-11-21,126.57972717285156,116.2753448486328,105.78307342529295
1209,1209,1209,2023-11-22,125.4128189086914,128.11253356933594,104.64583587646484
1210,1210,1210,2023-11-24,125.7094955444336,128.5575408935547,106.0105209350586
1211,1211,1211,2023-11-27,125.32382202148438,128.65643310546875,117.21480560302734
1212,1212,1212,2023-11-28,125.87760925292967,126.83683776855467,116.7895736694336
1213,1213,1213,2023-11-29,128.09274291992188,128.04330444335938,117.78836822509766
1214,1214,1214,2023-11-30,128.72564697265625,126.57972717285156,116.2753448486328
1215,1215,1215,2023-12-01,132.87904357910156,125.4128189086914,128.11253356933594
1216,1216,1216,2023-12-04,135.54908752441406,125.7094955444336,128.5575408935547
1217,1217,1217,2023-12-05,134.65907287597656,125.32382202148438,128.65643310546875
1218,1218,1218,2023-12-06,135.1040802001953,125.87760925292967,126.83683776855467
1219,1219,1219,2023-12-07,135.58863830566406,128.09274291992188,128.04330444335938
1220,1220,1220,2023-12-08,137.14122009277344,128.72564697265625,126.57972717285156
1221,1221,1221,2023-12-11,136.58743286132812,132.87904357910156,125.4128189086914
1222,1222,1222,2023-12-12,137.49722290039062,135.54908752441406,125.7094955444336
1223,1223,1223,2023-12-13,144.3800048828125,134.65907287597656,125.32382202148438
1224,1224,1224,2023-12-14,154.7100067138672,135.1040802001953,125.87760925292967
1225,1225,1225,2023-12-15,153.72999572753906,135.58863830566406,128.09274291992188
1226,1226,1226,2023-12-18,151.61000061035156,137.14122009277344,128.72564697265625
1227,1227,1227,2023-12-19,153.58999633789062,136.58743286132812,132.87904357910156
1228,1228,1228,2023-12-20,152.2100067138672,137.49722290039062,135.54908752441406
1229,1229,1229,2023-12-21,156.10000610351562,144.3800048828125,134.65907287597656
1230,1230,1230,2023-12-22,156.5399932861328,154.7100067138672,135.1040802001953
1231,1231,1231,2023-12-26,159.4499969482422,153.72999572753906,135.58863830566406
1232,1232,1232,2023-12-27,161.08999633789062,151.61000061035156,137.14122009277344
1233,1233,1233,2023-12-28,162.16000366210938,153.58999633789062,136.58743286132812
1234,1234,1234,2023-12-29,160.3300018310547,152.2100067138672,137.49722290039062
1235,1235,1235,2024-01-02,164.39999389648438,156.10000610351562,144.3800048828125
1236,1236,1236,2024-01-03,158.8000030517578,156.5399932861328,154.7100067138672
1237,1237,1237,2024-01-04,156.9499969482422,159.4499969482422,153.72999572753906
1238,1238,1238,2024-01-05,158.0800018310547,161.08999633789062,151.61000061035156
1239,1239,1239,2024-01-08,159.83999633789062,162.16000366210938,153.58999633789062
1240,1240,1240,2024-01-09,158.02999877929688,160.3300018310547,152.2100067138672
1241,1241,1241,2024-01-10,156.83999633789062,164.39999389648438,156.10000610351562
1242,1242,1242,2024-01-11,150.74000549316406,158.8000030517578,156.5399932861328
1243,1243,1243,2024-01-12,152.32000732421875,156.9499969482422,159.4499969482422
1244,1244,1244,2024-01-16,150.4499969482422,158.0800018310547,161.08999633789062
1245,1245,1245,2024-01-17,148.1699981689453,159.83999633789062,162.16000366210938
1246,1246,1246,2024-01-18,146.44000244140625,158.02999877929688,160.3300018310547
1247,1247,1247,2024-01-19,146.75999450683594,156.83999633789062,164.39999389648438
1248,1248,1248,2024-01-22,148.69000244140625,150.74000549316406,158.8000030517578
1249,1249,1249,2024-01-23,147.24000549316406,152.32000732421875,156.9499969482422
1250,1250,1250,2024-01-24,146.91000366210938,150.4499969482422,158.0800018310547
1251,1251,1251,2024-01-25,148.8300018310547,148.1699981689453,159.83999633789062
1252,1252,1252,2024-01-26,147.47000122070312,146.44000244140625,158.02999877929688
1253,1253,1253,2024-01-29,148.0500030517578,146.75999450683594,156.83999633789062
1254,1254,1254,2024-01-30,145.55999755859375,148.69000244140625,150.74000549316406
1255,1255,1255,2024-01-31,144.44000244140625,147.24000549316406,152.32000732421875
1256,1256,1256,2024-02-01,146.07000732421875,146.91000366210938,150.4499969482422
1257,1257,1257,2024-02-02,143.52999877929688,148.8300018310547,148.1699981689453
1258,1258,1258,2024-02-05,139.9250030517578,147.47000122070312,146.44000244140625
