,Unnamed: 0,Date,FMC
0,0,2019-02-05,66.4721908569336
1,1,2019-02-06,66.8006820678711
2,2,2019-02-07,65.87776184082031
3,3,2019-02-08,66.1280517578125
4,4,2019-02-11,66.29228973388672
5,5,2019-02-12,64.33699798583984
6,6,2019-02-13,65.92469024658203
7,7,2019-02-14,65.67442321777344
8,8,2019-02-15,66.75375366210938
9,9,2019-02-19,67.64534759521484
10,10,2019-02-20,68.39619445800781
11,11,2019-02-21,68.98279571533203
12,12,2019-02-22,69.22525024414062
13,13,2019-02-25,69.89004516601562
14,14,2019-02-26,69.27998352050781
15,15,2019-02-27,70.0933837890625
16,16,2019-02-28,69.99951934814453
17,17,2019-03-01,70.7347183227539
18,18,2019-03-04,71.20467376708984
19,19,2019-03-05,71.3218994140625
20,20,2019-03-06,70.75379943847656
21,21,2019-03-07,70.1766586303711
22,22,2019-03-08,69.9151382446289
23,23,2019-03-11,70.73577117919922
24,24,2019-03-12,70.7628173828125
25,25,2019-03-13,70.77182006835938
26,26,2019-03-14,69.58149719238281
27,27,2019-03-15,69.65361785888672
28,28,2019-03-18,69.36504364013672
29,29,2019-03-19,68.77889251708984
30,30,2019-03-20,68.24684143066406
31,31,2019-03-21,69.98727416992188
32,32,2019-03-22,67.61560821533203
33,33,2019-03-25,67.15568542480469
34,34,2019-03-26,67.70578002929688
35,35,2019-03-27,67.92218780517578
36,36,2019-03-28,68.9829330444336
37,37,2019-03-29,69.64472961425781
38,38,2019-04-01,71.56672668457031
39,39,2019-04-02,71.5848388671875
40,40,2019-04-03,71.75709533691406
41,41,2019-04-04,72.8268814086914
42,42,2019-04-05,72.90848541259766
43,43,2019-04-08,73.1804428100586
44,44,2019-04-09,72.56395721435547
45,45,2019-04-10,72.90848541259766
46,46,2019-04-11,72.42797088623047
47,47,2019-04-12,72.50050354003906
48,48,2019-04-15,72.31011199951172
49,49,2019-04-16,73.21671295166016
50,50,2019-04-17,73.20765686035156
51,51,2019-04-18,72.48238372802734
52,52,2019-04-22,72.04722595214844
53,53,2019-04-23,72.65463256835938
54,54,2019-04-24,72.2919921875
55,55,2019-04-25,71.61204528808594
56,56,2019-04-26,72.06535339355469
57,57,2019-04-29,71.90215301513672
58,58,2019-04-30,71.67549133300781
59,59,2019-05-01,69.78978729248047
60,60,2019-05-02,69.50875091552734
61,61,2019-05-03,70.3065414428711
62,62,2019-05-06,69.1279525756836
63,63,2019-05-07,71.17688751220703
64,64,2019-05-08,71.5848388671875
65,65,2019-05-09,72.2647933959961
66,66,2019-05-10,72.02001953125
67,67,2019-05-13,67.98565673828125
68,68,2019-05-14,68.11257934570312
69,69,2019-05-15,68.61121368408203
70,70,2019-05-16,68.69279479980469
71,71,2019-05-17,68.2032470703125
72,72,2019-05-20,66.15432739257812
73,73,2019-05-21,67.38731384277344
74,74,2019-05-22,66.39005279541016
75,75,2019-05-23,64.69471740722656
76,76,2019-05-24,64.29581451416016
77,77,2019-05-28,64.75818634033203
78,78,2019-05-29,65.83702850341797
79,79,2019-05-30,66.48069763183594
80,80,2019-05-31,66.58950805664062
81,81,2019-06-03,67.7680892944336
82,82,2019-06-04,70.8414535522461
83,83,2019-06-05,71.26753234863281
84,84,2019-06-06,72.07442474365234
85,85,2019-06-07,73.1804428100586
86,86,2019-06-10,72.46424102783203
87,87,2019-06-11,72.24667358398438
88,88,2019-06-12,72.44611358642578
89,89,2019-06-13,72.96288299560547
90,90,2019-06-14,72.44611358642578
91,91,2019-06-17,72.15599060058594
92,92,2019-06-18,73.14421081542969
93,93,2019-06-19,74.37715148925781
94,94,2019-06-20,74.3952865600586
95,95,2019-06-21,74.88484954833984
96,96,2019-06-24,74.16864776611328
97,97,2019-06-25,74.89391326904297
98,98,2019-06-26,75.59199523925781
99,99,2019-06-27,75.69221496582031
100,100,2019-06-28,75.56468200683594
101,101,2019-07-01,77.45947265625
102,102,2019-07-02,76.06571197509766
103,103,2019-07-03,77.24085998535156
104,104,2019-07-05,77.1497573852539
105,105,2019-07-08,76.28433227539062
106,106,2019-07-09,74.99988555908203
107,107,2019-07-10,74.28022003173828
108,108,2019-07-11,75.33692169189453
109,109,2019-07-12,75.84708404541016
110,110,2019-07-15,76.51206970214844
111,111,2019-07-16,76.94934844970703
112,112,2019-07-17,76.02014923095703
113,113,2019-07-18,76.33899688720703
114,114,2019-07-19,75.94728088378906
115,115,2019-07-22,76.86735534667969
116,116,2019-07-23,77.33193969726562
117,117,2019-07-24,78.1518325805664
118,118,2019-07-25,77.65077209472656
119,119,2019-07-26,77.9513931274414
120,120,2019-07-29,76.5849609375
121,121,2019-07-30,77.24996948242188
122,122,2019-07-31,78.72571563720703
123,123,2019-08-01,77.48680877685547
124,124,2019-08-02,78.27025604248047
125,125,2019-08-05,74.35308074951172
126,126,2019-08-06,76.57584381103516
127,127,2019-08-07,77.34105682373047
128,128,2019-08-08,80.88472747802734
129,129,2019-08-09,80.45657348632812
130,130,2019-08-12,77.9513931274414
131,131,2019-08-13,78.76217651367188
132,132,2019-08-14,76.36632537841797
133,133,2019-08-15,76.10214233398438
134,134,2019-08-16,77.96961975097656
135,135,2019-08-19,78.534423828125
136,136,2019-08-20,77.78742218017578
137,137,2019-08-21,78.50709533691406
138,138,2019-08-22,78.39778900146484
139,139,2019-08-23,75.44625854492188
140,140,2019-08-26,76.093017578125
141,141,2019-08-27,75.82884216308594
142,142,2019-08-28,76.56673431396484
143,143,2019-08-29,77.9058609008789
144,144,2019-08-30,78.64373779296875
145,145,2019-09-03,77.52323913574219
146,146,2019-09-04,78.98990631103516
147,147,2019-09-05,79.69136047363281
148,148,2019-09-06,79.61848449707031
149,149,2019-09-09,79.27232360839844
150,150,2019-09-10,78.88970184326172
151,151,2019-09-11,80.95759582519531
152,152,2019-09-12,81.9505386352539
153,153,2019-09-13,82.9435043334961
154,154,2019-09-16,82.97994232177734
155,155,2019-09-17,82.57910919189453
156,156,2019-09-18,82.78862762451172
157,157,2019-09-19,82.3422622680664
158,158,2019-09-20,81.89591217041016
159,159,2019-09-23,80.80274963378906
160,160,2019-09-24,80.11040496826172
161,161,2019-09-25,79.86443328857422
162,162,2019-09-26,79.64579772949219
163,163,2019-09-27,78.82217407226562
164,164,2019-09-30,80.24064636230469
165,165,2019-10-01,77.04676818847656
166,166,2019-10-02,76.28719329833984
167,167,2019-10-03,76.14076232910156
168,168,2019-10-04,75.21647644042969
169,169,2019-10-07,74.18234252929688
170,170,2019-10-08,72.33374786376953
171,171,2019-10-09,72.73639678955078
172,172,2019-10-10,73.13906860351562
173,173,2019-10-11,76.64411163330078
174,174,2019-10-14,75.45439910888672
175,175,2019-10-15,75.99434661865234
176,176,2019-10-16,76.66240692138672
177,177,2019-10-17,77.23895263671875
178,178,2019-10-18,75.96690368652344
179,179,2019-10-21,76.45191192626953
180,180,2019-10-22,75.18900299072266
181,181,2019-10-23,75.5276107788086
182,182,2019-10-24,76.31464385986328
183,183,2019-10-25,76.8545913696289
184,184,2019-10-28,76.90034484863281
185,185,2019-10-29,77.70568084716797
186,186,2019-10-30,83.25151824951172
187,187,2019-10-31,83.73653411865234
188,188,2019-11-01,86.94872283935547
189,189,2019-11-04,87.8455810546875
190,190,2019-11-05,88.66007995605469
191,191,2019-11-06,89.24576568603516
192,192,2019-11-07,88.61431884765625
193,193,2019-11-08,89.41049194335938
194,194,2019-11-11,90.60934448242188
195,195,2019-11-12,90.0053482055664
196,196,2019-11-13,88.1658706665039
197,197,2019-11-14,88.8064956665039
198,198,2019-11-15,88.76988220214844
199,199,2019-11-18,88.73328399658203
200,200,2019-11-19,89.18170928955078
201,201,2019-11-20,88.84310150146484
202,202,2019-11-21,89.60266876220703
203,203,2019-11-22,88.98037719726562
204,204,2019-11-25,90.16090393066406
205,205,2019-11-26,90.16090393066406
206,206,2019-11-27,90.39884948730467
207,207,2019-11-29,89.64844512939453
208,208,2019-12-02,89.55692291259766
209,209,2019-12-03,88.99867248535156
210,210,2019-12-04,88.68751525878906
211,211,2019-12-05,89.67588806152344
212,212,2019-12-06,90.06940460205078
213,213,2019-12-09,90.7740707397461
214,214,2019-12-10,89.52947235107422
215,215,2019-12-11,89.913818359375
216,216,2019-12-12,91.0577621459961
217,217,2019-12-13,90.76490783691406
218,218,2019-12-16,91.0760726928711
219,219,2019-12-17,92.35728454589844
220,220,2019-12-18,91.76243591308594
221,221,2019-12-19,90.02363586425781
222,222,2019-12-20,90.63679504394533
223,223,2019-12-23,91.75328826904295
224,224,2019-12-24,92.35728454589844
225,225,2019-12-26,92.87892150878906
226,226,2019-12-27,92.54946899414062
227,227,2019-12-30,91.19831848144533
228,228,2019-12-31,91.74981689453124
229,229,2020-01-02,91.8049774169922
230,230,2020-01-03,91.20751190185548
231,231,2020-01-06,90.4078598022461
232,232,2020-01-07,92.05313110351562
233,233,2020-01-08,92.32886505126952
234,234,2020-01-09,91.47406768798828
235,235,2020-01-10,90.07696533203124
236,236,2020-01-13,90.8766098022461
237,237,2020-01-14,90.33430480957033
238,238,2020-01-15,90.54571533203124
239,239,2020-01-16,91.53839111328124
240,240,2020-01-17,91.9152603149414
241,241,2020-01-21,90.2148208618164
242,242,2020-01-22,89.70928955078125
243,243,2020-01-23,89.00154876708984
244,244,2020-01-24,87.94451904296875
245,245,2020-01-27,86.23487091064453
246,246,2020-01-28,87.4022216796875
247,247,2020-01-29,88.57872772216797
248,248,2020-01-30,88.28459930419922
249,249,2020-01-31,87.8617935180664
250,250,2020-02-03,89.7184829711914
251,251,2020-02-04,90.97772216796876
252,252,2020-02-05,93.5881118774414
253,253,2020-02-06,99.1949462890625
254,254,2020-02-07,96.63970184326172
255,255,2020-02-10,96.38233947753906
256,256,2020-02-11,96.74080657958984
257,257,2020-02-12,97.83458709716795
258,258,2020-02-13,96.9062728881836
259,259,2020-02-14,96.9430160522461
260,260,2020-02-18,97.23714447021484
261,261,2020-02-19,97.8437728881836
262,262,2020-02-20,99.5350341796875
263,263,2020-02-21,97.96328735351562
264,264,2020-02-24,94.12120819091795
265,265,2020-02-25,89.83796691894531
266,266,2020-02-26,89.05670166015625
267,267,2020-02-27,84.89292907714844
268,268,2020-02-28,85.57308197021484
269,269,2020-03-02,89.0750732421875
270,270,2020-03-03,86.94263458251953
271,271,2020-03-04,91.31780242919922
272,272,2020-03-05,87.16322326660156
273,273,2020-03-06,83.21089935302734
274,274,2020-03-09,72.83364868164062
275,275,2020-03-10,79.94789123535156
276,276,2020-03-11,76.52865600585938
277,277,2020-03-12,71.17916870117188
278,278,2020-03-13,80.93138885498047
279,279,2020-03-16,65.26902770996094
280,280,2020-03-17,63.09063720703125
281,281,2020-03-18,54.98370742797852
282,282,2020-03-19,62.0519905090332
283,283,2020-03-20,60.03904342651367
284,284,2020-03-23,58.99121475219727
285,285,2020-03-24,63.16416549682617
286,286,2020-03-25,67.70478820800781
287,287,2020-03-26,73.72522735595703
288,288,2020-03-27,70.42546844482422
289,289,2020-03-30,76.3974838256836
290,290,2020-03-31,75.51924133300781
291,291,2020-04-01,71.15577697753906
292,292,2020-04-02,68.5765380859375
293,293,2020-04-03,65.52582550048828
294,294,2020-04-06,72.1357192993164
295,295,2020-04-07,73.439208984375
296,296,2020-04-08,76.61011505126953
297,297,2020-04-09,83.20152282714844
298,298,2020-04-13,80.08609008789062
299,299,2020-04-14,80.12306213378906
300,300,2020-04-15,77.69172668457031
301,301,2020-04-16,77.03538513183594
302,302,2020-04-17,79.59611511230469
303,303,2020-04-20,78.17245483398438
304,304,2020-04-21,77.27572631835938
305,305,2020-04-22,77.75646209716797
306,306,2020-04-23,80.77018737792969
307,307,2020-04-24,81.53748321533203
308,308,2020-04-27,83.55281829833984
309,309,2020-04-28,84.02429962158203
310,310,2020-04-29,87.8423080444336
311,311,2020-04-30,84.95800018310547
312,312,2020-05-01,83.12757110595703
313,313,2020-05-04,82.86869812011719
314,314,2020-05-05,82.73929595947266
315,315,2020-05-06,85.03195190429688
316,316,2020-05-07,87.00106048583984
317,317,2020-05-08,86.41864013671875
318,318,2020-05-11,84.5882339477539
319,319,2020-05-12,82.406494140625
320,320,2020-05-13,82.06443786621094
321,321,2020-05-14,81.91651153564453
322,322,2020-05-15,81.37108612060547
323,323,2020-05-18,83.96884155273438
324,324,2020-05-19,82.4434585571289
325,325,2020-05-20,86.03962707519531
326,326,2020-05-21,84.93026733398438
327,327,2020-05-22,86.25225830078125
328,328,2020-05-26,87.65742492675781
329,329,2020-05-27,88.95166778564453
330,330,2020-05-28,90.2736587524414
331,331,2020-05-29,90.97624969482422
332,332,2020-06-01,91.4107437133789
333,333,2020-06-02,93.2873992919922
334,334,2020-06-03,94.21186065673828
335,335,2020-06-04,92.26124572753906
336,336,2020-06-05,95.41364288330078
337,337,2020-06-08,96.68939971923828
338,338,2020-06-09,96.3658447265625
339,339,2020-06-10,95.05313110351562
340,340,2020-06-11,87.72215270996094
341,341,2020-06-12,89.987060546875
342,342,2020-06-15,90.90228271484376
343,343,2020-06-16,92.83440399169922
344,344,2020-06-17,92.98233032226562
345,345,2020-06-18,91.51242065429688
346,346,2020-06-19,92.87139892578124
347,347,2020-06-22,92.7789535522461
348,348,2020-06-23,93.44454956054688
349,349,2020-06-24,89.3306884765625
350,350,2020-06-25,91.61412048339844
351,351,2020-06-26,89.26598358154297
352,352,2020-06-29,90.3711395263672
353,353,2020-06-30,92.51641845703124
354,354,2020-07-01,92.27495574951172
355,355,2020-07-02,93.9280242919922
356,356,2020-07-06,94.9310302734375
357,357,2020-07-07,94.59671020507812
358,358,2020-07-08,91.98706817626952
359,359,2020-07-09,90.9097900390625
360,360,2020-07-10,93.0457763671875
361,361,2020-07-13,94.355224609375
362,362,2020-07-14,96.06404113769533
363,363,2020-07-15,100.17813873291016
364,364,2020-07-16,98.60865020751952
365,365,2020-07-17,98.8779754638672
366,366,2020-07-20,97.65209197998048
367,367,2020-07-21,98.62721252441406
368,368,2020-07-22,100.26171112060548
369,369,2020-07-23,100.1131362915039
370,370,2020-07-24,99.6859130859375
371,371,2020-07-27,100.7167739868164
372,372,2020-07-28,98.85938262939452
373,373,2020-07-29,100.5960464477539
374,374,2020-07-30,97.81925964355467
375,375,2020-07-31,98.4879150390625
376,376,2020-08-03,98.20001983642578
377,377,2020-08-04,99.8716812133789
378,378,2020-08-05,99.37945556640624
379,379,2020-08-06,100.53103637695312
380,380,2020-08-07,101.9426498413086
381,381,2020-08-10,102.49059295654295
382,382,2020-08-11,101.40402221679688
383,383,2020-08-12,101.65475463867188
384,384,2020-08-13,102.2677001953125
385,385,2020-08-14,101.7940673828125
386,386,2020-08-17,101.22755432128906
387,387,2020-08-18,101.32971954345705
388,388,2020-08-19,100.79107666015624
389,389,2020-08-20,100.19670867919922
390,390,2020-08-21,99.67664337158205
391,391,2020-08-24,101.00466918945312
392,392,2020-08-25,100.84678649902344
393,393,2020-08-26,100.93966674804688
394,394,2020-08-27,101.60832214355467
395,395,2020-08-28,101.36686706542967
396,396,2020-08-31,99.24015045166016
397,397,2020-09-01,102.29556274414062
398,398,2020-09-02,104.25511169433594
399,399,2020-09-03,101.62689971923828
400,400,2020-09-04,100.74464416503906
401,401,2020-09-08,98.1071548461914
402,402,2020-09-09,100.21529388427734
403,403,2020-09-10,100.07598114013672
404,404,2020-09-11,100.81893157958984
405,405,2020-09-14,102.64846801757812
406,406,2020-09-15,103.8279037475586
407,407,2020-09-16,102.77847290039062
408,408,2020-09-17,104.80301666259766
409,409,2020-09-18,102.67632293701172
410,410,2020-09-21,98.85938262939452
411,411,2020-09-22,99.8809585571289
412,412,2020-09-23,97.05773162841795
413,413,2020-09-24,96.63053131103516
414,414,2020-09-25,97.90282440185548
415,415,2020-09-28,98.73866271972656
416,416,2020-09-29,98.20709991455078
417,417,2020-09-30,98.7666473388672
418,418,2020-10-01,96.23011016845705
419,419,2020-10-02,96.6217803955078
420,420,2020-10-05,98.22576904296876
421,421,2020-10-06,96.8176040649414
422,422,2020-10-07,99.11167907714844
423,423,2020-10-08,98.90653228759766
424,424,2020-10-09,100.73433685302734
425,425,2020-10-12,101.67619323730467
426,426,2020-10-13,101.16329956054688
427,427,2020-10-14,102.04922485351562
428,428,2020-10-15,101.7135009765625
429,429,2020-10-16,101.5643081665039
430,430,2020-10-19,100.59445190429688
431,431,2020-10-20,99.93233489990234
432,432,2020-10-21,99.54065704345705
433,433,2020-10-22,100.24007415771484
434,434,2020-10-23,100.5105209350586
435,435,2020-10-26,98.25372314453124
436,436,2020-10-27,97.39578247070312
437,437,2020-10-28,95.40013122558594
438,438,2020-10-29,96.6404266357422
439,439,2020-10-30,95.8104476928711
440,440,2020-11-02,99.73649597167967
441,441,2020-11-03,97.59162139892578
442,442,2020-11-04,97.79679107666016
443,443,2020-11-05,101.77879333496094
444,444,2020-11-06,101.33116912841795
445,445,2020-11-09,102.43157958984376
446,446,2020-11-10,101.97461700439452
447,447,2020-11-11,101.47103881835938
448,448,2020-11-12,99.60594177246094
449,449,2020-11-13,101.27520751953124
450,450,2020-11-16,104.43656158447266
451,451,2020-11-17,107.8870086669922
452,452,2020-11-18,107.49530792236328
453,453,2020-11-19,107.54195404052734
454,454,2020-11-20,106.07785034179688
455,455,2020-11-23,108.23204803466795
456,456,2020-11-24,110.26500701904295
457,457,2020-11-25,108.81024169921876
458,458,2020-11-27,107.86834716796876
459,459,2020-11-30,108.1854248046875
460,460,2020-12-01,110.90848541259766
461,461,2020-12-02,110.19042205810548
462,462,2020-12-03,110.3955535888672
463,463,2020-12-04,113.48233032226562
464,464,2020-12-07,110.81523895263672
465,465,2020-12-08,111.70113372802734
466,466,2020-12-09,110.90848541259766
467,467,2020-12-10,109.72413635253906
468,468,2020-12-11,108.57709503173828
469,469,2020-12-14,106.7959213256836
470,470,2020-12-15,107.23421478271484
471,471,2020-12-16,106.6560516357422
472,472,2020-12-17,107.82172393798828
473,473,2020-12-18,107.8497085571289
474,474,2020-12-21,107.54195404052734
475,475,2020-12-22,106.00325012207033
476,476,2020-12-23,106.16177368164062
477,477,2020-12-24,106.71199035644533
478,478,2020-12-28,105.05205535888672
479,479,2020-12-29,105.05205535888672
480,480,2020-12-30,106.84083557128906
481,481,2020-12-31,107.63690185546876
482,482,2021-01-04,105.94175720214844
483,483,2021-01-05,108.64837646484376
484,484,2021-01-06,112.46946716308594
485,485,2021-01-07,114.1458740234375
486,486,2021-01-08,113.39664459228516
487,487,2021-01-11,111.79515075683594
488,488,2021-01-12,114.49239349365234
489,489,2021-01-13,114.18334197998048
490,490,2021-01-14,113.99603271484376
491,491,2021-01-15,112.43199920654295
492,492,2021-01-19,109.1728286743164
493,493,2021-01-20,108.14263153076172
494,494,2021-01-21,107.70246124267578
495,495,2021-01-22,107.1873550415039
496,496,2021-01-25,105.88556671142578
497,497,2021-01-26,103.31944274902344
498,498,2021-01-27,100.71585083007812
499,499,2021-01-28,102.11131286621094
500,500,2021-01-29,101.4182586669922
501,501,2021-02-01,102.78560638427734
502,502,2021-02-02,104.04993438720705
503,503,2021-02-03,103.61913299560548
504,504,2021-02-04,106.7378158569336
505,505,2021-02-05,107.87103271484376
506,506,2021-02-08,109.2477569580078
507,507,2021-02-09,108.97615814208984
508,508,2021-02-10,101.05300903320312
509,509,2021-02-11,103.26325225830078
510,510,2021-02-12,100.8469696044922
511,511,2021-02-16,101.82097625732422
512,512,2021-02-17,99.97598266601562
513,513,2021-02-18,98.16845703125
514,514,2021-02-19,98.5711669921875
515,515,2021-02-22,98.3370132446289
516,516,2021-02-23,98.16845703125
517,517,2021-02-24,98.3089370727539
518,518,2021-02-25,95.43373107910156
519,519,2021-02-26,95.23706817626952
520,520,2021-03-01,99.90106964111328
521,521,2021-03-02,98.82401275634766
522,522,2021-03-03,96.96031188964844
523,523,2021-03-04,94.3754425048828
524,524,2021-03-05,96.19235229492188
525,525,2021-03-08,96.52013397216795
526,526,2021-03-09,98.16845703125
527,527,2021-03-10,99.60135650634766
528,528,2021-03-11,101.81160736083984
529,529,2021-03-12,103.1227569580078
530,530,2021-03-15,105.15505981445312
531,531,2021-03-16,101.79286193847656
532,532,2021-03-17,102.42971801757812
533,533,2021-03-18,103.11341094970705
534,534,2021-03-19,102.91671752929688
535,535,2021-03-22,103.30069732666016
536,536,2021-03-23,101.16541290283205
537,537,2021-03-24,102.5608367919922
538,538,2021-03-25,103.81580352783205
539,539,2021-03-26,106.55052185058594
540,540,2021-03-29,105.54842376708984
541,541,2021-03-30,104.41975402832033
542,542,2021-03-31,104.03412628173828
543,543,2021-04-01,105.2662353515625
544,544,2021-04-05,107.06268310546876
545,545,2021-04-06,106.12214660644533
546,546,2021-04-07,104.89942932128906
547,547,2021-04-08,104.86181640625
548,548,2021-04-09,105.22863006591795
549,549,2021-04-12,105.71770477294922
550,550,2021-04-13,104.1657943725586
551,551,2021-04-14,104.57964324951172
552,552,2021-04-15,105.7835464477539
553,553,2021-04-16,106.8839874267578
554,554,2021-04-19,106.11273956298828
555,555,2021-04-20,106.28203582763672
556,556,2021-04-21,108.03146362304688
557,557,2021-04-22,106.71469116210938
558,558,2021-04-23,109.00963592529295
559,559,2021-04-26,110.68380737304688
560,560,2021-04-27,111.61495208740234
561,561,2021-04-28,112.1416473388672
562,562,2021-04-29,113.08220672607422
563,563,2021-04-30,111.21051788330078
564,564,2021-05-03,111.98175048828124
565,565,2021-05-04,111.96295928955078
566,566,2021-05-05,114.58708953857422
567,567,2021-05-06,110.43926239013672
568,568,2021-05-07,113.25152587890624
569,569,2021-05-10,111.32337951660156
570,570,2021-05-11,110.17591094970705
571,571,2021-05-12,108.11609649658205
572,572,2021-05-13,109.35762786865234
573,573,2021-05-14,111.16348266601562
574,574,2021-05-17,111.37980651855467
575,575,2021-05-18,110.67440795898438
576,576,2021-05-19,109.611572265625
577,577,2021-05-20,109.4046630859375
578,578,2021-05-21,109.93136596679688
579,579,2021-05-24,109.7996826171875
580,580,2021-05-25,108.6804428100586
581,581,2021-05-26,108.53936004638672
582,582,2021-05-27,109.32941436767578
583,583,2021-05-28,109.7526626586914
584,584,2021-06-01,111.2763442993164
585,585,2021-06-02,110.70260620117188
586,586,2021-06-03,110.8437042236328
587,587,2021-06-04,111.3139877319336
588,588,2021-06-07,111.44566345214844
589,589,2021-06-08,112.0570068359375
590,590,2021-06-09,111.2763442993164
591,591,2021-06-10,111.55852508544922
592,592,2021-06-11,112.32035064697266
593,593,2021-06-14,111.4174346923828
594,594,2021-06-15,111.69960021972656
595,595,2021-06-16,110.42044830322266
596,596,2021-06-17,110.98479461669922
597,597,2021-06-18,105.37911224365234
598,598,2021-06-21,107.35426330566406
599,599,2021-06-22,107.77751159667967
600,600,2021-06-23,107.4201202392578
601,601,2021-06-24,106.14096069335938
602,602,2021-06-25,105.35089874267578
603,603,2021-06-28,103.54503631591795
604,604,2021-06-29,102.99714660644533
605,605,2021-06-30,102.21305847167967
606,606,2021-07-01,102.53424835205078
607,607,2021-07-02,102.52481079101562
608,608,2021-07-06,100.80551147460938
609,609,2021-07-07,99.8419418334961
610,610,2021-07-08,99.53020477294922
611,611,2021-07-09,101.70294952392578
612,612,2021-07-12,102.75151824951172
613,613,2021-07-13,101.16448211669922
614,614,2021-07-14,101.27782440185548
615,615,2021-07-15,101.13613891601562
616,616,2021-07-16,99.3223876953125
617,617,2021-07-19,97.40470123291016
618,618,2021-07-20,97.62198638916016
619,619,2021-07-21,99.4357452392578
620,620,2021-07-22,100.02143096923828
621,621,2021-07-23,100.46541595458984
622,622,2021-07-26,100.72994232177734
623,623,2021-07-27,100.35206604003906
624,624,2021-07-28,100.93775939941406
625,625,2021-07-29,101.00389099121094
626,626,2021-07-30,101.0322265625
627,627,2021-08-02,100.70156860351562
628,628,2021-08-03,100.87163543701172
629,629,2021-08-04,93.17259216308594
630,630,2021-08-05,88.0713882446289
631,631,2021-08-06,90.03630065917969
632,632,2021-08-09,90.64087677001952
633,633,2021-08-10,90.21578216552734
634,634,2021-08-11,90.86759185791016
635,635,2021-08-12,89.71511840820312
636,636,2021-08-13,89.10106658935547
637,637,2021-08-16,87.66517639160156
638,638,2021-08-17,87.00391387939453
639,639,2021-08-18,86.29541778564453
640,640,2021-08-19,83.65032958984375
641,641,2021-08-20,82.91349792480469
642,642,2021-08-23,84.16046142578125
643,643,2021-08-24,85.72860717773438
644,644,2021-08-25,87.75962829589844
645,645,2021-08-26,88.42090606689453
646,646,2021-08-27,87.92023468017578
647,647,2021-08-30,88.15640258789062
648,648,2021-08-31,88.44923400878906
649,649,2021-09-01,89.16720581054688
650,650,2021-09-02,91.31159210205078
651,651,2021-09-03,90.0079574584961
652,652,2021-09-07,90.35748291015624
653,653,2021-09-08,91.5855484008789
654,654,2021-09-09,92.10511016845705
655,655,2021-09-10,92.6908187866211
656,656,2021-09-13,93.06867218017578
657,657,2021-09-14,91.49108123779295
658,658,2021-09-15,92.36016845703124
659,659,2021-09-16,91.98230743408205
660,660,2021-09-17,89.92294311523438
661,661,2021-09-20,89.29000091552734
662,662,2021-09-21,88.14695739746094
663,663,2021-09-22,88.83657836914062
664,664,2021-09-23,89.26166534423828
665,665,2021-09-24,88.93102264404297
666,666,2021-09-27,90.15910339355467
667,667,2021-09-28,88.70431518554688
668,668,2021-09-29,88.53339385986328
669,669,2021-09-30,86.93820190429688
670,670,2021-10-01,87.59337615966797
671,671,2021-10-04,86.29251861572266
672,672,2021-10-05,88.08711242675781
673,673,2021-10-06,85.06763458251953
674,674,2021-10-07,85.33349609375
675,675,2021-10-08,84.57389068603516
676,676,2021-10-11,83.7952880859375
677,677,2021-10-12,83.37748718261719
678,678,2021-10-13,83.93771362304688
679,679,2021-10-14,86.90971374511719
680,680,2021-10-15,87.78327178955078
681,681,2021-10-18,87.4034652709961
682,682,2021-10-19,87.52689361572266
683,683,2021-10-20,88.23905944824219
684,684,2021-10-21,88.91320037841797
685,685,2021-10-22,88.27703857421875
686,686,2021-10-25,88.53339385986328
687,687,2021-10-26,88.02063751220703
688,688,2021-10-27,86.9666748046875
689,689,2021-10-28,88.13459014892578
690,690,2021-10-29,86.41596984863281
691,691,2021-11-01,88.75177764892578
692,692,2021-11-02,88.70430755615234
693,693,2021-11-03,99.89916229248048
694,694,2021-11-04,99.08258056640624
695,695,2021-11-05,101.24750518798828
696,696,2021-11-08,99.76624298095705
697,697,2021-11-09,101.58932495117188
698,698,2021-11-10,100.46887969970705
699,699,2021-11-11,100.34545135498048
700,700,2021-11-12,100.73474884033205
701,701,2021-11-15,100.98162078857422
702,702,2021-11-16,100.05109405517578
703,703,2021-11-17,99.6807861328125
704,704,2021-11-18,99.77572631835938
705,705,2021-11-19,98.79773712158205
706,706,2021-11-22,98.9306640625
707,707,2021-11-23,99.61432647705078
708,708,2021-11-24,98.86419677734376
709,709,2021-11-26,97.45889282226562
710,710,2021-11-29,98.3134765625
711,711,2021-11-30,95.13258361816406
712,712,2021-12-01,95.11358642578124
713,713,2021-12-02,98.30397033691406
714,714,2021-12-03,98.45589447021484
715,715,2021-12-06,100.23150634765624
716,716,2021-12-07,101.69376373291016
717,717,2021-12-08,103.27946472167967
718,718,2021-12-09,102.0166015625
719,719,2021-12-10,102.70975494384766
720,720,2021-12-13,99.72825622558594
721,721,2021-12-14,99.32946014404295
722,722,2021-12-15,100.36442565917967
723,723,2021-12-16,99.67129516601562
724,724,2021-12-17,98.73126220703124
725,725,2021-12-20,97.07909393310548
726,726,2021-12-21,100.44039916992188
727,727,2021-12-22,102.0735855102539
728,728,2021-12-23,103.61180114746094
729,729,2021-12-27,103.45037841796876
730,730,2021-12-28,104.03907775878906
731,731,2021-12-29,103.87767028808594
732,732,2021-12-30,104.37383270263672
733,733,2021-12-31,104.85089874267578
734,734,2022-01-03,105.0989761352539
735,735,2022-01-04,106.11035919189452
736,736,2022-01-05,104.00170135498048
737,737,2022-01-06,102.9521484375
738,738,2022-01-07,103.24793243408205
739,739,2022-01-10,102.47508239746094
740,740,2022-01-11,104.37383270263672
741,741,2022-01-12,106.13898468017578
742,742,2022-01-13,108.28581237792967
743,743,2022-01-14,108.86784362792967
744,744,2022-01-18,105.63329315185548
745,745,2022-01-19,105.95771026611328
746,746,2022-01-20,104.27841186523438
747,747,2022-01-21,103.85858154296876
748,748,2022-01-24,102.47508239746094
749,749,2022-01-25,102.68498229980467
750,750,2022-01-26,102.4273681640625
751,751,2022-01-27,103.13343048095705
752,752,2022-01-28,103.5246353149414
753,753,2022-01-31,105.3088836669922
754,754,2022-02-01,106.43477630615234
755,755,2022-02-02,107.4843292236328
756,756,2022-02-03,105.62374114990234
757,757,2022-02-04,105.17530822753906
758,758,2022-02-07,103.25747680664062
759,759,2022-02-08,106.0817413330078
760,760,2022-02-09,111.99742126464844
761,761,2022-02-10,111.92110443115234
762,762,2022-02-11,112.46495819091795
763,763,2022-02-14,110.44217681884766
764,764,2022-02-15,112.37908935546876
765,765,2022-02-16,114.10609436035156
766,766,2022-02-17,112.69396209716795
767,767,2022-02-18,111.5299072265625
768,768,2022-02-22,110.8333740234375
769,769,2022-02-23,109.4307861328125
770,770,2022-02-24,109.63116455078124
771,771,2022-02-25,112.56037902832033
772,772,2022-02-28,111.87340545654295
773,773,2022-03-01,110.76658630371094
774,774,2022-03-02,114.07746887207033
775,775,2022-03-03,115.11748504638672
776,776,2022-03-04,115.71859741210938
777,777,2022-03-07,113.45726776123048
778,778,2022-03-08,112.07376098632812
779,779,2022-03-09,114.49729919433594
780,780,2022-03-10,118.71460723876952
781,781,2022-03-11,117.6173324584961
782,782,2022-03-14,120.23169708251952
783,783,2022-03-15,121.82511901855467
784,784,2022-03-16,120.34619140625
785,785,2022-03-17,123.69523620605467
786,786,2022-03-18,123.50440979003906
787,787,2022-03-21,125.3745346069336
788,788,2022-03-22,124.54443359375
789,789,2022-03-23,125.24092864990234
790,790,2022-03-24,127.71218872070312
791,791,2022-03-25,130.28836059570312
792,792,2022-03-28,129.7158660888672
793,793,2022-03-29,124.70662689208984
794,794,2022-03-30,127.19750213623048
795,795,2022-03-31,126.0478744506836
796,796,2022-04-01,125.62635040283205
797,797,2022-04-04,126.6610107421875
798,798,2022-04-05,128.08848571777344
799,799,2022-04-06,128.37586975097656
800,800,2022-04-07,130.12908935546875
801,801,2022-04-08,132.59120178222656
802,802,2022-04-11,130.8475799560547
803,803,2022-04-12,131.4032440185547
804,804,2022-04-13,132.7732391357422
805,805,2022-04-14,131.0487823486328
806,806,2022-04-18,131.614013671875
807,807,2022-04-19,133.482177734375
808,808,2022-04-20,133.63546752929688
809,809,2022-04-21,131.25955200195312
810,810,2022-04-22,127.06340026855467
811,811,2022-04-25,126.12451934814452
812,812,2022-04-26,125.18563079833984
813,813,2022-04-27,126.86219024658205
814,814,2022-04-28,129.0465087890625
815,815,2022-04-29,126.97715759277344
816,816,2022-05-02,126.24906158447266
817,817,2022-05-03,118.31657409667967
818,818,2022-05-04,117.3873062133789
819,819,2022-05-05,113.5647430419922
820,820,2022-05-06,114.00544738769533
821,821,2022-05-09,109.12908935546876
822,822,2022-05-10,107.94112396240234
823,823,2022-05-11,110.66193389892578
824,824,2022-05-12,109.74221801757812
825,825,2022-05-13,111.86903381347656
826,826,2022-05-16,112.1085433959961
827,827,2022-05-17,114.30243682861328
828,828,2022-05-18,113.70845794677734
829,829,2022-05-19,116.28555297851562
830,830,2022-05-20,114.41739654541016
831,831,2022-05-23,118.32615661621094
832,832,2022-05-24,118.37406158447266
833,833,2022-05-25,117.14778137207033
834,834,2022-05-26,117.97169494628906
835,835,2022-05-27,120.72122955322266
836,836,2022-05-31,117.43518829345705
837,837,2022-06-01,116.60171508789062
838,838,2022-06-02,120.2805404663086
839,839,2022-06-03,116.2280731201172
840,840,2022-06-06,115.41374969482422
841,841,2022-06-07,116.14185333251952
842,842,2022-06-08,112.88455963134766
843,843,2022-06-09,110.62359619140624
844,844,2022-06-10,107.96986389160156
845,845,2022-06-13,103.572509765625
846,846,2022-06-14,103.39048767089844
847,847,2022-06-15,102.66238403320312
848,848,2022-06-16,99.54879760742188
849,849,2022-06-17,99.61585998535156
850,850,2022-06-21,104.26229858398438
851,851,2022-06-22,103.1030731201172
852,852,2022-06-23,99.33802795410156
853,853,2022-06-24,103.68746948242188
854,854,2022-06-27,104.34851837158205
855,855,2022-06-28,103.30426025390624
856,856,2022-06-29,104.19001007080078
857,857,2022-06-30,103.02505493164062
858,858,2022-07-01,103.49681091308594
859,859,2022-07-05,100.10790252685548
860,860,2022-07-06,99.7420425415039
861,861,2022-07-07,100.56039428710938
862,862,2022-07-08,101.02251434326172
863,863,2022-07-11,100.7336883544922
864,864,2022-07-12,99.6842803955078
865,865,2022-07-13,98.9140625
866,866,2022-07-14,96.31461334228516
867,867,2022-07-15,97.15221405029295
868,868,2022-07-18,96.63233184814452
869,869,2022-07-19,99.93460083007812
870,870,2022-07-20,100.9551239013672
871,871,2022-07-21,101.8408660888672
872,872,2022-07-22,101.9563980102539
873,873,2022-07-25,103.6219711303711
874,874,2022-07-26,103.77600860595705
875,875,2022-07-27,105.6726531982422
876,876,2022-07-28,106.1155242919922
877,877,2022-07-29,106.9627456665039
878,878,2022-08-01,105.0468521118164
879,879,2022-08-02,103.49681091308594
880,880,2022-08-03,104.97946166992188
881,881,2022-08-04,102.1008071899414
882,882,2022-08-05,102.37037658691406
883,883,2022-08-08,104.00707244873048
884,884,2022-08-09,103.35240173339844
885,885,2022-08-10,105.16239166259766
886,886,2022-08-11,105.48973083496094
887,887,2022-08-12,108.08917999267578
888,888,2022-08-15,107.81961059570312
889,889,2022-08-16,109.5237045288086
890,890,2022-08-17,108.7823715209961
891,891,2022-08-18,108.68610382080078
892,892,2022-08-19,107.29009246826172
893,893,2022-08-22,104.76766204833984
894,894,2022-08-23,109.07119750976562
895,895,2022-08-24,110.40943145751952
896,896,2022-08-25,113.21106719970705
897,897,2022-08-26,109.677734375
898,898,2022-08-29,108.81124877929688
899,899,2022-08-30,105.62451171875
900,900,2022-08-31,104.05521392822266
901,901,2022-09-01,102.84213256835938
902,902,2022-09-02,102.47628784179688
903,903,2022-09-06,101.1187973022461
904,904,2022-09-07,104.5654754638672
905,905,2022-09-08,105.88446044921876
906,906,2022-09-09,108.50315856933594
907,907,2022-09-12,108.84976196289062
908,908,2022-09-13,106.2310562133789
909,909,2022-09-14,106.85684967041016
910,910,2022-09-15,104.21888732910156
911,911,2022-09-16,101.9371337890625
912,912,2022-09-19,103.60272216796876
913,913,2022-09-20,102.36075592041016
914,914,2022-09-21,101.76383209228516
915,915,2022-09-22,103.18872833251952
916,916,2022-09-23,100.89735412597656
917,917,2022-09-26,99.44359588623048
918,918,2022-09-27,101.08991241455078
919,919,2022-09-28,104.3440399169922
920,920,2022-09-29,102.8541030883789
921,921,2022-09-30,102.26392364501952
922,922,2022-10-03,105.56307983398438
923,923,2022-10-04,108.78483581542967
924,924,2022-10-05,108.39783477783205
925,925,2022-10-06,108.33010864257812
926,926,2022-10-07,107.15945434570312
927,927,2022-10-10,108.7654800415039
928,928,2022-10-11,108.7654800415039
929,929,2022-10-12,110.97135925292967
930,930,2022-10-13,112.7322006225586
931,931,2022-10-14,107.2368392944336
932,932,2022-10-17,110.72948455810548
933,933,2022-10-18,113.8641586303711
934,934,2022-10-19,112.87732696533205
935,935,2022-10-20,111.60023498535156
936,936,2022-10-21,113.3900909423828
937,937,2022-10-24,111.93885803222656
938,938,2022-10-25,114.79295349121094
939,939,2022-10-26,114.55107879638672
940,940,2022-10-27,114.69621276855467
941,941,2022-10-28,114.1253890991211
942,942,2022-10-31,115.03483581542967
943,943,2022-11-01,115.6927261352539
944,944,2022-11-02,115.97329711914062
945,945,2022-11-03,119.33049774169922
946,946,2022-11-04,120.45278930664062
947,947,2022-11-07,120.42376708984376
948,948,2022-11-08,123.01663970947266
949,949,2022-11-09,121.77825927734376
950,950,2022-11-10,122.33939361572266
951,951,2022-11-11,121.46865844726562
952,952,2022-11-14,122.9972915649414
953,953,2022-11-15,124.54528045654295
954,954,2022-11-16,122.60061645507812
955,955,2022-11-17,123.1617660522461
956,956,2022-11-18,123.5003890991211
957,957,2022-11-21,123.13273620605467
958,958,2022-11-22,123.9647979736328
959,959,2022-11-23,124.08090209960938
960,960,2022-11-25,124.98065948486328
961,961,2022-11-28,122.91020965576172
962,962,2022-11-29,123.55844116210938
963,963,2022-11-30,126.3931884765625
964,964,2022-12-01,125.80301666259766
965,965,2022-12-02,129.9922637939453
966,966,2022-12-05,126.48026275634766
967,967,2022-12-06,123.7809600830078
968,968,2022-12-07,123.7616195678711
969,969,2022-12-08,123.82933807373048
970,970,2022-12-09,122.4845199584961
971,971,2022-12-12,122.18460083007812
972,972,2022-12-13,123.45201873779295
973,973,2022-12-14,122.66835021972656
974,974,2022-12-15,121.10101318359376
975,975,2022-12-16,120.25929260253906
976,976,2022-12-19,118.76935577392578
977,977,2022-12-20,120.13351440429688
978,978,2022-12-21,121.02360534667967
979,979,2022-12-22,120.61726379394533
980,980,2022-12-23,122.23297119140624
981,981,2022-12-27,122.4264678955078
982,982,2022-12-28,120.60759735107422
983,983,2022-12-29,121.44352722167967
984,984,2022-12-30,121.30744934082033
985,985,2023-01-03,121.42408752441406
986,986,2023-01-04,119.49950408935548
987,987,2023-01-05,118.29419708251952
988,988,2023-01-06,121.94896697998048
989,989,2023-01-09,125.36074829101562
990,990,2023-01-10,125.09829711914062
991,991,2023-01-11,127.83939361572266
992,992,2023-01-12,125.75927734375
993,993,2023-01-13,126.33275604248048
994,994,2023-01-17,125.03025817871094
995,995,2023-01-18,123.07650756835938
996,996,2023-01-19,123.02790832519533
997,997,2023-01-20,124.61228942871094
998,998,2023-01-23,123.91244506835938
999,999,2023-01-24,125.6037368774414
1000,1000,2023-01-25,125.27326965332033
1001,1001,2023-01-26,127.23672485351562
1002,1002,2023-01-27,128.51979064941406
1003,1003,2023-01-30,126.64379119873048
1004,1004,2023-01-31,129.40431213378906
1005,1005,2023-02-01,128.72389221191406
1006,1006,2023-02-02,125.11773681640624
1007,1007,2023-02-03,123.82495880126952
1008,1008,2023-02-06,122.6002197265625
1009,1009,2023-02-07,122.6002197265625
1010,1010,2023-02-08,124.8747329711914
1011,1011,2023-02-09,125.4871063232422
1012,1012,2023-02-10,127.52833557128906
1013,1013,2023-02-13,125.3315887451172
1014,1014,2023-02-14,125.03997802734376
1015,1015,2023-02-15,125.42877197265624
1016,1016,2023-02-16,125.38990783691406
1017,1017,2023-02-17,124.61228942871094
1018,1018,2023-02-21,122.60993194580078
1019,1019,2023-02-22,125.1274642944336
1020,1020,2023-02-23,125.4676742553711
1021,1021,2023-02-24,125.26353454589844
1022,1022,2023-02-27,125.6037368774414
1023,1023,2023-02-28,125.53570556640624
1024,1024,2023-03-01,124.53453063964844
1025,1025,2023-03-02,125.25381469726562
1026,1026,2023-03-03,124.80669403076172
1027,1027,2023-03-06,122.45442199707033
1028,1028,2023-03-07,122.6002197265625
1029,1029,2023-03-08,123.90272521972656
1030,1030,2023-03-09,119.810546875
1031,1031,2023-03-10,117.18609619140624
1032,1032,2023-03-13,116.09745025634766
1033,1033,2023-03-14,116.89450073242188
1034,1034,2023-03-15,112.80231475830078
1035,1035,2023-03-16,113.49244689941406
1036,1036,2023-03-17,112.8217544555664
1037,1037,2023-03-20,115.53367614746094
1038,1038,2023-03-21,118.1289520263672
1039,1039,2023-03-22,114.75606536865234
1040,1040,2023-03-23,113.68684387207033
1041,1041,2023-03-24,114.39642333984376
1042,1042,2023-03-27,114.99906158447266
1043,1043,2023-03-28,115.91275787353516
1044,1044,2023-03-29,117.58462524414062
1045,1045,2023-03-30,118.268310546875
1046,1046,2023-03-31,119.28407287597656
1047,1047,2023-04-03,119.8505630493164
1048,1048,2023-04-04,118.75666046142578
1049,1049,2023-04-05,119.03990173339844
1050,1050,2023-04-06,114.19548797607422
1051,1051,2023-04-10,116.2953872680664
1052,1052,2023-04-11,117.95577239990234
1053,1053,2023-04-12,119.6454620361328
1054,1054,2023-04-13,120.96399688720705
1055,1055,2023-04-14,119.83103942871094
1056,1056,2023-04-17,121.4132843017578
1057,1057,2023-04-18,121.78443145751952
1058,1058,2023-04-19,120.8663330078125
1059,1059,2023-04-20,120.24124908447266
1060,1060,2023-04-21,120.34868621826172
1061,1061,2023-04-24,120.9053955078125
1062,1062,2023-04-25,119.18640899658205
1063,1063,2023-04-26,117.02791595458984
1064,1064,2023-04-27,118.9422378540039
1065,1065,2023-04-28,120.70030212402344
1066,1066,2023-05-01,120.8760986328125
1067,1067,2023-05-02,113.70714569091795
1068,1068,2023-05-03,111.33375549316406
1069,1069,2023-05-04,109.2826919555664
1070,1070,2023-05-05,110.8454132080078
1071,1071,2023-05-08,109.35106658935548
1072,1072,2023-05-09,107.92507934570312
1073,1073,2023-05-10,108.00322723388672
1074,1074,2023-05-11,106.94839477539062
1075,1075,2023-05-12,107.02652740478516
1076,1076,2023-05-15,107.593017578125
1077,1077,2023-05-16,105.77635955810548
1078,1078,2023-05-17,105.50287628173828
1079,1079,2023-05-18,105.94239044189452
1080,1080,2023-05-19,106.37213897705078
1081,1081,2023-05-22,105.31730651855467
1082,1082,2023-05-23,104.15503692626952
1083,1083,2023-05-24,102.46534729003906
1084,1084,2023-05-25,101.4495849609375
1085,1085,2023-05-26,101.17610168457033
1086,1086,2023-05-30,101.78166198730467
1087,1087,2023-05-31,101.65469360351562
1088,1088,2023-06-01,101.85979461669922
1089,1089,2023-06-02,104.57501983642578
1090,1090,2023-06-05,104.9364013671875
1091,1091,2023-06-06,107.64185333251952
1092,1092,2023-06-07,108.85295104980467
1093,1093,2023-06-08,107.39766693115234
1094,1094,2023-06-09,103.16856384277344
1095,1095,2023-06-12,102.6509246826172
1096,1096,2023-06-13,103.34437561035156
1097,1097,2023-06-14,102.10397338867188
1098,1098,2023-06-15,103.43228149414062
1099,1099,2023-06-16,104.2820053100586
1100,1100,2023-06-20,102.82672882080078
1101,1101,2023-06-21,106.32331085205078
1102,1102,2023-06-22,105.39544677734376
1103,1103,2023-06-23,103.26624298095705
1104,1104,2023-06-26,104.10619354248048
1105,1105,2023-06-27,102.6509246826172
1106,1106,2023-06-28,101.51795196533205
1107,1107,2023-06-29,102.66709899902344
1108,1108,2023-06-30,102.48048400878906
1109,1109,2023-07-03,104.19929504394533
1110,1110,2023-07-05,100.71257019042967
1111,1111,2023-07-06,101.51795196533205
1112,1112,2023-07-07,102.39208984375
1113,1113,2023-07-10,90.97917938232422
1114,1114,2023-07-11,92.15779876708984
1115,1115,2023-07-12,93.76856231689452
1116,1116,2023-07-13,94.46591186523438
1117,1117,2023-07-14,93.53284454345705
1118,1118,2023-07-17,93.70963287353516
1119,1119,2023-07-18,93.86678314208984
1120,1120,2023-07-19,93.92571258544922
1121,1121,2023-07-20,93.93553161621094
1122,1122,2023-07-21,93.46409606933594
1123,1123,2023-07-24,93.70963287353516
1124,1124,2023-07-25,94.05339813232422
1125,1125,2023-07-26,93.5917739868164
1126,1126,2023-07-27,93.51319122314452
1127,1127,2023-07-28,94.62305450439452
1128,1128,2023-07-31,94.51502227783205
1129,1129,2023-08-01,92.3542251586914
1130,1130,2023-08-02,91.1657943725586
1131,1131,2023-08-03,89.36840057373047
1132,1132,2023-08-04,89.8594970703125
1133,1133,2023-08-07,89.42733764648438
1134,1134,2023-08-08,87.0406494140625
1135,1135,2023-08-09,85.40039825439453
1136,1136,2023-08-10,86.18614959716797
1137,1137,2023-08-11,87.47279357910156
1138,1138,2023-08-14,88.19961547851562
1139,1139,2023-08-15,85.92096710205078
1140,1140,2023-08-16,85.59683990478516
1141,1141,2023-08-17,87.2370834350586
1142,1142,2023-08-18,87.41387176513672
1143,1143,2023-08-21,86.57901763916016
1144,1144,2023-08-22,86.94242095947266
1145,1145,2023-08-23,86.60848999023438
1146,1146,2023-08-24,86.67723846435547
1147,1147,2023-08-25,86.38257598876953
1148,1148,2023-08-28,87.03081512451172
1149,1149,2023-08-29,87.1093978881836
1150,1150,2023-08-30,86.8245620727539
1151,1151,2023-08-31,84.6932373046875
1152,1152,2023-09-01,84.55573272705078
1153,1153,2023-09-05,81.14757537841797
1154,1154,2023-09-06,80.72523498535156
1155,1155,2023-09-07,74.74376678466797
1156,1156,2023-09-08,74.11517333984375
1157,1157,2023-09-11,72.55351257324219
1158,1158,2023-09-12,73.71248626708984
1159,1159,2023-09-13,73.96784973144531
1160,1160,2023-09-14,74.26250457763672
1161,1161,2023-09-15,74.30178833007812
1162,1162,2023-09-18,72.42582702636719
1163,1163,2023-09-19,71.20793151855469
1164,1164,2023-09-20,69.71501922607422
1165,1165,2023-09-21,68.54622650146484
1166,1166,2023-09-22,67.17117309570312
1167,1167,2023-09-25,66.71937561035156
1168,1168,2023-09-26,65.8452377319336
1169,1169,2023-09-27,64.8335952758789
1170,1170,2023-09-28,65.30921936035156
1171,1171,2023-09-29,66.35955810546875
1172,1172,2023-10-02,64.65523529052734
1173,1173,2023-10-03,64.55614471435547
1174,1174,2023-10-04,64.25887298583984
1175,1175,2023-10-05,62.93109130859375
1176,1176,2023-10-06,62.217655181884766
1177,1177,2023-10-09,62.77254867553711
1178,1178,2023-10-10,64.03097534179688
1179,1179,2023-10-11,62.18792724609375
1180,1180,2023-10-12,61.3060417175293
1181,1181,2023-10-13,61.84111785888672
1182,1182,2023-10-16,63.63462066650391
1183,1183,2023-10-17,66.62709045410156
1184,1184,2023-10-18,65.55693817138672
1185,1185,2023-10-19,65.98301696777344
1186,1186,2023-10-20,66.33972930908203
1187,1187,2023-10-23,57.5902214050293
1188,1188,2023-10-24,55.59854507446289
1189,1189,2023-10-25,55.26164627075195
1190,1190,2023-10-26,56.81733322143555
1191,1191,2023-10-27,56.36152648925781
1192,1192,2023-10-30,57.43168258666992
1193,1193,2023-10-31,52.71507263183594
1194,1194,2023-11-01,49.55414581298828
1195,1195,2023-11-02,54.19148635864258
1196,1196,2023-11-03,54.88510894775391
1197,1197,2023-11-06,54.88510894775391
1198,1198,2023-11-07,52.88351821899414
1199,1199,2023-11-08,51.942176818847656
1200,1200,2023-11-09,49.65323638916016
1201,1201,2023-11-10,50.7729377746582
1202,1202,2023-11-13,50.76302719116211
1203,1203,2023-11-14,52.2592658996582
1204,1204,2023-11-15,54.20139694213867
1205,1205,2023-11-16,52.94297409057617
1206,1206,2023-11-17,53.16096878051758
1207,1207,2023-11-20,53.22042083740234
1208,1208,2023-11-21,52.71507263183594
1209,1209,2023-11-22,52.63579940795898
1210,1210,2023-11-24,52.60607147216797
1211,1211,2023-11-27,51.52600860595703
1212,1212,2023-11-28,51.89263534545898
1213,1213,2023-11-29,52.19981002807617
1214,1214,2023-11-30,53.170875549316406
1215,1215,2023-12-01,55.241825103759766
1216,1216,2023-12-04,54.914833068847656
1217,1217,2023-12-05,53.2897834777832
1218,1218,2023-12-06,54.70674896240234
1219,1219,2023-12-07,54.86528778076172
1220,1220,2023-12-08,55.370643615722656
1221,1221,2023-12-11,55.2913703918457
1222,1222,2023-12-12,54.15185546875
1223,1223,2023-12-13,57.23350143432617
1224,1224,2023-12-14,59.68098831176758
1225,1225,2023-12-15,58.967552185058594
1226,1226,2023-12-18,58.35320281982422
1227,1227,2023-12-19,60.42415237426758
1228,1228,2023-12-20,59.185546875
1229,1229,2023-12-21,61.53394317626953
1230,1230,2023-12-22,62.168113708496094
1231,1231,2023-12-26,63.15899658203125
1232,1232,2023-12-27,63.04999923706055
1233,1233,2023-12-28,63.310001373291016
1234,1234,2023-12-29,63.04999923706055
1235,1235,2024-01-02,64.83999633789062
1236,1236,2024-01-03,61.18999862670898
1237,1237,2024-01-04,60.27000045776367
1238,1238,2024-01-05,60.77999877929688
1239,1239,2024-01-08,61.58000183105469
1240,1240,2024-01-09,60.59000015258789
1241,1241,2024-01-10,59.5099983215332
1242,1242,2024-01-11,58.93000030517578
1243,1243,2024-01-12,58.209999084472656
1244,1244,2024-01-16,57.040000915527344
1245,1245,2024-01-17,55.470001220703125
1246,1246,2024-01-18,55.040000915527344
1247,1247,2024-01-19,55.650001525878906
1248,1248,2024-01-22,56.400001525878906
1249,1249,2024-01-23,57.81999969482422
1250,1250,2024-01-24,57.0099983215332
1251,1251,2024-01-25,57.470001220703125
1252,1252,2024-01-26,58.34999847412109
1253,1253,2024-01-29,57.79999923706055
1254,1254,2024-01-30,57.4900016784668
1255,1255,2024-01-31,56.20000076293945
1256,1256,2024-02-01,62.13999938964844
1257,1257,2024-02-02,61.43000030517578
1258,1258,2024-02-05,60.095001220703125
