,Unnamed: 0,Date,GILD
0,0,2019-02-05,55.3063850402832
1,1,2019-02-06,56.18077087402344
2,2,2019-02-07,54.97951126098633
3,3,2019-02-08,55.1347770690918
4,4,2019-02-11,55.257362365722656
5,5,2019-02-12,53.4432258605957
6,6,2019-02-13,53.88450241088867
7,7,2019-02-14,54.23588562011719
8,8,2019-02-15,55.23284149169922
9,9,2019-02-19,54.55458450317383
10,10,2019-02-20,54.7343635559082
11,11,2019-02-21,53.565799713134766
12,12,2019-02-22,53.72106170654297
13,13,2019-02-25,53.40236282348633
14,14,2019-02-26,53.345157623291016
15,15,2019-02-27,53.58214569091797
16,16,2019-02-28,53.13269805908203
17,17,2019-03-01,53.94169998168945
18,18,2019-03-04,53.48408889770508
19,19,2019-03-05,52.61787414550781
20,20,2019-03-06,51.41663360595703
21,21,2019-03-07,51.09794235229492
22,22,2019-03-08,51.669952392578125
23,23,2019-03-11,52.5770149230957
24,24,2019-03-12,52.97743606567383
25,25,2019-03-13,53.72924041748047
26,26,2019-03-14,53.45695877075195
27,27,2019-03-15,54.150020599365234
28,28,2019-03-18,53.646728515625
29,29,2019-03-19,54.034515380859375
30,30,2019-03-20,53.30018997192383
31,31,2019-03-21,53.56422424316406
32,32,2019-03-22,52.61537551879883
33,33,2019-03-25,52.63187789916992
34,34,2019-03-26,53.00317001342773
35,35,2019-03-27,52.52461624145508
36,36,2019-03-28,52.54937362670898
37,37,2019-03-29,53.63848876953125
38,38,2019-04-01,54.35630035400391
39,39,2019-04-02,54.65332794189453
40,40,2019-04-03,54.99986267089844
41,41,2019-04-04,55.14837646484375
42,42,2019-04-05,55.7259407043457
43,43,2019-04-08,55.59391403198242
44,44,2019-04-09,54.52955627441406
45,45,2019-04-10,55.61041259765625
46,46,2019-04-11,54.71107482910156
47,47,2019-04-12,53.86124420166016
48,48,2019-04-15,53.98501968383789
49,49,2019-04-16,53.25069427490234
50,50,2019-04-17,52.18634414672852
51,51,2019-04-18,51.93881607055664
52,52,2019-04-22,51.0477180480957
53,53,2019-04-23,52.01306915283203
54,54,2019-04-24,51.81504440307617
55,55,2019-04-25,52.92066192626953
56,56,2019-04-26,53.75398635864258
57,57,2019-04-29,53.56422424316406
58,58,2019-04-30,53.663230895996094
59,59,2019-05-01,53.52296829223633
60,60,2019-05-02,53.87775802612305
61,61,2019-05-03,55.38764572143555
62,62,2019-05-06,55.84969711303711
63,63,2019-05-07,54.78533554077149
64,64,2019-05-08,54.5130615234375
65,65,2019-05-09,54.56256866455078
66,66,2019-05-10,54.10052490234375
67,67,2019-05-13,52.94540786743164
68,68,2019-05-14,53.69623565673828
69,69,2019-05-15,53.87775802612305
70,70,2019-05-16,54.27378463745117
71,71,2019-05-17,54.75233459472656
72,72,2019-05-20,54.33980178833008
73,73,2019-05-21,54.88434600830078
74,74,2019-05-22,54.86785507202149
75,75,2019-05-23,55.42065048217773
76,76,2019-05-24,55.18963623046875
77,77,2019-05-28,52.7803955078125
78,78,2019-05-29,52.28535079956055
79,79,2019-05-30,52.260589599609375
80,80,2019-05-31,51.36126327514648
81,81,2019-06-03,52.49987030029297
82,82,2019-06-04,53.06917190551758
83,83,2019-06-05,53.16818618774414
84,84,2019-06-06,52.58238220214844
85,85,2019-06-07,53.91900634765625
86,86,2019-06-10,54.5543212890625
87,87,2019-06-11,54.53780746459961
88,88,2019-06-12,55.09887313842773
89,89,2019-06-13,55.79853820800781
90,90,2019-06-14,55.27378082275391
91,91,2019-06-17,55.89016342163086
92,92,2019-06-18,56.80638122558594
93,93,2019-06-19,56.85638046264648
94,94,2019-06-20,57.114593505859375
95,95,2019-06-21,57.789249420166016
96,96,2019-06-24,57.339473724365234
97,97,2019-06-25,57.03962707519531
98,98,2019-06-26,55.54032897949219
99,99,2019-06-27,55.87350845336914
100,100,2019-06-28,56.273319244384766
101,101,2019-07-01,56.49821472167969
102,102,2019-07-02,57.339473724365234
103,103,2019-07-03,57.47275161743164
104,104,2019-07-05,57.08126449584961
105,105,2019-07-08,56.20667266845703
106,106,2019-07-09,56.43157196044922
107,107,2019-07-10,56.19002151489258
108,108,2019-07-11,55.1321907043457
109,109,2019-07-12,55.19049835205078
110,110,2019-07-15,56.69811630249024
111,111,2019-07-16,55.75689697265625
112,112,2019-07-17,55.740234375
113,113,2019-07-18,55.98178863525391
114,114,2019-07-19,54.17430877685547
115,115,2019-07-22,54.06602478027344
116,116,2019-07-23,55.307106018066406
117,117,2019-07-24,55.50701141357422
118,118,2019-07-25,55.2404670715332
119,119,2019-07-26,55.740234375
120,120,2019-07-29,56.531532287597656
121,121,2019-07-30,55.881832122802734
122,122,2019-07-31,54.57411575317383
123,123,2019-08-01,54.53248596191406
124,124,2019-08-02,54.09933853149414
125,125,2019-08-05,52.77497482299805
126,126,2019-08-06,53.29139709472656
127,127,2019-08-07,53.20810317993164
128,128,2019-08-08,53.99106216430664
129,129,2019-08-09,54.34089660644531
130,130,2019-08-12,53.29139709472656
131,131,2019-08-13,53.55794143676758
132,132,2019-08-14,52.575077056884766
133,133,2019-08-15,52.3668327331543
134,134,2019-08-16,52.59173202514648
135,135,2019-08-19,53.39967727661133
136,136,2019-08-20,52.841609954833984
137,137,2019-08-21,53.41632843017578
138,138,2019-08-22,53.491310119628906
139,139,2019-08-23,52.06697082519531
140,140,2019-08-26,52.47511672973633
141,141,2019-08-27,52.73332977294922
142,142,2019-08-28,53.00819396972656
143,143,2019-08-29,53.099830627441406
144,144,2019-08-30,52.924903869628906
145,145,2019-09-03,52.45012664794922
146,146,2019-09-04,52.70001220703125
147,147,2019-09-05,53.358028411865234
148,148,2019-09-06,53.99106216430664
149,149,2019-09-09,55.24880599975586
150,150,2019-09-10,55.87350845336914
151,151,2019-09-11,56.70644760131836
152,152,2019-09-12,55.7900505065918
153,153,2019-09-13,55.92456817626953
154,154,2019-09-16,55.386512756347656
155,155,2019-09-17,55.63032913208008
156,156,2019-09-18,55.25200271606445
157,157,2019-09-19,55.45376968383789
158,158,2019-09-20,55.84051132202149
159,159,2019-09-23,55.26041412353516
160,160,2019-09-24,54.276763916015625
161,161,2019-09-25,53.9741096496582
162,162,2019-09-26,53.21746444702149
163,163,2019-09-27,52.88117980957031
164,164,2019-09-30,53.28472137451172
165,165,2019-10-01,53.15021133422852
166,166,2019-10-02,51.805057525634766
167,167,2019-10-03,52.3178939819336
168,168,2019-10-04,52.595333099365234
169,169,2019-10-07,52.73825454711914
170,170,2019-10-08,51.86390686035156
171,171,2019-10-09,52.10771179199219
172,172,2019-10-10,53.183841705322266
173,173,2019-10-11,53.79755783081055
174,174,2019-10-14,54.23472213745117
175,175,2019-10-15,54.89889907836914
176,176,2019-10-16,54.9409294128418
177,177,2019-10-17,54.84004592895508
178,178,2019-10-18,54.57101821899414
179,179,2019-10-21,54.82323455810547
180,180,2019-10-22,55.36970901489258
181,181,2019-10-23,55.97502136230469
182,182,2019-10-24,55.48740005493164
183,183,2019-10-25,53.23427200317383
184,184,2019-10-28,53.5789794921875
185,185,2019-10-29,53.34357452392578
186,186,2019-10-30,53.09136199951172
187,187,2019-10-31,53.56216430664063
188,188,2019-11-01,54.36084365844727
189,189,2019-11-04,54.82323455810547
190,190,2019-11-05,54.97456741333008
191,191,2019-11-06,54.99138259887695
192,192,2019-11-07,53.7723388671875
193,193,2019-11-08,54.966156005859375
194,194,2019-11-11,54.34402084350586
195,195,2019-11-12,54.07499313354492
196,196,2019-11-13,53.2426872253418
197,197,2019-11-14,53.64623260498047
198,198,2019-11-15,54.70553207397461
199,199,2019-11-18,54.049766540527344
200,200,2019-11-19,54.64667892456055
201,201,2019-11-20,54.54579162597656
202,202,2019-11-21,55.26041412353516
203,203,2019-11-22,54.865272521972656
204,204,2019-11-25,56.5130729675293
205,205,2019-11-26,56.563514709472656
206,206,2019-11-27,56.42900848388672
207,207,2019-11-29,56.52988052368164
208,208,2019-12-02,55.58829879760742
209,209,2019-12-03,55.54625701904297
210,210,2019-12-04,56.11793899536133
211,211,2019-12-05,55.42855453491211
212,212,2019-12-06,56.39538192749024
213,213,2019-12-09,56.26927947998047
214,214,2019-12-10,56.39538192749024
215,215,2019-12-11,56.983882904052734
216,216,2019-12-12,57.391212463378906
217,217,2019-12-13,55.81279754638672
218,218,2019-12-16,56.10982131958008
219,219,2019-12-17,56.17770004272461
220,220,2019-12-18,55.73643112182617
221,221,2019-12-19,55.40546798706055
222,222,2019-12-20,56.72929000854492
223,223,2019-12-23,56.64443206787109
224,224,2019-12-24,56.61897659301758
225,225,2019-12-26,56.33894348144531
226,226,2019-12-27,55.96554565429688
227,227,2019-12-30,55.09997177124024
228,228,2019-12-31,55.14240264892578
229,229,2020-01-02,55.35456085205078
230,230,2020-01-03,55.218780517578125
231,231,2020-01-06,55.71098327636719
232,232,2020-01-07,55.26121139526367
233,233,2020-01-08,55.8382568359375
234,234,2020-01-09,55.8721923828125
235,235,2020-01-10,55.18484115600586
236,236,2020-01-13,54.57383346557617
237,237,2020-01-14,54.48048782348633
238,238,2020-01-15,54.39563751220703
239,239,2020-01-16,53.63188934326172
240,240,2020-01-17,53.44518661499024
241,241,2020-01-21,53.1481819152832
242,242,2020-01-22,53.80161285400391
243,243,2020-01-23,54.25985336303711
244,244,2020-01-24,53.589454650878906
245,245,2020-01-27,54.16651153564453
246,246,2020-01-28,54.61626815795898
247,247,2020-01-29,54.56536102294922
248,248,2020-01-30,54.33622741699219
249,249,2020-01-31,53.63188934326172
250,250,2020-02-03,56.313472747802734
251,251,2020-02-04,57.196022033691406
252,252,2020-02-05,55.89765548706055
253,253,2020-02-06,57.8834114074707
254,254,2020-02-07,58.443477630615234
255,255,2020-02-10,58.54531478881836
256,256,2020-02-11,57.50152969360352
257,257,2020-02-12,56.814151763916016
258,258,2020-02-13,56.68687057495117
259,259,2020-02-14,57.331809997558594
260,260,2020-02-18,56.86507034301758
261,261,2020-02-19,57.15359878540039
262,262,2020-02-20,56.8565788269043
263,263,2020-02-21,59.14783477783203
264,264,2020-02-24,61.86336898803711
265,265,2020-02-25,59.48725891113281
266,266,2020-02-26,63.39083480834961
267,267,2020-02-27,61.65969467163086
268,268,2020-02-28,58.85929870605469
269,269,2020-03-02,63.98488235473633
270,270,2020-03-03,62.97502899169922
271,271,2020-03-04,64.5025405883789
272,272,2020-03-05,64.60433959960938
273,273,2020-03-06,68.07514953613281
274,274,2020-03-09,62.389495849609375
275,275,2020-03-10,61.38815307617188
276,276,2020-03-11,62.542240142822266
277,277,2020-03-12,58.739356994628906
278,278,2020-03-13,60.59798049926758
279,279,2020-03-16,59.0134391784668
280,280,2020-03-17,63.8270149230957
281,281,2020-03-18,68.0239028930664
282,282,2020-03-19,67.27873229980469
283,283,2020-03-20,62.74782180786133
284,284,2020-03-23,62.19108581542969
285,285,2020-03-24,63.34737014770508
286,286,2020-03-25,59.66439056396485
287,287,2020-03-26,63.26171112060547
288,288,2020-03-27,62.39664077758789
289,289,2020-03-30,65.03468322753906
290,290,2020-03-31,64.0325698852539
291,291,2020-04-01,62.10543441772461
292,292,2020-04-02,65.93402099609375
293,293,2020-04-03,66.98753356933594
294,294,2020-04-06,66.576416015625
295,295,2020-04-07,63.95548629760742
296,296,2020-04-08,64.22957611083984
297,297,2020-04-09,62.961944580078125
298,298,2020-04-13,64.47795104980469
299,299,2020-04-14,66.5935287475586
300,300,2020-04-15,63.92122650146485
301,301,2020-04-16,65.55715942382812
302,302,2020-04-17,71.93814849853516
303,303,2020-04-20,69.59986877441406
304,304,2020-04-21,67.2616195678711
305,305,2020-04-22,69.6426773071289
306,306,2020-04-23,66.61923217773438
307,307,2020-04-24,68.21234130859375
308,308,2020-04-27,68.43502807617188
309,309,2020-04-28,67.38150787353516
310,310,2020-04-29,71.21011352539062
311,311,2020-04-30,71.94671630859375
312,312,2020-05-01,68.47785186767578
313,313,2020-05-04,68.73480224609375
314,314,2020-05-05,67.78407287597656
315,315,2020-05-06,66.35372161865234
316,316,2020-05-07,66.47361755371094
317,317,2020-05-08,66.37083435058594
318,318,2020-05-11,69.20589447021484
319,319,2020-05-12,66.76483154296875
320,320,2020-05-13,66.00252532958984
321,321,2020-05-14,66.14814758300781
322,322,2020-05-15,65.31733703613281
323,323,2020-05-18,64.0325698852539
324,324,2020-05-19,61.95983123779297
325,325,2020-05-20,63.28741455078125
326,326,2020-05-21,62.9533576965332
327,327,2020-05-22,62.81631851196289
328,328,2020-05-26,62.67927932739258
329,329,2020-05-27,64.15247344970703
330,330,2020-05-28,64.51222229003906
331,331,2020-05-29,66.66205596923828
332,332,2020-06-01,64.37518310546875
333,333,2020-06-02,62.74782180786133
334,334,2020-06-03,63.72423553466797
335,335,2020-06-04,66.41368103027344
336,336,2020-06-05,65.73702239990234
337,337,2020-06-08,65.92545318603516
338,338,2020-06-09,66.45648193359375
339,339,2020-06-10,66.01111602783203
340,340,2020-06-11,62.94343566894531
341,341,2020-06-12,63.254520416259766
342,342,2020-06-15,63.919918060302734
343,343,2020-06-16,64.48159790039062
344,344,2020-06-17,63.73843765258789
345,345,2020-06-18,63.98038864135742
346,346,2020-06-19,66.94438934326172
347,347,2020-06-22,65.38892364501953
348,348,2020-06-23,64.8531723022461
349,349,2020-06-24,65.61360168457031
350,350,2020-06-25,65.23336791992188
351,351,2020-06-26,64.43838500976562
352,352,2020-06-29,64.42973327636719
353,353,2020-06-30,66.48638153076172
354,354,2020-07-01,65.72593688964844
355,355,2020-07-02,65.9765625
356,356,2020-07-06,66.33084106445312
357,357,2020-07-07,66.03703308105469
358,358,2020-07-08,65.33708953857422
359,359,2020-07-09,64.55935668945312
360,360,2020-07-10,65.95061492919922
361,361,2020-07-13,66.26170349121094
362,362,2020-07-14,66.70240783691406
363,363,2020-07-15,66.23578643798828
364,364,2020-07-16,66.22712707519531
365,365,2020-07-17,66.97893524169922
366,366,2020-07-20,67.47150421142578
367,367,2020-07-21,66.34811401367188
368,368,2020-07-22,65.89014434814453
369,369,2020-07-23,65.29389190673828
370,370,2020-07-24,63.63473129272461
371,371,2020-07-27,64.4124526977539
372,372,2020-07-28,63.71251678466797
373,373,2020-07-29,63.09034729003906
374,374,2020-07-30,62.50271987915039
375,375,2020-07-31,60.08314895629883
376,376,2020-08-03,61.9842529296875
377,377,2020-08-04,61.24971771240234
378,378,2020-08-05,59.62516784667969
379,379,2020-08-06,59.460968017578125
380,380,2020-08-07,59.92761993408203
381,381,2020-08-10,59.20174407958984
382,382,2020-08-11,58.847442626953125
383,383,2020-08-12,59.486907958984375
384,384,2020-08-13,58.91658401489258
385,385,2020-08-14,59.19309616088867
386,386,2020-08-17,59.754791259765625
387,387,2020-08-18,59.67700958251953
388,388,2020-08-19,56.77352142333984
389,389,2020-08-20,57.07597351074219
390,390,2020-08-21,57.46483612060547
391,391,2020-08-24,57.10189437866211
392,392,2020-08-25,57.07597351074219
393,393,2020-08-26,56.687110900878906
394,394,2020-08-27,56.6439094543457
395,395,2020-08-28,56.393310546875
396,396,2020-08-31,57.68085861206055
397,397,2020-09-01,56.885860443115234
398,398,2020-09-02,57.715431213378906
399,399,2020-09-03,56.95500183105469
400,400,2020-09-04,57.04141616821289
401,401,2020-09-08,55.42548370361328
402,402,2020-09-09,55.74520492553711
403,403,2020-09-10,55.105751037597656
404,404,2020-09-11,56.66983413696289
405,405,2020-09-14,57.92721176147461
406,406,2020-09-15,57.80496597290039
407,407,2020-09-16,57.32472610473633
408,408,2020-09-17,56.79207611083984
409,409,2020-09-18,56.80081558227539
410,410,2020-09-21,56.067325592041016
411,411,2020-09-22,55.360050201416016
412,412,2020-09-23,55.08936309814453
413,413,2020-09-24,54.35588455200195
414,414,2020-09-25,54.35588455200195
415,415,2020-09-28,54.87979888916016
416,416,2020-09-29,54.22490692138672
417,417,2020-09-30,55.17668151855469
418,418,2020-10-01,55.29019546508789
419,419,2020-10-02,54.28603744506836
420,420,2020-10-05,55.5346908569336
421,421,2020-10-06,54.59163665771485
422,422,2020-10-07,54.87106323242188
423,423,2020-10-08,55.29019546508789
424,424,2020-10-09,55.74425506591797
425,425,2020-10-12,56.364219665527344
426,426,2020-10-13,56.31182098388672
427,427,2020-10-14,55.92761993408203
428,428,2020-10-15,54.97584915161133
429,429,2020-10-16,54.13759231567383
430,430,2020-10-19,52.8889274597168
431,431,2020-10-20,52.8714714050293
432,432,2020-10-21,52.57458114624024
433,433,2020-10-22,52.97624588012695
434,434,2020-10-23,53.08103942871094
435,435,2020-10-26,52.35628890991211
436,436,2020-10-27,52.399940490722656
437,437,2020-10-28,51.273536682128906
438,438,2020-10-29,51.10762786865234
439,439,2020-10-30,50.77581024169922
440,440,2020-11-02,51.10762786865234
441,441,2020-11-03,51.369590759277344
442,442,2020-11-04,52.2776985168457
443,443,2020-11-05,52.068138122558594
444,444,2020-11-06,51.57915115356445
445,445,2020-11-09,51.56168365478516
446,446,2020-11-10,52.93259048461914
447,447,2020-11-11,52.47853469848633
448,448,2020-11-12,52.37375259399414
449,449,2020-11-13,52.906394958496094
450,450,2020-11-16,53.342994689941406
451,451,2020-11-17,53.23820877075195
452,452,2020-11-18,53.17708206176758
453,453,2020-11-19,52.94132232666016
454,454,2020-11-20,52.487266540527344
455,455,2020-11-23,52.295166015625
456,456,2020-11-24,52.60951232910156
457,457,2020-11-25,51.954627990722656
458,458,2020-11-27,52.41740417480469
459,459,2020-11-30,52.97624588012695
460,460,2020-12-01,53.36918258666992
461,461,2020-12-02,53.37791442871094
462,462,2020-12-03,53.14215469360352
463,463,2020-12-04,53.75338363647461
464,464,2020-12-07,53.11596298217773
465,465,2020-12-08,53.412845611572266
466,466,2020-12-09,53.10722732543945
467,467,2020-12-10,52.78414916992188
468,468,2020-12-11,53.054832458496094
469,469,2020-12-14,52.842899322509766
470,470,2020-12-15,52.48084259033203
471,471,2020-12-16,52.048133850097656
472,472,2020-12-17,52.16293716430664
473,473,2020-12-18,52.17176818847656
474,474,2020-12-21,51.69490814208984
475,475,2020-12-22,50.33498001098633
476,476,2020-12-23,50.67055130004883
477,477,2020-12-24,50.39679336547852
478,478,2020-12-28,50.23784255981445
479,479,2020-12-29,50.18485641479492
480,480,2020-12-30,50.02590560913086
481,481,2020-12-31,51.44764709472656
482,482,2021-01-04,53.08132553100586
483,483,2021-01-05,52.984188079833984
484,484,2021-01-06,54.706172943115234
485,485,2021-01-07,55.20952224731445
486,486,2021-01-08,55.66872787475586
487,487,2021-01-11,55.2006950378418
488,488,2021-01-12,54.82097625732422
489,489,2021-01-13,54.344120025634766
490,490,2021-01-14,55.10356521606445
491,491,2021-01-15,55.92481231689453
492,492,2021-01-19,59.22749710083008
493,493,2021-01-20,60.0399169921875
494,494,2021-01-21,59.14801406860352
495,495,2021-01-22,59.11269760131836
496,496,2021-01-25,60.19004821777344
497,497,2021-01-26,58.90075302124024
498,498,2021-01-27,57.82341003417969
499,499,2021-01-28,57.1169548034668
500,500,2021-01-29,57.92937850952149
501,501,2021-02-01,57.48784637451172
502,502,2021-02-02,57.51433563232422
503,503,2021-02-03,56.97565841674805
504,504,2021-02-04,58.13248062133789
505,505,2021-02-05,60.454959869384766
506,506,2021-02-08,60.02227020263672
507,507,2021-02-09,59.43060302734375
508,508,2021-02-10,59.42177200317383
509,509,2021-02-11,59.09503173828125
510,510,2021-02-12,59.068546295166016
511,511,2021-02-16,57.22292709350586
512,512,2021-02-17,57.48784637451172
513,513,2021-02-18,57.60264205932617
514,514,2021-02-19,56.843204498291016
515,515,2021-02-22,56.61360168457031
516,516,2021-02-23,56.23389053344727
517,517,2021-02-24,56.2603759765625
518,518,2021-02-25,55.44796371459961
519,519,2021-02-26,54.22048568725586
520,520,2021-03-01,55.15654373168945
521,521,2021-03-02,55.64222717285156
522,522,2021-03-03,55.41263198852539
523,523,2021-03-04,55.83650588989258
524,524,2021-03-05,57.06398010253906
525,525,2021-03-08,57.17876434326172
526,526,2021-03-09,56.807884216308594
527,527,2021-03-10,56.43699264526367
528,528,2021-03-11,55.7128791809082
529,529,2021-03-12,54.98051834106445
530,530,2021-03-15,56.329132080078125
531,531,2021-03-16,57.16867065429688
532,532,2021-03-17,57.53483963012695
533,533,2021-03-18,57.23118209838867
534,534,2021-03-19,57.57056427001953
535,535,2021-03-22,58.52620315551758
536,536,2021-03-23,57.60628890991211
537,537,2021-03-24,57.47232437133789
538,538,2021-03-25,57.15080261230469
539,539,2021-03-26,58.26720428466797
540,540,2021-03-29,59.115665435791016
541,541,2021-03-30,58.49941635131836
542,542,2021-03-31,57.722389221191406
543,543,2021-04-01,59.33894729614258
544,544,2021-04-05,59.249629974365234
545,545,2021-04-06,59.1513900756836
546,546,2021-04-07,58.58872604370117
547,547,2021-04-08,58.070709228515625
548,548,2021-04-09,58.15109634399414
549,549,2021-04-12,57.74919509887695
550,550,2021-04-13,57.95461654663086
551,551,2021-04-14,58.320796966552734
552,552,2021-04-15,58.74055099487305
553,553,2021-04-16,59.72298812866211
554,554,2021-04-19,58.90131378173828
555,555,2021-04-20,59.28536605834961
556,556,2021-04-21,59.65154266357422
557,557,2021-04-22,58.62445068359375
558,558,2021-04-23,58.4815559387207
559,559,2021-04-26,58.731632232666016
560,560,2021-04-27,57.75811767578125
561,561,2021-04-28,57.55270767211914
562,562,2021-04-29,57.0168342590332
563,563,2021-04-30,56.68638610839844
564,564,2021-05-03,58.767356872558594
565,565,2021-05-04,58.62445068359375
566,566,2021-05-05,59.401466369628906
567,567,2021-05-06,59.42825698852539
568,568,2021-05-07,59.42825698852539
569,569,2021-05-10,60.26780319213867
570,570,2021-05-11,60.03558349609375
571,571,2021-05-12,60.24099349975586
572,572,2021-05-13,61.544960021972656
573,573,2021-05-14,61.20556640625
574,574,2021-05-17,61.68784713745117
575,575,2021-05-18,61.49137496948242
576,576,2021-05-19,61.17878341674805
577,577,2021-05-20,61.93792724609375
578,578,2021-05-21,61.40205764770508
579,579,2021-05-24,60.22314453125
580,580,2021-05-25,59.1513900756836
581,581,2021-05-26,59.258567810058594
582,582,2021-05-27,58.85667037963867
583,583,2021-05-28,59.04422378540039
584,584,2021-06-01,58.338653564453125
585,585,2021-06-02,58.9727668762207
586,586,2021-06-03,59.37467575073242
587,587,2021-06-04,60.22314453125
588,588,2021-06-07,60.214202880859375
589,589,2021-06-08,60.29458999633789
590,590,2021-06-09,61.312744140625
591,591,2021-06-10,61.88433837890625
592,592,2021-06-11,61.4199104309082
593,593,2021-06-14,61.50112915039063
594,594,2021-06-15,61.44697952270508
595,595,2021-06-16,60.76114273071289
596,596,2021-06-17,60.661869049072266
597,597,2021-06-18,60.11138153076172
598,598,2021-06-21,60.7791748046875
599,599,2021-06-22,60.50845718383789
600,600,2021-06-23,60.14748001098633
601,601,2021-06-24,60.62577438354492
602,602,2021-06-25,61.25748062133789
603,603,2021-06-28,61.09503173828125
604,604,2021-06-29,61.30260467529297
605,605,2021-06-30,62.141868591308594
606,606,2021-07-01,62.38551712036133
607,607,2021-07-02,62.53893661499024
608,608,2021-07-06,61.73576736450195
609,609,2021-07-07,61.690650939941406
610,610,2021-07-08,61.08601379394531
611,611,2021-07-09,61.56431198120117
612,612,2021-07-12,61.428932189941406
613,613,2021-07-13,61.37480163574219
614,614,2021-07-14,61.30260467529297
615,615,2021-07-15,61.636505126953125
616,616,2021-07-16,61.934303283691406
617,617,2021-07-19,61.57332229614258
618,618,2021-07-20,62.41260528564453
619,619,2021-07-21,61.73576736450195
620,620,2021-07-22,61.95234680175781
621,621,2021-07-23,62.28624725341797
622,622,2021-07-26,62.042598724365234
623,623,2021-07-27,62.20503234863281
624,624,2021-07-28,63.22479248046875
625,625,2021-07-29,63.01723098754883
626,626,2021-07-30,61.62747573852539
627,627,2021-08-02,61.68162155151367
628,628,2021-08-03,63.01723098754883
629,629,2021-08-04,62.48478317260742
630,630,2021-08-05,62.53893661499024
631,631,2021-08-06,62.069671630859375
632,632,2021-08-09,61.780887603759766
633,633,2021-08-10,62.48478317260742
634,634,2021-08-11,63.02626037597656
635,635,2021-08-12,63.96479415893555
636,636,2021-08-13,64.21747589111328
637,637,2021-08-16,64.71380615234375
638,638,2021-08-17,65.90502166748047
639,639,2021-08-18,64.93942260742188
640,640,2021-08-19,64.67772674560547
641,641,2021-08-20,65.37260437011719
642,642,2021-08-23,65.47186279296875
643,643,2021-08-24,65.20113372802734
644,644,2021-08-25,64.44307708740234
645,645,2021-08-26,64.46113586425781
646,646,2021-08-27,64.32576751708984
647,647,2021-08-30,64.98455810546875
648,648,2021-08-31,65.67942810058594
649,649,2021-09-01,64.85820007324219
650,650,2021-09-02,65.2823486328125
651,651,2021-09-03,64.93942260742188
652,652,2021-09-07,64.24454498291016
653,653,2021-09-08,64.86723327636719
654,654,2021-09-09,63.72112655639648
655,655,2021-09-10,64.06405639648438
656,656,2021-09-13,64.20845794677734
657,657,2021-09-14,64.21755981445312
658,658,2021-09-15,65.41167449951172
659,659,2021-09-16,65.01972198486328
660,660,2021-09-17,65.27494049072266
661,661,2021-09-20,64.68243408203125
662,662,2021-09-21,65.38433837890625
663,663,2021-09-22,65.0652847290039
664,664,2021-09-23,65.34786224365234
665,665,2021-09-24,64.89210510253906
666,666,2021-09-27,64.18109893798828
667,667,2021-09-28,63.78002548217773
668,668,2021-09-29,64.6642074584961
669,669,2021-09-30,63.67065048217773
670,670,2021-10-01,62.49476623535156
671,671,2021-10-04,61.583229064941406
672,672,2021-10-05,61.4373779296875
673,673,2021-10-06,61.51031112670898
674,674,2021-10-07,62.111915588378906
675,675,2021-10-08,62.029884338378906
676,676,2021-10-11,62.05722427368164
677,677,2021-10-12,61.4100341796875
678,678,2021-10-13,61.64704132080078
679,679,2021-10-14,62.12103271484375
680,680,2021-10-15,61.64704132080078
681,681,2021-10-18,60.07008743286133
682,682,2021-10-19,60.98161315917969
683,683,2021-10-20,60.94515609741211
684,684,2021-10-21,61.06364822387695
685,685,2021-10-22,61.29153823852539
686,686,2021-10-25,61.68350601196289
687,687,2021-10-26,61.73819351196289
688,688,2021-10-27,60.86310958862305
689,689,2021-10-28,61.3827018737793
690,690,2021-10-29,59.14031982421875
691,691,2021-11-01,59.83308410644531
692,692,2021-11-02,60.07008743286133
693,693,2021-11-03,61.44649887084961
694,694,2021-11-04,60.58966064453125
695,695,2021-11-05,60.45292282104492
696,696,2021-11-08,60.133888244628906
697,697,2021-11-09,60.297969818115234
698,698,2021-11-10,61.36446380615234
699,699,2021-11-11,61.46474075317383
700,700,2021-11-12,61.51031112670898
701,701,2021-11-15,61.25506591796875
702,702,2021-11-16,60.97249984741211
703,703,2021-11-17,61.49208068847656
704,704,2021-11-18,61.79288101196289
705,705,2021-11-19,62.61326599121094
706,706,2021-11-22,63.78002548217773
707,707,2021-11-23,64.38162994384766
708,708,2021-11-24,63.87118911743164
709,709,2021-11-26,64.0534896850586
710,710,2021-11-29,64.39987182617188
711,711,2021-11-30,62.83203125
712,712,2021-12-01,62.83203125
713,713,2021-12-02,63.50657272338867
714,714,2021-12-03,63.40630340576172
715,715,2021-12-06,63.35160827636719
716,716,2021-12-07,63.48833847045898
717,717,2021-12-08,63.54303741455078
718,718,2021-12-09,64.08082580566406
719,719,2021-12-10,64.03524780273438
720,720,2021-12-13,64.36339569091797
721,721,2021-12-14,64.93431091308594
722,722,2021-12-15,65.56964874267578
723,723,2021-12-16,66.58251953125
724,724,2021-12-17,66.49042510986328
725,725,2021-12-20,66.72985076904297
726,726,2021-12-21,66.14974212646484
727,727,2021-12-22,66.6930160522461
728,728,2021-12-23,66.73906707763672
729,729,2021-12-27,67.0981674194336
730,730,2021-12-28,67.19024658203125
731,731,2021-12-29,67.80718231201172
732,732,2021-12-30,67.54936218261719
733,733,2021-12-31,66.85875701904297
734,734,2022-01-03,66.83113861083984
735,735,2022-01-04,66.49042510986328
736,736,2022-01-05,66.46282196044922
737,737,2022-01-06,65.9195556640625
738,738,2022-01-07,65.61569213867188
739,739,2022-01-10,66.37995147705078
740,740,2022-01-11,66.63777923583984
741,741,2022-01-12,66.52727508544922
742,742,2022-01-13,66.18656921386719
743,743,2022-01-14,66.08527374267578
744,744,2022-01-18,64.85143280029297
745,745,2022-01-19,63.599151611328125
746,746,2022-01-20,62.43894958496094
747,747,2022-01-21,63.08350372314453
748,748,2022-01-24,63.13875579833984
749,749,2022-01-25,63.38737106323242
750,750,2022-01-26,62.00617980957031
751,751,2022-01-27,61.94171524047852
752,752,2022-01-28,63.40578842163086
753,753,2022-01-31,63.24003982543945
754,754,2022-02-01,63.046669006347656
755,755,2022-02-02,60.6065788269043
756,756,2022-02-03,60.210636138916016
757,757,2022-02-04,58.838653564453125
758,758,2022-02-07,58.709739685058594
759,759,2022-02-08,58.65449142456055
760,760,2022-02-09,58.359840393066406
761,761,2022-02-10,56.89578628540039
762,762,2022-02-11,57.15359878540039
763,763,2022-02-14,56.26963806152344
764,764,2022-02-15,56.47221755981445
765,765,2022-02-16,56.99707412719727
766,766,2022-02-17,56.43538665771485
767,767,2022-02-18,56.214393615722656
768,768,2022-02-22,56.149940490722656
769,769,2022-02-23,56.49063491821289
770,770,2022-02-24,55.80924224853516
771,771,2022-02-25,56.27885055541992
772,772,2022-02-28,55.61588287353516
773,773,2022-03-01,55.48696899414063
774,774,2022-03-02,56.38935089111328
775,775,2022-03-03,56.822113037109375
776,776,2022-03-04,56.960235595703125
777,777,2022-03-07,55.48696899414063
778,778,2022-03-08,54.82399368286133
779,779,2022-03-09,54.32676696777344
780,780,2022-03-10,53.332313537597656
781,781,2022-03-11,53.40597152709961
782,782,2022-03-14,54.22660827636719
783,783,2022-03-15,54.38512802124024
784,784,2022-03-16,54.05875015258789
785,785,2022-03-17,55.20575714111328
786,786,2022-03-18,55.410911560058594
787,787,2022-03-21,55.634727478027344
788,788,2022-03-22,55.93313217163086
789,789,2022-03-23,54.879371643066406
790,790,2022-03-24,55.14981460571289
791,791,2022-03-25,54.935325622558594
792,792,2022-03-28,55.187110900878906
793,793,2022-03-29,56.44602584838867
794,794,2022-03-30,55.634727478027344
795,795,2022-03-31,55.43888854980469
796,796,2022-04-01,55.64404296875
797,797,2022-04-04,56.57657241821289
798,798,2022-04-05,55.71865081787109
799,799,2022-04-06,56.71645736694336
800,800,2022-04-07,56.874996185302734
801,801,2022-04-08,58.09659957885742
802,802,2022-04-11,57.71426773071289
803,803,2022-04-12,57.471805572509766
804,804,2022-04-13,57.87279891967773
805,805,2022-04-14,57.64899063110352
806,806,2022-04-18,57.42518615722656
807,807,2022-04-19,58.544219970703125
808,808,2022-04-20,59.30889129638672
809,809,2022-04-21,59.448768615722656
810,810,2022-04-22,58.04997634887695
811,811,2022-04-25,58.42299270629883
812,812,2022-04-26,57.60235595703125
813,813,2022-04-27,57.43450927734375
814,814,2022-04-28,57.406532287597656
815,815,2022-04-29,55.3363151550293
816,816,2022-05-02,56.24086380004883
817,817,2022-05-03,56.259525299072266
818,818,2022-05-04,57.89145278930664
819,819,2022-05-05,57.21070098876953
820,820,2022-05-06,57.05216979980469
821,821,2022-05-09,57.518436431884766
822,822,2022-05-10,57.61168670654297
823,823,2022-05-11,56.4739990234375
824,824,2022-05-12,58.264461517333984
825,825,2022-05-13,58.16188049316406
826,826,2022-05-16,58.040653228759766
827,827,2022-05-17,58.91723251342773
828,828,2022-05-18,58.954532623291016
829,829,2022-05-19,59.00115966796875
830,830,2022-05-20,59.53269958496094
831,831,2022-05-23,59.36484146118164
832,832,2022-05-24,60.0082893371582
833,833,2022-05-25,60.623756408691406
834,834,2022-05-26,60.12019348144531
835,835,2022-05-27,60.42793273925781
836,836,2022-05-31,60.474552154541016
837,837,2022-06-01,60.39994430541992
838,838,2022-06-02,59.1783332824707
839,839,2022-06-03,59.16901397705078
840,840,2022-06-06,57.844818115234375
841,841,2022-06-07,58.320411682128906
842,842,2022-06-08,58.17121124267578
843,843,2022-06-09,57.05216979980469
844,844,2022-06-10,56.64186096191406
845,845,2022-06-13,55.15913391113281
846,846,2022-06-14,54.564300537109375
847,847,2022-06-15,55.13080596923828
848,848,2022-06-16,54.49820709228516
849,849,2022-06-17,55.262996673583984
850,850,2022-06-21,57.13247299194336
851,851,2022-06-22,58.07666015625
852,852,2022-06-23,59.08693313598633
853,853,2022-06-24,59.55902862548828
854,854,2022-06-27,59.32297897338867
855,855,2022-06-28,58.73758316040039
856,856,2022-06-29,58.99251556396485
857,857,2022-06-30,58.35991668701172
858,858,2022-07-01,58.87921142578125
859,859,2022-07-05,58.86033248901367
860,860,2022-07-06,59.22855758666992
861,861,2022-07-07,59.219120025634766
862,862,2022-07-08,59.33241653442383
863,863,2022-07-11,59.1624641418457
864,864,2022-07-12,58.86033248901367
865,865,2022-07-13,58.97362518310547
866,866,2022-07-14,58.35991668701172
867,867,2022-07-15,59.10581207275391
868,868,2022-07-18,57.500709533691406
869,869,2022-07-19,58.652610778808594
870,870,2022-07-20,58.11442184448242
871,871,2022-07-21,57.60456848144531
872,872,2022-07-22,57.40628433227539
873,873,2022-07-25,57.35907745361328
874,874,2022-07-26,57.23633193969727
875,875,2022-07-27,57.500709533691406
876,876,2022-07-28,57.02861785888672
877,877,2022-07-29,56.41489410400391
878,878,2022-08-01,56.27326965332031
879,879,2022-08-02,56.21661376953125
880,880,2022-08-03,58.79423141479492
881,881,2022-08-04,58.45432662963867
882,882,2022-08-05,57.68010330200195
883,883,2022-08-08,58.1616325378418
884,884,2022-08-09,58.539306640625
885,885,2022-08-10,59.61567687988281
886,886,2022-08-11,58.96419143676758
887,887,2022-08-12,59.44572067260742
888,888,2022-08-15,62.51431655883789
889,889,2022-08-16,62.62760925292969
890,890,2022-08-17,62.33491516113281
891,891,2022-08-18,61.54180908203125
892,892,2022-08-19,61.69286346435547
893,893,2022-08-22,60.767578125
894,894,2022-08-23,60.12553024291992
895,895,2022-08-24,60.068878173828125
896,896,2022-08-25,60.04055404663086
897,897,2022-08-26,58.88865661621094
898,898,2022-08-29,58.96419143676758
899,899,2022-08-30,59.01139450073242
900,900,2022-08-31,59.92726135253906
901,901,2022-09-01,61.32463836669922
902,902,2022-09-02,60.25771713256836
903,903,2022-09-06,59.85171508789063
904,904,2022-09-07,61.1735725402832
905,905,2022-09-08,61.466270446777344
906,906,2022-09-09,61.63622283935547
907,907,2022-09-12,64.21385192871094
908,908,2022-09-13,61.466270446777344
909,909,2022-09-14,62.23973846435547
910,910,2022-09-15,62.06785583496094
911,911,2022-09-16,62.64079284667969
912,912,2022-09-19,62.850868225097656
913,913,2022-09-20,61.66680145263672
914,914,2022-09-21,60.63551712036133
915,915,2022-09-22,60.89334487915039
916,916,2022-09-23,60.02438735961914
917,917,2022-09-26,59.52784729003906
918,918,2022-09-27,59.80476760864258
919,919,2022-09-28,61.04612350463867
920,920,2022-09-29,60.22491455078125
921,921,2022-09-30,58.90716552734375
922,922,2022-10-03,59.50874328613281
923,923,2022-10-04,62.363861083984375
924,924,2022-10-05,62.4975471496582
925,925,2022-10-06,62.02010345458984
926,926,2022-10-07,61.38988494873047
927,927,2022-10-10,61.55221176147461
928,928,2022-10-11,62.7076301574707
929,929,2022-10-12,62.44026184082031
930,930,2022-10-13,63.46199417114258
931,931,2022-10-14,63.18507385253906
932,932,2022-10-17,63.38559722900391
933,933,2022-10-18,63.85349655151367
934,934,2022-10-19,63.20417022705078
935,935,2022-10-20,63.1755256652832
936,936,2022-10-21,64.73200225830078
937,937,2022-10-24,65.88742065429688
938,938,2022-10-25,66.4603500366211
939,939,2022-10-26,67.62531280517578
940,940,2022-10-27,67.03327941894531
941,941,2022-10-28,75.69413757324219
942,942,2022-10-31,74.92066955566406
943,943,2022-11-01,75.76097106933594
944,944,2022-11-02,74.36683654785156
945,945,2022-11-03,75.87557220458984
946,946,2022-11-04,76.71585845947266
947,947,2022-11-07,77.78534698486328
948,948,2022-11-08,78.5206069946289
949,949,2022-11-09,78.60655212402344
950,950,2022-11-10,78.87390899658203
951,951,2022-11-11,78.12910461425781
952,952,2022-11-14,79.11264038085938
953,953,2022-11-15,79.25587463378906
954,954,2022-11-16,79.14128112792969
955,955,2022-11-17,79.84790802001953
956,956,2022-11-18,79.84790802001953
957,957,2022-11-21,80.54497528076172
958,958,2022-11-22,81.38528442382812
959,959,2022-11-23,81.56671142578125
960,960,2022-11-25,82.36881256103516
961,961,2022-11-28,81.36618041992188
962,962,2022-11-29,81.89136505126953
963,963,2022-11-30,83.86798858642578
964,964,2022-12-01,83.9348373413086
965,965,2022-12-02,85.01387023925781
966,966,2022-12-05,84.01123809814453
967,967,2022-12-06,83.99212646484375
968,968,2022-12-07,83.82979583740234
969,969,2022-12-08,85.43401336669922
970,970,2022-12-09,84.00167846679688
971,971,2022-12-12,84.54596710205078
972,972,2022-12-13,84.74649810791016
973,973,2022-12-14,85.11235809326172
974,974,2022-12-15,83.36005401611328
975,975,2022-12-16,83.53335571289062
976,976,2022-12-19,83.20599365234375
977,977,2022-12-20,81.61736297607422
978,978,2022-12-21,82.09877014160156
979,979,2022-12-22,82.1083984375
980,980,2022-12-23,81.59810638427734
981,981,2022-12-27,81.84844207763672
982,982,2022-12-28,81.4248046875
983,983,2022-12-29,82.08914184570312
984,984,2022-12-30,82.65719604492188
985,985,2023-01-03,82.21430969238281
986,986,2023-01-04,82.32022094726562
987,987,2023-01-05,82.65719604492188
988,988,2023-01-06,84.80426025390625
989,989,2023-01-09,81.93508911132812
990,990,2023-01-10,83.89922332763672
991,991,2023-01-11,83.94735717773438
992,992,2023-01-12,82.53203582763672
993,993,2023-01-13,83.06158447265625
994,994,2023-01-17,82.23355865478516
995,995,2023-01-18,80.62567138671875
996,996,2023-01-19,80.5101318359375
997,997,2023-01-20,79.9228286743164
998,998,2023-01-23,80.1346435546875
999,999,2023-01-24,80.89524841308594
1000,1000,2023-01-25,80.94340515136719
1001,1001,2023-01-26,80.5101318359375
1002,1002,2023-01-27,80.61604309082031
1003,1003,2023-01-30,80.25017547607422
1004,1004,2023-01-31,80.8182373046875
1005,1005,2023-02-01,80.8759994506836
1006,1006,2023-02-02,78.36306762695312
1007,1007,2023-02-03,81.35740661621094
1008,1008,2023-02-06,83.14823150634766
1009,1009,2023-02-07,82.84976196289062
1010,1010,2023-02-08,82.48389434814453
1011,1011,2023-02-09,82.3490982055664
1012,1012,2023-02-10,83.4755859375
1013,1013,2023-02-13,84.23621368408203
1014,1014,2023-02-14,82.49351501464844
1015,1015,2023-02-15,81.88694763183594
1016,1016,2023-02-16,80.28868865966797
1017,1017,2023-02-17,81.60773468017578
1018,1018,2023-02-21,81.49219512939453
1019,1019,2023-02-22,80.39459991455078
1020,1020,2023-02-23,79.47029876708984
1021,1021,2023-02-24,77.66021728515625
1022,1022,2023-02-27,77.88166809082031
1023,1023,2023-02-28,77.5350570678711
1024,1024,2023-03-01,76.6300048828125
1025,1025,2023-03-02,76.65889739990234
1026,1026,2023-03-03,78.05496978759766
1027,1027,2023-03-06,78.0934829711914
1028,1028,2023-03-07,77.29434967041016
1029,1029,2023-03-08,77.21732330322266
1030,1030,2023-03-09,76.01380157470703
1031,1031,2023-03-10,76.5433578491211
1032,1032,2023-03-13,76.55298614501953
1033,1033,2023-03-14,77.53468322753906
1034,1034,2023-03-15,77.41805267333984
1035,1035,2023-03-16,77.61244201660156
1036,1036,2023-03-17,75.14360809326172
1037,1037,2023-03-20,77.23336791992188
1038,1038,2023-03-21,76.92233276367188
1039,1039,2023-03-22,75.62960052490234
1040,1040,2023-03-23,76.55298614501953
1041,1041,2023-03-24,77.75823974609375
1042,1042,2023-03-27,77.35001373291016
1043,1043,2023-03-28,78.70106506347656
1044,1044,2023-03-29,79.01209259033203
1045,1045,2023-03-30,79.1676025390625
1046,1046,2023-03-31,80.64501190185547
1047,1047,2023-04-03,80.9074478149414
1048,1048,2023-04-04,79.81883239746094
1049,1049,2023-04-05,81.30596923828125
1050,1050,2023-04-06,81.03380584716797
1051,1051,2023-04-10,80.28538513183594
1052,1052,2023-04-11,80.22706604003906
1053,1053,2023-04-12,79.85771179199219
1054,1054,2023-04-13,80.93659973144531
1055,1055,2023-04-14,80.67417907714844
1056,1056,2023-04-17,81.28651428222656
1057,1057,2023-04-18,81.43231964111328
1058,1058,2023-04-19,81.75306701660156
1059,1059,2023-04-20,82.31681823730469
1060,1060,2023-04-21,84.14413452148438
1061,1061,2023-04-24,84.2704849243164
1062,1062,2023-04-25,83.19158935546875
1063,1063,2023-04-26,81.3934326171875
1064,1064,2023-04-27,81.20877075195312
1065,1065,2023-04-28,79.90631103515625
1066,1066,2023-05-01,79.1384506225586
1067,1067,2023-05-02,78.18590545654297
1068,1068,2023-05-03,77.2236557006836
1069,1069,2023-05-04,76.31970977783203
1070,1070,2023-05-05,77.51525115966797
1071,1071,2023-05-08,76.38774871826172
1072,1072,2023-05-09,76.59187316894531
1073,1073,2023-05-10,75.92120361328125
1074,1074,2023-05-11,76.49466705322266
1075,1075,2023-05-12,75.97952270507812
1076,1076,2023-05-15,76.18363189697266
1077,1077,2023-05-16,76.12531280517578
1078,1078,2023-05-17,76.6015853881836
1079,1079,2023-05-18,76.01840209960938
1080,1080,2023-05-19,76.64046478271484
1081,1081,2023-05-22,76.41691589355469
1082,1082,2023-05-23,76.37803649902344
1083,1083,2023-05-24,76.83486938476562
1084,1084,2023-05-25,75.47409057617188
1085,1085,2023-05-26,74.9297866821289
1086,1086,2023-05-30,74.19107818603516
1087,1087,2023-05-31,74.78398895263672
1088,1088,2023-06-01,74.07444763183594
1089,1089,2023-06-02,75.70736694335938
1090,1090,2023-06-05,75.54212951660156
1091,1091,2023-06-06,74.0647201538086
1092,1092,2023-06-07,73.94808959960938
1093,1093,2023-06-08,76.20307922363281
1094,1094,2023-06-09,75.93092346191406
1095,1095,2023-06-12,75.67820739746094
1096,1096,2023-06-13,76.25167083740234
1097,1097,2023-06-14,76.49700927734375
1098,1098,2023-06-15,77.5274429321289
1099,1099,2023-06-16,77.39005279541016
1100,1100,2023-06-20,76.26148223876953
1101,1101,2023-06-21,76.16334533691406
1102,1102,2023-06-22,76.6540298461914
1103,1103,2023-06-23,76.02596282958984
1104,1104,2023-06-26,75.13291931152344
1105,1105,2023-06-27,74.59317779541016
1106,1106,2023-06-28,74.76000213623047
1107,1107,2023-06-29,74.59317779541016
1108,1108,2023-06-30,75.63341522216797
1109,1109,2023-07-03,75.2899398803711
1110,1110,2023-07-05,75.80024719238281
1111,1111,2023-07-06,74.81888580322266
1112,1112,2023-07-07,73.0328140258789
1113,1113,2023-07-10,74.27914428710938
1114,1114,2023-07-11,74.70112609863281
1115,1115,2023-07-12,74.9562759399414
1116,1116,2023-07-13,75.28012084960938
1117,1117,2023-07-14,75.75118255615234
1118,1118,2023-07-17,76.03577423095703
1119,1119,2023-07-18,76.7619857788086
1120,1120,2023-07-19,77.4881820678711
1121,1121,2023-07-20,78.44992065429688
1122,1122,2023-07-21,79.13687133789062
1123,1123,2023-07-24,76.21241760253906
1124,1124,2023-07-25,75.79043579101562
1125,1125,2023-07-26,75.75118255615234
1126,1126,2023-07-27,75.08385467529297
1127,1127,2023-07-28,75.42733001708984
1128,1128,2023-07-31,74.72075653076172
1129,1129,2023-08-01,74.26932525634766
1130,1130,2023-08-02,74.26932525634766
1131,1131,2023-08-03,74.12211608886719
1132,1132,2023-08-04,77.21340942382812
1133,1133,2023-08-07,79.16631317138672
1134,1134,2023-08-08,78.58731079101562
1135,1135,2023-08-09,78.6756362915039
1136,1136,2023-08-10,78.50880432128906
1137,1137,2023-08-11,78.50880432128906
1138,1138,2023-08-14,78.3615951538086
1139,1139,2023-08-15,78.15550994873047
1140,1140,2023-08-16,76.54608154296875
1141,1141,2023-08-17,75.07404327392578
1142,1142,2023-08-18,74.46559143066406
1143,1143,2023-08-21,74.52448272705078
1144,1144,2023-08-22,74.92683410644531
1145,1145,2023-08-23,75.6039810180664
1146,1146,2023-08-24,74.90721130371094
1147,1147,2023-08-25,75.42733001708984
1148,1148,2023-08-28,75.6039810180664
1149,1149,2023-08-29,76.75216674804688
1150,1150,2023-08-30,76.21241760253906
1151,1151,2023-08-31,75.05441284179688
1152,1152,2023-09-01,75.22124481201172
1153,1153,2023-09-05,73.75902557373047
1154,1154,2023-09-06,72.85617065429688
1155,1155,2023-09-07,72.56175994873047
1156,1156,2023-09-08,74.58335876464844
1157,1157,2023-09-11,75.6039810180664
1158,1158,2023-09-12,75.36845397949219
1159,1159,2023-09-13,75.86893463134766
1160,1160,2023-09-14,76.6617202758789
1161,1161,2023-09-15,74.98697662353516
1162,1162,2023-09-18,74.93743133544922
1163,1163,2023-09-19,75.08606719970703
1164,1164,2023-09-20,75.1356201171875
1165,1165,2023-09-21,74.59058380126953
1166,1166,2023-09-22,74.33293914794922
1167,1167,2023-09-25,74.1545639038086
1168,1168,2023-09-26,74.84823608398438
1169,1169,2023-09-27,74.8680648803711
1170,1170,2023-09-28,74.73922729492188
1171,1171,2023-09-29,74.26356506347656
1172,1172,2023-10-02,73.43114471435547
1173,1173,2023-10-03,72.60863494873047
1174,1174,2023-10-04,74.06536865234375
1175,1175,2023-10-05,74.02572631835938
1176,1176,2023-10-06,74.06536865234375
1177,1177,2023-10-09,74.38247680664062
1178,1178,2023-10-10,75.28427124023438
1179,1179,2023-10-11,76.26533508300781
1180,1180,2023-10-12,76.067138671875
1181,1181,2023-10-13,76.94910430908203
1182,1182,2023-10-16,78.485107421875
1183,1183,2023-10-17,79.7535629272461
1184,1184,2023-10-18,78.95086669921875
1185,1185,2023-10-19,77.73197937011719
1186,1186,2023-10-20,77.0977554321289
1187,1187,2023-10-23,76.85991668701172
1188,1188,2023-10-24,77.44459533691406
1189,1189,2023-10-25,77.68242645263672
1190,1190,2023-10-26,77.79143524169922
1191,1191,2023-10-27,75.92840576171875
1192,1192,2023-10-30,77.0680160522461
1193,1193,2023-10-31,77.83106994628906
1194,1194,2023-11-01,79.46617889404297
1195,1195,2023-11-02,80.49679565429688
1196,1196,2023-11-03,80.8535385131836
1197,1197,2023-11-06,80.40760040283203
1198,1198,2023-11-07,79.88238525390625
1199,1199,2023-11-08,77.19684600830078
1200,1200,2023-11-09,74.30320739746094
1201,1201,2023-11-10,75.2347183227539
1202,1202,2023-11-13,74.25365447998047
1203,1203,2023-11-14,74.0455551147461
1204,1204,2023-11-15,74.36266326904297
1205,1205,2023-11-16,73.84735107421875
1206,1206,2023-11-17,74.76895904541016
1207,1207,2023-11-20,75.31399536132812
1208,1208,2023-11-21,74.01582336425781
1209,1209,2023-11-22,75.0167007446289
1210,1210,2023-11-24,74.69959259033203
1211,1211,2023-11-27,74.24374389648438
1212,1212,2023-11-28,73.83744812011719
1213,1213,2023-11-29,74.55094909667969
1214,1214,2023-11-30,75.90857696533203
1215,1215,2023-12-01,76.94910430908203
1216,1216,2023-12-04,77.63287353515625
1217,1217,2023-12-05,78.30673217773438
1218,1218,2023-12-06,78.64366912841797
1219,1219,2023-12-07,77.34549713134766
1220,1220,2023-12-08,78.30673217773438
1221,1221,2023-12-11,79.36707305908203
1222,1222,2023-12-12,80.09049224853516
1223,1223,2023-12-13,82.33999633789062
1224,1224,2023-12-14,81.77999877929688
1225,1225,2023-12-15,80.33000183105469
1226,1226,2023-12-18,79.5
1227,1227,2023-12-19,79.48999786376953
1228,1228,2023-12-20,78.58999633789062
1229,1229,2023-12-21,78.93000030517578
1230,1230,2023-12-22,79.66000366210938
1231,1231,2023-12-26,79.94999694824219
1232,1232,2023-12-27,80.37000274658203
1233,1233,2023-12-28,81.13999938964844
1234,1234,2023-12-29,81.01000213623047
1235,1235,2024-01-02,83.23999786376953
1236,1236,2024-01-03,83.4800033569336
1237,1237,2024-01-04,84.4800033569336
1238,1238,2024-01-05,83.30999755859375
1239,1239,2024-01-08,83.98999786376953
1240,1240,2024-01-09,86.05999755859375
1241,1241,2024-01-10,84.5
1242,1242,2024-01-11,85.38999938964844
1243,1243,2024-01-12,86.37999725341797
1244,1244,2024-01-16,85.98999786376953
1245,1245,2024-01-17,86.4800033569336
1246,1246,2024-01-18,86.4000015258789
1247,1247,2024-01-19,87.29000091552734
1248,1248,2024-01-22,78.43000030517578
1249,1249,2024-01-23,79.4800033569336
1250,1250,2024-01-24,79.52999877929688
1251,1251,2024-01-25,80.2300033569336
1252,1252,2024-01-26,79.5199966430664
1253,1253,2024-01-29,79.06999969482422
1254,1254,2024-01-30,78.62000274658203
1255,1255,2024-01-31,78.26000213623047
1256,1256,2024-02-01,78.16000366210938
1257,1257,2024-02-02,76.95999908447266
1258,1258,2024-02-05,76.36000061035156
