,Date,HD
0,2019-02-04 00:00:00-05:00,164.8267822265625
1,2019-02-05 00:00:00-05:00,164.79141235351562
2,2019-02-06 00:00:00-05:00,163.31494140625
3,2019-02-07 00:00:00-05:00,162.74024963378906
4,2019-02-08 00:00:00-05:00,163.15577697753906
5,2019-02-11 00:00:00-05:00,161.72348022460938
6,2019-02-12 00:00:00-05:00,164.0222625732422
7,2019-02-13 00:00:00-05:00,166.57736206054688
8,2019-02-14 00:00:00-05:00,165.95848083496094
9,2019-02-15 00:00:00-05:00,170.09616088867188
10,2019-02-19 00:00:00-05:00,170.04310607910156
11,2019-02-20 00:00:00-05:00,169.6187286376953
12,2019-02-21 00:00:00-05:00,169.5922393798828
13,2019-02-22 00:00:00-05:00,170.09616088867188
14,2019-02-25 00:00:00-05:00,167.9654083251953
15,2019-02-26 00:00:00-05:00,166.48008728027344
16,2019-02-27 00:00:00-05:00,162.38658142089844
17,2019-02-28 00:00:00-05:00,163.68629455566406
18,2019-03-01 00:00:00-05:00,163.71279907226562
19,2019-03-04 00:00:00-05:00,162.51039123535156
20,2019-03-05 00:00:00-05:00,162.67837524414062
21,2019-03-06 00:00:00-05:00,163.0762176513672
22,2019-03-07 00:00:00-05:00,161.36105346679688
23,2019-03-08 00:00:00-05:00,160.22933959960938
24,2019-03-11 00:00:00-04:00,161.29913330078125
25,2019-03-12 00:00:00-04:00,162.67837524414062
26,2019-03-13 00:00:00-04:00,161.34231567382812
27,2019-03-14 00:00:00-04:00,161.76097106933594
28,2019-03-15 00:00:00-04:00,162.31324768066406
29,2019-03-18 00:00:00-04:00,163.37313842773438
30,2019-03-19 00:00:00-04:00,164.00552368164062
31,2019-03-20 00:00:00-04:00,165.76022338867188
32,2019-03-21 00:00:00-04:00,169.20724487304688
33,2019-03-22 00:00:00-04:00,168.1205596923828
34,2019-03-25 00:00:00-04:00,168.94894409179688
35,2019-03-26 00:00:00-04:00,168.64608764648438
36,2019-03-27 00:00:00-04:00,168.56591796875
37,2019-03-28 00:00:00-04:00,169.2873992919922
38,2019-03-29 00:00:00-04:00,170.91738891601562
39,2019-04-01 00:00:00-04:00,174.25753784179688
40,2019-04-02 00:00:00-04:00,173.07286071777344
41,2019-04-03 00:00:00-04:00,176.9029083251953
42,2019-04-04 00:00:00-04:00,178.54180908203125
43,2019-04-05 00:00:00-04:00,179.9758758544922
44,2019-04-08 00:00:00-04:00,181.30303955078125
45,2019-04-09 00:00:00-04:00,178.942626953125
46,2019-04-10 00:00:00-04:00,177.63331604003906
47,2019-04-11 00:00:00-04:00,179.45928955078125
48,2019-04-12 00:00:00-04:00,181.57020568847656
49,2019-04-15 00:00:00-04:00,182.46983337402344
50,2019-04-16 00:00:00-04:00,182.12249755859375
51,2019-04-17 00:00:00-04:00,183.97512817382812
52,2019-04-18 00:00:00-04:00,183.1824188232422
53,2019-04-22 00:00:00-04:00,182.39862060546875
54,2019-04-23 00:00:00-04:00,183.52978515625
55,2019-04-24 00:00:00-04:00,184.12655639648438
56,2019-04-25 00:00:00-04:00,183.93060302734375
57,2019-04-26 00:00:00-04:00,181.35647583007812
58,2019-04-29 00:00:00-04:00,180.06494140625
59,2019-04-30 00:00:00-04:00,181.43663024902344
60,2019-05-01 00:00:00-04:00,177.07215881347656
61,2019-05-02 00:00:00-04:00,179.04061889648438
62,2019-05-03 00:00:00-04:00,178.63978576660156
63,2019-05-06 00:00:00-04:00,177.8114471435547
64,2019-05-07 00:00:00-04:00,173.48260498046875
65,2019-05-08 00:00:00-04:00,173.83889770507812
66,2019-05-09 00:00:00-04:00,173.31341552734375
67,2019-05-10 00:00:00-04:00,173.31341552734375
68,2019-05-13 00:00:00-04:00,169.5367889404297
69,2019-05-14 00:00:00-04:00,170.67691040039062
70,2019-05-15 00:00:00-04:00,170.8015899658203
71,2019-05-16 00:00:00-04:00,171.3538360595703
72,2019-05-17 00:00:00-04:00,171.531982421875
73,2019-05-20 00:00:00-04:00,170.0801239013672
74,2019-05-21 00:00:00-04:00,170.52549743652344
75,2019-05-22 00:00:00-04:00,168.26309204101562
76,2019-05-23 00:00:00-04:00,171.015380859375
77,2019-05-24 00:00:00-04:00,172.4315643310547
78,2019-05-28 00:00:00-04:00,170.61453247070312
79,2019-05-29 00:00:00-04:00,169.2250518798828
80,2019-05-30 00:00:00-04:00,170.1959228515625
81,2019-05-31 00:00:00-04:00,169.10035705566406
82,2019-06-03 00:00:00-04:00,168.85096740722656
83,2019-06-04 00:00:00-04:00,173.91018676757812
84,2019-06-05 00:00:00-04:00,176.4216766357422
85,2019-06-06 00:00:00-04:00,176.8521728515625
86,2019-06-07 00:00:00-04:00,176.96876525878906
87,2019-06-10 00:00:00-04:00,177.64151000976562
88,2019-06-11 00:00:00-04:00,177.60562133789062
89,2019-06-12 00:00:00-04:00,178.43978881835938
90,2019-06-13 00:00:00-04:00,181.49835205078125
91,2019-06-14 00:00:00-04:00,184.56594848632812
92,2019-06-17 00:00:00-04:00,185.65127563476562
93,2019-06-18 00:00:00-04:00,186.09976196289062
94,2019-06-19 00:00:00-04:00,186.5123748779297
95,2019-06-20 00:00:00-04:00,189.4813232421875
96,2019-06-21 00:00:00-04:00,187.8129425048828
97,2019-06-24 00:00:00-04:00,184.3237762451172
98,2019-06-25 00:00:00-04:00,183.64210510253906
99,2019-06-26 00:00:00-04:00,185.14898681640625
100,2019-06-27 00:00:00-04:00,185.6871795654297
101,2019-06-28 00:00:00-04:00,186.5392608642578
102,2019-07-01 00:00:00-04:00,188.61123657226562
103,2019-07-02 00:00:00-04:00,188.4856719970703
104,2019-07-03 00:00:00-04:00,190.24371337890625
105,2019-07-05 00:00:00-04:00,189.66964721679688
106,2019-07-08 00:00:00-04:00,190.97021484375
107,2019-07-09 00:00:00-04:00,190.15399169921875
108,2019-07-10 00:00:00-04:00,189.03282165527344
109,2019-07-11 00:00:00-04:00,191.98379516601562
110,2019-07-12 00:00:00-04:00,195.7419891357422
111,2019-07-15 00:00:00-04:00,196.16357421875
112,2019-07-16 00:00:00-04:00,194.87193298339844
113,2019-07-17 00:00:00-04:00,193.39198303222656
114,2019-07-18 00:00:00-04:00,192.342529296875
115,2019-07-19 00:00:00-04:00,191.08682250976562
116,2019-07-22 00:00:00-04:00,189.49923706054688
117,2019-07-23 00:00:00-04:00,191.12269592285156
118,2019-07-24 00:00:00-04:00,192.58473205566406
119,2019-07-25 00:00:00-04:00,193.33816528320312
120,2019-07-26 00:00:00-04:00,194.55804443359375
121,2019-07-29 00:00:00-04:00,195.5715789794922
122,2019-07-30 00:00:00-04:00,194.96163940429688
123,2019-07-31 00:00:00-04:00,191.66986083984375
124,2019-08-01 00:00:00-04:00,190.8984375
125,2019-08-02 00:00:00-04:00,190.2885284423828
126,2019-08-05 00:00:00-04:00,183.82150268554688
127,2019-08-06 00:00:00-04:00,187.28370666503906
128,2019-08-07 00:00:00-04:00,186.48545837402344
129,2019-08-08 00:00:00-04:00,189.76829528808594
130,2019-08-09 00:00:00-04:00,188.3780059814453
131,2019-08-12 00:00:00-04:00,185.67819213867188
132,2019-08-13 00:00:00-04:00,186.86219787597656
133,2019-08-14 00:00:00-04:00,180.81668090820312
134,2019-08-15 00:00:00-04:00,180.99607849121094
135,2019-08-16 00:00:00-04:00,182.6644287109375
136,2019-08-19 00:00:00-04:00,186.5213165283203
137,2019-08-20 00:00:00-04:00,194.71946716308594
138,2019-08-21 00:00:00-04:00,197.68838500976562
139,2019-08-22 00:00:00-04:00,198.24449157714844
140,2019-08-23 00:00:00-04:00,195.060302734375
141,2019-08-26 00:00:00-04:00,196.1187286376953
142,2019-08-27 00:00:00-04:00,195.7240753173828
143,2019-08-28 00:00:00-04:00,199.0786590576172
144,2019-08-29 00:00:00-04:00,203.89529418945312
145,2019-08-30 00:00:00-04:00,204.42449951171875
146,2019-09-03 00:00:00-04:00,200.980224609375
147,2019-09-04 00:00:00-04:00,202.27969360351562
148,2019-09-05 00:00:00-04:00,205.88943481445312
149,2019-09-06 00:00:00-04:00,208.57867431640625
150,2019-09-09 00:00:00-04:00,210.14891052246094
151,2019-09-10 00:00:00-04:00,210.2661895751953
152,2019-09-11 00:00:00-04:00,209.95936584472656
153,2019-09-12 00:00:00-04:00,210.9881591796875
154,2019-09-13 00:00:00-04:00,211.1505889892578
155,2019-09-16 00:00:00-04:00,208.45230102539062
156,2019-09-17 00:00:00-04:00,207.74842834472656
157,2019-09-18 00:00:00-04:00,208.3079376220703
158,2019-09-19 00:00:00-04:00,205.86236572265625
159,2019-09-20 00:00:00-04:00,202.7489471435547
160,2019-09-23 00:00:00-04:00,204.1748046875
161,2019-09-24 00:00:00-04:00,203.4167938232422
162,2019-09-25 00:00:00-04:00,205.8443145751953
163,2019-09-26 00:00:00-04:00,207.36941528320312
164,2019-09-27 00:00:00-04:00,207.43258666992188
165,2019-09-30 00:00:00-04:00,209.38185119628906
166,2019-10-01 00:00:00-04:00,208.53353881835938
167,2019-10-02 00:00:00-04:00,203.54312133789062
168,2019-10-03 00:00:00-04:00,204.68017578125
169,2019-10-04 00:00:00-04:00,205.69088745117188
170,2019-10-07 00:00:00-04:00,204.6170196533203
171,2019-10-08 00:00:00-04:00,204.55381774902344
172,2019-10-09 00:00:00-04:00,206.6023712158203
173,2019-10-10 00:00:00-04:00,209.0118408203125
174,2019-10-11 00:00:00-04:00,211.7642364501953
175,2019-10-14 00:00:00-04:00,211.33108520507812
176,2019-10-15 00:00:00-04:00,212.6305694580078
177,2019-10-16 00:00:00-04:00,212.88327026367188
178,2019-10-17 00:00:00-04:00,213.66835021972656
179,2019-10-18 00:00:00-04:00,214.7152099609375
180,2019-10-21 00:00:00-04:00,213.60520935058594
181,2019-10-22 00:00:00-04:00,214.05641174316406
182,2019-10-23 00:00:00-04:00,211.7732391357422
183,2019-10-24 00:00:00-04:00,211.06936645507812
184,2019-10-25 00:00:00-04:00,211.5115966796875
185,2019-10-28 00:00:00-04:00,213.69546508789062
186,2019-10-29 00:00:00-04:00,211.29498291015625
187,2019-10-30 00:00:00-04:00,213.19009399414062
188,2019-10-31 00:00:00-04:00,211.6920623779297
189,2019-11-01 00:00:00-04:00,214.18275451660156
190,2019-11-04 00:00:00-05:00,211.9989013671875
191,2019-11-05 00:00:00-05:00,209.54428100585938
192,2019-11-06 00:00:00-05:00,211.1776885986328
193,2019-11-07 00:00:00-05:00,210.2120819091797
194,2019-11-08 00:00:00-05:00,210.121826171875
195,2019-11-11 00:00:00-05:00,209.1833038330078
196,2019-11-12 00:00:00-05:00,210.37449645996094
197,2019-11-13 00:00:00-05:00,211.890625
198,2019-11-14 00:00:00-05:00,213.4698486328125
199,2019-11-15 00:00:00-05:00,214.1376190185547
200,2019-11-18 00:00:00-05:00,215.54541015625
201,2019-11-19 00:00:00-05:00,203.82284545898438
202,2019-11-20 00:00:00-05:00,199.34681701660156
203,2019-11-21 00:00:00-05:00,197.21707153320312
204,2019-11-22 00:00:00-05:00,196.7568359375
205,2019-11-25 00:00:00-05:00,197.0906982421875
206,2019-11-26 00:00:00-05:00,199.220458984375
207,2019-11-27 00:00:00-05:00,201.2418975830078
208,2019-11-29 00:00:00-05:00,198.9948272705078
209,2019-12-02 00:00:00-05:00,196.38681030273438
210,2019-12-03 00:00:00-05:00,193.12005615234375
211,2019-12-04 00:00:00-05:00,194.4459991455078
212,2019-12-05 00:00:00-05:00,193.44699096679688
213,2019-12-06 00:00:00-05:00,194.6094970703125
214,2019-12-09 00:00:00-05:00,196.65296936035156
215,2019-12-10 00:00:00-05:00,196.08078002929688
216,2019-12-11 00:00:00-05:00,192.53880310058594
217,2019-12-12 00:00:00-05:00,192.57510375976562
218,2019-12-13 00:00:00-05:00,194.4279022216797
219,2019-12-16 00:00:00-05:00,195.74476623535156
220,2019-12-17 00:00:00-05:00,197.7337188720703
221,2019-12-18 00:00:00-05:00,197.98800659179688
222,2019-12-19 00:00:00-05:00,200.0042266845703
223,2019-12-20 00:00:00-05:00,200.88519287109375
224,2019-12-23 00:00:00-05:00,199.08689880371094
225,2019-12-24 00:00:00-05:00,200.41293334960938
226,2019-12-26 00:00:00-05:00,200.5491485595703
227,2019-12-27 00:00:00-05:00,199.7771759033203
228,2019-12-30 00:00:00-05:00,197.36135864257812
229,2019-12-31 00:00:00-05:00,198.33316040039062
230,2020-01-02 00:00:00-05:00,199.49563598632812
231,2020-01-03 00:00:00-05:00,198.8326416015625
232,2020-01-06 00:00:00-05:00,199.76809692382812
233,2020-01-07 00:00:00-05:00,198.4602813720703
234,2020-01-08 00:00:00-05:00,201.43008422851562
235,2020-01-09 00:00:00-05:00,204.51797485351562
236,2020-01-10 00:00:00-05:00,203.6370391845703
237,2020-01-13 00:00:00-05:00,202.83782958984375
238,2020-01-14 00:00:00-05:00,202.35646057128906
239,2020-01-15 00:00:00-05:00,203.97303771972656
240,2020-01-16 00:00:00-05:00,207.81475830078125
241,2020-01-17 00:00:00-05:00,210.62109375
242,2020-01-21 00:00:00-05:00,211.56561279296875
243,2020-01-22 00:00:00-05:00,211.52023315429688
244,2020-01-23 00:00:00-05:00,212.20135498046875
245,2020-01-24 00:00:00-05:00,210.70285034179688
246,2020-01-27 00:00:00-05:00,209.96717834472656
247,2020-01-28 00:00:00-05:00,212.39208984375
248,2020-01-29 00:00:00-05:00,212.53741455078125
249,2020-01-30 00:00:00-05:00,211.42031860351562
250,2020-01-31 00:00:00-05:00,207.16085815429688
251,2020-02-03 00:00:00-05:00,210.28504943847656
252,2020-02-04 00:00:00-05:00,213.42742919921875
253,2020-02-05 00:00:00-05:00,216.25192260742188
254,2020-02-06 00:00:00-05:00,216.91490173339844
255,2020-02-07 00:00:00-05:00,215.5163116455078
256,2020-02-10 00:00:00-05:00,218.52244567871094
257,2020-02-11 00:00:00-05:00,219.45791625976562
258,2020-02-12 00:00:00-05:00,219.4124755859375
259,2020-02-13 00:00:00-05:00,220.11178588867188
260,2020-02-14 00:00:00-05:00,222.53668212890625
261,2020-02-18 00:00:00-05:00,221.54672241210938
262,2020-02-19 00:00:00-05:00,221.2742919921875
263,2020-02-20 00:00:00-05:00,224.34400939941406
264,2020-02-21 00:00:00-05:00,222.81822204589844
265,2020-02-24 00:00:00-05:00,217.69595336914062
266,2020-02-25 00:00:00-05:00,215.58900451660156
267,2020-02-26 00:00:00-05:00,213.68173217773438
268,2020-02-27 00:00:00-05:00,204.1002197265625
269,2020-02-28 00:00:00-05:00,197.84268188476562
270,2020-03-02 00:00:00-05:00,208.83193969726562
271,2020-03-03 00:00:00-05:00,207.01551818847656
272,2020-03-04 00:00:00-05:00,218.94931030273438
273,2020-03-05 00:00:00-05:00,213.2548828125
274,2020-03-06 00:00:00-05:00,207.533203125
275,2020-03-09 00:00:00-04:00,191.14016723632812
276,2020-03-10 00:00:00-04:00,204.98117065429688
277,2020-03-11 00:00:00-04:00,194.64068603515625
278,2020-03-12 00:00:00-04:00,174.25225830078125
279,2020-03-13 00:00:00-04:00,188.03956604003906
280,2020-03-16 00:00:00-04:00,150.8193359375
281,2020-03-17 00:00:00-04:00,158.75527954101562
282,2020-03-18 00:00:00-04:00,142.2891082763672
283,2020-03-19 00:00:00-04:00,147.317626953125
284,2020-03-20 00:00:00-04:00,139.107421875
285,2020-03-23 00:00:00-04:00,148.46966552734375
286,2020-03-24 00:00:00-04:00,168.8854522705078
287,2020-03-25 00:00:00-04:00,166.17919921875
288,2020-03-26 00:00:00-04:00,178.47622680664062
289,2020-03-27 00:00:00-04:00,174.21571350097656
290,2020-03-30 00:00:00-04:00,179.28994750976562
291,2020-03-31 00:00:00-04:00,170.70486450195312
292,2020-04-01 00:00:00-04:00,163.31752014160156
293,2020-04-02 00:00:00-04:00,165.76776123046875
294,2020-04-03 00:00:00-04:00,163.38150024414062
295,2020-04-06 00:00:00-04:00,174.92886352539062
296,2020-04-07 00:00:00-04:00,175.80654907226562
297,2020-04-08 00:00:00-04:00,178.11964416503906
298,2020-04-09 00:00:00-04:00,184.25448608398438
299,2020-04-13 00:00:00-04:00,181.74937438964844
300,2020-04-14 00:00:00-04:00,189.4110107421875
301,2020-04-15 00:00:00-04:00,181.46591186523438
302,2020-04-16 00:00:00-04:00,182.718505859375
303,2020-04-17 00:00:00-04:00,191.46812438964844
304,2020-04-20 00:00:00-04:00,188.3870391845703
305,2020-04-21 00:00:00-04:00,183.41334533691406
306,2020-04-22 00:00:00-04:00,186.66815185546875
307,2020-04-23 00:00:00-04:00,184.97677612304688
308,2020-04-24 00:00:00-04:00,193.9915313720703
309,2020-04-27 00:00:00-04:00,199.0932159423828
310,2020-04-28 00:00:00-04:00,198.97433471679688
311,2020-04-29 00:00:00-04:00,202.79600524902344
312,2020-04-30 00:00:00-04:00,200.98577880859375
313,2020-05-01 00:00:00-04:00,199.83375549316406
314,2020-05-04 00:00:00-04:00,202.82345581054688
315,2020-05-05 00:00:00-04:00,206.27029418945312
316,2020-05-06 00:00:00-04:00,204.72515869140625
317,2020-05-07 00:00:00-04:00,209.78109741210938
318,2020-05-08 00:00:00-04:00,214.334228515625
319,2020-05-11 00:00:00-04:00,216.28164672851562
320,2020-05-12 00:00:00-04:00,212.9353790283203
321,2020-05-13 00:00:00-04:00,210.37539672851562
322,2020-05-14 00:00:00-04:00,214.3799285888672
323,2020-05-15 00:00:00-04:00,218.81417846679688
324,2020-05-18 00:00:00-04:00,224.31814575195312
325,2020-05-19 00:00:00-04:00,217.6896514892578
326,2020-05-20 00:00:00-04:00,217.77188110351562
327,2020-05-21 00:00:00-04:00,220.2313232421875
328,2020-05-22 00:00:00-04:00,221.14561462402344
329,2020-05-26 00:00:00-04:00,221.69415283203125
330,2020-05-27 00:00:00-04:00,226.15586853027344
331,2020-05-28 00:00:00-04:00,224.12611389160156
332,2020-05-29 00:00:00-04:00,227.17984008789062
333,2020-06-01 00:00:00-04:00,226.09182739257812
334,2020-06-02 00:00:00-04:00,231.0472412109375
335,2020-06-03 00:00:00-04:00,230.85409545898438
336,2020-06-04 00:00:00-04:00,228.96861267089844
337,2020-06-05 00:00:00-04:00,234.44105529785156
338,2020-06-08 00:00:00-04:00,236.1609649658203
339,2020-06-09 00:00:00-04:00,236.1517791748047
340,2020-06-10 00:00:00-04:00,234.02719116210938
341,2020-06-11 00:00:00-04:00,220.24951171875
342,2020-06-12 00:00:00-04:00,222.99032592773438
343,2020-06-15 00:00:00-04:00,221.98780822753906
344,2020-06-16 00:00:00-04:00,229.8883514404297
345,2020-06-17 00:00:00-04:00,230.7161102294922
346,2020-06-18 00:00:00-04:00,229.20774841308594
347,2020-06-19 00:00:00-04:00,226.85324096679688
348,2020-06-22 00:00:00-04:00,229.16177368164062
349,2020-06-23 00:00:00-04:00,230.21946716308594
350,2020-06-24 00:00:00-04:00,226.37498474121094
351,2020-06-25 00:00:00-04:00,225.6851806640625
352,2020-06-26 00:00:00-04:00,221.66587829589844
353,2020-06-29 00:00:00-04:00,226.3657684326172
354,2020-06-30 00:00:00-04:00,230.40342712402344
355,2020-07-01 00:00:00-04:00,228.23281860351562
356,2020-07-02 00:00:00-04:00,228.5547637939453
357,2020-07-06 00:00:00-04:00,229.52047729492188
358,2020-07-07 00:00:00-04:00,227.49703979492188
359,2020-07-08 00:00:00-04:00,229.1709747314453
360,2020-07-09 00:00:00-04:00,228.05807495117188
361,2020-07-10 00:00:00-04:00,230.0355224609375
362,2020-07-13 00:00:00-04:00,229.5848388671875
363,2020-07-14 00:00:00-04:00,237.09909057617188
364,2020-07-15 00:00:00-04:00,237.10829162597656
365,2020-07-16 00:00:00-04:00,237.3657989501953
366,2020-07-17 00:00:00-04:00,239.48121643066406
367,2020-07-20 00:00:00-04:00,239.28805541992188
368,2020-07-21 00:00:00-04:00,241.3574981689453
369,2020-07-22 00:00:00-04:00,243.8867950439453
370,2020-07-23 00:00:00-04:00,242.63592529296875
371,2020-07-24 00:00:00-04:00,244.01553344726562
372,2020-07-27 00:00:00-04:00,245.95620727539062
373,2020-07-28 00:00:00-04:00,243.9879150390625
374,2020-07-29 00:00:00-04:00,243.4176788330078
375,2020-07-30 00:00:00-04:00,244.93527221679688
376,2020-07-31 00:00:00-04:00,244.1810760498047
377,2020-08-03 00:00:00-04:00,244.81568908691406
378,2020-08-04 00:00:00-04:00,246.37001037597656
379,2020-08-05 00:00:00-04:00,246.01133728027344
380,2020-08-06 00:00:00-04:00,247.74961853027344
381,2020-08-07 00:00:00-04:00,249.83750915527344
382,2020-08-10 00:00:00-04:00,252.67945861816406
383,2020-08-11 00:00:00-04:00,252.8541717529297
384,2020-08-12 00:00:00-04:00,258.97967529296875
385,2020-08-13 00:00:00-04:00,259.0532531738281
386,2020-08-14 00:00:00-04:00,258.0323486328125
387,2020-08-17 00:00:00-04:00,265.1051330566406
388,2020-08-18 00:00:00-04:00,262.1251525878906
389,2020-08-19 00:00:00-04:00,260.1568908691406
390,2020-08-20 00:00:00-04:00,258.15185546875
391,2020-08-21 00:00:00-04:00,260.4972229003906
392,2020-08-24 00:00:00-04:00,263.7347106933594
393,2020-08-25 00:00:00-04:00,263.1644592285156
394,2020-08-26 00:00:00-04:00,268.49896240234375
395,2020-08-27 00:00:00-04:00,265.46380615234375
396,2020-08-28 00:00:00-04:00,263.3116455078125
397,2020-08-31 00:00:00-04:00,262.16192626953125
398,2020-09-01 00:00:00-04:00,262.9897155761719
399,2020-09-02 00:00:00-04:00,265.54156494140625
400,2020-09-03 00:00:00-04:00,253.91949462890625
401,2020-09-04 00:00:00-04:00,249.32431030273438
402,2020-09-08 00:00:00-04:00,248.9544677734375
403,2020-09-09 00:00:00-04:00,256.1477966308594
404,2020-09-10 00:00:00-04:00,252.13510131835938
405,2020-09-11 00:00:00-04:00,255.49131774902344
406,2020-09-14 00:00:00-04:00,259.4855041503906
407,2020-09-15 00:00:00-04:00,264.043701171875
408,2020-09-16 00:00:00-04:00,260.3916320800781
409,2020-09-17 00:00:00-04:00,258.8475341796875
410,2020-09-18 00:00:00-04:00,254.437255859375
411,2020-09-21 00:00:00-04:00,251.81146240234375
412,2020-09-22 00:00:00-04:00,252.69900512695312
413,2020-09-23 00:00:00-04:00,246.4488525390625
414,2020-09-24 00:00:00-04:00,245.6629638671875
415,2020-09-25 00:00:00-04:00,248.29800415039062
416,2020-09-28 00:00:00-04:00,251.79296875
417,2020-09-29 00:00:00-04:00,251.589599609375
418,2020-09-30 00:00:00-04:00,256.76727294921875
419,2020-10-01 00:00:00-04:00,256.68402099609375
420,2020-10-02 00:00:00-04:00,258.24658203125
421,2020-10-05 00:00:00-04:00,260.8262023925781
422,2020-10-06 00:00:00-04:00,255.62069702148438
423,2020-10-07 00:00:00-04:00,261.46417236328125
424,2020-10-08 00:00:00-04:00,263.06365966796875
425,2020-10-09 00:00:00-04:00,264.3580627441406
426,2020-10-12 00:00:00-04:00,265.2734680175781
427,2020-10-13 00:00:00-04:00,268.4632263183594
428,2020-10-14 00:00:00-04:00,265.4398498535156
429,2020-10-15 00:00:00-04:00,265.8559875488281
430,2020-10-16 00:00:00-04:00,265.9668884277344
431,2020-10-19 00:00:00-04:00,262.33331298828125
432,2020-10-20 00:00:00-04:00,264.4690856933594
433,2020-10-21 00:00:00-04:00,263.0544128417969
434,2020-10-22 00:00:00-04:00,259.9570617675781
435,2020-10-23 00:00:00-04:00,261.6583251953125
436,2020-10-26 00:00:00-04:00,255.22315979003906
437,2020-10-27 00:00:00-04:00,255.96287536621094
438,2020-10-28 00:00:00-04:00,249.37977600097656
439,2020-10-29 00:00:00-04:00,249.29660034179688
440,2020-10-30 00:00:00-04:00,246.5967559814453
441,2020-11-02 00:00:00-05:00,250.32289123535156
442,2020-11-03 00:00:00-05:00,256.452880859375
443,2020-11-04 00:00:00-05:00,261.3994140625
444,2020-11-05 00:00:00-05:00,264.2934265136719
445,2020-11-06 00:00:00-05:00,262.8047790527344
446,2020-11-09 00:00:00-05:00,249.6109161376953
447,2020-11-10 00:00:00-05:00,254.78863525390625
448,2020-11-11 00:00:00-05:00,256.80419921875
449,2020-11-12 00:00:00-05:00,255.40806579589844
450,2020-11-13 00:00:00-05:00,256.2679748535156
451,2020-11-16 00:00:00-05:00,258.4870300292969
452,2020-11-17 00:00:00-05:00,251.9224395751953
453,2020-11-18 00:00:00-05:00,249.4814453125
454,2020-11-19 00:00:00-05:00,250.49855041503906
455,2020-11-20 00:00:00-05:00,249.46302795410156
456,2020-11-23 00:00:00-05:00,250.93310546875
457,2020-11-24 00:00:00-05:00,252.69900512695312
458,2020-11-25 00:00:00-05:00,253.30006408691406
459,2020-11-27 00:00:00-05:00,255.1769256591797
460,2020-11-30 00:00:00-05:00,256.4898681640625
461,2020-12-01 00:00:00-05:00,255.7409210205078
462,2020-12-02 00:00:00-05:00,252.02244567871094
463,2020-12-03 00:00:00-05:00,249.27078247070312
464,2020-12-04 00:00:00-05:00,245.41275024414062
465,2020-12-07 00:00:00-05:00,244.1577606201172
466,2020-12-08 00:00:00-05:00,243.30250549316406
467,2020-12-09 00:00:00-05:00,246.89085388183594
468,2020-12-10 00:00:00-05:00,246.17503356933594
469,2020-12-11 00:00:00-05:00,245.933349609375
470,2020-12-14 00:00:00-05:00,246.89085388183594
471,2020-12-15 00:00:00-05:00,249.12197875976562
472,2020-12-16 00:00:00-05:00,250.6186981201172
473,2020-12-17 00:00:00-05:00,254.69046020507812
474,2020-12-18 00:00:00-05:00,251.41819763183594
475,2020-12-21 00:00:00-05:00,251.9201202392578
476,2020-12-22 00:00:00-05:00,251.03700256347656
477,2020-12-23 00:00:00-05:00,250.82325744628906
478,2020-12-24 00:00:00-05:00,251.85513305664062
479,2020-12-28 00:00:00-05:00,250.30259704589844
480,2020-12-29 00:00:00-05:00,247.45794677734375
481,2020-12-30 00:00:00-05:00,246.59339904785156
482,2020-12-31 00:00:00-05:00,246.92803955078125
483,2021-01-04 00:00:00-05:00,245.3477020263672
484,2021-01-05 00:00:00-05:00,247.3278045654297
485,2021-01-06 00:00:00-05:00,248.74082946777344
486,2021-01-07 00:00:00-05:00,247.5229949951172
487,2021-01-08 00:00:00-05:00,250.15390014648438
488,2021-01-11 00:00:00-05:00,252.14329528808594
489,2021-01-12 00:00:00-05:00,256.88433837890625
490,2021-01-13 00:00:00-05:00,254.7648468017578
491,2021-01-14 00:00:00-05:00,249.45664978027344
492,2021-01-15 00:00:00-05:00,256.1964416503906
493,2021-01-19 00:00:00-05:00,253.9653778076172
494,2021-01-20 00:00:00-05:00,254.9972381591797
495,2021-01-21 00:00:00-05:00,259.4129638671875
496,2021-01-22 00:00:00-05:00,264.0146789550781
497,2021-01-25 00:00:00-05:00,265.0185852050781
498,2021-01-26 00:00:00-05:00,262.71319580078125
499,2021-01-27 00:00:00-05:00,254.7648468017578
500,2021-01-28 00:00:00-05:00,258.48333740234375
501,2021-01-29 00:00:00-05:00,251.7621612548828
502,2021-02-01 00:00:00-05:00,251.06492614746094
503,2021-02-02 00:00:00-05:00,253.00784301757812
504,2021-02-03 00:00:00-05:00,254.87643432617188
505,2021-02-04 00:00:00-05:00,259.19915771484375
506,2021-02-05 00:00:00-05:00,259.2364196777344
507,2021-02-08 00:00:00-05:00,260.323974609375
508,2021-02-09 00:00:00-05:00,257.2934265136719
509,2021-02-10 00:00:00-05:00,259.0783386230469
510,2021-02-11 00:00:00-05:00,257.5630187988281
511,2021-02-12 00:00:00-05:00,257.9814147949219
512,2021-02-16 00:00:00-05:00,256.01055908203125
513,2021-02-17 00:00:00-05:00,261.1514587402344
514,2021-02-18 00:00:00-05:00,263.1315002441406
515,2021-02-19 00:00:00-05:00,259.9614562988281
516,2021-02-22 00:00:00-05:00,256.438232421875
517,2021-02-23 00:00:00-05:00,248.4340362548828
518,2021-02-24 00:00:00-05:00,241.6756591796875
519,2021-02-25 00:00:00-05:00,237.28782653808594
520,2021-02-26 00:00:00-05:00,240.16036987304688
521,2021-03-01 00:00:00-05:00,243.2095489501953
522,2021-03-02 00:00:00-05:00,241.97314453125
523,2021-03-03 00:00:00-05:00,239.24932861328125
524,2021-03-04 00:00:00-05:00,233.27182006835938
525,2021-03-05 00:00:00-05:00,235.6795654296875
526,2021-03-08 00:00:00-05:00,240.80178833007812
527,2021-03-09 00:00:00-05:00,246.31446838378906
528,2021-03-10 00:00:00-05:00,249.05535888671875
529,2021-03-11 00:00:00-05:00,251.4969482421875
530,2021-03-12 00:00:00-05:00,255.47264099121094
531,2021-03-15 00:00:00-04:00,260.56146240234375
532,2021-03-16 00:00:00-04:00,263.8729553222656
533,2021-03-17 00:00:00-04:00,261.9552917480469
534,2021-03-18 00:00:00-04:00,264.8832702636719
535,2021-03-19 00:00:00-04:00,270.43994140625
536,2021-03-22 00:00:00-04:00,270.29022216796875
537,2021-03-23 00:00:00-04:00,271.2630920410156
538,2021-03-24 00:00:00-04:00,273.85430908203125
539,2021-03-25 00:00:00-04:00,277.99835205078125
540,2021-03-26 00:00:00-04:00,284.20037841796875
541,2021-03-29 00:00:00-04:00,282.6943359375
542,2021-03-30 00:00:00-04:00,285.14520263671875
543,2021-03-31 00:00:00-04:00,285.5474548339844
544,2021-04-01 00:00:00-04:00,287.8860778808594
545,2021-04-05 00:00:00-04:00,295.0423278808594
546,2021-04-06 00:00:00-04:00,293.52691650390625
547,2021-04-07 00:00:00-04:00,292.3014831542969
548,2021-04-08 00:00:00-04:00,294.1349182128906
549,2021-04-09 00:00:00-04:00,298.6251525878906
550,2021-04-12 00:00:00-04:00,300.08441162109375
551,2021-04-13 00:00:00-04:00,299.7196044921875
552,2021-04-14 00:00:00-04:00,299.3641662597656
553,2021-04-15 00:00:00-04:00,301.9085388183594
554,2021-04-16 00:00:00-04:00,306.9039306640625
555,2021-04-19 00:00:00-04:00,305.7533264160156
556,2021-04-20 00:00:00-04:00,303.0498352050781
557,2021-04-21 00:00:00-04:00,304.9114074707031
558,2021-04-22 00:00:00-04:00,300.7111511230469
559,2021-04-23 00:00:00-04:00,302.984375
560,2021-04-26 00:00:00-04:00,299.33612060546875
561,2021-04-27 00:00:00-04:00,299.8973693847656
562,2021-04-28 00:00:00-04:00,299.0741882324219
563,2021-04-29 00:00:00-04:00,304.34075927734375
564,2021-04-30 00:00:00-04:00,302.77862548828125
565,2021-05-03 00:00:00-04:00,308.9525146484375
566,2021-05-04 00:00:00-04:00,311.2911376953125
567,2021-05-05 00:00:00-04:00,310.6175842285156
568,2021-05-06 00:00:00-04:00,315.7906494140625
569,2021-05-07 00:00:00-04:00,317.35296630859375
570,2021-05-10 00:00:00-04:00,319.10223388671875
571,2021-05-11 00:00:00-04:00,309.3173828125
572,2021-05-12 00:00:00-04:00,296.5390319824219
573,2021-05-13 00:00:00-04:00,304.4156188964844
574,2021-05-14 00:00:00-04:00,302.7411804199219
575,2021-05-17 00:00:00-04:00,299.3547668457031
576,2021-05-18 00:00:00-04:00,296.30517578125
577,2021-05-19 00:00:00-04:00,294.1536865234375
578,2021-05-20 00:00:00-04:00,295.5100402832031
579,2021-05-21 00:00:00-04:00,295.388427734375
580,2021-05-24 00:00:00-04:00,294.5184631347656
581,2021-05-25 00:00:00-04:00,296.30517578125
582,2021-05-26 00:00:00-04:00,296.8477478027344
583,2021-05-27 00:00:00-04:00,298.1947937011719
584,2021-05-28 00:00:00-04:00,298.3258056640625
585,2021-06-01 00:00:00-04:00,295.8936462402344
586,2021-06-02 00:00:00-04:00,294.54888916015625
587,2021-06-03 00:00:00-04:00,292.85626220703125
588,2021-06-04 00:00:00-04:00,292.4613037109375
589,2021-06-07 00:00:00-04:00,291.473876953125
590,2021-06-08 00:00:00-04:00,292.3578796386719
591,2021-06-09 00:00:00-04:00,289.0101623535156
592,2021-06-10 00:00:00-04:00,289.92230224609375
593,2021-06-11 00:00:00-04:00,292.235595703125
594,2021-06-14 00:00:00-04:00,290.8720703125
595,2021-06-15 00:00:00-04:00,288.17327880859375
596,2021-06-16 00:00:00-04:00,284.7221374511719
597,2021-06-17 00:00:00-04:00,285.0418701171875
598,2021-06-18 00:00:00-04:00,284.5622863769531
599,2021-06-21 00:00:00-04:00,289.254638671875
600,2021-06-22 00:00:00-04:00,294.05987548828125
601,2021-06-23 00:00:00-04:00,293.0819091796875
602,2021-06-24 00:00:00-04:00,293.2418212890625
603,2021-06-25 00:00:00-04:00,294.9250183105469
604,2021-06-28 00:00:00-04:00,295.53631591796875
605,2021-06-29 00:00:00-04:00,299.2600402832031
606,2021-06-30 00:00:00-04:00,299.8713684082031
607,2021-07-01 00:00:00-04:00,302.36328125
608,2021-07-02 00:00:00-04:00,303.4540710449219
609,2021-07-06 00:00:00-04:00,300.21923828125
610,2021-07-07 00:00:00-04:00,304.1875915527344
611,2021-07-08 00:00:00-04:00,299.5422058105469
612,2021-07-09 00:00:00-04:00,302.8804626464844
613,2021-07-12 00:00:00-04:00,302.55133056640625
614,2021-07-13 00:00:00-04:00,298.1410827636719
615,2021-07-14 00:00:00-04:00,300.1816711425781
616,2021-07-15 00:00:00-04:00,303.4634704589844
617,2021-07-16 00:00:00-04:00,302.36328125
618,2021-07-19 00:00:00-04:00,299.8525390625
619,2021-07-20 00:00:00-04:00,305.9460754394531
620,2021-07-21 00:00:00-04:00,306.8957824707031
621,2021-07-22 00:00:00-04:00,307.1779479980469
622,2021-07-23 00:00:00-04:00,312.9892883300781
623,2021-07-26 00:00:00-04:00,311.4283447265625
624,2021-07-27 00:00:00-04:00,307.7421569824219
625,2021-07-28 00:00:00-04:00,306.10589599609375
626,2021-07-29 00:00:00-04:00,307.9019775390625
627,2021-07-30 00:00:00-04:00,308.6167297363281
628,2021-08-02 00:00:00-04:00,307.7044982910156
629,2021-08-03 00:00:00-04:00,312.1430358886719
630,2021-08-04 00:00:00-04:00,310.6102294921875
631,2021-08-05 00:00:00-04:00,313.2432556152344
632,2021-08-06 00:00:00-04:00,310.16827392578125
633,2021-08-09 00:00:00-04:00,309.1526794433594
634,2021-08-10 00:00:00-04:00,311.7105407714844
635,2021-08-11 00:00:00-04:00,316.9012756347656
636,2021-08-12 00:00:00-04:00,314.0989990234375
637,2021-08-13 00:00:00-04:00,311.5599670410156
638,2021-08-16 00:00:00-04:00,315.0675354003906
639,2021-08-17 00:00:00-04:00,301.620361328125
640,2021-08-18 00:00:00-04:00,302.3726806640625
641,2021-08-19 00:00:00-04:00,303.6421813964844
642,2021-08-20 00:00:00-04:00,309.60400390625
643,2021-08-23 00:00:00-04:00,308.19342041015625
644,2021-08-24 00:00:00-04:00,305.5228576660156
645,2021-08-25 00:00:00-04:00,304.56378173828125
646,2021-08-26 00:00:00-04:00,302.3068542480469
647,2021-08-27 00:00:00-04:00,304.09356689453125
648,2021-08-30 00:00:00-04:00,307.5916748046875
649,2021-08-31 00:00:00-04:00,306.7265625
650,2021-09-01 00:00:00-04:00,305.8853759765625
651,2021-09-02 00:00:00-04:00,309.7603759765625
652,2021-09-03 00:00:00-04:00,312.2178649902344
653,2021-09-07 00:00:00-04:00,310.9040832519531
654,2021-09-08 00:00:00-04:00,313.3897705078125
655,2021-09-09 00:00:00-04:00,313.5693664550781
656,2021-09-10 00:00:00-04:00,313.739501953125
657,2021-09-13 00:00:00-04:00,317.0474853515625
658,2021-09-14 00:00:00-04:00,314.8453369140625
659,2021-09-15 00:00:00-04:00,315.08154296875
660,2021-09-16 00:00:00-04:00,317.9359436035156
661,2021-09-17 00:00:00-04:00,317.25543212890625
662,2021-09-20 00:00:00-04:00,313.0400695800781
663,2021-09-21 00:00:00-04:00,315.885009765625
664,2021-09-22 00:00:00-04:00,317.5011291503906
665,2021-09-23 00:00:00-04:00,317.48223876953125
666,2021-09-24 00:00:00-04:00,318.9756164550781
667,2021-09-27 00:00:00-04:00,322.6805419921875
668,2021-09-28 00:00:00-04:00,315.48797607421875
669,2021-09-29 00:00:00-04:00,318.4463195800781
670,2021-09-30 00:00:00-04:00,310.2518615722656
671,2021-10-01 00:00:00-04:00,311.76409912109375
672,2021-10-04 00:00:00-04:00,308.5600891113281
673,2021-10-05 00:00:00-04:00,311.4049987792969
674,2021-10-06 00:00:00-04:00,312.2366638183594
675,2021-10-07 00:00:00-04:00,318.9660949707031
676,2021-10-08 00:00:00-04:00,315.9983825683594
677,2021-10-11 00:00:00-04:00,318.48406982421875
678,2021-10-12 00:00:00-04:00,319.2685852050781
679,2021-10-13 00:00:00-04:00,319.72222900390625
680,2021-10-14 00:00:00-04:00,325.1756896972656
681,2021-10-15 00:00:00-04:00,331.1867980957031
682,2021-10-18 00:00:00-04:00,335.5344543457031
683,2021-10-19 00:00:00-04:00,338.3509521484375
684,2021-10-20 00:00:00-04:00,338.5777893066406
685,2021-10-21 00:00:00-04:00,344.6172180175781
686,2021-10-22 00:00:00-04:00,345.912109375
687,2021-10-25 00:00:00-04:00,350.8930358886719
688,2021-10-26 00:00:00-04:00,348.9459533691406
689,2021-10-27 00:00:00-04:00,351.89483642578125
690,2021-10-28 00:00:00-04:00,351.1859436035156
691,2021-10-29 00:00:00-04:00,351.34661865234375
692,2021-11-01 00:00:00-04:00,346.3752136230469
693,2021-11-02 00:00:00-04:00,347.1407775878906
694,2021-11-03 00:00:00-04:00,348.7286071777344
695,2021-11-04 00:00:00-04:00,351.76251220703125
696,2021-11-05 00:00:00-04:00,348.18988037109375
697,2021-11-08 00:00:00-05:00,348.36944580078125
698,2021-11-09 00:00:00-05:00,350.3164367675781
699,2021-11-10 00:00:00-05:00,348.3599853515625
700,2021-11-11 00:00:00-05:00,347.4621276855469
701,2021-11-12 00:00:00-05:00,352.18780517578125
702,2021-11-15 00:00:00-05:00,350.72283935546875
703,2021-11-16 00:00:00-05:00,370.8070983886719
704,2021-11-17 00:00:00-05:00,373.1888427734375
705,2021-11-18 00:00:00-05:00,383.58544921875
706,2021-11-19 00:00:00-05:00,386.26959228515625
707,2021-11-22 00:00:00-05:00,386.36407470703125
708,2021-11-23 00:00:00-05:00,385.9671630859375
709,2021-11-24 00:00:00-05:00,389.501953125
710,2021-11-26 00:00:00-05:00,380.6081848144531
711,2021-11-29 00:00:00-05:00,384.5021667480469
712,2021-11-30 00:00:00-05:00,378.6328125
713,2021-12-01 00:00:00-05:00,380.01849365234375
714,2021-12-02 00:00:00-05:00,386.9939270019531
715,2021-12-03 00:00:00-05:00,387.0319519042969
716,2021-12-06 00:00:00-05:00,394.51995849609375
717,2021-12-07 00:00:00-05:00,394.97552490234375
718,2021-12-08 00:00:00-05:00,390.2966613769531
719,2021-12-09 00:00:00-05:00,390.382080078125
720,2021-12-10 00:00:00-05:00,394.2352294921875
721,2021-12-13 00:00:00-05:00,384.5928955078125
722,2021-12-14 00:00:00-05:00,381.707763671875
723,2021-12-15 00:00:00-05:00,387.0319519042969
724,2021-12-16 00:00:00-05:00,379.173828125
725,2021-12-17 00:00:00-05:00,368.2123107910156
726,2021-12-20 00:00:00-05:00,369.5599670410156
727,2021-12-21 00:00:00-05:00,370.5754089355469
728,2021-12-22 00:00:00-05:00,375.48199462890625
729,2021-12-23 00:00:00-05:00,376.8391418457031
730,2021-12-27 00:00:00-05:00,383.5014343261719
731,2021-12-28 00:00:00-05:00,385.5229797363281
732,2021-12-29 00:00:00-05:00,389.90753173828125
733,2021-12-30 00:00:00-05:00,389.0534362792969
734,2021-12-31 00:00:00-05:00,393.8651428222656
735,2022-01-03 00:00:00-05:00,387.8197021484375
736,2022-01-04 00:00:00-05:00,391.8056640625
737,2022-01-05 00:00:00-05:00,386.4909973144531
738,2022-01-06 00:00:00-05:00,385.08642578125
739,2022-01-07 00:00:00-05:00,373.55535888671875
740,2022-01-10 00:00:00-05:00,367.71875
741,2022-01-11 00:00:00-05:00,366.96905517578125
742,2022-01-12 00:00:00-05:00,369.5599670410156
743,2022-01-13 00:00:00-05:00,367.2633056640625
744,2022-01-14 00:00:00-05:00,353.0465087890625
745,2022-01-18 00:00:00-05:00,348.0354919433594
746,2022-01-19 00:00:00-05:00,341.3636779785156
747,2022-01-20 00:00:00-05:00,331.7687683105469
748,2022-01-21 00:00:00-05:00,331.3132629394531
749,2022-01-24 00:00:00-05:00,345.27374267578125
750,2022-01-25 00:00:00-05:00,340.68988037109375
751,2022-01-26 00:00:00-05:00,339.07647705078125
752,2022-01-27 00:00:00-05:00,338.26983642578125
753,2022-01-28 00:00:00-05:00,347.8646240234375
754,2022-01-31 00:00:00-05:00,348.28228759765625
755,2022-02-01 00:00:00-05:00,349.9146423339844
756,2022-02-02 00:00:00-05:00,354.6883544921875
757,2022-02-03 00:00:00-05:00,346.2228088378906
758,2022-02-04 00:00:00-05:00,341.3446960449219
759,2022-02-07 00:00:00-05:00,339.1429443359375
760,2022-02-08 00:00:00-05:00,343.0245361328125
761,2022-02-09 00:00:00-05:00,345.80523681640625
762,2022-02-10 00:00:00-05:00,336.9980773925781
763,2022-02-11 00:00:00-05:00,332.442626953125
764,2022-02-14 00:00:00-05:00,333.64788818359375
765,2022-02-15 00:00:00-05:00,335.26129150390625
766,2022-02-16 00:00:00-05:00,332.2528076171875
767,2022-02-17 00:00:00-05:00,330.21234130859375
768,2022-02-18 00:00:00-05:00,329.19683837890625
769,2022-02-22 00:00:00-05:00,300.0610656738281
770,2022-02-23 00:00:00-05:00,292.7344055175781
771,2022-02-24 00:00:00-05:00,297.28033447265625
772,2022-02-25 00:00:00-05:00,300.5165710449219
773,2022-02-28 00:00:00-05:00,299.7383728027344
774,2022-03-01 00:00:00-05:00,303.93316650390625
775,2022-03-02 00:00:00-05:00,310.6904296875
776,2022-03-03 00:00:00-05:00,307.833740234375
777,2022-03-04 00:00:00-05:00,307.7388610839844
778,2022-03-07 00:00:00-05:00,306.32476806640625
779,2022-03-08 00:00:00-05:00,300.60198974609375
780,2022-03-09 00:00:00-05:00,302.8553161621094
781,2022-03-10 00:00:00-05:00,303.561767578125
782,2022-03-11 00:00:00-05:00,302.4638366699219
783,2022-03-14 00:00:00-04:00,303.9627990722656
784,2022-03-15 00:00:00-04:00,313.6824645996094
785,2022-03-16 00:00:00-04:00,315.9452819824219
786,2022-03-17 00:00:00-04:00,321.1488037109375
787,2022-03-18 00:00:00-04:00,325.3306884765625
788,2022-03-21 00:00:00-04:00,314.4748840332031
789,2022-03-22 00:00:00-04:00,314.81866455078125
790,2022-03-23 00:00:00-04:00,302.7120361328125
791,2022-03-24 00:00:00-04:00,301.49951171875
792,2022-03-25 00:00:00-04:00,296.630126953125
793,2022-03-28 00:00:00-04:00,300.06732177734375
794,2022-03-29 00:00:00-04:00,303.3421936035156
795,2022-03-30 00:00:00-04:00,294.5105285644531
796,2022-03-31 00:00:00-04:00,285.7933654785156
797,2022-04-01 00:00:00-04:00,288.2376708984375
798,2022-04-04 00:00:00-04:00,291.7607727050781
799,2022-04-05 00:00:00-04:00,291.07330322265625
800,2022-04-06 00:00:00-04:00,285.0391540527344
801,2022-04-07 00:00:00-04:00,289.0587463378906
802,2022-04-08 00:00:00-04:00,297.0406494140625
803,2022-04-11 00:00:00-04:00,292.8492126464844
804,2022-04-12 00:00:00-04:00,292.4386291503906
805,2022-04-13 00:00:00-04:00,296.38189697265625
806,2022-04-14 00:00:00-04:00,290.7486877441406
807,2022-04-18 00:00:00-04:00,286.63360595703125
808,2022-04-19 00:00:00-04:00,293.8803405761719
809,2022-04-20 00:00:00-04:00,300.88848876953125
810,2022-04-21 00:00:00-04:00,296.3245544433594
811,2022-04-22 00:00:00-04:00,286.5380859375
812,2022-04-25 00:00:00-04:00,291.1497497558594
813,2022-04-26 00:00:00-04:00,286.3949279785156
814,2022-04-27 00:00:00-04:00,287.96075439453125
815,2022-04-28 00:00:00-04:00,297.6612854003906
816,2022-04-29 00:00:00-04:00,286.81500244140625
817,2022-05-02 00:00:00-04:00,293.0879211425781
818,2022-05-03 00:00:00-04:00,291.1688232421875
819,2022-05-04 00:00:00-04:00,301.0507507324219
820,2022-05-05 00:00:00-04:00,285.5833435058594
821,2022-05-06 00:00:00-04:00,281.0003967285156
822,2022-05-09 00:00:00-04:00,283.597412109375
823,2022-05-10 00:00:00-04:00,277.9928894042969
824,2022-05-11 00:00:00-04:00,270.1637268066406
825,2022-05-12 00:00:00-04:00,276.5893249511719
826,2022-05-13 00:00:00-04:00,282.64263916015625
827,2022-05-16 00:00:00-04:00,282.60443115234375
828,2022-05-17 00:00:00-04:00,287.3402099609375
829,2022-05-18 00:00:00-04:00,272.2832946777344
830,2022-05-19 00:00:00-04:00,274.74664306640625
831,2022-05-20 00:00:00-04:00,274.2024230957031
832,2022-05-23 00:00:00-04:00,273.09490966796875
833,2022-05-24 00:00:00-04:00,274.8993835449219
834,2022-05-25 00:00:00-04:00,280.29388427734375
835,2022-05-26 00:00:00-04:00,289.11602783203125
836,2022-05-27 00:00:00-04:00,294.5105285644531
837,2022-05-31 00:00:00-04:00,289.0587463378906
838,2022-06-01 00:00:00-04:00,285.54217529296875
839,2022-06-02 00:00:00-04:00,293.8819885253906
840,2022-06-03 00:00:00-04:00,293.1229248046875
841,2022-06-06 00:00:00-04:00,291.9796142578125
842,2022-06-07 00:00:00-04:00,289.9426574707031
843,2022-06-08 00:00:00-04:00,285.868896484375
844,2022-06-09 00:00:00-04:00,288.1075134277344
845,2022-06-10 00:00:00-04:00,277.90380859375
846,2022-06-13 00:00:00-04:00,272.06207275390625
847,2022-06-14 00:00:00-04:00,267.7480773925781
848,2022-06-15 00:00:00-04:00,268.76654052734375
849,2022-06-16 00:00:00-04:00,262.7422180175781
850,2022-06-17 00:00:00-04:00,260.1192626953125
851,2022-06-21 00:00:00-04:00,258.64923095703125
852,2022-06-22 00:00:00-04:00,258.4378356933594
853,2022-06-23 00:00:00-04:00,264.6254577636719
854,2022-06-24 00:00:00-04:00,271.9083557128906
855,2022-06-27 00:00:00-04:00,271.6105041503906
856,2022-06-28 00:00:00-04:00,259.5619812011719
857,2022-06-29 00:00:00-04:00,263.1361999511719
858,2022-06-30 00:00:00-04:00,263.5205078125
859,2022-07-01 00:00:00-04:00,268.1419372558594
860,2022-07-05 00:00:00-04:00,272.6097717285156
861,2022-07-06 00:00:00-04:00,272.465576171875
862,2022-07-07 00:00:00-04:00,275.4537353515625
863,2022-07-08 00:00:00-04:00,275.2423400878906
864,2022-07-11 00:00:00-04:00,275.1654968261719
865,2022-07-12 00:00:00-04:00,273.9452819824219
866,2022-07-13 00:00:00-04:00,275.92449951171875
867,2022-07-14 00:00:00-04:00,278.1343688964844
868,2022-07-15 00:00:00-04:00,280.9495544433594
869,2022-07-18 00:00:00-04:00,281.564453125
870,2022-07-19 00:00:00-04:00,288.0787048339844
871,2022-07-20 00:00:00-04:00,290.451904296875
872,2022-07-21 00:00:00-04:00,293.046142578125
873,2022-07-22 00:00:00-04:00,294.5737609863281
874,2022-07-25 00:00:00-04:00,294.1510009765625
875,2022-07-26 00:00:00-04:00,286.493408203125
876,2022-07-27 00:00:00-04:00,287.1947937011719
877,2022-07-28 00:00:00-04:00,287.8865661621094
878,2022-07-29 00:00:00-04:00,289.145263671875
879,2022-08-01 00:00:00-04:00,293.833984375
880,2022-08-02 00:00:00-04:00,288.92425537109375
881,2022-08-03 00:00:00-04:00,294.3623962402344
882,2022-08-04 00:00:00-04:00,295.1310729980469
883,2022-08-05 00:00:00-04:00,297.55230712890625
884,2022-08-08 00:00:00-04:00,299.7428894042969
885,2022-08-09 00:00:00-04:00,293.24786376953125
886,2022-08-10 00:00:00-04:00,299.3681640625
887,2022-08-11 00:00:00-04:00,298.51312255859375
888,2022-08-12 00:00:00-04:00,302.5484924316406
889,2022-08-15 00:00:00-04:00,302.2794494628906
890,2022-08-16 00:00:00-04:00,314.5489807128906
891,2022-08-17 00:00:00-04:00,312.992431640625
892,2022-08-18 00:00:00-04:00,312.4639892578125
893,2022-08-19 00:00:00-04:00,308.7264709472656
894,2022-08-22 00:00:00-04:00,299.9735107421875
895,2022-08-23 00:00:00-04:00,294.8716125488281
896,2022-08-24 00:00:00-04:00,296.0341796875
897,2022-08-25 00:00:00-04:00,297.6387939453125
898,2022-08-26 00:00:00-04:00,286.4165344238281
899,2022-08-29 00:00:00-04:00,284.706298828125
900,2022-08-30 00:00:00-04:00,281.612548828125
901,2022-08-31 00:00:00-04:00,278.924072265625
902,2022-09-01 00:00:00-04:00,283.7110290527344
903,2022-09-02 00:00:00-04:00,282.2894592285156
904,2022-09-06 00:00:00-04:00,280.00714111328125
905,2022-09-07 00:00:00-04:00,287.6760559082031
906,2022-09-08 00:00:00-04:00,290.0260925292969
907,2022-09-09 00:00:00-04:00,289.9002990722656
908,2022-09-12 00:00:00-04:00,287.7437744140625
909,2022-09-13 00:00:00-04:00,268.7794189453125
910,2022-09-14 00:00:00-04:00,267.2417297363281
911,2022-09-15 00:00:00-04:00,262.59979248046875
912,2022-09-16 00:00:00-04:00,266.8839111328125
913,2022-09-19 00:00:00-04:00,271.18743896484375
914,2022-09-20 00:00:00-04:00,265.14324951171875
915,2022-09-21 00:00:00-04:00,262.6287841796875
916,2022-09-22 00:00:00-04:00,260.27880859375
917,2022-09-23 00:00:00-04:00,262.01953125
918,2022-09-26 00:00:00-04:00,257.80303955078125
919,2022-09-27 00:00:00-04:00,259.8435974121094
920,2022-09-28 00:00:00-04:00,272.89910888671875
921,2022-09-29 00:00:00-04:00,269.1662292480469
922,2022-09-30 00:00:00-04:00,266.8548889160156
923,2022-10-03 00:00:00-04:00,274.35943603515625
924,2022-10-04 00:00:00-04:00,280.0264892578125
925,2022-10-05 00:00:00-04:00,280.30694580078125
926,2022-10-06 00:00:00-04:00,280.8291931152344
927,2022-10-07 00:00:00-04:00,274.9590148925781
928,2022-10-10 00:00:00-04:00,273.1602478027344
929,2022-10-11 00:00:00-04:00,273.57611083984375
930,2022-10-12 00:00:00-04:00,271.2840881347656
931,2022-10-13 00:00:00-04:00,273.5180358886719
932,2022-10-14 00:00:00-04:00,267.32879638671875
933,2022-10-17 00:00:00-04:00,271.9997863769531
934,2022-10-18 00:00:00-04:00,275.6746826171875
935,2022-10-19 00:00:00-04:00,266.4197692871094
936,2022-10-20 00:00:00-04:00,260.5882873535156
937,2022-10-21 00:00:00-04:00,266.45843505859375
938,2022-10-24 00:00:00-04:00,273.9339599609375
939,2022-10-25 00:00:00-04:00,280.7034606933594
940,2022-10-26 00:00:00-04:00,280.5970764160156
941,2022-10-27 00:00:00-04:00,281.47711181640625
942,2022-10-28 00:00:00-04:00,288.81719970703125
943,2022-10-31 00:00:00-04:00,286.3802185058594
944,2022-11-01 00:00:00-04:00,286.3124694824219
945,2022-11-02 00:00:00-04:00,279.22381591796875
946,2022-11-03 00:00:00-04:00,272.23187255859375
947,2022-11-04 00:00:00-04:00,274.6785583496094
948,2022-11-07 00:00:00-05:00,280.7131042480469
949,2022-11-08 00:00:00-05:00,281.5544738769531
950,2022-11-09 00:00:00-05:00,277.30902099609375
951,2022-11-10 00:00:00-05:00,301.4375305175781
952,2022-11-11 00:00:00-05:00,304.5708923339844
953,2022-11-14 00:00:00-05:00,296.8149108886719
954,2022-11-15 00:00:00-05:00,301.65997314453125
955,2022-11-16 00:00:00-05:00,304.5418701171875
956,2022-11-17 00:00:00-05:00,301.1861572265625
957,2022-11-18 00:00:00-05:00,302.86883544921875
958,2022-11-21 00:00:00-05:00,306.3503112792969
959,2022-11-22 00:00:00-05:00,314.18359375
960,2022-11-23 00:00:00-05:00,310.924560546875
961,2022-11-25 00:00:00-05:00,315.6342468261719
962,2022-11-28 00:00:00-05:00,308.41986083984375
963,2022-11-29 00:00:00-05:00,305.55731201171875
964,2022-11-30 00:00:00-05:00,315.21844482421875
965,2022-12-01 00:00:00-05:00,318.215087890625
966,2022-12-02 00:00:00-05:00,319.11016845703125
967,2022-12-05 00:00:00-05:00,311.4142761230469
968,2022-12-06 00:00:00-05:00,308.8554992675781
969,2022-12-07 00:00:00-05:00,311.482421875
970,2022-12-08 00:00:00-05:00,315.3157043457031
971,2022-12-09 00:00:00-05:00,311.8034973144531
972,2022-12-12 00:00:00-05:00,319.1004333496094
973,2022-12-13 00:00:00-05:00,323.87750244140625
974,2022-12-14 00:00:00-05:00,324.4028625488281
975,2022-12-15 00:00:00-05:00,318.730712890625
976,2022-12-16 00:00:00-05:00,314.5860290527344
977,2022-12-19 00:00:00-05:00,308.7387390136719
978,2022-12-20 00:00:00-05:00,306.3161926269531
979,2022-12-21 00:00:00-05:00,310.7137756347656
980,2022-12-22 00:00:00-05:00,307.5614929199219
981,2022-12-23 00:00:00-05:00,310.10089111328125
982,2022-12-27 00:00:00-05:00,310.8986511230469
983,2022-12-28 00:00:00-05:00,307.1820983886719
984,2022-12-29 00:00:00-05:00,311.7353820800781
985,2022-12-30 00:00:00-05:00,307.30853271484375
986,2023-01-03 00:00:00-05:00,307.3572082519531
987,2023-01-04 00:00:00-05:00,311.07379150390625
988,2023-01-05 00:00:00-05:00,306.9290771484375
989,2023-01-06 00:00:00-05:00,308.933349609375
990,2023-01-09 00:00:00-05:00,309.20574951171875
991,2023-01-10 00:00:00-05:00,311.9494323730469
992,2023-01-11 00:00:00-05:00,320.0928039550781
993,2023-01-12 00:00:00-05:00,320.9392395019531
994,2023-01-13 00:00:00-05:00,322.2429504394531
995,2023-01-17 00:00:00-05:00,318.6626281738281
996,2023-01-18 00:00:00-05:00,314.92657470703125
997,2023-01-19 00:00:00-05:00,302.46337890625
998,2023-01-20 00:00:00-05:00,306.4718322753906
999,2023-01-23 00:00:00-05:00,306.9388427734375
1000,2023-01-24 00:00:00-05:00,309.0890197753906
1001,2023-01-25 00:00:00-05:00,308.670654296875
1002,2023-01-26 00:00:00-05:00,305.31402587890625
1003,2023-01-27 00:00:00-05:00,308.1160888671875
1004,2023-01-30 00:00:00-05:00,305.7323913574219
1005,2023-01-31 00:00:00-05:00,315.39361572265625
1006,2023-02-01 00:00:00-05:00,319.20745849609375
1007,2023-02-02 00:00:00-05:00,330.5906677246094
1008,2023-02-03 00:00:00-05:00,322.5251159667969
1009,2023-02-06 00:00:00-05:00,320.35546875
1010,2023-02-07 00:00:00-05:00,316.3957214355469
1011,2023-02-08 00:00:00-05:00,312.1051025390625
1012,2023-02-09 00:00:00-05:00,307.0069580078125
1013,2023-02-10 00:00:00-05:00,307.97015380859375
1014,2023-02-13 00:00:00-05:00,314.7709045410156
1015,2023-02-14 00:00:00-05:00,309.8089904785156
1016,2023-02-15 00:00:00-05:00,312.0077819824219
1017,2023-02-16 00:00:00-05:00,312.5428771972656
1018,2023-02-17 00:00:00-05:00,309.34197998046875
1019,2023-02-21 00:00:00-05:00,287.4997863769531
1020,2023-02-22 00:00:00-05:00,288.2781066894531
1021,2023-02-23 00:00:00-05:00,291.20660400390625
1022,2023-02-24 00:00:00-05:00,288.6283874511719
1023,2023-02-27 00:00:00-05:00,287.9960021972656
1024,2023-02-28 00:00:00-05:00,288.5116271972656
1025,2023-03-01 00:00:00-05:00,282.9173278808594
1026,2023-03-02 00:00:00-05:00,285.0868835449219
1027,2023-03-03 00:00:00-05:00,290.36993408203125
1028,2023-03-06 00:00:00-05:00,290.1363830566406
1029,2023-03-07 00:00:00-05:00,282.8297119140625
1030,2023-03-08 00:00:00-05:00,285.65203857421875
1031,2023-03-09 00:00:00-05:00,282.23193359375
1032,2023-03-10 00:00:00-05:00,280.5757751464844
1033,2023-03-13 00:00:00-04:00,280.7815856933594
1034,2023-03-14 00:00:00-04:00,279.8506164550781
1035,2023-03-15 00:00:00-04:00,282.2025451660156
1036,2023-03-16 00:00:00-04:00,280.98736572265625
1037,2023-03-17 00:00:00-04:00,282.6141052246094
1038,2023-03-20 00:00:00-04:00,283.4667053222656
1039,2023-03-21 00:00:00-04:00,283.63330078125
1040,2023-03-22 00:00:00-04:00,276.94989013671875
1041,2023-03-23 00:00:00-04:00,278.2238464355469
1042,2023-03-24 00:00:00-04:00,277.3516540527344
1043,2023-03-27 00:00:00-04:00,275.6366882324219
1044,2023-03-28 00:00:00-04:00,275.1957702636719
1045,2023-03-29 00:00:00-04:00,277.6848449707031
1046,2023-03-30 00:00:00-04:00,279.644775390625
1047,2023-03-31 00:00:00-04:00,289.2093200683594
1048,2023-04-03 00:00:00-04:00,291.7670593261719
1049,2023-04-04 00:00:00-04:00,289.0525207519531
1050,2023-04-05 00:00:00-04:00,282.8885498046875
1051,2023-04-06 00:00:00-04:00,282.8297119140625
1052,2023-04-10 00:00:00-04:00,285.3384704589844
1053,2023-04-11 00:00:00-04:00,287.8863525390625
1054,2023-04-12 00:00:00-04:00,284.6230773925781
1055,2023-04-13 00:00:00-04:00,286.2987976074219
1056,2023-04-14 00:00:00-04:00,286.3380432128906
1057,2023-04-17 00:00:00-04:00,289.4837341308594
1058,2023-04-18 00:00:00-04:00,292.9626159667969
1059,2023-04-19 00:00:00-04:00,290.9635009765625
1060,2023-04-20 00:00:00-04:00,292.5902404785156
1061,2023-04-21 00:00:00-04:00,294.0307922363281
1062,2023-04-24 00:00:00-04:00,295.5987548828125
1063,2023-04-25 00:00:00-04:00,290.39508056640625
1064,2023-04-26 00:00:00-04:00,282.3005065917969
1065,2023-04-27 00:00:00-04:00,288.04315185546875
1066,2023-04-28 00:00:00-04:00,294.52081298828125
1067,2023-05-01 00:00:00-04:00,291.7376708984375
1068,2023-05-02 00:00:00-04:00,288.38616943359375
1069,2023-05-03 00:00:00-04:00,287.2101745605469
1070,2023-05-04 00:00:00-04:00,280.0270080566406
1071,2023-05-05 00:00:00-04:00,283.8194580078125
1072,2023-05-08 00:00:00-04:00,282.163330078125
1073,2023-05-09 00:00:00-04:00,284.76025390625
1074,2023-05-10 00:00:00-04:00,283.2413024902344
1075,2023-05-11 00:00:00-04:00,281.9281311035156
1076,2023-05-12 00:00:00-04:00,284.6524963378906
1077,2023-05-15 00:00:00-04:00,282.7611083984375
1078,2023-05-16 00:00:00-04:00,276.67547607421875
1079,2023-05-17 00:00:00-04:00,286.5340270996094
1080,2023-05-18 00:00:00-04:00,289.24853515625
1081,2023-05-19 00:00:00-04:00,285.05426025390625
1082,2023-05-22 00:00:00-04:00,284.83868408203125
1083,2023-05-23 00:00:00-04:00,289.032958984375
1084,2023-05-24 00:00:00-04:00,285.2698669433594
1085,2023-05-25 00:00:00-04:00,281.0069885253906
1086,2023-05-26 00:00:00-04:00,286.9651794433594
1087,2023-05-30 00:00:00-04:00,286.5437927246094
1088,2023-05-31 00:00:00-04:00,279.7728271484375
1089,2023-06-01 00:00:00-04:00,284.6487121582031
1090,2023-06-02 00:00:00-04:00,292.10076904296875
1091,2023-06-05 00:00:00-04:00,289.2976379394531
1092,2023-06-06 00:00:00-04:00,292.1600036621094
1093,2023-06-07 00:00:00-04:00,297.7860412597656
1094,2023-06-08 00:00:00-04:00,297.1839294433594
1095,2023-06-09 00:00:00-04:00,293.49249267578125
1096,2023-06-12 00:00:00-04:00,296.9569396972656
1097,2023-06-13 00:00:00-04:00,296.1870422363281
1098,2023-06-14 00:00:00-04:00,295.82183837890625
1099,2023-06-15 00:00:00-04:00,298.10186767578125
1100,2023-06-16 00:00:00-04:00,296.4831848144531
1101,2023-06-20 00:00:00-04:00,297.4997863769531
1102,2023-06-21 00:00:00-04:00,296.7990417480469
1103,2023-06-22 00:00:00-04:00,297.2727966308594
1104,2023-06-23 00:00:00-04:00,296.9075927734375
1105,2023-06-26 00:00:00-04:00,303.895751953125
1106,2023-06-27 00:00:00-04:00,309.66986083984375
1107,2023-06-28 00:00:00-04:00,302.5336608886719
1108,2023-06-29 00:00:00-04:00,303.8266296386719
1109,2023-06-30 00:00:00-04:00,306.6100769042969
1110,2023-07-03 00:00:00-04:00,305.99810791015625
1111,2023-07-05 00:00:00-04:00,306.7679748535156
1112,2023-07-06 00:00:00-04:00,298.10186767578125
1113,2023-07-07 00:00:00-04:00,298.8816223144531
1114,2023-07-10 00:00:00-04:00,306.2547302246094
1115,2023-07-11 00:00:00-04:00,309.59088134765625
1116,2023-07-12 00:00:00-04:00,313.4007873535156
1117,2023-07-13 00:00:00-04:00,310.5187072753906
1118,2023-07-14 00:00:00-04:00,312.39404296875
1119,2023-07-17 00:00:00-04:00,311.94989013671875
1120,2023-07-18 00:00:00-04:00,312.65069580078125
1121,2023-07-19 00:00:00-04:00,315.33538818359375
1122,2023-07-20 00:00:00-04:00,314.950439453125
1123,2023-07-21 00:00:00-04:00,316.31256103515625
1124,2023-07-24 00:00:00-04:00,320.892333984375
1125,2023-07-25 00:00:00-04:00,320.9120788574219
1126,2023-07-26 00:00:00-04:00,325.314208984375
1127,2023-07-27 00:00:00-04:00,325.4326477050781
1128,2023-07-28 00:00:00-04:00,327.07110595703125
1129,2023-07-31 00:00:00-04:00,329.5090637207031
1130,2023-08-01 00:00:00-04:00,327.7620544433594
1131,2023-08-02 00:00:00-04:00,324.2383728027344
1132,2023-08-03 00:00:00-04:00,325.57086181640625
1133,2023-08-04 00:00:00-04:00,322.1952209472656
1134,2023-08-07 00:00:00-04:00,324.8996887207031
1135,2023-08-08 00:00:00-04:00,323.55731201171875
1136,2023-08-09 00:00:00-04:00,323.9521179199219
1137,2023-08-10 00:00:00-04:00,325.1266784667969
1138,2023-08-11 00:00:00-04:00,326.8144836425781
1139,2023-08-14 00:00:00-04:00,325.6695861816406
1140,2023-08-15 00:00:00-04:00,327.8311462402344
1141,2023-08-16 00:00:00-04:00,328.7095947265625
1142,2023-08-17 00:00:00-04:00,323.0341796875
1143,2023-08-18 00:00:00-04:00,323.123046875
1144,2023-08-21 00:00:00-04:00,319.85595703125
1145,2023-08-22 00:00:00-04:00,320.2705383300781
1146,2023-08-23 00:00:00-04:00,321.859619140625
1147,2023-08-24 00:00:00-04:00,318.405029296875
1148,2023-08-25 00:00:00-04:00,318.6715087890625
1149,2023-08-28 00:00:00-04:00,321.6819763183594
1150,2023-08-29 00:00:00-04:00,325.10693359375
1151,2023-08-30 00:00:00-04:00,328.4246826171875
1152,2023-08-31 00:00:00-04:00,328.09686279296875
1153,2023-09-01 00:00:00-04:00,330.85833740234375
1154,2023-09-05 00:00:00-04:00,325.59368896484375
1155,2023-09-06 00:00:00-04:00,323.8255615234375
1156,2023-09-07 00:00:00-04:00,326.22943115234375
1157,2023-09-08 00:00:00-04:00,326.5174865722656
1158,2023-09-11 00:00:00-04:00,326.17974853515625
1159,2023-09-12 00:00:00-04:00,324.10369873046875
1160,2023-09-13 00:00:00-04:00,323.70635986328125
1161,2023-09-14 00:00:00-04:00,327.4313659667969
1162,2023-09-15 00:00:00-04:00,319.2562255859375
1163,2023-09-18 00:00:00-04:00,315.14385986328125
1164,2023-09-19 00:00:00-04:00,312.5115051269531
1165,2023-09-20 00:00:00-04:00,308.7865295410156
1166,2023-09-21 00:00:00-04:00,304.7138977050781
1167,2023-09-22 00:00:00-04:00,303.6907653808594
1168,2023-09-25 00:00:00-04:00,304.4456787109375
1169,2023-09-26 00:00:00-04:00,300.5220642089844
1170,2023-09-27 00:00:00-04:00,299.8068542480469
1171,2023-09-28 00:00:00-04:00,301.4656982421875
1172,2023-09-29 00:00:00-04:00,300.14459228515625
1173,2023-10-02 00:00:00-04:00,297.8301086425781
1174,2023-10-03 00:00:00-04:00,289.99273681640625
1175,2023-10-04 00:00:00-04:00,290.43975830078125
1176,2023-10-05 00:00:00-04:00,289.7543640136719
1177,2023-10-06 00:00:00-04:00,290.86688232421875
1178,2023-10-09 00:00:00-04:00,293.3899230957031
1179,2023-10-10 00:00:00-04:00,297.22418212890625
1180,2023-10-11 00:00:00-04:00,296.0619812011719
1181,2023-10-12 00:00:00-04:00,291.0655212402344
1182,2023-10-13 00:00:00-04:00,289.972900390625
1183,2023-10-16 00:00:00-04:00,295.3467712402344
1184,2023-10-17 00:00:00-04:00,293.966064453125
1185,2023-10-18 00:00:00-04:00,288.3040771484375
1186,2023-10-19 00:00:00-04:00,284.8572082519531
1187,2023-10-20 00:00:00-04:00,284.4996337890625
1188,2023-10-23 00:00:00-04:00,283.1685791015625
1189,2023-10-24 00:00:00-04:00,281.4203186035156
1190,2023-10-25 00:00:00-04:00,279.0561828613281
1191,2023-10-26 00:00:00-04:00,276.1457214355469
1192,2023-10-27 00:00:00-04:00,274.6159973144531
1193,2023-10-30 00:00:00-04:00,279.6025085449219
1194,2023-10-31 00:00:00-04:00,282.7911071777344
1195,2023-11-01 00:00:00-04:00,284.7181701660156
1196,2023-11-02 00:00:00-04:00,292.5654602050781
1197,2023-11-03 00:00:00-04:00,293.63824462890625
1198,2023-11-06 00:00:00-05:00,292.6051940917969
1199,2023-11-07 00:00:00-05:00,292.8038635253906
1200,2023-11-08 00:00:00-05:00,293.9461975097656
1201,2023-11-09 00:00:00-05:00,285.94989013671875
1202,2023-11-10 00:00:00-05:00,289.64508056640625
1203,2023-11-13 00:00:00-05:00,286.1485595703125
1204,2023-11-14 00:00:00-05:00,301.6047668457031
1205,2023-11-15 00:00:00-05:00,306.1343688964844
1206,2023-11-16 00:00:00-05:00,304.3960266113281
1207,2023-11-17 00:00:00-05:00,305.2204895019531
1208,2023-11-20 00:00:00-05:00,306.1343688964844
1209,2023-11-21 00:00:00-05:00,303.3033752441406
1210,2023-11-22 00:00:00-05:00,307.13763427734375
1211,2023-11-24 00:00:00-05:00,308.62762451171875
1212,2023-11-27 00:00:00-05:00,308.8461608886719
1213,2023-11-28 00:00:00-05:00,311.25
1214,2023-11-29 00:00:00-05:00,311.0199890136719
1215,2023-11-30 00:00:00-05:00,313.489990234375
1216,2023-12-01 00:00:00-05:00,319.6199951171875
1217,2023-12-04 00:00:00-05:00,324.0199890136719
1218,2023-12-05 00:00:00-05:00,323.5
1219,2023-12-06 00:00:00-05:00,326.1099853515625
1220,2023-12-07 00:00:00-05:00,326.1700134277344
1221,2023-12-08 00:00:00-05:00,326.4700012207031
1222,2023-12-11 00:00:00-05:00,331.3299865722656
1223,2023-12-12 00:00:00-05:00,333.20001220703125
1224,2023-12-13 00:00:00-05:00,343.3999938964844
1225,2023-12-14 00:00:00-05:00,351.80999755859375
1226,2023-12-15 00:00:00-05:00,354.0
1227,2023-12-18 00:00:00-05:00,350.80999755859375
1228,2023-12-19 00:00:00-05:00,352.07000732421875
1229,2023-12-20 00:00:00-05:00,348.6600036621094
1230,2023-12-21 00:00:00-05:00,348.9700012207031
1231,2023-12-22 00:00:00-05:00,348.5899963378906
1232,2023-12-26 00:00:00-05:00,349.30999755859375
1233,2023-12-27 00:00:00-05:00,348.5299987792969
1234,2023-12-28 00:00:00-05:00,347.3599853515625
1235,2023-12-29 00:00:00-05:00,346.54998779296875
1236,2024-01-02 00:00:00-05:00,345.0799865722656
1237,2024-01-03 00:00:00-05:00,338.260009765625
1238,2024-01-04 00:00:00-05:00,338.5899963378906
1239,2024-01-05 00:00:00-05:00,342.94000244140625
1240,2024-01-08 00:00:00-05:00,347.92999267578125
1241,2024-01-09 00:00:00-05:00,346.19000244140625
1242,2024-01-10 00:00:00-05:00,356.79998779296875
1243,2024-01-11 00:00:00-05:00,356.5299987792969
1244,2024-01-12 00:00:00-05:00,355.7099914550781
1245,2024-01-16 00:00:00-05:00,358.42999267578125
1246,2024-01-17 00:00:00-05:00,355.70001220703125
1247,2024-01-18 00:00:00-05:00,357.8999938964844
1248,2024-01-19 00:00:00-05:00,362.4100036621094
1249,2024-01-22 00:00:00-05:00,356.69000244140625
1250,2024-01-23 00:00:00-05:00,350.7799987792969
1251,2024-01-24 00:00:00-05:00,347.2699890136719
1252,2024-01-25 00:00:00-05:00,350.9700012207031
1253,2024-01-26 00:00:00-05:00,355.29998779296875
1254,2024-01-29 00:00:00-05:00,355.70001220703125
1255,2024-01-30 00:00:00-05:00,357.1000061035156
1256,2024-01-31 00:00:00-05:00,352.9599914550781
1257,2024-02-01 00:00:00-05:00,360.07000732421875
1258,2024-02-02 00:00:00-05:00,357.2300109863281
