,Unnamed: 0,Date,IRM
0,0,2019-02-05,27.08710479736328
1,1,2019-02-06,26.99159812927246
2,2,2019-02-07,26.844667434692383
3,3,2019-02-08,26.8226261138916
4,4,2019-02-11,26.72711753845215
5,5,2019-02-12,26.29366683959961
6,6,2019-02-13,26.33039283752441
7,7,2019-02-14,25.911640167236328
8,8,2019-02-15,25.80143928527832
9,9,2019-02-19,25.99979782104492
10,10,2019-02-20,26.24224090576172
11,11,2019-02-21,26.33039283752441
12,12,2019-02-22,26.139385223388672
13,13,2019-02-25,25.742660522460938
14,14,2019-02-26,25.742660522460938
15,15,2019-02-27,25.713281631469727
16,16,2019-02-28,26.021841049194336
17,17,2019-03-01,26.28633117675781
18,18,2019-03-04,26.20550537109375
19,19,2019-03-05,25.933677673339844
20,20,2019-03-06,25.727975845336918
21,21,2019-03-07,25.61777687072754
22,22,2019-03-08,25.551654815673828
23,23,2019-03-11,25.69858741760254
24,24,2019-03-12,25.786741256713867
25,25,2019-03-13,25.911640167236328
26,26,2019-03-14,25.99461936950684
27,27,2019-03-15,26.11424446105957
28,28,2019-03-18,26.032005310058597
29,29,2019-03-19,25.79276657104492
30,30,2019-03-20,25.718006134033203
31,31,2019-03-21,26.338525772094727
32,32,2019-03-22,26.25629234313965
33,33,2019-03-25,26.293672561645508
34,34,2019-03-26,26.56281089782715
35,35,2019-03-27,26.503007888793945
36,36,2019-03-28,26.637575149536133
37,37,2019-03-29,26.510478973388672
38,38,2019-04-01,26.72728538513184
39,39,2019-04-02,26.749725341796875
40,40,2019-04-03,26.83195686340332
41,41,2019-04-04,26.86185836791992
42,42,2019-04-05,27.183334350585938
43,43,2019-04-08,27.13848304748535
44,44,2019-04-09,26.89176368713379
45,45,2019-04-10,27.071197509765625
46,46,2019-04-11,27.13100242614746
47,47,2019-04-12,27.310422897338867
48,48,2019-04-15,27.3403377532959
49,49,2019-04-16,26.951574325561523
50,50,2019-04-17,26.929147720336918
51,51,2019-04-18,26.86933708190918
52,52,2019-04-22,26.46562957763672
53,53,2019-04-23,26.80952453613281
54,54,2019-04-24,26.79457092285156
55,55,2019-04-25,24.40967559814453
56,56,2019-04-26,24.25267601013184
57,57,2019-04-29,23.946155548095703
58,58,2019-04-30,24.282583236694336
59,59,2019-05-01,23.893821716308597
60,60,2019-05-02,23.57982444763184
61,61,2019-05-03,23.62468147277832
62,62,2019-05-06,23.25087547302246
63,63,2019-05-07,23.071447372436523
64,64,2019-05-08,23.16863822937012
65,65,2019-05-09,23.1536808013916
66,66,2019-05-10,23.437780380249023
67,67,2019-05-13,23.475156784057617
68,68,2019-05-14,23.76672744750977
69,69,2019-05-15,23.893821716308597
70,70,2019-05-16,24.19286727905273
71,71,2019-05-17,23.99101448059082
72,72,2019-05-20,23.639633178710938
73,73,2019-05-21,23.804109573364254
74,74,2019-05-22,23.639633178710938
75,75,2019-05-23,23.72187614440918
76,76,2019-05-24,23.40787124633789
77,77,2019-05-28,23.22096824645996
78,78,2019-05-29,22.974254608154297
79,79,2019-05-30,23.01911163330078
80,80,2019-05-31,22.914445877075195
81,81,2019-06-03,23.23592185974121
82,82,2019-06-04,22.959300994873047
83,83,2019-06-05,23.5200138092041
84,84,2019-06-06,23.20601463317871
85,85,2019-06-07,23.31815719604492
86,86,2019-06-10,23.512540817260746
87,87,2019-06-11,23.68448829650879
88,88,2019-06-12,23.654584884643555
89,89,2019-06-13,23.983537673950195
90,90,2019-06-14,24.182456970214844
91,91,2019-06-17,24.68545913696289
92,92,2019-06-18,24.6092472076416
93,93,2019-06-19,24.815025329589844
94,94,2019-06-20,24.807403564453125
95,95,2019-06-21,24.433958053588867
96,96,2019-06-24,24.01478576660156
97,97,2019-06-25,23.53464126586914
98,98,2019-06-26,23.21454620361328
99,99,2019-06-27,23.53464126586914
100,100,2019-06-28,23.854734420776367
101,101,2019-07-01,23.41270065307617
102,102,2019-07-02,24.09861946105957
103,103,2019-07-03,24.365365982055664
104,104,2019-07-05,24.07575225830078
105,105,2019-07-08,23.98430061340332
106,106,2019-07-09,24.083375930786133
107,107,2019-07-10,24.441577911376957
108,108,2019-07-11,22.612462997436523
109,109,2019-07-12,22.9935302734375
110,110,2019-07-15,23.176437377929688
111,111,2019-07-16,23.298377990722656
112,112,2019-07-17,22.978286743164062
113,113,2019-07-18,23.2755184173584
114,114,2019-07-19,22.909690856933597
115,115,2019-07-22,22.886829376220703
116,116,2019-07-23,23.19930458068848
117,117,2019-07-24,23.069738388061523
118,118,2019-07-25,22.91731071472168
119,119,2019-07-26,22.79537010192871
120,120,2019-07-29,22.79537010192871
121,121,2019-07-30,22.76488876342773
122,122,2019-07-31,22.414304733276367
123,123,2019-08-01,23.49653434753418
124,124,2019-08-02,23.961435317993164
125,125,2019-08-05,23.694684982299805
126,126,2019-08-06,23.48128700256348
127,127,2019-08-07,23.511777877807617
128,128,2019-08-08,23.793764114379883
129,129,2019-08-09,23.306005477905277
130,130,2019-08-12,23.694684982299805
131,131,2019-08-13,23.610855102539062
132,132,2019-08-14,23.32886505126953
133,133,2019-08-15,23.61847877502441
134,134,2019-08-16,23.99954032897949
135,135,2019-08-19,24.3120174407959
136,136,2019-08-20,23.915706634521484
137,137,2019-08-21,24.17483139038086
138,138,2019-08-22,24.121482849121094
139,139,2019-08-23,23.7327938079834
140,140,2019-08-26,24.03002548217773
141,141,2019-08-27,23.78614044189453
142,142,2019-08-28,24.06051254272461
143,143,2019-08-29,24.25104522705078
144,144,2019-08-30,24.273910522460938
145,145,2019-09-03,24.67021942138672
146,146,2019-09-04,25.08938980102539
147,147,2019-09-05,25.21895408630371
148,148,2019-09-06,25.18846702575684
149,149,2019-09-09,25.47807502746582
150,150,2019-09-10,25.554288864135746
151,151,2019-09-11,25.83628463745117
152,152,2019-09-12,26.019187927246094
153,153,2019-09-13,25.259469985961918
154,154,2019-09-16,25.04994201660156
155,155,2019-09-17,25.018898010253903
156,156,2019-09-18,24.949058532714844
157,157,2019-09-19,24.949058532714844
158,158,2019-09-20,24.832658767700195
159,159,2019-09-23,24.304962158203125
160,160,2019-09-24,24.211837768554688
161,161,2019-09-25,24.211837768554688
162,162,2019-09-26,24.762813568115234
163,163,2019-09-27,24.97233772277832
164,164,2019-09-30,25.13530158996582
165,165,2019-10-01,25.04994201660156
166,166,2019-10-02,24.84817886352539
167,167,2019-10-03,25.28274917602539
168,168,2019-10-04,24.995620727539062
169,169,2019-10-07,25.042184829711918
170,170,2019-10-08,24.81713485717773
171,171,2019-10-09,24.64640998840332
172,172,2019-10-10,25.06546211242676
173,173,2019-10-11,25.018898010253903
174,174,2019-10-14,25.220666885375977
175,175,2019-10-15,25.445714950561523
176,176,2019-10-16,25.38363265991211
177,177,2019-10-17,25.43019294738769
178,178,2019-10-18,25.99668312072754
179,179,2019-10-21,26.338134765625
180,180,2019-10-22,26.361421585083008
181,181,2019-10-23,26.617504119873047
182,182,2019-10-24,26.52438163757324
183,183,2019-10-25,26.45454216003418
184,184,2019-10-28,26.120849609375
185,185,2019-10-29,26.25277137756348
186,186,2019-10-30,25.98116874694824
187,187,2019-10-31,25.45347213745117
188,188,2019-11-01,26.01220703125
189,189,2019-11-04,26.67182159423828
190,190,2019-11-05,25.91132354736328
191,191,2019-11-06,26.097570419311523
192,192,2019-11-07,25.98116874694824
193,193,2019-11-08,25.251710891723636
194,194,2019-11-11,25.500030517578125
195,195,2019-11-12,25.34483337402344
196,196,2019-11-13,25.321552276611328
197,197,2019-11-14,25.81820297241211
198,198,2019-11-15,26.058773040771484
199,199,2019-11-18,26.237253189086918
200,200,2019-11-19,26.353654861450195
201,201,2019-11-20,26.439022064208984
202,202,2019-11-21,26.035484313964844
203,203,2019-11-22,26.22173500061035
204,204,2019-11-25,26.42350006103516
205,205,2019-11-26,25.298267364501957
206,206,2019-11-27,24.81713485717773
207,207,2019-11-29,24.92577362060547
208,208,2019-12-02,24.793859481811523
209,209,2019-12-03,25.06546211242676
210,210,2019-12-04,25.259469985961918
211,211,2019-12-05,25.143064498901367
212,212,2019-12-06,25.414670944213867
213,213,2019-12-09,25.60867691040039
214,214,2019-12-10,25.53107643127441
215,215,2019-12-11,25.35258674621582
216,216,2019-12-12,25.39914894104004
217,217,2019-12-13,24.987049102783203
218,218,2019-12-16,25.153156280517575
219,219,2019-12-17,24.82885360717773
220,220,2019-12-18,25.153156280517575
221,221,2019-12-19,25.24016571044922
222,222,2019-12-20,25.279712677001957
223,223,2019-12-23,25.105695724487305
224,224,2019-12-24,25.121517181396484
225,225,2019-12-26,25.176889419555664
226,226,2019-12-27,25.16106414794922
227,227,2019-12-30,25.066150665283203
228,228,2019-12-31,25.208526611328125
229,229,2020-01-02,24.05369758605957
230,230,2020-01-03,24.235618591308597
231,231,2020-01-06,24.65483665466309
232,232,2020-01-07,24.504552841186523
233,233,2020-01-08,24.48082160949707
234,234,2020-01-09,24.44918632507324
235,235,2020-01-10,24.251441955566406
236,236,2020-01-13,24.393817901611328
237,237,2020-01-14,24.203981399536133
238,238,2020-01-15,24.354267120361328
239,239,2020-01-16,24.615293502807617
240,240,2020-01-17,24.820945739746094
241,241,2020-01-21,25.04241943359375
242,242,2020-01-22,25.121517181396484
243,243,2020-01-23,25.24016571044922
244,244,2020-01-24,24.955415725708008
245,245,2020-01-27,25.01869010925293
246,246,2020-01-28,25.279712677001957
247,247,2020-01-29,25.074058532714844
248,248,2020-01-30,25.224342346191406
249,249,2020-01-31,25.002872467041016
250,250,2020-02-03,25.192707061767575
251,251,2020-02-04,25.509096145629883
252,252,2020-02-05,25.271804809570312
253,253,2020-02-06,25.255983352661133
254,254,2020-02-07,25.176889419555664
255,255,2020-02-10,25.287622451782227
256,256,2020-02-11,25.145248413085938
257,257,2020-02-12,25.145248413085938
258,258,2020-02-13,26.3870849609375
259,259,2020-02-14,26.213069915771484
260,260,2020-02-18,26.940771102905277
261,261,2020-02-19,26.7351188659668
262,262,2020-02-20,27.15433883666992
263,263,2020-02-21,27.24925422668457
264,264,2020-02-24,26.537368774414062
265,265,2020-02-25,26.07069206237793
266,266,2020-02-26,26.14187812805176
267,267,2020-02-27,24.67856788635254
268,268,2020-02-28,24.05369758605957
269,269,2020-03-02,25.074058532714844
270,270,2020-03-03,24.844675064086918
271,271,2020-03-04,25.872949600219727
272,272,2020-03-05,25.40627098083496
273,273,2020-03-06,25.12942695617676
274,274,2020-03-09,23.37345123291016
275,275,2020-03-10,24.243528366088867
276,276,2020-03-11,23.68984603881836
277,277,2020-03-12,21.06379127502441
278,278,2020-03-13,23.476198196411133
279,279,2020-03-16,19.945451736450195
280,280,2020-03-17,21.75941276550293
281,281,2020-03-18,21.05488395690918
282,282,2020-03-19,20.35844993591309
283,283,2020-03-20,18.3906307220459
284,284,2020-03-23,18.139591217041016
285,285,2020-03-24,19.43527603149414
286,286,2020-03-25,20.285568237304688
287,287,2020-03-26,20.625682830810547
288,288,2020-03-27,19.734901428222656
289,289,2020-03-30,20.12360954284668
290,290,2020-03-31,19.273311614990234
291,291,2020-04-01,17.993825912475586
292,292,2020-04-02,17.426965713500977
293,293,2020-04-03,17.864259719848633
294,294,2020-04-06,18.87650680541992
295,295,2020-04-07,19.969745635986328
296,296,2020-04-08,21.01439666748047
297,297,2020-04-09,21.953763961791992
298,298,2020-04-13,21.24923515319824
299,299,2020-04-14,21.597448348999023
300,300,2020-04-15,19.92925453186035
301,301,2020-04-16,19.63772773742676
302,302,2020-04-17,20.23698234558105
303,303,2020-04-20,19.97784423828125
304,304,2020-04-21,20.002138137817383
305,305,2020-04-22,19.840177536010746
306,306,2020-04-23,19.783491134643555
307,307,2020-04-24,19.054668426513672
308,308,2020-04-27,19.783491134643555
309,309,2020-04-28,20.07502174377441
310,310,2020-04-29,20.204591751098636
311,311,2020-04-30,19.58104515075684
312,312,2020-05-01,19.11135482788086
313,313,2020-05-04,18.56068992614746
314,314,2020-05-05,18.25296974182129
315,315,2020-05-06,17.750886917114258
316,316,2020-05-07,19.88066673278809
317,317,2020-05-08,19.89686393737793
318,318,2020-05-11,19.467668533325195
319,319,2020-05-12,18.70645523071289
320,320,2020-05-13,18.47970962524414
321,321,2020-05-14,18.333940505981445
322,322,2020-05-15,18.155786514282227
323,323,2020-05-18,19.16804313659668
324,324,2020-05-19,18.997982025146484
325,325,2020-05-20,19.338096618652344
326,326,2020-05-21,19.37859344482422
327,327,2020-05-22,19.572940826416016
328,328,2020-05-26,20.12360954284668
329,329,2020-05-27,20.61758804321289
330,330,2020-05-28,20.811939239501957
331,331,2020-05-29,20.86052894592285
332,332,2020-06-01,21.38689994812012
333,333,2020-06-02,21.629838943481445
334,334,2020-06-03,22.998411178588867
335,335,2020-06-04,23.53287696838379
336,336,2020-06-05,24.05925178527832
337,337,2020-06-08,24.74758529663086
338,338,2020-06-09,24.39937210083008
339,339,2020-06-10,23.75962257385254
340,340,2020-06-11,22.358667373657227
341,341,2020-06-12,23.045387268066406
342,342,2020-06-15,23.2110652923584
343,343,2020-06-16,23.335317611694336
344,344,2020-06-17,23.07023811340332
345,345,2020-06-18,22.34955406188965
346,346,2020-06-19,21.81939697265625
347,347,2020-06-22,21.330656051635746
348,348,2020-06-23,21.620586395263672
349,349,2020-06-24,20.734220504760746
350,350,2020-06-25,20.411157608032227
351,351,2020-06-26,20.436006546020508
352,352,2020-06-29,21.28923225402832
353,353,2020-06-30,21.620586395263672
354,354,2020-07-01,21.74484062194824
355,355,2020-07-02,21.6702880859375
356,356,2020-07-06,21.88566398620605
357,357,2020-07-07,21.57088279724121
358,358,2020-07-08,21.6702880859375
359,359,2020-07-09,21.68685340881348
360,360,2020-07-10,22.150745391845703
361,361,2020-07-13,22.250152587890625
362,362,2020-07-14,22.62291717529297
363,363,2020-07-15,22.86314582824707
364,364,2020-07-16,22.656051635742188
365,365,2020-07-17,22.589784622192383
366,366,2020-07-20,22.26671600341797
367,367,2020-07-21,22.589784622192383
368,368,2020-07-22,22.78030776977539
369,369,2020-07-23,22.788593292236328
370,370,2020-07-24,22.564929962158203
371,371,2020-07-27,22.987403869628903
372,372,2020-07-28,23.086809158325195
373,373,2020-07-29,23.40987205505371
374,374,2020-07-30,23.40159034729004
375,375,2020-07-31,23.35188865661621
376,376,2020-08-03,23.235919952392575
377,377,2020-08-04,23.90689849853516
378,378,2020-08-05,24.00630187988281
379,379,2020-08-06,24.097421646118164
380,380,2020-08-07,24.395639419555664
381,381,2020-08-10,24.644153594970703
382,382,2020-08-11,24.486759185791016
383,383,2020-08-12,24.70213890075684
384,384,2020-08-13,24.32108497619629
385,385,2020-08-14,24.635866165161133
386,386,2020-08-17,25.124610900878903
387,387,2020-08-18,24.851242065429688
388,388,2020-08-19,24.851242065429688
389,389,2020-08-20,24.934085845947266
390,390,2020-08-21,25.025203704833984
391,391,2020-08-24,25.13289451599121
392,392,2020-08-25,25.166030883789062
393,393,2020-08-26,25.066625595092773
394,394,2020-08-27,25.224016189575195
395,395,2020-08-28,25.13289451599121
396,396,2020-08-31,24.92579841613769
397,397,2020-09-01,24.80154609680176
398,398,2020-09-02,25.26543426513672
399,399,2020-09-03,25.09147453308105
400,400,2020-09-04,24.983787536621094
401,401,2020-09-08,24.934085845947266
402,402,2020-09-09,24.90923309326172
403,403,2020-09-10,24.685571670532227
404,404,2020-09-11,24.70213890075684
405,405,2020-09-14,24.498268127441406
406,406,2020-09-15,24.591318130493164
407,407,2020-09-16,24.80280303955078
408,408,2020-09-17,24.41367530822754
409,409,2020-09-18,23.965330123901367
410,410,2020-09-21,23.068641662597656
411,411,2020-09-22,23.00096321105957
412,412,2020-09-23,22.04505729675293
413,413,2020-09-24,22.41726875305176
414,414,2020-09-25,22.44264793395996
415,415,2020-09-28,22.501861572265625
416,416,2020-09-29,22.637210845947266
417,417,2020-09-30,22.66258811950684
418,418,2020-10-01,22.848695755004883
419,419,2020-10-02,23.127853393554688
420,420,2020-10-05,23.13631248474121
421,421,2020-10-06,22.93328857421875
422,422,2020-10-07,22.924829483032227
423,423,2020-10-08,23.88919258117676
424,424,2020-10-09,23.897655487060547
425,425,2020-10-12,23.98224449157715
426,426,2020-10-13,23.37317276000977
427,427,2020-10-14,23.271663665771484
428,428,2020-10-15,23.390092849731445
429,429,2020-10-16,23.271663665771484
430,430,2020-10-19,23.11939239501953
431,431,2020-10-20,23.254743576049805
432,432,2020-10-21,23.16168785095215
433,433,2020-10-22,23.390092849731445
434,434,2020-10-23,23.55927848815918
435,435,2020-10-26,23.09401512145996
436,436,2020-10-27,22.857154846191406
437,437,2020-10-28,22.290380477905277
438,438,2020-10-29,22.27345848083496
439,439,2020-10-30,22.04505729675293
440,440,2020-11-02,22.434186935424805
441,441,2020-11-03,23.09401512145996
442,442,2020-11-04,22.51878547668457
443,443,2020-11-05,23.24628448486328
444,444,2020-11-06,22.67951011657715
445,445,2020-11-09,22.54415702819824
446,446,2020-11-10,22.975584030151367
447,447,2020-11-11,22.383432388305664
448,448,2020-11-12,21.639005661010746
449,449,2020-11-13,21.56287384033203
450,450,2020-11-16,22.070436477661133
451,451,2020-11-17,21.909706115722656
452,452,2020-11-18,21.909706115722656
453,453,2020-11-19,21.816659927368164
454,454,2020-11-20,21.73205947875977
455,455,2020-11-23,22.1296501159668
456,456,2020-11-24,22.484943389892575
457,457,2020-11-25,22.78101921081543
458,458,2020-11-27,22.51878547668457
459,459,2020-11-30,23.263202667236328
460,460,2020-12-01,23.043258666992188
461,461,2020-12-02,23.212448120117188
462,462,2020-12-03,23.762304306030277
463,463,2020-12-04,24.66745376586914
464,464,2020-12-07,24.93815040588379
465,465,2020-12-08,25.50493049621582
466,466,2020-12-09,25.68257713317871
467,467,2020-12-10,25.623363494873047
468,468,2020-12-11,25.69949150085449
469,469,2020-12-14,25.27549934387207
470,470,2020-12-15,25.361854553222656
471,471,2020-12-16,25.08552360534668
472,472,2020-12-17,25.55183219909668
473,473,2020-12-18,25.45684051513672
474,474,2020-12-21,25.171878814697266
475,475,2020-12-22,25.55183219909668
476,476,2020-12-23,25.44820785522461
477,477,2020-12-24,25.508655548095703
478,478,2020-12-28,25.500019073486328
479,479,2020-12-29,25.379125595092773
480,480,2020-12-30,25.29277229309082
481,481,2020-12-31,25.45684051513672
482,482,2021-01-04,24.74874687194824
483,483,2021-01-05,24.938722610473636
484,484,2021-01-06,24.87827682495117
485,485,2021-01-07,24.645124435424805
486,486,2021-01-08,24.653757095336918
487,487,2021-01-11,24.17881965637207
488,488,2021-01-12,24.23063468933105
489,489,2021-01-13,24.55877113342285
490,490,2021-01-14,26.06995010375977
491,491,2021-01-15,25.92314910888672
492,492,2021-01-19,25.49138641357422
493,493,2021-01-20,26.164936065673828
494,494,2021-01-21,26.13903045654297
495,495,2021-01-22,26.03540802001953
496,496,2021-01-25,27.727924346923828
497,497,2021-01-26,28.841880798339844
498,498,2021-01-27,31.959228515625
499,499,2021-01-28,28.85051155090332
500,500,2021-01-29,29.075031280517575
501,501,2021-02-01,28.82461166381836
502,502,2021-02-02,27.771100997924805
503,503,2021-02-03,27.986984252929688
504,504,2021-02-04,27.58112525939941
505,505,2021-02-05,27.978347778320312
506,506,2021-02-08,28.57418441772461
507,507,2021-02-09,28.82461166381836
508,508,2021-02-10,29.69677352905273
509,509,2021-02-11,28.70371437072754
510,510,2021-02-12,28.64326858520508
511,511,2021-02-16,28.47056198120117
512,512,2021-02-17,28.27194595336914
513,513,2021-02-18,28.02152633666992
514,514,2021-02-19,27.77973175048828
515,515,2021-02-22,27.4688663482666
516,516,2021-02-23,27.719287872314453
517,517,2021-02-24,29.921287536621094
518,518,2021-02-25,29.878114700317383
519,519,2021-02-26,30.04219055175781
520,520,2021-03-01,29.99037170410156
521,521,2021-03-02,30.3616886138916
522,522,2021-03-03,29.60177993774414
523,523,2021-03-04,30.154441833496094
524,524,2021-03-05,30.905717849731445
525,525,2021-03-08,31.57926177978516
526,526,2021-03-09,31.67424964904785
527,527,2021-03-10,31.864229202270508
528,528,2021-03-11,31.959228515625
529,529,2021-03-12,32.379886627197266
530,530,2021-03-15,32.32719039916992
531,531,2021-03-16,31.422622680664062
532,532,2021-03-17,31.782690048217773
533,533,2021-03-18,31.448972702026367
534,534,2021-03-19,31.440183639526367
535,535,2021-03-22,32.125205993652344
536,536,2021-03-23,31.844165802001957
537,537,2021-03-24,32.01980972290039
538,538,2021-03-25,32.371097564697266
539,539,2021-03-26,32.73994827270508
540,540,2021-03-29,32.221805572509766
541,541,2021-03-30,32.63456726074219
542,542,2021-03-31,32.50284194946289
543,543,2021-04-01,32.75751876831055
544,544,2021-04-05,32.98585510253906
545,545,2021-04-06,32.924373626708984
546,546,2021-04-07,33.10002136230469
547,547,2021-04-08,32.827781677246094
548,548,2021-04-09,33.073673248291016
549,549,2021-04-12,33.29323196411133
550,550,2021-04-13,33.398616790771484
551,551,2021-04-14,33.36348342895508
552,552,2021-04-15,33.503997802734375
553,553,2021-04-16,33.40740203857422
554,554,2021-04-19,33.79381561279297
555,555,2021-04-20,34.68081283569336
556,556,2021-04-21,35.3394775390625
557,557,2021-04-22,35.45363998413086
558,558,2021-04-23,35.40974044799805
559,559,2021-04-26,35.1989631652832
560,560,2021-04-27,35.16383361816406
561,561,2021-04-28,34.715938568115234
562,562,2021-04-29,35.38338851928711
563,563,2021-04-30,35.23408889770508
564,564,2021-05-03,35.21652603149414
565,565,2021-05-04,35.01453399658203
566,566,2021-05-05,34.013362884521484
567,567,2021-05-06,36.5777702331543
568,568,2021-05-07,36.270389556884766
569,569,2021-05-10,36.71828079223633
570,570,2021-05-11,36.82365798950195
571,571,2021-05-12,35.72589492797852
572,572,2021-05-13,36.77975463867188
573,573,2021-05-14,37.32424545288086
574,574,2021-05-17,38.24638366699219
575,575,2021-05-18,37.3857307434082
576,576,2021-05-19,36.99052047729492
577,577,2021-05-20,37.76335906982422
578,578,2021-05-21,37.75457382202149
579,579,2021-05-24,38.369327545166016
580,580,2021-05-25,37.95656967163086
581,581,2021-05-26,38.05317687988281
582,582,2021-05-27,37.77213668823242
583,583,2021-05-28,38.23759841918945
584,584,2021-06-01,38.799652099609375
585,585,2021-06-02,39.76568603515625
586,586,2021-06-03,39.9940299987793
587,587,2021-06-04,40.108192443847656
588,588,2021-06-07,40.15210723876953
589,589,2021-06-08,40.977630615234375
590,590,2021-06-09,41.29379653930664
591,591,2021-06-10,40.74929428100586
592,592,2021-06-11,40.6439094543457
593,593,2021-06-14,40.89225769042969
594,594,2021-06-15,40.910064697265625
595,595,2021-06-16,40.37598419189453
596,596,2021-06-17,40.56291198730469
597,597,2021-06-18,39.38794708251953
598,598,2021-06-21,40.37598419189453
599,599,2021-06-22,38.951786041259766
600,600,2021-06-23,38.72035598754883
601,601,2021-06-24,38.58683395385742
602,602,2021-06-25,38.4177131652832
603,603,2021-06-28,38.23078918457031
604,604,2021-06-29,37.67000579833984
605,605,2021-06-30,37.67000579833984
606,606,2021-07-01,37.93704605102539
607,607,2021-07-02,38.0705680847168
608,608,2021-07-06,37.75902557373047
609,609,2021-07-07,38.06166458129883
610,610,2021-07-08,37.93704605102539
611,611,2021-07-09,38.93399429321289
612,612,2021-07-12,39.610477447509766
613,613,2021-07-13,39.34344100952149
614,614,2021-07-14,39.36124038696289
615,615,2021-07-15,39.20991897583008
616,616,2021-07-16,38.56013488769531
617,617,2021-07-19,38.04386520385742
618,618,2021-07-20,38.97848892211914
619,619,2021-07-21,39.067501068115234
620,620,2021-07-22,38.79156875610352
621,621,2021-07-23,38.64914321899414
622,622,2021-07-26,38.81827163696289
623,623,2021-07-27,39.10310363769531
624,624,2021-07-28,38.65804672241211
625,625,2021-07-29,38.66694259643555
626,626,2021-07-30,38.951786041259766
627,627,2021-08-02,38.951786041259766
628,628,2021-08-03,39.08530426025391
629,629,2021-08-04,38.56904220581055
630,630,2021-08-05,39.35234069824219
631,631,2021-08-06,40.02883529663086
632,632,2021-08-09,40.33147811889648
633,633,2021-08-10,40.91896057128906
634,634,2021-08-11,41.586551666259766
635,635,2021-08-12,41.43523406982422
636,636,2021-08-13,41.03467178344727
637,637,2021-08-16,40.8121452331543
638,638,2021-08-17,40.59851837158203
639,639,2021-08-18,40.28697204589844
640,640,2021-08-19,40.75873947143555
641,641,2021-08-20,40.65191650390625
642,642,2021-08-23,40.8299446105957
643,643,2021-08-24,40.74094009399414
644,644,2021-08-25,40.83885192871094
645,645,2021-08-26,40.78544235229492
646,646,2021-08-27,41.27500915527344
647,647,2021-08-30,41.55984115600586
648,648,2021-08-31,42.50337219238281
649,649,2021-09-01,43.04635238647461
650,650,2021-09-02,44.01658630371094
651,651,2021-09-03,43.95428466796875
652,652,2021-09-07,43.07305908203125
653,653,2021-09-08,43.14427185058594
654,654,2021-09-09,42.56568908691406
655,655,2021-09-10,41.85359191894531
656,656,2021-09-13,42.0138053894043
657,657,2021-09-14,40.98468780517578
658,658,2021-09-15,40.65095520019531
659,659,2021-09-16,40.50665283203125
660,660,2021-09-17,40.49763107299805
661,661,2021-09-20,40.02861785888672
662,662,2021-09-21,40.11880874633789
663,663,2021-09-22,40.38938903808594
664,664,2021-09-23,40.39841079711914
665,665,2021-09-24,39.92939376831055
666,666,2021-09-27,39.72195053100586
667,667,2021-09-28,39.52352142333984
668,668,2021-09-29,39.96548080444336
669,669,2021-09-30,39.18979644775391
670,670,2021-10-01,39.6588134765625
671,671,2021-10-04,39.84822463989258
672,672,2021-10-05,39.9113655090332
673,673,2021-10-06,39.78509140014648
674,674,2021-10-07,39.64979553222656
675,675,2021-10-08,38.45020294189453
676,676,2021-10-11,38.52235794067383
677,677,2021-10-12,39.036468505859375
678,678,2021-10-13,39.01842498779297
679,679,2021-10-14,40.38938903808594
680,680,2021-10-15,40.479591369628906
681,681,2021-10-18,40.58782577514648
682,682,2021-10-19,40.542724609375
683,683,2021-10-20,41.07487869262695
684,684,2021-10-21,41.264286041259766
685,685,2021-10-22,41.48978042602539
686,686,2021-10-25,41.48076248168945
687,687,2021-10-26,41.70624542236328
688,688,2021-10-27,41.18310928344727
689,689,2021-10-28,41.86859893798828
690,690,2021-10-29,41.165069580078125
691,691,2021-11-01,41.426639556884766
692,692,2021-11-02,42.10310363769531
693,693,2021-11-03,43.50112915039063
694,694,2021-11-04,41.68820571899414
695,695,2021-11-05,42.97799682617188
696,696,2021-11-08,42.48191833496094
697,697,2021-11-09,42.91485977172852
698,698,2021-11-10,42.76152801513672
699,699,2021-11-11,43.17642593383789
700,700,2021-11-12,42.88780212402344
701,701,2021-11-15,44.159549713134766
702,702,2021-11-16,43.00505065917969
703,703,2021-11-17,42.53603363037109
704,704,2021-11-18,42.76152801513672
705,705,2021-11-19,42.03996276855469
706,706,2021-11-22,42.16623306274414
707,707,2021-11-23,42.25643539428711
708,708,2021-11-24,42.81564712524414
709,709,2021-11-26,42.11212158203125
710,710,2021-11-29,42.26546096801758
711,711,2021-11-30,40.98468780517578
712,712,2021-12-01,40.705074310302734
713,713,2021-12-02,42.41878509521485
714,714,2021-12-03,42.472904205322266
715,715,2021-12-06,42.50898361206055
716,716,2021-12-07,43.34779739379883
717,717,2021-12-08,43.21250534057617
718,718,2021-12-09,42.6442756652832
719,719,2021-12-10,43.67250061035156
720,720,2021-12-13,44.70072555541992
721,721,2021-12-14,44.11526107788086
722,722,2021-12-15,45.23869323730469
723,723,2021-12-16,46.30732345581055
724,724,2021-12-17,46.80967330932617
725,725,2021-12-20,46.53566360473633
726,726,2021-12-21,47.04714584350586
727,727,2021-12-22,47.1567497253418
728,728,2021-12-23,46.85534286499024
729,729,2021-12-27,47.94224166870117
730,730,2021-12-28,48.19798278808594
731,731,2021-12-29,48.1888427734375
732,732,2021-12-30,47.98790740966797
733,733,2021-12-31,47.79609680175781
734,734,2022-01-03,46.87360763549805
735,735,2022-01-04,46.35299301147461
736,736,2022-01-05,44.29793167114258
737,737,2022-01-06,42.71782684326172
738,738,2022-01-07,42.73609161376953
739,739,2022-01-10,42.63561630249024
740,740,2022-01-11,42.361610412597656
741,741,2022-01-12,42.708683013916016
742,742,2022-01-13,41.74052429199219
743,743,2022-01-14,40.89109420776367
744,744,2022-01-18,40.27001953125
745,745,2022-01-19,39.49365997314453
746,746,2022-01-20,38.89998245239258
747,747,2022-01-21,39.59413146972656
748,748,2022-01-24,40.5257568359375
749,749,2022-01-25,40.20608139038086
750,750,2022-01-26,40.44355392456055
751,751,2022-01-27,39.87726974487305
752,752,2022-01-28,41.101173400878906
753,753,2022-01-31,41.94146728515625
754,754,2022-02-01,42.12413024902344
755,755,2022-02-02,42.59907913208008
756,756,2022-02-03,41.9140625
757,757,2022-02-04,41.68572235107422
758,758,2022-02-07,41.347782135009766
759,759,2022-02-08,40.87283706665039
760,760,2022-02-09,42.07847213745117
761,761,2022-02-10,40.89109420776367
762,762,2022-02-11,40.58055877685547
763,763,2022-02-14,39.868141174316406
764,764,2022-02-15,39.95948028564453
765,765,2022-02-16,40.19694519042969
766,766,2022-02-17,39.79507064819336
767,767,2022-02-18,39.28359222412109
768,768,2022-02-22,38.982181549072266
769,769,2022-02-23,38.58030700683594
770,770,2022-02-24,41.49391555786133
771,771,2022-02-25,44.45320129394531
772,772,2022-02-28,44.91901397705078
773,773,2022-03-01,45.3665657043457
774,774,2022-03-02,46.10638046264648
775,775,2022-03-03,47.248085021972656
776,776,2022-03-04,47.62256240844727
777,777,2022-03-07,46.645267486572266
778,778,2022-03-08,46.343868255615234
779,779,2022-03-09,46.66353225708008
780,780,2022-03-10,46.937538146972656
781,781,2022-03-11,46.15205001831055
782,782,2022-03-14,44.41271209716797
783,783,2022-03-15,45.013763427734375
784,784,2022-03-16,45.411380767822266
785,785,2022-03-17,45.83673477172852
786,786,2022-03-18,45.744266510009766
787,787,2022-03-21,46.37305068969727
788,788,2022-03-22,47.11280059814453
789,789,2022-03-23,48.22242736816406
790,790,2022-03-24,48.53682327270508
791,791,2022-03-25,49.32280349731445
792,792,2022-03-28,49.637203216552734
793,793,2022-03-29,50.968746185302734
794,794,2022-03-30,51.28314208984375
795,795,2022-03-31,51.23690414428711
796,796,2022-04-01,51.995147705078125
797,797,2022-04-04,51.62527847290039
798,798,2022-04-05,51.10744857788086
799,799,2022-04-06,51.93966293334961
800,800,2022-04-07,51.45882797241211
801,801,2022-04-08,51.71773910522461
802,802,2022-04-11,51.34786987304688
803,803,2022-04-12,51.736236572265625
804,804,2022-04-13,51.736236572265625
805,805,2022-04-14,51.24615097045898
806,806,2022-04-18,51.847198486328125
807,807,2022-04-19,52.20782852172852
808,808,2022-04-20,53.3729362487793
809,809,2022-04-21,53.24347305297852
810,810,2022-04-22,52.41126251220703
811,811,2022-04-25,51.52355194091797
812,812,2022-04-26,50.524898529052734
813,813,2022-04-27,50.32146453857422
814,814,2022-04-28,51.51430892944336
815,815,2022-04-29,49.68343353271485
816,816,2022-05-02,46.88163375854492
817,817,2022-05-03,48.61079788208008
818,818,2022-05-04,50.524898529052734
819,819,2022-05-05,50.46941757202149
820,820,2022-05-06,50.1550178527832
821,821,2022-05-09,49.01765441894531
822,822,2022-05-10,47.621376037597656
823,823,2022-05-11,46.74292755126953
824,824,2022-05-12,47.99125671386719
825,825,2022-05-13,48.38886642456055
826,826,2022-05-16,49.0361442565918
827,827,2022-05-17,49.47999954223633
828,828,2022-05-18,47.17753219604492
829,829,2022-05-19,44.96752548217773
830,830,2022-05-20,45.76275634765625
831,831,2022-05-23,47.14053726196289
832,832,2022-05-24,47.42719650268555
833,833,2022-05-25,47.47343063354492
834,834,2022-05-26,48.04673767089844
835,835,2022-05-27,50.80230712890625
836,836,2022-05-31,49.840633392333984
837,837,2022-06-01,49.39677810668945
838,838,2022-06-02,49.74815368652344
839,839,2022-06-03,49.53548431396485
840,840,2022-06-06,49.09163284301758
841,841,2022-06-07,50.38619613647461
842,842,2022-06-08,49.21184158325195
843,843,2022-06-09,48.35188674926758
844,844,2022-06-10,47.196022033691406
845,845,2022-06-13,44.72710800170898
846,846,2022-06-14,44.28593063354492
847,847,2022-06-15,44.9322395324707
848,848,2022-06-16,43.19002532958984
849,849,2022-06-17,43.293060302734375
850,850,2022-06-21,44.20162963867188
851,851,2022-06-22,45.1008415222168
852,852,2022-06-23,44.91350936889648
853,853,2022-06-24,46.327880859375
854,854,2022-06-27,47.124061584472656
855,855,2022-06-28,46.04687881469727
856,856,2022-06-29,45.128944396972656
857,857,2022-06-30,45.60664367675781
858,858,2022-07-01,46.20611572265625
859,859,2022-07-05,45.68157958984375
860,860,2022-07-06,45.690948486328125
861,861,2022-07-07,45.89701461791992
862,862,2022-07-08,45.61601638793945
863,863,2022-07-11,45.007171630859375
864,864,2022-07-12,44.641868591308594
865,865,2022-07-13,44.18289566040039
866,866,2022-07-14,41.87868118286133
867,867,2022-07-15,42.000450134277344
868,868,2022-07-18,42.487525939941406
869,869,2022-07-19,43.48039245605469
870,870,2022-07-20,43.414833068847656
871,871,2022-07-21,44.2672004699707
872,872,2022-07-22,44.370235443115234
873,873,2022-07-25,44.04240417480469
874,874,2022-07-26,43.85506439208984
875,875,2022-07-27,44.07049560546875
876,876,2022-07-28,44.96034240722656
877,877,2022-07-29,45.4193115234375
878,878,2022-08-01,45.7377815246582
879,879,2022-08-02,45.30691146850586
880,880,2022-08-03,45.29753875732422
881,881,2022-08-04,45.8408088684082
882,882,2022-08-05,48.98803329467773
883,883,2022-08-08,50.57101821899414
884,884,2022-08-09,49.93407440185547
885,885,2022-08-10,50.70215225219727
886,886,2022-08-11,50.19634628295898
887,887,2022-08-12,50.60848617553711
888,888,2022-08-15,51.07682418823242
889,889,2022-08-16,50.71152114868164
890,890,2022-08-17,51.46085739135742
891,891,2022-08-18,51.56388854980469
892,892,2022-08-19,51.40465927124024
893,893,2022-08-22,50.22444915771485
894,894,2022-08-23,49.85914611816406
895,895,2022-08-24,51.00188446044922
896,896,2022-08-25,51.86362838745117
897,897,2022-08-26,50.833282470703125
898,898,2022-08-29,50.58974838256836
899,899,2022-08-30,49.624977111816406
900,900,2022-08-31,49.27840423583984
901,901,2022-09-01,49.896610260009766
902,902,2022-09-02,48.82880783081055
903,903,2022-09-06,48.454132080078125
904,904,2022-09-07,49.40953826904297
905,905,2022-09-08,49.45636749267578
906,906,2022-09-09,51.73249053955078
907,907,2022-09-12,52.95953369140625
908,908,2022-09-13,51.32035446166992
909,909,2022-09-14,51.42361831665039
910,910,2022-09-15,50.684661865234375
911,911,2022-09-16,52.380470275878906
912,912,2022-09-19,53.2236328125
913,913,2022-09-20,47.98464584350586
914,914,2022-09-21,47.51095199584961
915,915,2022-09-22,45.4172477722168
916,916,2022-09-23,44.147762298583984
917,917,2022-09-26,42.37617111206055
918,918,2022-09-27,41.29616165161133
919,919,2022-09-28,42.54669952392578
920,920,2022-09-29,41.50458908081055
921,921,2022-09-30,41.65616226196289
922,922,2022-10-03,43.238277435302734
923,923,2022-10-04,45.0761947631836
924,924,2022-10-05,44.57408142089844
925,925,2022-10-06,43.57934188842773
926,926,2022-10-07,43.24775695800781
927,927,2022-10-10,42.70775985717773
928,928,2022-10-11,43.588809967041016
929,929,2022-10-12,43.00143814086914
930,930,2022-10-13,43.37091445922852
931,931,2022-10-14,41.81721878051758
932,932,2022-10-17,43.16249465942383
933,933,2022-10-18,44.649879455566406
934,934,2022-10-19,43.80671310424805
935,935,2022-10-20,43.86355209350586
936,936,2022-10-21,44.59303283691406
937,937,2022-10-24,45.1804084777832
938,938,2022-10-25,46.90462493896485
939,939,2022-10-26,46.71516036987305
940,940,2022-10-27,47.255165100097656
941,941,2022-10-28,47.46358108520508
942,942,2022-10-31,47.43516159057617
943,943,2022-11-01,47.56779098510742
944,944,2022-11-02,46.59199905395508
945,945,2022-11-03,47.21726989746094
946,946,2022-11-04,46.80989456176758
947,947,2022-11-07,47.29305648803711
948,948,2022-11-08,47.842533111572266
949,949,2022-11-09,46.58252716064453
950,950,2022-11-10,49.80360794067383
951,951,2022-11-11,50.08781814575195
952,952,2022-11-14,48.64780044555664
953,953,2022-11-15,49.813079833984375
954,954,2022-11-16,48.98886489868164
955,955,2022-11-17,48.619388580322266
956,956,2022-11-18,49.54780960083008
957,957,2022-11-21,49.80360794067383
958,958,2022-11-22,50.17308044433594
959,959,2022-11-23,50.59939956665039
960,960,2022-11-25,50.741512298583984
961,961,2022-11-28,50.46677017211914
962,962,2022-11-29,51.02571868896485
963,963,2022-11-30,51.47098922729492
964,964,2022-12-01,51.897308349609375
965,965,2022-12-02,52.162574768066406
966,966,2022-12-05,52.09626007080078
967,967,2022-12-06,51.79309844970703
968,968,2022-12-07,51.56572723388672
969,969,2022-12-08,51.73625946044922
970,970,2022-12-09,51.54677963256836
971,971,2022-12-12,51.94467926025391
972,972,2022-12-13,52.617313385009766
973,973,2022-12-14,52.65467834472656
974,974,2022-12-15,52.04152297973633
975,975,2022-12-16,49.445194244384766
976,976,2022-12-19,48.10391998291016
977,977,2022-12-20,48.008113861083984
978,978,2022-12-21,48.58294296264648
979,979,2022-12-22,48.55420684814453
980,980,2022-12-23,48.50630187988281
981,981,2022-12-27,48.5733642578125
982,982,2022-12-28,46.944671630859375
983,983,2022-12-29,48.02727508544922
984,984,2022-12-30,47.75901794433594
985,985,2023-01-03,47.58656692504883
986,986,2023-01-04,48.74581909179688
987,987,2023-01-05,46.89677047729492
988,988,2023-01-06,48.56378555297852
989,989,2023-01-09,48.34343338012695
990,990,2023-01-10,48.0560188293457
991,991,2023-01-11,49.36854934692383
992,992,2023-01-12,49.962547302246094
993,993,2023-01-13,50.42241668701172
994,994,2023-01-17,50.12541198730469
995,995,2023-01-18,49.88589859008789
996,996,2023-01-19,48.95658874511719
997,997,2023-01-20,49.64638900756836
998,998,2023-01-23,50.04877471923828
999,999,2023-01-24,49.962547302246094
1000,1000,2023-01-25,50.33618927001953
1001,1001,2023-01-26,51.38046646118164
1002,1002,2023-01-27,52.76006317138672
1003,1003,2023-01-30,52.17565155029297
1004,1004,2023-01-31,52.290618896484375
1005,1005,2023-02-01,53.25825500488281
1006,1006,2023-02-02,54.2546272277832
1007,1007,2023-02-03,53.20076751708984
1008,1008,2023-02-06,52.64510345458984
1009,1009,2023-02-07,52.37684631347656
1010,1010,2023-02-08,51.974456787109375
1011,1011,2023-02-09,50.81521224975586
1012,1012,2023-02-10,51.01640701293945
1013,1013,2023-02-13,51.50501251220703
1014,1014,2023-02-14,50.95892333984375
1015,1015,2023-02-15,51.02598190307617
1016,1016,2023-02-16,50.93017959594727
1017,1017,2023-02-17,50.3936653137207
1018,1018,2023-02-21,48.54462432861328
1019,1019,2023-02-22,48.50630187988281
1020,1020,2023-02-23,50.55654525756836
1021,1021,2023-02-24,50.10625076293945
1022,1022,2023-02-27,50.36492919921875
1023,1023,2023-02-28,50.537376403808594
1024,1024,2023-03-01,50.37451171875
1025,1025,2023-03-02,50.57569885253906
1026,1026,2023-03-03,52.33852005004883
1027,1027,2023-03-06,52.57803726196289
1028,1028,2023-03-07,51.39962768554688
1029,1029,2023-03-08,51.58165740966797
1030,1030,2023-03-09,50.60443878173828
1031,1031,2023-03-10,49.176944732666016
1032,1032,2023-03-13,50.460731506347656
1033,1033,2023-03-14,50.66334533691406
1034,1034,2023-03-15,50.47915267944336
1035,1035,2023-03-16,50.48884963989258
1036,1036,2023-03-17,48.753536224365234
1037,1037,2023-03-20,49.51940155029297
1038,1038,2023-03-21,49.64543151855469
1039,1039,2023-03-22,48.637203216552734
1040,1040,2023-03-23,48.02645111083984
1041,1041,2023-03-24,48.90864944458008
1042,1042,2023-03-27,48.67597961425781
1043,1043,2023-03-28,48.54995346069336
1044,1044,2023-03-29,49.41276168823242
1045,1045,2023-03-30,50.20771026611328
1046,1046,2023-03-31,51.29349136352539
1047,1047,2023-04-03,51.39043426513672
1048,1048,2023-04-04,50.9832649230957
1049,1049,2023-04-05,50.004127502441406
1050,1050,2023-04-06,50.69243621826172
1051,1051,2023-04-10,50.76998519897461
1052,1052,2023-04-11,51.84607696533203
1053,1053,2023-04-12,52.49560928344727
1054,1054,2023-04-13,52.11751937866211
1055,1055,2023-04-14,51.1480712890625
1056,1056,2023-04-17,51.564937591552734
1057,1057,2023-04-18,51.11899185180664
1058,1058,2023-04-19,52.0787467956543
1059,1059,2023-04-20,51.94302368164063
1060,1060,2023-04-21,52.262939453125
1061,1061,2023-04-24,52.69918823242188
1062,1062,2023-04-25,52.60224151611328
1063,1063,2023-04-26,52.2144660949707
1064,1064,2023-04-27,53.30024719238281
1065,1065,2023-04-28,53.55230331420898
1066,1066,2023-05-01,53.6783332824707
1067,1067,2023-05-02,53.00941467285156
1068,1068,2023-05-03,53.48443984985352
1069,1069,2023-05-04,53.94008255004883
1070,1070,2023-05-05,54.66716766357422
1071,1071,2023-05-08,54.27939224243164
1072,1072,2023-05-09,54.075801849365234
1073,1073,2023-05-10,54.1242790222168
1074,1074,2023-05-11,53.53291320800781
1075,1075,2023-05-12,53.40689086914063
1076,1076,2023-05-15,53.95947265625
1077,1077,2023-05-16,52.689491271972656
1078,1078,2023-05-17,53.58138656616211
1079,1079,2023-05-18,53.48443984985352
1080,1080,2023-05-19,53.66863632202149
1081,1081,2023-05-22,53.35841751098633
1082,1082,2023-05-23,53.03849411010742
1083,1083,2023-05-24,51.81698989868164
1084,1084,2023-05-25,52.06904983520508
1085,1085,2023-05-26,51.94302368164063
1086,1086,2023-05-30,51.76852035522461
1087,1087,2023-05-31,51.78790664672852
1088,1088,2023-06-01,51.526161193847656
1089,1089,2023-06-02,53.54261016845703
1090,1090,2023-06-05,53.8237533569336
1091,1091,2023-06-06,54.01763534545898
1092,1092,2023-06-07,54.63808822631836
1093,1093,2023-06-08,54.1242790222168
1094,1094,2023-06-09,54.3569450378418
1095,1095,2023-06-12,54.64778137207031
1096,1096,2023-06-13,54.657474517822266
1097,1097,2023-06-14,55.59749603271485
1098,1098,2023-06-15,56.028785705566406
1099,1099,2023-06-16,55.63669967651367
1100,1100,2023-06-20,54.352630615234375
1101,1101,2023-06-21,54.45064926147461
1102,1102,2023-06-22,53.76449966430664
1103,1103,2023-06-23,52.90192031860352
1104,1104,2023-06-26,53.548858642578125
1105,1105,2023-06-27,54.63689041137695
1106,1106,2023-06-28,54.37223434448242
1107,1107,2023-06-29,55.04857635498047
1108,1108,2023-06-30,55.69551467895508
1109,1109,2023-07-03,56.1366081237793
1110,1110,2023-07-05,57.07761001586914
1111,1111,2023-07-06,57.1168212890625
1112,1112,2023-07-07,56.80315399169922
1113,1113,2023-07-10,57.60692596435547
1114,1114,2023-07-11,57.381473541259766
1115,1115,2023-07-12,58.17544555664063
1116,1116,2023-07-13,57.9401969909668
1117,1117,2023-07-14,58.332275390625
1118,1118,2023-07-17,60.0672492980957
1119,1119,2023-07-18,60.60636901855469
1120,1120,2023-07-19,60.99845123291016
1121,1121,2023-07-20,60.76319885253906
1122,1122,2023-07-21,60.66517639160156
1123,1123,2023-07-24,60.92003631591797
1124,1124,2023-07-25,60.84161758422852
1125,1125,2023-07-26,61.19449234008789
1126,1126,2023-07-27,59.871212005615234
1127,1127,2023-07-28,59.36149978637695
1128,1128,2023-07-31,60.18487548828125
1129,1129,2023-08-01,60.55735397338867
1130,1130,2023-08-02,60.42012405395508
1131,1131,2023-08-03,58.61653900146485
1132,1132,2023-08-04,59.71437072753906
1133,1133,2023-08-07,60.21427917480469
1134,1134,2023-08-08,59.567344665527344
1135,1135,2023-08-09,59.71437072753906
1136,1136,2023-08-10,59.79278945922852
1137,1137,2023-08-11,59.27328109741211
1138,1138,2023-08-14,59.01842498779297
1139,1139,2023-08-15,58.48911285400391
1140,1140,2023-08-16,58.09703063964844
1141,1141,2023-08-17,57.40108108520508
1142,1142,2023-08-18,57.9401969909668
1143,1143,2023-08-21,57.40108108520508
1144,1144,2023-08-22,58.36168670654297
1145,1145,2023-08-23,59.85160446166992
1146,1146,2023-08-24,59.341896057128906
1147,1147,2023-08-25,59.95942687988281
1148,1148,2023-08-28,60.8220100402832
1149,1149,2023-08-29,61.39053726196289
1150,1150,2023-08-30,62.096282958984375
1151,1151,2023-08-31,62.28252410888672
1152,1152,2023-09-01,62.35113906860352
1153,1153,2023-09-05,62.02767181396485
1154,1154,2023-09-06,62.753021240234375
1155,1155,2023-09-07,62.39035034179688
1156,1156,2023-09-08,61.439544677734375
1157,1157,2023-09-11,61.76301193237305
1158,1158,2023-09-12,61.90024566650391
1159,1159,2023-09-13,61.81202697753906
1160,1160,2023-09-14,63.20851516723633
1161,1161,2023-09-15,62.247806549072266
1162,1162,2023-09-18,62.465702056884766
1163,1163,2023-09-19,62.445892333984375
1164,1164,2023-09-20,62.84206008911133
1165,1165,2023-09-21,61.11873245239258
1166,1166,2023-09-22,61.2970085144043
1167,1167,2023-09-25,60.80179977416992
1168,1168,2023-09-26,59.30626678466797
1169,1169,2023-09-27,58.42479705810547
1170,1170,2023-09-28,59.29636001586914
1171,1171,2023-09-29,58.88038635253906
1172,1172,2023-10-02,58.10785675048828
1173,1173,2023-10-03,56.68165588378906
1174,1174,2023-10-04,57.13724899291992
1175,1175,2023-10-05,56.75098419189453
1176,1176,2023-10-06,57.52351379394531
1177,1177,2023-10-09,58.72192001342773
1178,1178,2023-10-10,59.108184814453125
1179,1179,2023-10-11,60.24716567993164
1180,1180,2023-10-12,59.92032623291016
1181,1181,2023-10-13,59.72224044799805
1182,1182,2023-10-16,61.0791130065918
1183,1183,2023-10-17,61.09892272949219
1184,1184,2023-10-18,59.41521453857422
1185,1185,2023-10-19,59.177513122558594
1186,1186,2023-10-20,58.652591705322266
1187,1187,2023-10-23,58.49412536621094
1188,1188,2023-10-24,59.07847213745117
1189,1189,2023-10-25,57.810733795166016
1190,1190,2023-10-26,58.45450592041016
1191,1191,2023-10-27,57.66217422485352
1192,1192,2023-10-30,57.73150253295898
1193,1193,2023-10-31,58.5040283203125
1194,1194,2023-11-01,59.088375091552734
1195,1195,2023-11-02,58.781341552734375
1196,1196,2023-11-03,61.158348083496094
1197,1197,2023-11-06,59.67272186279297
1198,1198,2023-11-07,58.60306930541992
1199,1199,2023-11-08,58.959617614746094
1200,1200,2023-11-09,58.30594253540039
1201,1201,2023-11-10,58.87047958374024
1202,1202,2023-11-13,58.53373718261719
1203,1203,2023-11-14,61.287105560302734
1204,1204,2023-11-15,61.59413146972656
1205,1205,2023-11-16,61.435665130615234
1206,1206,2023-11-17,61.633750915527344
1207,1207,2023-11-20,62.61426544189453
1208,1208,2023-11-21,62.445892333984375
1209,1209,2023-11-22,62.68359375
1210,1210,2023-11-24,62.6043586730957
1211,1211,2023-11-27,62.99062347412109
1212,1212,2023-11-28,63.109474182128906
1213,1213,2023-11-29,62.67368698120117
1214,1214,2023-11-30,63.53535461425781
1215,1215,2023-12-01,64.86251068115234
1216,1216,2023-12-04,65.56571197509766
1217,1217,2023-12-05,65.35771942138672
1218,1218,2023-12-06,65.34782409667969
1219,1219,2023-12-07,64.96155548095703
1220,1220,2023-12-08,64.8228988647461
1221,1221,2023-12-11,65.26858520507812
1222,1222,2023-12-12,65.81331634521484
1223,1223,2023-12-13,67.18999481201172
1224,1224,2023-12-14,68.44999694824219
1225,1225,2023-12-15,67.91999816894531
1226,1226,2023-12-18,68.31999969482422
1227,1227,2023-12-19,68.7300033569336
1228,1228,2023-12-20,68.0199966430664
1229,1229,2023-12-21,69.05000305175781
1230,1230,2023-12-22,69.37000274658203
1231,1231,2023-12-26,69.87000274658203
1232,1232,2023-12-27,70.23999786376953
1233,1233,2023-12-28,70.5999984741211
1234,1234,2023-12-29,69.9800033569336
1235,1235,2024-01-02,68.62999725341797
1236,1236,2024-01-03,66.22000122070312
1237,1237,2024-01-04,66.55999755859375
1238,1238,2024-01-05,66.75
1239,1239,2024-01-08,68.05000305175781
1240,1240,2024-01-09,67.13999938964844
1241,1241,2024-01-10,67.18000030517578
1242,1242,2024-01-11,66.25
1243,1243,2024-01-12,67.2300033569336
1244,1244,2024-01-16,66.36000061035156
1245,1245,2024-01-17,65.33999633789062
1246,1246,2024-01-18,65.94000244140625
1247,1247,2024-01-19,66.87000274658203
1248,1248,2024-01-22,67.11000061035156
1249,1249,2024-01-23,67.88999938964844
1250,1250,2024-01-24,67.01000213623047
1251,1251,2024-01-25,68.43000030517578
1252,1252,2024-01-26,67.55999755859375
1253,1253,2024-01-29,67.72000122070312
1254,1254,2024-01-30,68.26000213623047
1255,1255,2024-01-31,67.5199966430664
1256,1256,2024-02-01,69.27999877929688
1257,1257,2024-02-02,69.12000274658203
1258,1258,2024-02-05,67.96499633789062
