,Unnamed: 0.1,Unnamed: 0,Date,NDAQ,NDAQ_6m,NDAQ_12m
0,0,0,2019-02-05,26.775522232055664,,
1,1,1,2019-02-06,26.812536239624023,,
2,2,2,2019-02-07,26.77860450744629,,
3,3,3,2019-02-08,26.85263061523437,,
4,4,4,2019-02-11,26.741594314575195,,
5,5,5,2019-02-12,27.009933471679688,,
6,6,6,2019-02-13,27.13947868347168,26.775522232055664,
7,7,7,2019-02-14,26.88347625732422,26.812536239624023,
8,8,8,2019-02-15,27.068538665771484,26.77860450744629,
9,9,9,2019-02-19,27.087047576904297,26.85263061523437,
10,10,10,2019-02-20,27.167240142822266,26.741594314575195,
11,11,11,2019-02-21,27.16415023803711,27.009933471679688,
12,12,12,2019-02-22,27.46333885192871,27.13947868347168,26.775522232055664
13,13,13,2019-02-25,27.802621841430664,26.88347625732422,26.812536239624023
14,14,14,2019-02-26,28.098722457885746,27.068538665771484,26.77860450744629
15,15,15,2019-02-27,28.00619125366211,27.087047576904297,26.85263061523437
16,16,16,2019-02-28,28.243688583374023,27.167240142822266,26.741594314575195
17,17,17,2019-03-01,28.373231887817383,27.16415023803711,27.009933471679688
18,18,18,2019-03-04,27.80570602416992,27.46333885192871,27.13947868347168
19,19,19,2019-03-05,27.37080955505371,27.802621841430664,26.88347625732422
20,20,20,2019-03-06,27.04077911376953,28.098722457885746,27.068538665771484
21,21,21,2019-03-07,26.516433715820312,28.00619125366211,27.087047576904297
22,22,22,2019-03-08,25.736082077026367,28.243688583374023,27.167240142822266
23,23,23,2019-03-11,25.914979934692383,28.373231887817383,27.16415023803711
24,24,24,2019-03-12,25.8532943725586,27.80570602416992,27.46333885192871
25,25,25,2019-03-13,26.232669830322266,27.37080955505371,27.802621841430664
26,26,26,2019-03-14,26.04044914245605,27.04077911376953,28.098722457885746
27,27,27,2019-03-15,25.904027938842773,26.516433715820312,28.00619125366211
28,28,28,2019-03-18,26.117956161499023,25.736082077026367,28.243688583374023
29,29,29,2019-03-19,26.086950302124023,25.914979934692383,28.373231887817383
30,30,30,2019-03-20,25.845115661621094,25.8532943725586,27.80570602416992
31,31,31,2019-03-21,26.15205955505371,26.232669830322266,27.37080955505371
32,32,32,2019-03-22,26.009441375732425,26.04044914245605,27.04077911376953
33,33,33,2019-03-25,26.32567977905273,25.904027938842773,26.516433715820312
34,34,34,2019-03-26,26.60782241821289,26.117956161499023,25.736082077026367
35,35,35,2019-03-27,26.694637298583984,26.086950302124023,25.914979934692383
36,36,36,2019-03-28,26.8930606842041,25.845115661621094,25.8532943725586
37,37,37,2019-03-29,27.12559700012207,26.15205955505371,26.232669830322266
38,38,38,2019-04-01,27.40772819519043,26.009441375732425,26.04044914245605
39,39,39,2019-04-02,27.596853256225582,26.32567977905273,25.904027938842773
40,40,40,2019-04-03,27.686767578125,26.60782241821289,26.117956161499023
41,41,41,2019-04-04,27.649560928344727,26.694637298583984,26.086950302124023
42,42,42,2019-04-05,27.466636657714844,26.8930606842041,25.845115661621094
43,43,43,2019-04-08,27.519344329833984,27.12559700012207,26.15205955505371
44,44,44,2019-04-09,27.190698623657227,27.40772819519043,26.009441375732425
45,45,45,2019-04-10,27.12869644165039,27.596853256225582,26.32567977905273
46,46,46,2019-04-11,26.982973098754883,27.686767578125,26.60782241821289
47,47,47,2019-04-12,27.221704483032227,27.649560928344727,26.694637298583984
48,48,48,2019-04-15,27.429431915283203,27.466636657714844,26.8930606842041
49,49,49,2019-04-16,27.82628631591797,27.519344329833984,27.12559700012207
50,50,50,2019-04-17,27.96581077575684,27.190698623657227,27.40772819519043
51,51,51,2019-04-18,27.900697708129883,27.12869644165039,27.596853256225582
52,52,52,2019-04-22,27.82008552551269,26.982973098754883,27.686767578125
53,53,53,2019-04-23,27.7952823638916,27.221704483032227,27.649560928344727
54,54,54,2019-04-24,27.649560928344727,27.429431915283203,27.466636657714844
55,55,55,2019-04-25,27.730175018310547,27.82628631591797,27.519344329833984
56,56,56,2019-04-26,27.86039161682129,27.96581077575684,27.190698623657227
57,57,57,2019-04-29,28.353361129760746,27.900697708129883,27.12869644165039
58,58,58,2019-04-30,28.58589172363281,27.82008552551269,26.982973098754883
59,59,59,2019-05-01,28.623096466064453,27.7952823638916,27.221704483032227
60,60,60,2019-05-02,28.6044921875,27.649560928344727,27.429431915283203
61,61,61,2019-05-03,28.56108665466309,27.730175018310547,27.82628631591797
62,62,62,2019-05-06,28.750215530395508,27.86039161682129,27.96581077575684
63,63,63,2019-05-07,28.18283462524414,28.353361129760746,27.900697708129883
64,64,64,2019-05-08,28.21074104309082,28.58589172363281,27.82008552551269
65,65,65,2019-05-09,28.2634506225586,28.623096466064453,27.7952823638916
66,66,66,2019-05-10,28.682004928588867,28.6044921875,27.649560928344727
67,67,67,2019-05-13,28.18283462524414,28.56108665466309,27.730175018310547
68,68,68,2019-05-14,28.266544342041016,28.750215530395508,27.86039161682129
69,69,69,2019-05-15,28.13943290710449,28.18283462524414,28.353361129760746
70,70,70,2019-05-16,28.192136764526367,28.21074104309082,28.58589172363281
71,71,71,2019-05-17,27.996814727783203,28.2634506225586,28.623096466064453
72,72,72,2019-05-20,27.984411239624023,28.682004928588867,28.6044921875
73,73,73,2019-05-21,28.3006534576416,28.18283462524414,28.56108665466309
74,74,74,2019-05-22,28.01541328430176,28.266544342041016,28.750215530395508
75,75,75,2019-05-23,27.90999412536621,28.13943290710449,28.18283462524414
76,76,76,2019-05-24,27.913101196289062,28.192136764526367,28.21074104309082
77,77,77,2019-05-28,27.89449882507324,27.996814727783203,28.2634506225586
78,78,78,2019-05-29,28.00921440124512,27.984411239624023,28.682004928588867
79,79,79,2019-05-30,28.10532760620117,28.3006534576416,28.18283462524414
80,80,80,2019-05-31,28.102224349975582,28.01541328430176,28.266544342041016
81,81,81,2019-06-03,28.123929977416992,27.90999412536621,28.13943290710449
82,82,82,2019-06-04,28.7595157623291,27.913101196289062,28.192136764526367
83,83,83,2019-06-05,29.819860458374023,27.89449882507324,27.996814727783203
84,84,84,2019-06-06,29.729944229125977,28.00921440124512,27.984411239624023
85,85,85,2019-06-07,29.813661575317383,28.10532760620117,28.3006534576416
86,86,86,2019-06-10,29.97178077697754,28.102224349975582,28.01541328430176
87,87,87,2019-06-11,29.534618377685547,28.123929977416992,27.90999412536621
88,88,88,2019-06-12,29.59353446960449,28.7595157623291,27.913101196289062
89,89,89,2019-06-13,29.736854553222656,29.819860458374023,27.89449882507324
90,90,90,2019-06-14,29.82098197937012,29.729944229125977,28.00921440124512
91,91,91,2019-06-17,29.65272521972656,29.813661575317383,28.10532760620117
92,92,92,2019-06-18,29.8832950592041,29.97178077697754,28.102224349975582
93,93,93,2019-06-19,30.07023811340332,29.534618377685547,28.123929977416992
94,94,94,2019-06-20,30.45347785949707,29.59353446960449,28.7595157623291
95,95,95,2019-06-21,30.62485313415528,29.736854553222656,29.819860458374023
96,96,96,2019-06-24,30.18240737915039,29.82098197937012,29.729944229125977
97,97,97,2019-06-25,30.53449058532715,29.65272521972656,29.813661575317383
98,98,98,2019-06-26,29.478242874145508,29.8832950592041,29.97178077697754
99,99,99,2019-06-27,29.96430778503418,30.07023811340332,29.534618377685547
100,100,100,2019-06-28,29.96430778503418,30.45347785949707,29.59353446960449
101,101,101,2019-07-01,30.26964569091797,30.62485313415528,29.736854553222656
102,102,102,2019-07-02,31.05171203613281,30.18240737915039,29.82098197937012
103,103,103,2019-07-03,31.600080490112305,30.53449058532715,29.65272521972656
104,104,104,2019-07-05,31.48480224609375,29.478242874145508,29.8832950592041
105,105,105,2019-07-08,31.419357299804688,29.96430778503418,30.07023811340332
106,106,106,2019-07-09,31.65928268432617,29.96430778503418,30.45347785949707
107,107,107,2019-07-10,32.098609924316406,30.26964569091797,30.62485313415528
108,108,108,2019-07-11,32.407066345214844,31.05171203613281,30.18240737915039
109,109,109,2019-07-12,32.491188049316406,31.600080490112305,30.53449058532715
110,110,110,2019-07-15,32.472503662109375,31.48480224609375,29.478242874145508
111,111,111,2019-07-16,32.18272399902344,31.419357299804688,29.96430778503418
112,112,112,2019-07-17,31.980207443237305,31.65928268432617,29.96430778503418
113,113,113,2019-07-18,32.13599395751953,32.098609924316406,30.26964569091797
114,114,114,2019-07-19,31.696666717529297,32.407066345214844,31.05171203613281
115,115,115,2019-07-22,31.712247848510746,32.491188049316406,31.600080490112305
116,116,116,2019-07-23,31.425600051879883,32.472503662109375,31.48480224609375
117,117,117,2019-07-24,30.603036880493164,32.18272399902344,31.419357299804688
118,118,118,2019-07-25,30.412973403930664,31.980207443237305,31.65928268432617
119,119,119,2019-07-26,30.55318260192871,32.13599395751953,32.098609924316406
120,120,120,2019-07-29,30.12009048461914,31.696666717529297,32.407066345214844
121,121,121,2019-07-30,30.160600662231445,31.712247848510746,32.491188049316406
122,122,122,2019-07-31,30.0266227722168,31.425600051879883,32.472503662109375
123,123,123,2019-08-01,30.425432205200195,30.603036880493164,32.18272399902344
124,124,124,2019-08-02,30.518911361694336,30.412973403930664,31.980207443237305
125,125,125,2019-08-05,29.40035057067871,30.55318260192871,32.13599395751953
126,126,126,2019-08-06,29.864601135253903,30.12009048461914,31.696666717529297
127,127,127,2019-08-07,29.94872283935547,30.160600662231445,31.712247848510746
128,128,128,2019-08-08,30.615497589111328,30.0266227722168,31.425600051879883
129,129,129,2019-08-09,30.702741622924805,30.425432205200195,30.603036880493164
130,130,130,2019-08-12,30.092050552368164,30.518911361694336,30.412973403930664
131,131,131,2019-08-13,30.51268768310547,29.40035057067871,30.55318260192871
132,132,132,2019-08-14,29.69947052001953,29.864601135253903,30.12009048461914
133,133,133,2019-08-15,30.21668243408203,29.94872283935547,30.160600662231445
134,134,134,2019-08-16,30.388050079345703,30.615497589111328,30.0266227722168
135,135,135,2019-08-19,30.97693252563477,30.702741622924805,30.425432205200195
136,136,136,2019-08-20,30.818029403686523,30.092050552368164,30.518911361694336
137,137,137,2019-08-21,30.945770263671875,30.51268768310547,29.40035057067871
138,138,138,2019-08-22,31.198143005371094,29.69947052001953,29.864601135253903
139,139,139,2019-08-23,30.384929656982425,30.21668243408203,29.94872283935547
140,140,140,2019-08-26,30.74324989318848,30.388050079345703,30.615497589111328
141,141,141,2019-08-27,30.61861228942871,30.97693252563477,30.702741622924805
142,142,142,2019-08-28,30.69962882995605,30.818029403686523,30.092050552368164
143,143,143,2019-08-29,31.085983276367188,30.945770263671875,30.51268768310547
144,144,144,2019-08-30,31.107789993286133,31.198143005371094,29.69947052001953
145,145,145,2019-09-03,31.01120376586914,30.384929656982425,30.21668243408203
146,146,146,2019-09-04,31.12960433959961,30.74324989318848,30.388050079345703
147,147,147,2019-09-05,31.78703498840332,30.61861228942871,30.97693252563477
148,148,148,2019-09-06,32.484954833984375,30.69962882995605,30.818029403686523
149,149,149,2019-09-09,32.04252624511719,31.085983276367188,30.945770263671875
150,150,150,2019-09-10,30.58122634887696,31.107789993286133,31.198143005371094
151,151,151,2019-09-11,30.59057807922364,31.01120376586914,30.384929656982425
152,152,152,2019-09-12,30.994430541992188,31.12960433959961,30.74324989318848
153,153,153,2019-09-13,31.15724754333496,31.78703498840332,30.61861228942871
154,154,154,2019-09-16,31.082107543945312,32.484954833984375,30.69962882995605
155,155,155,2019-09-17,32.162208557128906,32.04252624511719,31.085983276367188
156,156,156,2019-09-18,32.127784729003906,30.58122634887696,31.107789993286133
157,157,157,2019-09-19,31.833480834960938,30.59057807922364,31.01120376586914
158,158,158,2019-09-20,31.52040672302246,30.994430541992188,31.12960433959961
159,159,159,2019-09-23,31.385791778564453,31.15724754333496,31.78703498840332
160,160,160,2019-09-24,31.73642539978028,31.082107543945312,32.484954833984375
161,161,161,2019-09-25,32.17160415649414,32.162208557128906,32.04252624511719
162,162,162,2019-09-26,31.877307891845703,32.127784729003906,30.58122634887696
163,163,163,2019-09-27,31.332565307617188,31.833480834960938,30.59057807922364
164,164,164,2019-09-30,31.104019165039062,31.52040672302246,30.994430541992188
165,165,165,2019-10-01,30.866079330444336,31.385791778564453,31.15724754333496
166,166,166,2019-10-02,29.973817825317383,31.73642539978028,31.082107543945312
167,167,167,2019-10-03,30.41212654113769,32.17160415649414,32.162208557128906
168,168,168,2019-10-04,31.06644630432129,31.877307891845703,32.127784729003906
169,169,169,2019-10-07,30.997573852539062,31.332565307617188,31.833480834960938
170,170,170,2019-10-08,30.39333915710449,31.104019165039062,31.52040672302246
171,171,171,2019-10-09,30.47160530090332,30.866079330444336,31.385791778564453
172,172,172,2019-10-10,30.856689453125,29.973817825317383,31.73642539978028
173,173,173,2019-10-11,31.09149932861328,30.41212654113769,32.17160415649414
174,174,174,2019-10-14,30.79093742370605,31.06644630432129,31.877307891845703
175,175,175,2019-10-15,30.65631866455078,30.997573852539062,31.332565307617188
176,176,176,2019-10-16,30.70015335083008,30.39333915710449,31.104019165039062
177,177,177,2019-10-17,30.78468132019043,30.47160530090332,30.866079330444336
178,178,178,2019-10-18,30.875473022460938,30.856689453125,29.973817825317383
179,179,179,2019-10-21,30.73146247863769,31.09149932861328,30.41212654113769
180,180,180,2019-10-22,30.637535095214844,30.79093742370605,31.06644630432129
181,181,181,2019-10-23,31.717649459838867,30.65631866455078,30.997573852539062
182,182,182,2019-10-24,31.617467880249023,30.70015335083008,30.39333915710449
183,183,183,2019-10-25,30.815990447998047,30.78468132019043,30.47160530090332
184,184,184,2019-10-28,30.909912109375,30.875473022460938,30.856689453125
185,185,185,2019-10-29,30.881732940673828,30.73146247863769,31.09149932861328
186,186,186,2019-10-30,31.32630157470703,30.637535095214844,30.79093742370605
187,187,187,2019-10-31,31.235509872436523,31.717649459838867,30.65631866455078
188,188,188,2019-11-01,31.06644630432129,31.617467880249023,30.70015335083008
189,189,189,2019-11-04,30.866079330444336,30.815990447998047,30.78468132019043
190,190,190,2019-11-05,30.812854766845703,30.909912109375,30.875473022460938
191,191,191,2019-11-06,31.28247261047364,30.881732940673828,30.73146247863769
192,192,192,2019-11-07,31.473447799682617,31.32630157470703,30.637535095214844
193,193,193,2019-11-08,31.51415061950684,31.235509872436523,31.717649459838867
194,194,194,2019-11-11,32.09959411621094,31.06644630432129,31.617467880249023
195,195,195,2019-11-12,32.074546813964844,30.866079330444336,30.815990447998047
196,196,196,2019-11-13,32.33127212524414,30.812854766845703,30.909912109375
197,197,197,2019-11-14,32.32813262939453,31.28247261047364,30.881732940673828
198,198,198,2019-11-15,32.43146133422852,31.473447799682617,31.32630157470703
199,199,199,2019-11-18,32.74767303466797,31.51415061950684,31.235509872436523
200,200,200,2019-11-19,32.894813537597656,32.09959411621094,31.06644630432129
201,201,201,2019-11-20,33.09204864501953,32.074546813964844,30.866079330444336
202,202,202,2019-11-21,32.7914924621582,32.33127212524414,30.812854766845703
203,203,203,2019-11-22,32.67565155029297,32.32813262939453,31.28247261047364
204,204,204,2019-11-25,32.760189056396484,32.43146133422852,31.473447799682617
205,205,205,2019-11-26,32.81966018676758,32.74767303466797,31.51415061950684
206,206,206,2019-11-27,32.63809585571289,32.894813537597656,32.09959411621094
207,207,207,2019-11-29,32.81028366088867,33.09204864501953,32.074546813964844
208,208,208,2019-12-02,32.703826904296875,32.7914924621582,32.33127212524414
209,209,209,2019-12-03,32.71009063720703,32.67565155029297,32.32813262939453
210,210,210,2019-12-04,32.93864059448242,32.760189056396484,32.43146133422852
211,211,211,2019-12-05,32.76957702636719,32.81966018676758,32.74767303466797
212,212,212,2019-12-06,32.94490051269531,32.63809585571289,32.894813537597656
213,213,213,2019-12-09,32.760189056396484,32.81028366088867,33.09204864501953
214,214,214,2019-12-10,32.75079345703125,32.703826904296875,32.7914924621582
215,215,215,2019-12-11,32.52538299560547,32.71009063720703,32.67565155029297
216,216,216,2019-12-12,32.74867630004883,32.93864059448242,32.760189056396484
217,217,217,2019-12-13,32.85874557495117,32.76957702636719,32.81966018676758
218,218,218,2019-12-16,33.08518600463867,32.94490051269531,32.63809585571289
219,219,219,2019-12-17,33.33678436279297,32.760189056396484,32.81028366088867
220,220,220,2019-12-18,33.31162643432617,32.75079345703125,32.703826904296875
221,221,221,2019-12-19,33.65757751464844,32.52538299560547,32.71009063720703
222,222,222,2019-12-20,33.83998107910156,32.74867630004883,32.93864059448242
223,223,223,2019-12-23,33.70474624633789,32.85874557495117,32.76957702636719
224,224,224,2019-12-24,33.55378723144531,33.08518600463867,32.94490051269531
225,225,225,2019-12-26,33.89973831176758,33.33678436279297,32.760189056396484
226,226,226,2019-12-27,33.9626350402832,33.31162643432617,32.75079345703125
227,227,227,2019-12-30,33.65757751464844,33.65757751464844,32.52538299560547
228,228,228,2019-12-31,33.682735443115234,33.83998107910156,32.74867630004883
229,229,229,2020-01-02,33.9091682434082,33.70474624633789,32.85874557495117
230,230,230,2020-01-03,34.053836822509766,33.55378723144531,33.08518600463867
231,231,231,2020-01-06,34.031822204589844,33.89973831176758,33.33678436279297
232,232,232,2020-01-07,33.468868255615234,33.9626350402832,33.31162643432617
233,233,233,2020-01-08,33.2833251953125,33.65757751464844,33.65757751464844
234,234,234,2020-01-09,33.7613639831543,33.682735443115234,33.83998107910156
235,235,235,2020-01-10,33.60096740722656,33.9091682434082,33.70474624633789
236,236,236,2020-01-13,33.679588317871094,34.053836822509766,33.55378723144531
237,237,237,2020-01-14,33.50975036621094,34.031822204589844,33.89973831176758
238,238,238,2020-01-15,33.921749114990234,33.468868255615234,33.9626350402832
239,239,239,2020-01-16,34.06327438354492,33.2833251953125,33.65757751464844
240,240,240,2020-01-17,34.37777328491211,33.7613639831543,33.682735443115234
241,241,241,2020-01-21,34.358909606933594,33.60096740722656,33.9091682434082
242,242,242,2020-01-22,34.32431411743164,33.679588317871094,34.053836822509766
243,243,243,2020-01-23,34.47840881347656,33.50975036621094,34.031822204589844
244,244,244,2020-01-24,34.66081619262695,33.921749114990234,33.468868255615234
245,245,245,2020-01-27,34.52558135986328,34.06327438354492,33.2833251953125
246,246,246,2020-01-28,34.953311920166016,34.37777328491211,33.7613639831543
247,247,247,2020-01-29,36.274200439453125,34.358909606933594,33.60096740722656
248,248,248,2020-01-30,36.46918487548828,34.32431411743164,33.679588317871094
249,249,249,2020-01-31,36.62643432617188,34.47840881347656,33.50975036621094
250,250,250,2020-02-03,37.044715881347656,34.66081619262695,33.921749114990234
251,251,251,2020-02-04,37.321475982666016,34.52558135986328,34.06327438354492
252,252,252,2020-02-05,36.62957382202149,34.953311920166016,34.37777328491211
253,253,253,2020-02-06,36.4345932006836,36.274200439453125,34.358909606933594
254,254,254,2020-02-07,35.9565544128418,36.46918487548828,34.32431411743164
255,255,255,2020-02-10,36.396854400634766,36.62643432617188,34.47840881347656
256,256,256,2020-02-11,36.1043701171875,37.044715881347656,34.66081619262695
257,257,257,2020-02-12,35.87164688110352,37.321475982666016,34.52558135986328
258,258,258,2020-02-13,35.97856521606445,36.62957382202149,34.953311920166016
259,259,259,2020-02-14,36.5446662902832,36.4345932006836,36.274200439453125
260,260,260,2020-02-18,36.37798690795898,35.9565544128418,36.46918487548828
261,261,261,2020-02-19,36.25218200683594,36.396854400634766,36.62643432617188
262,262,262,2020-02-20,36.006874084472656,36.1043701171875,37.044715881347656
263,263,263,2020-02-21,36.22387313842773,35.87164688110352,37.321475982666016
264,264,264,2020-02-24,36.08549880981445,35.97856521606445,36.62957382202149
265,265,265,2020-02-25,35.35272216796875,36.5446662902832,36.4345932006836
266,266,266,2020-02-26,35.54456329345703,36.37798690795898,35.9565544128418
267,267,267,2020-02-27,33.792808532714844,36.25218200683594,36.396854400634766
268,268,268,2020-02-28,32.25177001953125,36.006874084472656,36.1043701171875
269,269,269,2020-03-02,34.63251876831055,36.22387313842773,35.87164688110352
270,270,270,2020-03-03,34.61678695678711,36.08549880981445,35.97856521606445
271,271,271,2020-03-04,36.59812927246094,35.35272216796875,36.5446662902832
272,272,272,2020-03-05,35.884220123291016,35.54456329345703,36.37798690795898
273,273,273,2020-03-06,34.75202941894531,33.792808532714844,36.25218200683594
274,274,274,2020-03-09,33.24873352050781,32.25177001953125,36.006874084472656
275,275,275,2020-03-10,32.927940368652344,34.63251876831055,36.22387313842773
276,276,276,2020-03-11,31.235939025878903,34.61678695678711,36.08549880981445
277,277,277,2020-03-12,28.006488800048828,36.59812927246094,35.35272216796875
278,278,278,2020-03-13,30.35115623474121,35.884220123291016,35.54456329345703
279,279,279,2020-03-16,26.957393646240234,34.75202941894531,33.792808532714844
280,280,280,2020-03-17,30.02884292602539,33.24873352050781,32.25177001953125
281,281,281,2020-03-18,28.935508728027344,32.927940368652344,34.63251876831055
282,282,282,2020-03-19,27.807409286499023,31.235939025878903,34.61678695678711
283,283,283,2020-03-20,25.43745994567871,28.006488800048828,36.59812927246094
284,284,284,2020-03-23,23.023271560668945,30.35115623474121,35.884220123291016
285,285,285,2020-03-24,26.224285125732425,26.957393646240234,34.75202941894531
286,286,286,2020-03-25,27.47877693176269,30.02884292602539,33.24873352050781
287,287,287,2020-03-26,29.64649200439453,28.935508728027344,32.927940368652344
288,288,288,2020-03-27,29.31785774230957,27.807409286499023,31.235939025878903
289,289,289,2020-03-30,31.42237663269043,25.43745994567871,28.006488800048828
290,290,290,2020-03-31,30.00356674194336,23.023271560668945,30.35115623474121
291,291,291,2020-04-01,29.156700134277344,26.224285125732425,26.957393646240234
292,292,292,2020-04-02,29.69073486328125,27.47877693176269,30.02884292602539
293,293,293,2020-04-03,30.08888435363769,29.64649200439453,28.935508728027344
294,294,294,2020-04-06,32.10176467895508,29.31785774230957,27.807409286499023
295,295,295,2020-04-07,31.896360397338867,31.42237663269043,25.43745994567871
296,296,296,2020-04-08,32.904380798339844,30.00356674194336,23.023271560668945
297,297,297,2020-04-09,34.10200119018555,29.156700134277344,26.224285125732425
298,298,298,2020-04-13,32.63894271850586,29.69073486328125,27.47877693176269
299,299,299,2020-04-14,33.98823547363281,30.08888435363769,29.64649200439453
300,300,300,2020-04-15,33.49528503417969,32.10176467895508,29.31785774230957
301,301,301,2020-04-16,34.22523880004883,31.896360397338867,31.42237663269043
302,302,302,2020-04-17,35.15109634399414,32.904380798339844,30.00356674194336
303,303,303,2020-04-20,34.68974304199219,34.10200119018555,29.156700134277344
304,304,304,2020-04-21,33.264617919921875,32.63894271850586,29.69073486328125
305,305,305,2020-04-22,33.0623779296875,33.98823547363281,30.08888435363769
306,306,306,2020-04-23,32.81590270996094,33.49528503417969,32.10176467895508
307,307,307,2020-04-24,33.37837219238281,34.22523880004883,31.896360397338867
308,308,308,2020-04-27,35.27433395385742,35.15109634399414,32.904380798339844
309,309,309,2020-04-28,35.141624450683594,34.68974304199219,34.10200119018555
310,310,310,2020-04-29,35.264854431152344,33.264617919921875,32.63894271850586
311,311,311,2020-04-30,34.65498733520508,33.0623779296875,33.98823547363281
312,312,312,2020-05-01,33.69121170043945,32.81590270996094,33.49528503417969
313,313,313,2020-05-04,33.53636932373047,33.37837219238281,34.22523880004883
314,314,314,2020-05-05,34.389556884765625,35.27433395385742,35.15109634399414
315,315,315,2020-05-06,33.37837219238281,35.141624450683594,34.68974304199219
316,316,316,2020-05-07,33.915565490722656,35.264854431152344,33.264617919921875
317,317,317,2020-05-08,33.99772644042969,34.65498733520508,33.0623779296875
318,318,318,2020-05-11,34.51911544799805,33.69121170043945,32.81590270996094
319,319,319,2020-05-12,34.2852783203125,33.53636932373047,33.37837219238281
320,320,320,2020-05-13,34.408504486083984,34.389556884765625,35.27433395385742
321,321,321,2020-05-14,34.59495162963867,33.37837219238281,35.141624450683594
322,322,322,2020-05-15,35.416526794433594,33.915565490722656,35.264854431152344
323,323,323,2020-05-18,36.32027053833008,33.99772644042969,34.65498733520508
324,324,324,2020-05-19,35.5903205871582,34.51911544799805,33.69121170043945
325,325,325,2020-05-20,36.24759292602539,34.2852783203125,33.53636932373047
326,326,326,2020-05-21,36.020076751708984,34.408504486083984,34.389556884765625
327,327,327,2020-05-22,36.44667053222656,34.59495162963867,33.37837219238281
328,328,328,2020-05-26,36.74370574951172,35.416526794433594,33.915565490722656
329,329,329,2020-05-27,36.39926910400391,36.32027053833008,33.99772644042969
330,330,330,2020-05-28,36.77214431762695,35.5903205871582,34.51911544799805
331,331,331,2020-05-29,37.43257522583008,36.24759292602539,34.2852783203125
332,332,332,2020-06-01,37.56528472900391,36.020076751708984,34.408504486083984
333,333,333,2020-06-02,37.67903900146485,36.44667053222656,34.59495162963867
334,334,334,2020-06-03,37.71064376831055,36.74370574951172,35.416526794433594
335,335,335,2020-06-04,37.26509094238281,36.39926910400391,36.32027053833008
336,336,336,2020-06-05,37.88759613037109,36.77214431762695,35.5903205871582
337,337,337,2020-06-08,38.32999420166016,37.43257522583008,36.24759292602539
338,338,338,2020-06-09,37.947635650634766,37.56528472900391,36.020076751708984
339,339,339,2020-06-10,37.922359466552734,37.67903900146485,36.44667053222656
340,340,340,2020-06-11,35.932960510253906,37.71064376831055,36.74370574951172
341,341,341,2020-06-12,36.53580474853516,37.26509094238281,36.39926910400391
342,342,342,2020-06-15,37.24018096923828,37.88759613037109,36.77214431762695
343,343,343,2020-06-16,37.60823822021485,38.32999420166016,37.43257522583008
344,344,344,2020-06-17,37.48133850097656,37.947635650634766,37.56528472900391
345,345,345,2020-06-18,37.84938049316406,37.922359466552734,37.67903900146485
346,346,346,2020-06-19,37.70343017578125,35.932960510253906,37.71064376831055
347,347,347,2020-06-22,37.98263549804688,36.53580474853516,37.26509094238281
348,348,348,2020-06-23,37.63045501708984,37.24018096923828,37.88759613037109
349,349,349,2020-06-24,36.57704925537109,37.60823822021485,38.32999420166016
350,350,350,2020-06-25,37.65900039672852,37.48133850097656,37.947635650634766
351,351,351,2020-06-26,36.74839401245117,37.84938049316406,37.922359466552734
352,352,352,2020-06-29,37.29730224609375,37.70343017578125,35.932960510253906
353,353,353,2020-06-30,37.90649032592773,37.98263549804688,36.53580474853516
354,354,354,2020-07-01,38.3157958984375,37.63045501708984,37.24018096923828
355,355,355,2020-07-02,38.09368896484375,36.57704925537109,37.60823822021485
356,356,356,2020-07-06,38.417327880859375,37.65900039672852,37.48133850097656
357,357,357,2020-07-07,38.223777770996094,36.74839401245117,37.84938049316406
358,358,358,2020-07-08,38.61404037475586,37.29730224609375,37.70343017578125
359,359,359,2020-07-09,38.32848739624024,37.90649032592773,37.98263549804688
360,360,360,2020-07-10,38.98844146728516,38.3157958984375,37.63045501708984
361,361,361,2020-07-13,39.02651977539063,38.09368896484375,36.57704925537109
362,362,362,2020-07-14,39.59764099121094,38.417327880859375,37.65900039672852
363,363,363,2020-07-15,40.244911193847656,38.223777770996094,36.74839401245117
364,364,364,2020-07-16,40.30519485473633,38.61404037475586,37.29730224609375
365,365,365,2020-07-17,40.75257873535156,38.32848739624024,37.90649032592773
366,366,366,2020-07-20,41.66001510620117,38.98844146728516,38.3157958984375
367,367,367,2020-07-21,41.56800079345703,39.02651977539063,38.09368896484375
368,368,368,2020-07-22,42.548431396484375,39.59764099121094,38.417327880859375
369,369,369,2020-07-23,41.69492721557617,40.244911193847656,38.223777770996094
370,370,370,2020-07-24,41.42522048950195,40.30519485473633,38.61404037475586
371,371,371,2020-07-27,41.41571044921875,40.75257873535156,38.32848739624024
372,372,372,2020-07-28,40.660552978515625,41.66001510620117,38.98844146728516
373,373,373,2020-07-29,41.56800079345703,41.56800079345703,39.02651977539063
374,374,374,2020-07-30,41.21581268310547,42.548431396484375,39.59764099121094
375,375,375,2020-07-31,41.66319274902344,41.69492721557617,40.244911193847656
376,376,376,2020-08-03,41.35860061645508,41.42522048950195,40.30519485473633
377,377,377,2020-08-04,41.15235900878906,41.41571044921875,40.75257873535156
378,378,378,2020-08-05,41.36176300048828,40.660552978515625,41.66001510620117
379,379,379,2020-08-06,41.46964645385742,41.56800079345703,41.56800079345703
380,380,380,2020-08-07,42.158164978027344,41.21581268310547,42.548431396484375
381,381,381,2020-08-10,41.733001708984375,41.66319274902344,41.69492721557617
382,382,382,2020-08-11,41.396671295166016,41.35860061645508,41.42522048950195
383,383,383,2020-08-12,41.380802154541016,41.15235900878906,41.41571044921875
384,384,384,2020-08-13,41.33637237548828,41.36176300048828,40.660552978515625
385,385,385,2020-08-14,41.00641250610352,41.46964645385742,41.56800079345703
386,386,386,2020-08-17,41.34590530395508,42.158164978027344,41.21581268310547
387,387,387,2020-08-18,41.26341247558594,41.733001708984375,41.66319274902344
388,388,388,2020-08-19,41.206298828125,41.396671295166016,41.35860061645508
389,389,389,2020-08-20,41.39349365234375,41.380802154541016,41.15235900878906
390,390,390,2020-08-21,41.22216796875,41.33637237548828,41.36176300048828
391,391,391,2020-08-24,41.74886322021485,41.00641250610352,41.46964645385742
392,392,392,2020-08-25,41.27927780151367,41.34590530395508,42.158164978027344
393,393,393,2020-08-26,42.05345916748047,41.26341247558594,41.733001708984375
394,394,394,2020-08-27,41.83452606201172,41.206298828125,41.396671295166016
395,395,395,2020-08-28,41.83135986328125,41.39349365234375,41.380802154541016
396,396,396,2020-08-31,42.64995574951172,41.22216796875,41.33637237548828
397,397,397,2020-09-01,42.77687454223633,41.74886322021485,41.00641250610352
398,398,398,2020-09-02,43.55739974975586,41.27927780151367,41.34590530395508
399,399,399,2020-09-03,42.28189849853516,42.05345916748047,41.26341247558594
400,400,400,2020-09-04,41.33955764770508,41.83452606201172,41.206298828125
401,401,401,2020-09-08,40.11799240112305,41.83135986328125,41.39349365234375
402,402,402,2020-09-09,40.99053955078125,42.64995574951172,41.22216796875
403,403,403,2020-09-10,39.7834358215332,42.77687454223633,41.74886322021485
404,404,404,2020-09-11,40.03504943847656,43.55739974975586,41.27927780151367
405,405,405,2020-09-14,40.4459114074707,42.28189849853516,42.05345916748047
406,406,406,2020-09-15,40.81855392456055,41.33955764770508,41.83452606201172
407,407,407,2020-09-16,40.54464340209961,40.11799240112305,41.83135986328125
408,408,408,2020-09-17,39.63374328613281,40.99053955078125,42.64995574951172
409,409,409,2020-09-18,38.99993896484375,39.7834358215332,42.77687454223633
410,410,410,2020-09-21,38.87253952026367,40.03504943847656,43.55739974975586
411,411,411,2020-09-22,39.27703094482422,40.4459114074707,42.28189849853516
412,412,412,2020-09-23,38.13362503051758,40.81855392456055,41.33955764770508
413,413,413,2020-09-24,38.633670806884766,40.54464340209961,40.11799240112305
414,414,414,2020-09-25,39.5031623840332,39.63374328613281,40.99053955078125
415,415,415,2020-09-28,39.929954528808594,38.99993896484375,39.7834358215332
416,416,416,2020-09-29,38.659141540527344,38.87253952026367,40.03504943847656
417,417,417,2020-09-30,39.082740783691406,39.27703094482422,40.4459114074707
418,418,418,2020-10-01,39.46812057495117,38.13362503051758,40.81855392456055
419,419,419,2020-10-02,39.34709548950195,38.633670806884766,40.54464340209961
420,420,420,2020-10-05,39.77069854736328,39.5031623840332,39.63374328613281
421,421,421,2020-10-06,39.35664367675781,39.929954528808594,38.99993896484375
422,422,422,2020-10-07,39.168731689453125,38.659141540527344,38.87253952026367
423,423,423,2020-10-08,39.68470001220703,39.082740783691406,39.27703094482422
424,424,424,2020-10-09,39.83122253417969,39.46812057495117,38.13362503051758
425,425,425,2020-10-12,40.25162124633789,39.34709548950195,38.633670806884766
426,426,426,2020-10-13,40.25162124633789,39.77069854736328,39.5031623840332
427,427,427,2020-10-14,40.65612030029297,39.35664367675781,39.929954528808594
428,428,428,2020-10-15,40.89817428588867,39.168731689453125,38.659141540527344
429,429,429,2020-10-16,41.04468536376953,39.68470001220703,39.082740783691406
430,430,430,2020-10-19,40.60197448730469,39.83122253417969,39.46812057495117
431,431,431,2020-10-20,41.08290100097656,40.25162124633789,39.34709548950195
432,432,432,2020-10-21,42.15941619873047,40.25162124633789,39.77069854736328
433,433,433,2020-10-22,41.43325424194336,40.65612030029297,39.35664367675781
434,434,434,2020-10-23,41.12430953979492,40.89817428588867,39.168731689453125
435,435,435,2020-10-26,40.57012176513672,41.04468536376953,39.68470001220703
436,436,436,2020-10-27,39.84396362304688,40.60197448730469,39.83122253417969
437,437,437,2020-10-28,38.7706184387207,41.08290100097656,40.25162124633789
438,438,438,2020-10-29,38.85980224609375,42.15941619873047,40.25162124633789
439,439,439,2020-10-30,38.53492736816406,41.43325424194336,40.65612030029297
440,440,440,2020-11-02,39.2324447631836,41.12430953979492,40.89817428588867
441,441,441,2020-11-03,39.7834358215332,40.57012176513672,41.04468536376953
442,442,442,2020-11-04,41.18163299560547,39.84396362304688,40.60197448730469
443,443,443,2020-11-05,42.42695617675781,38.7706184387207,41.08290100097656
444,444,444,2020-11-06,42.42377853393555,38.85980224609375,42.15941619873047
445,445,445,2020-11-09,41.30266952514648,38.53492736816406,41.43325424194336
446,446,446,2020-11-10,40.49049758911133,39.2324447631836,41.12430953979492
447,447,447,2020-11-11,41.33770751953125,39.7834358215332,40.57012176513672
448,448,448,2020-11-12,40.40132141113281,41.18163299560547,39.84396362304688
449,449,449,2020-11-13,40.07326889038086,42.42695617675781,38.7706184387207
450,450,450,2020-11-16,39.98091506958008,42.42377853393555,38.85980224609375
451,451,451,2020-11-17,39.59870910644531,41.30266952514648,38.53492736816406
452,452,452,2020-11-18,39.089111328125,40.49049758911133,39.2324447631836
453,453,453,2020-11-19,39.73565673828125,41.33770751953125,39.7834358215332
454,454,454,2020-11-20,40.23570251464844,40.40132141113281,41.18163299560547
455,455,455,2020-11-23,40.13379287719727,40.07326889038086,42.42695617675781
456,456,456,2020-11-24,40.53508377075195,39.98091506958008,42.42377853393555
457,457,457,2020-11-25,40.55419921875,39.59870910644531,41.30266952514648
458,458,458,2020-11-27,40.4873161315918,39.089111328125,40.49049758911133
459,459,459,2020-11-30,40.764408111572266,39.73565673828125,41.33770751953125
460,460,460,2020-12-01,41.37592315673828,40.23570251464844,40.40132141113281
461,461,461,2020-12-02,41.20075225830078,40.13379287719727,40.07326889038086
462,462,462,2020-12-03,39.93150329589844,40.53508377075195,39.98091506958008
463,463,463,2020-12-04,40.059383392333984,40.55419921875,39.59870910644531
464,464,464,2020-12-07,41.10163497924805,40.4873161315918,39.089111328125
465,465,465,2020-12-08,41.13040542602539,40.764408111572266,39.73565673828125
466,466,466,2020-12-09,40.31515502929688,41.37592315673828,40.23570251464844
467,467,467,2020-12-10,39.96028518676758,41.20075225830078,40.13379287719727
468,468,468,2020-12-11,40.17769241333008,39.93150329589844,40.53508377075195
469,469,469,2020-12-14,39.65656280517578,40.059383392333984,40.55419921875
470,470,470,2020-12-15,40.69561004638672,41.10163497924805,40.4873161315918
471,471,471,2020-12-16,40.63486862182617,41.13040542602539,40.764408111572266
472,472,472,2020-12-17,41.08245849609375,40.31515502929688,41.37592315673828
473,473,473,2020-12-18,41.11443328857422,39.96028518676758,41.20075225830078
474,474,474,2020-12-21,40.93859100341797,40.17769241333008,39.93150329589844
475,475,475,2020-12-22,41.53004455566406,39.65656280517578,40.059383392333984
476,476,476,2020-12-23,40.906620025634766,40.69561004638672,41.10163497924805
477,477,477,2020-12-24,41.12082290649414,40.63486862182617,41.13040542602539
478,478,478,2020-12-28,41.19435119628906,41.08245849609375,40.31515502929688
479,479,479,2020-12-29,41.28706741333008,41.11443328857422,39.96028518676758
480,480,480,2020-12-30,41.60677719116211,40.93859100341797,40.17769241333008
481,481,481,2020-12-31,42.438018798828125,41.53004455566406,39.65656280517578
482,482,482,2021-01-04,42.20463180541992,40.906620025634766,40.69561004638672
483,483,483,2021-01-05,42.19184875488281,41.12082290649414,40.63486862182617
484,484,484,2021-01-06,43.2884407043457,41.19435119628906,41.08245849609375
485,485,485,2021-01-07,43.73603057861328,41.28706741333008,41.11443328857422
486,486,486,2021-01-08,44.3786506652832,41.60677719116211,40.93859100341797
487,487,487,2021-01-11,45.04682922363281,42.438018798828125,41.53004455566406
488,488,488,2021-01-12,45.3729362487793,42.20463180541992,40.906620025634766
489,489,489,2021-01-13,45.555171966552734,42.19184875488281,41.12082290649414
490,490,490,2021-01-14,45.4400749206543,43.2884407043457,41.19435119628906
491,491,491,2021-01-15,44.77188873291016,43.73603057861328,41.28706741333008
492,492,492,2021-01-19,45.48162841796875,44.3786506652832,41.60677719116211
493,493,493,2021-01-20,45.93242645263672,45.04682922363281,42.438018798828125
494,494,494,2021-01-21,45.20668029785156,45.3729362487793,42.20463180541992
495,495,495,2021-01-22,44.89337158203125,45.555171966552734,42.19184875488281
496,496,496,2021-01-25,45.494422912597656,45.4400749206543,43.2884407043457
497,497,497,2021-01-26,45.120361328125,44.77188873291016,43.73603057861328
498,498,498,2021-01-27,45.14274978637695,45.48162841796875,44.3786506652832
499,499,499,2021-01-28,44.44897079467773,45.93242645263672,45.04682922363281
500,500,500,2021-01-29,43.24687576293945,45.20668029785156,45.3729362487793
501,501,501,2021-02-01,44.31470489501953,44.89337158203125,45.555171966552734
502,502,502,2021-02-02,45.59353256225586,45.494422912597656,45.4400749206543
503,503,503,2021-02-03,45.44966506958008,45.120361328125,44.77188873291016
504,504,504,2021-02-04,45.90045928955078,45.14274978637695,45.48162841796875
505,505,505,2021-02-05,45.5871467590332,44.44897079467773,45.93242645263672
506,506,506,2021-02-08,45.54237365722656,43.24687576293945,45.20668029785156
507,507,507,2021-02-09,45.7597770690918,44.31470489501953,44.89337158203125
508,508,508,2021-02-10,45.54877853393555,45.59353256225586,45.494422912597656
509,509,509,2021-02-11,45.51680374145508,45.44966506958008,45.120361328125
510,510,510,2021-02-12,45.39531707763672,45.90045928955078,45.14274978637695
511,511,511,2021-02-16,46.03472137451172,45.5871467590332,44.44897079467773
512,512,512,2021-02-17,46.258522033691406,45.54237365722656,43.24687576293945
513,513,513,2021-02-18,46.31926727294922,45.7597770690918,44.31470489501953
514,514,514,2021-02-19,46.1754035949707,45.54877853393555,45.59353256225586
515,515,515,2021-02-22,45.27702331542969,45.51680374145508,45.44966506958008
516,516,516,2021-02-23,44.86779022216797,45.39531707763672,45.90045928955078
517,517,517,2021-02-24,45.39531707763672,46.03472137451172,45.5871467590332
518,518,518,2021-02-25,44.86140441894531,46.258522033691406,45.54237365722656
519,519,519,2021-02-26,44.212398529052734,46.31926727294922,45.7597770690918
520,520,520,2021-03-01,45.3569564819336,46.1754035949707,45.54877853393555
521,521,521,2021-03-02,44.96370697021485,45.27702331542969,45.51680374145508
522,522,522,2021-03-03,43.70725631713867,44.86779022216797,45.39531707763672
523,523,523,2021-03-04,44.11968994140625,45.39531707763672,46.03472137451172
524,524,524,2021-03-05,46.26171875,44.86140441894531,46.258522033691406
525,525,525,2021-03-08,46.35443878173828,44.212398529052734,46.31926727294922
526,526,526,2021-03-09,46.88515090942383,45.3569564819336,46.1754035949707
527,527,527,2021-03-10,46.21376419067383,44.96370697021485,45.27702331542969
528,528,528,2021-03-11,46.226600646972656,43.70725631713867,44.86779022216797
529,529,529,2021-03-12,46.32925033569336,44.11968994140625,45.39531707763672
530,530,530,2021-03-15,46.83290100097656,46.26171875,44.86140441894531
531,531,531,2021-03-16,46.66608810424805,46.35443878173828,44.212398529052734
532,532,532,2021-03-17,46.20094299316406,46.88515090942383,45.3569564819336
533,533,533,2021-03-18,46.496055603027344,46.21376419067383,44.96370697021485
534,534,534,2021-03-19,46.752708435058594,46.226600646972656,43.70725631713867
535,535,535,2021-03-22,47.195404052734375,46.32925033569336,44.11968994140625
536,536,536,2021-03-23,47.33975982666016,46.83290100097656,46.26171875
537,537,537,2021-03-24,47.26276397705078,46.66608810424805,46.35443878173828
538,538,538,2021-03-25,47.01896286010742,46.20094299316406,46.88515090942383
539,539,539,2021-03-26,48.35026931762695,46.496055603027344,46.21376419067383
540,540,540,2021-03-29,48.388763427734375,46.752708435058594,46.226600646972656
541,541,541,2021-03-30,47.30126953125,47.195404052734375,46.32925033569336
542,542,542,2021-03-31,47.304466247558594,47.33975982666016,46.83290100097656
543,543,543,2021-04-01,48.3919677734375,47.26276397705078,46.66608810424805
544,544,544,2021-04-05,48.792964935302734,47.01896286010742,46.20094299316406
545,545,545,2021-04-06,48.97260284423828,48.35026931762695,46.496055603027344
546,546,546,2021-04-07,48.3695068359375,48.388763427734375,46.752708435058594
547,547,547,2021-04-08,49.24848937988281,47.30126953125,47.195404052734375
548,548,548,2021-04-09,50.07614517211914,47.304466247558594,47.33975982666016
549,549,549,2021-04-12,50.07292938232422,48.3919677734375,47.26276397705078
550,550,550,2021-04-13,50.6631965637207,48.792964935302734,47.01896286010742
551,551,551,2021-04-14,50.506004333496094,48.97260284423828,48.35026931762695
552,552,552,2021-04-15,51.3432846069336,48.3695068359375,48.388763427734375
553,553,553,2021-04-16,51.38177108764648,49.24848937988281,47.30126953125
554,554,554,2021-04-19,50.88774871826172,50.07614517211914,47.304466247558594
555,555,555,2021-04-20,51.22459030151367,50.07292938232422,48.3919677734375
556,556,556,2021-04-21,51.10910415649414,50.6631965637207,48.792964935302734
557,557,557,2021-04-22,51.2374267578125,50.506004333496094,48.97260284423828
558,558,558,2021-04-23,52.119606018066406,51.3432846069336,48.3695068359375
559,559,559,2021-04-26,51.33686828613281,51.38177108764648,49.24848937988281
560,560,560,2021-04-27,51.58387756347656,50.88774871826172,50.07614517211914
561,561,561,2021-04-28,51.214962005615234,51.22459030151367,50.07292938232422
562,562,562,2021-04-29,51.933536529541016,51.10910415649414,50.6631965637207
563,563,563,2021-04-30,51.82127380371094,51.2374267578125,50.506004333496094
564,564,564,2021-05-03,52.12602615356445,52.119606018066406,51.3432846069336
565,565,565,2021-05-04,52.46285629272461,51.33686828613281,51.38177108764648
566,566,566,2021-05-05,52.466068267822266,51.58387756347656,50.88774871826172
567,567,567,2021-05-06,52.47570037841797,51.214962005615234,51.22459030151367
568,568,568,2021-05-07,52.79006576538086,51.933536529541016,51.10910415649414
569,569,569,2021-05-10,52.45965576171875,51.82127380371094,51.2374267578125
570,570,570,2021-05-11,51.24063491821289,52.12602615356445,52.119606018066406
571,571,571,2021-05-12,50.80113983154297,52.46285629272461,51.33686828613281
572,572,572,2021-05-13,51.61595916748047,52.466068267822266,51.58387756347656
573,573,573,2021-05-14,52.72590637207031,52.47570037841797,51.214962005615234
574,574,574,2021-05-17,52.53022766113281,52.79006576538086,51.933536529541016
575,575,575,2021-05-18,51.9495849609375,52.45965576171875,51.82127380371094
576,576,576,2021-05-19,51.62879180908203,51.24063491821289,52.12602615356445
577,577,577,2021-05-20,52.437198638916016,50.80113983154297,52.46285629272461
578,578,578,2021-05-21,52.5687255859375,51.61595916748047,52.466068267822266
579,579,579,2021-05-24,52.905555725097656,52.72590637207031,52.47570037841797
580,580,580,2021-05-25,52.70987319946289,52.53022766113281,52.79006576538086
581,581,581,2021-05-26,53.07557678222656,51.9495849609375,52.45965576171875
582,582,582,2021-05-27,53.245601654052734,51.62879180908203,51.24063491821289
583,583,583,2021-05-28,53.72037506103516,52.437198638916016,50.80113983154297
584,584,584,2021-06-01,52.75478744506836,52.5687255859375,51.61595916748047
585,585,585,2021-06-02,53.521484375,52.905555725097656,52.72590637207031
586,586,586,2021-06-03,53.91285705566406,52.70987319946289,52.53022766113281
587,587,587,2021-06-04,54.60897445678711,53.07557678222656,51.9495849609375
588,588,588,2021-06-07,54.18232345581055,53.245601654052734,51.62879180908203
589,589,589,2021-06-08,54.201568603515625,53.72037506103516,52.437198638916016
590,590,590,2021-06-09,54.252891540527344,52.75478744506836,52.5687255859375
591,591,591,2021-06-10,54.18210220336914,53.521484375,52.905555725097656
592,592,592,2021-06-11,55.65926742553711,53.91285705566406,52.70987319946289
593,593,593,2021-06-14,56.37049102783203,54.60897445678711,53.07557678222656
594,594,594,2021-06-15,56.73414611816406,54.18232345581055,53.245601654052734
595,595,595,2021-06-16,57.07527923583984,54.201568603515625,53.72037506103516
596,596,596,2021-06-17,57.86053085327149,54.252891540527344,52.75478744506836
597,597,597,2021-06-18,56.57645797729492,54.18210220336914,53.521484375
598,598,598,2021-06-21,57.535491943359375,55.65926742553711,53.91285705566406
599,599,599,2021-06-22,57.509742736816406,56.37049102783203,54.60897445678711
600,600,600,2021-06-23,57.2715950012207,56.73414611816406,54.18232345581055
601,601,601,2021-06-24,57.22010803222656,57.07527923583984,54.201568603515625
602,602,602,2021-06-25,57.30699157714844,57.86053085327149,54.252891540527344
603,603,603,2021-06-28,56.99805068969727,56.57645797729492,54.18210220336914
604,604,604,2021-06-29,56.91437530517578,57.535491943359375,55.65926742553711
605,605,605,2021-06-30,56.57645797729492,57.509742736816406,56.37049102783203
606,606,606,2021-07-01,56.65047454833984,57.2715950012207,56.73414611816406
607,607,607,2021-07-02,57.24584579467773,57.22010803222656,57.07527923583984
608,608,608,2021-07-06,56.75668716430664,57.30699157714844,57.86053085327149
609,609,609,2021-07-07,56.69231414794922,56.99805068969727,56.57645797729492
610,610,610,2021-07-08,56.02292251586914,56.91437530517578,57.535491943359375
611,611,611,2021-07-09,56.56681060791016,56.57645797729492,57.509742736816406
612,612,612,2021-07-12,57.81547164916992,56.65047454833984,57.2715950012207
613,613,613,2021-07-13,57.63526153564453,57.24584579467773,57.22010803222656
614,614,614,2021-07-14,57.31021499633789,56.75668716430664,57.30699157714844
615,615,615,2021-07-15,57.493648529052734,56.69231414794922,56.99805068969727
616,616,616,2021-07-16,57.46147155761719,56.02292251586914,56.91437530517578
617,617,617,2021-07-19,57.01092147827149,56.56681060791016,56.57645797729492
618,618,618,2021-07-20,58.2177619934082,57.81547164916992,56.65047454833984
619,619,619,2021-07-21,59.94916534423828,57.63526153564453,57.24584579467773
620,620,620,2021-07-22,59.64665222167969,57.31021499633789,56.75668716430664
621,621,621,2021-07-23,60.42546081542969,57.493648529052734,56.69231414794922
622,622,622,2021-07-26,60.04570770263672,57.46147155761719,56.02292251586914
623,623,623,2021-07-27,59.75928497314453,57.01092147827149,56.56681060791016
624,624,624,2021-07-28,59.707794189453125,58.2177619934082,57.81547164916992
625,625,625,2021-07-29,60.0778923034668,59.94916534423828,57.63526153564453
626,626,626,2021-07-30,60.09397888183594,59.64665222167969,57.31021499633789
627,627,627,2021-08-02,60.64108276367188,60.42546081542969,57.493648529052734
628,628,628,2021-08-03,60.71831893920898,60.04570770263672,57.46147155761719
629,629,629,2021-08-04,60.940372467041016,59.75928497314453,57.01092147827149
630,630,630,2021-08-05,60.72153472900391,59.707794189453125,58.2177619934082
631,631,631,2021-08-06,60.734413146972656,60.0778923034668,59.94916534423828
632,632,632,2021-08-09,60.72153472900391,60.09397888183594,59.64665222167969
633,633,633,2021-08-10,60.77946853637695,60.64108276367188,60.42546081542969
634,634,634,2021-08-11,60.9275016784668,60.71831893920898,60.04570770263672
635,635,635,2021-08-12,61.17530822753906,60.940372467041016,59.75928497314453
636,636,636,2021-08-13,61.46494674682617,60.72153472900391,59.707794189453125
637,637,637,2021-08-16,61.84469604492188,60.734413146972656,60.0778923034668
638,638,638,2021-08-17,61.14313125610352,60.72153472900391,60.09397888183594
639,639,639,2021-08-18,60.14547348022461,60.77946853637695,60.64108276367188
640,640,640,2021-08-19,60.50912857055664,60.9275016784668,60.71831893920898
641,641,641,2021-08-20,60.71831893920898,61.17530822753906,60.940372467041016
642,642,642,2021-08-23,61.32013320922852,61.46494674682617,60.72153472900391
643,643,643,2021-08-24,61.42311096191406,61.84469604492188,60.734413146972656
644,644,644,2021-08-25,61.67091369628906,61.14313125610352,60.72153472900391
645,645,645,2021-08-26,61.52287292480469,60.14547348022461,60.77946853637695
646,646,646,2021-08-27,62.26628494262695,60.50912857055664,60.9275016784668
647,647,647,2021-08-30,62.46581268310547,60.71831893920898,61.17530822753906
648,648,648,2021-08-31,63.006473541259766,61.32013320922852,61.46494674682617
649,649,649,2021-09-01,63.70805358886719,61.42311096191406,61.84469604492188
650,650,650,2021-09-02,63.69196319580078,61.67091369628906,61.14313125610352
651,651,651,2021-09-03,63.8914909362793,61.52287292480469,60.14547348022461
652,652,652,2021-09-07,63.2285385131836,62.26628494262695,60.50912857055664
653,653,653,2021-09-08,63.85931396484375,62.46581268310547,60.71831893920898
654,654,654,2021-09-09,63.87543869018555,63.006473541259766,61.32013320922852
655,655,655,2021-09-10,63.26231384277344,63.70805358886719,61.42311096191406
656,656,656,2021-09-13,62.7072639465332,63.69196319580078,61.67091369628906
657,657,657,2021-09-14,63.10419464111328,63.8914909362793,61.52287292480469
658,658,658,2021-09-15,63.1977767944336,63.2285385131836,62.26628494262695
659,659,659,2021-09-16,63.06546401977539,63.85931396484375,62.46581268310547
660,660,660,2021-09-17,62.24904251098633,63.87543869018555,63.006473541259766
661,661,661,2021-09-20,61.62944412231445,63.26231384277344,63.70805358886719
662,662,662,2021-09-21,61.92633438110352,62.7072639465332,63.69196319580078
663,663,663,2021-09-22,62.76535034179688,63.10419464111328,63.8914909362793
664,664,664,2021-09-23,63.113868713378906,63.1977767944336,63.2285385131836
665,665,665,2021-09-24,63.5011100769043,63.06546401977539,63.85931396484375
666,666,666,2021-09-27,63.178409576416016,62.24904251098633,63.87543869018555
667,667,667,2021-09-28,61.62299728393555,61.62944412231445,63.26231384277344
668,668,668,2021-09-29,62.60078430175781,61.92633438110352,62.7072639465332
669,669,669,2021-09-30,62.28775787353516,62.76535034179688,63.10419464111328
670,670,670,2021-10-01,62.516876220703125,63.113868713378906,63.1977767944336
671,671,671,2021-10-04,60.98081970214844,63.5011100769043,63.06546401977539
672,672,672,2021-10-05,63.01061630249024,63.178409576416016,62.24904251098633
673,673,673,2021-10-06,62.8105354309082,61.62299728393555,61.62944412231445
674,674,674,2021-10-07,63.865760803222656,62.60078430175781,61.92633438110352
675,675,675,2021-10-08,63.70119094848633,62.28775787353516,62.76535034179688
676,676,676,2021-10-11,63.791542053222656,62.516876220703125,63.113868713378906
677,677,677,2021-10-12,63.72700119018555,60.98081970214844,63.5011100769043
678,678,678,2021-10-13,63.70763397216797,63.01061630249024,63.178409576416016
679,679,679,2021-10-14,64.74673461914062,62.8105354309082,61.62299728393555
680,680,680,2021-10-15,65.5147705078125,63.865760803222656,62.60078430175781
681,681,681,2021-10-18,65.66643524169922,63.70119094848633,62.28775787353516
682,682,682,2021-10-19,67.39934539794922,63.791542053222656,62.516876220703125
683,683,683,2021-10-20,64.26914978027344,63.72700119018555,60.98081970214844
684,684,684,2021-10-21,64.17231750488281,63.70763397216797,63.01061630249024
685,685,685,2021-10-22,65.09524536132812,64.74673461914062,62.8105354309082
686,686,686,2021-10-25,65.02424621582031,65.5147705078125,63.865760803222656
687,687,687,2021-10-26,65.017822265625,65.66643524169922,63.70119094848633
688,688,688,2021-10-27,65.31146240234375,67.39934539794922,63.791542053222656
689,689,689,2021-10-28,66.8023452758789,64.26914978027344,63.72700119018555
690,690,690,2021-10-29,67.72526550292969,64.17231750488281,63.70763397216797
691,691,691,2021-11-01,67.73494720458984,65.09524536132812,64.74673461914062
692,692,692,2021-11-02,68.1609115600586,65.02424621582031,65.5147705078125
693,693,693,2021-11-03,67.59941101074219,65.017822265625,65.66643524169922
694,694,694,2021-11-04,68.499755859375,65.31146240234375,67.39934539794922
695,695,695,2021-11-05,68.68046569824219,66.8023452758789,64.26914978027344
696,696,696,2021-11-08,68.31257629394531,67.72526550292969,64.17231750488281
697,697,697,2021-11-09,68.02861022949219,67.73494720458984,65.09524536132812
698,698,698,2021-11-10,66.92173767089844,68.1609115600586,65.02424621582031
699,699,699,2021-11-11,66.54095458984375,67.59941101074219,65.017822265625
700,700,700,2021-11-12,67.25735473632812,68.499755859375,65.31146240234375
701,701,701,2021-11-15,67.68009185791016,68.68046569824219,66.8023452758789
702,702,702,2021-11-16,68.4029541015625,68.31257629394531,67.72526550292969
703,703,703,2021-11-17,67.74787139892578,68.02861022949219,67.73494720458984
704,704,704,2021-11-18,67.34770965576172,66.92173767089844,68.1609115600586
705,705,705,2021-11-19,67.0475845336914,66.54095458984375,67.59941101074219
706,706,706,2021-11-22,67.02178955078125,67.25735473632812,68.499755859375
707,707,707,2021-11-23,67.0927734375,67.68009185791016,68.68046569824219
708,708,708,2021-11-24,67.31544494628906,68.4029541015625,68.31257629394531
709,709,709,2021-11-26,65.72774505615234,67.74787139892578,68.02861022949219
710,710,710,2021-11-29,67.47034454345703,67.34770965576172,66.92173767089844
711,711,711,2021-11-30,65.58253479003906,67.0475845336914,66.54095458984375
712,712,712,2021-12-01,64.22718811035156,67.02178955078125,67.25735473632812
713,713,713,2021-12-02,65.11380004882812,67.0927734375,67.68009185791016
714,714,714,2021-12-03,64.75462341308594,67.31544494628906,68.4029541015625
715,715,715,2021-12-06,64.0621566772461,65.72774505615234,67.74787139892578
716,716,716,2021-12-07,66.51165008544922,67.47034454345703,67.34770965576172
717,717,717,2021-12-08,67.10704803466797,65.58253479003906,67.0475845336914
718,718,718,2021-12-09,66.05540466308594,64.22718811035156,67.02178955078125
719,719,719,2021-12-10,66.58606719970703,65.11380004882812,67.0927734375
720,720,720,2021-12-13,66.48900604248047,64.75462341308594,67.31544494628906
721,721,721,2021-12-14,64.62843322753906,64.0621566772461,65.72774505615234
722,722,722,2021-12-15,65.3726577758789,66.51165008544922,67.47034454345703
723,723,723,2021-12-16,65.8968505859375,67.10704803466797,65.58253479003906
724,724,724,2021-12-17,65.06202697753906,66.05540466308594,64.22718811035156
725,725,725,2021-12-20,64.23042297363281,66.58606719970703,65.11380004882812
726,726,726,2021-12-21,65.44060516357422,66.48900604248047,64.75462341308594
727,727,727,2021-12-22,66.0748291015625,64.62843322753906,64.0621566772461
728,728,728,2021-12-23,66.4695816040039,65.3726577758789,66.51165008544922
729,729,729,2021-12-27,67.62152862548828,65.8968505859375,67.10704803466797
730,730,730,2021-12-28,67.86421966552734,65.06202697753906,66.05540466308594
731,731,731,2021-12-29,67.9418716430664,64.23042297363281,66.58606719970703
732,732,732,2021-12-30,67.6635971069336,65.44060516357422,66.48900604248047
733,733,733,2021-12-31,67.95480346679688,66.0748291015625,64.62843322753906
734,734,734,2022-01-03,65.51178741455078,66.4695816040039,65.3726577758789
735,735,735,2022-01-04,63.87125396728516,67.62152862548828,65.8968505859375
736,736,736,2022-01-05,63.104373931884766,67.86421966552734,65.06202697753906
737,737,737,2022-01-06,63.24674606323242,67.9418716430664,64.23042297363281
738,738,738,2022-01-07,62.61576461791992,67.6635971069336,65.44060516357422
739,739,739,2022-01-10,61.19525909423828,67.95480346679688,66.0748291015625
740,740,740,2022-01-11,62.30836868286133,65.51178741455078,66.4695816040039
741,741,741,2022-01-12,62.52839279174805,63.87125396728516,67.62152862548828
742,742,742,2022-01-13,60.5804557800293,63.104373931884766,67.86421966552734
743,743,743,2022-01-14,60.230987548828125,63.24674606323242,67.9418716430664
744,744,744,2022-01-18,59.46734237670898,62.61576461791992,67.6635971069336
745,745,745,2022-01-19,58.6033821105957,61.19525909423828,67.95480346679688
746,746,746,2022-01-20,58.2345085144043,62.30836868286133,65.51178741455078
747,747,747,2022-01-21,57.24759292602539,62.52839279174805,63.87125396728516
748,748,748,2022-01-24,57.056678771972656,60.5804557800293,63.104373931884766
749,749,749,2022-01-25,56.619850158691406,60.230987548828125,63.24674606323242
750,750,750,2022-01-26,54.84663009643555,59.46734237670898,62.61576461791992
751,751,751,2022-01-27,55.75589370727539,58.6033821105957,61.19525909423828
752,752,752,2022-01-28,56.51630401611328,58.2345085144043,62.30836868286133
753,753,753,2022-01-31,57.988582611083984,57.24759292602539,62.52839279174805
754,754,754,2022-02-01,58.28627395629883,57.056678771972656,60.5804557800293
755,755,755,2022-02-02,59.01433181762695,56.619850158691406,60.230987548828125
756,756,756,2022-02-03,57.60676574707031,54.84663009643555,59.46734237670898
757,757,757,2022-02-04,57.79767227172852,55.75589370727539,58.6033821105957
758,758,758,2022-02-07,57.7879638671875,56.51630401611328,58.2345085144043
759,759,759,2022-02-08,57.5517578125,57.988582611083984,57.24759292602539
760,760,760,2022-02-09,58.130958557128906,58.28627395629883,57.056678771972656
761,761,761,2022-02-10,57.33172607421875,59.01433181762695,56.619850158691406
762,762,762,2022-02-11,55.77531051635742,57.60676574707031,54.84663009643555
763,763,763,2022-02-14,55.6329345703125,57.79767227172852,55.75589370727539
764,764,764,2022-02-15,56.63926696777344,57.7879638671875,56.51630401611328
765,765,765,2022-02-16,56.51630401611328,57.5517578125,57.988582611083984
766,766,766,2022-02-17,55.61675262451172,58.130958557128906,58.28627395629883
767,767,767,2022-02-18,55.50673675537109,57.33172607421875,59.01433181762695
768,768,768,2022-02-22,54.675140380859375,55.77531051635742,57.60676574707031
769,769,769,2022-02-23,54.42274856567383,55.6329345703125,57.79767227172852
770,770,770,2022-02-24,55.06990051269531,56.63926696777344,57.7879638671875
771,771,771,2022-02-25,55.8885612487793,56.51630401611328,57.5517578125
772,772,772,2022-02-28,55.38054275512695,55.61675262451172,58.130958557128906
773,773,773,2022-03-01,55.00518798828125,55.50673675537109,57.33172607421875
774,774,774,2022-03-02,55.67823791503906,54.675140380859375,55.77531051635742
775,775,775,2022-03-03,55.8109016418457,54.42274856567383,55.6329345703125
776,776,776,2022-03-04,55.50350570678711,55.06990051269531,56.63926696777344
777,777,777,2022-03-07,54.480987548828125,55.8885612487793,56.51630401611328
778,778,778,2022-03-08,53.39052963256836,55.38054275512695,55.61675262451172
779,779,779,2022-03-09,54.57806396484375,55.00518798828125,55.50673675537109
780,780,780,2022-03-10,54.042442321777344,55.67823791503906,54.675140380859375
781,781,781,2022-03-11,53.519813537597656,55.8109016418457,54.42274856567383
782,782,782,2022-03-14,54.07490921020508,55.50350570678711,55.06990051269531
783,783,783,2022-03-15,55.04876327514648,54.480987548828125,55.8885612487793
784,784,784,2022-03-16,56.26283264160156,53.39052963256836,55.38054275512695
785,785,785,2022-03-17,57.16527557373047,54.57806396484375,55.00518798828125
786,786,786,2022-03-18,58.18132400512695,54.042442321777344,55.67823791503906
787,787,787,2022-03-21,57.665184020996094,53.519813537597656,55.8109016418457
788,788,788,2022-03-22,57.62298583984375,54.07490921020508,55.50350570678711
789,789,789,2022-03-23,56.52902221679688,55.04876327514648,54.480987548828125
790,790,790,2022-03-24,56.688087463378906,56.26283264160156,53.39052963256836
791,791,791,2022-03-25,56.89908599853516,57.16527557373047,54.57806396484375
792,792,792,2022-03-28,57.632720947265625,58.18132400512695,54.042442321777344
793,793,793,2022-03-29,58.85977935791016,57.665184020996094,53.519813537597656
794,794,794,2022-03-30,59.04156875610352,57.62298583984375,54.07490921020508
795,795,795,2022-03-31,57.84697341918945,56.52902221679688,55.04876327514648
796,796,796,2022-04-01,59.05455017089844,56.688087463378906,56.26283264160156
797,797,797,2022-04-04,59.1973876953125,56.89908599853516,57.16527557373047
798,798,798,2022-04-05,59.093505859375,57.632720947265625,58.18132400512695
799,799,799,2022-04-06,59.59341812133789,58.85977935791016,57.665184020996094
800,800,800,2022-04-07,59.4051399230957,59.04156875610352,57.62298583984375
801,801,801,2022-04-08,59.541481018066406,57.84697341918945,56.52902221679688
802,802,802,2022-04-11,59.187644958496094,59.05455017089844,56.688087463378906
803,803,803,2022-04-12,58.45075988769531,59.1973876953125,56.89908599853516
804,804,804,2022-04-13,58.88250732421875,59.093505859375,57.632720947265625
805,805,805,2022-04-14,57.96058654785156,59.59341812133789,58.85977935791016
806,806,806,2022-04-18,57.89241790771485,59.4051399230957,59.04156875610352
807,807,807,2022-04-19,58.768890380859375,59.541481018066406,57.84697341918945
808,808,808,2022-04-20,56.0972785949707,59.187644958496094,59.05455017089844
809,809,809,2022-04-21,55.00331497192383,58.45075988769531,59.1973876953125
810,810,810,2022-04-22,54.16256332397461,58.88250732421875,59.093505859375
811,811,811,2022-04-25,54.094383239746094,57.96058654785156,59.59341812133789
812,812,812,2022-04-26,52.48102951049805,57.89241790771485,59.4051399230957
813,813,813,2022-04-27,51.95515060424805,58.768890380859375,59.541481018066406
814,814,814,2022-04-28,52.766693115234375,56.0972785949707,59.187644958496094
815,815,815,2022-04-29,51.08517837524414,55.00331497192383,58.45075988769531
816,816,816,2022-05-02,50.86443328857422,54.16256332397461,58.88250732421875
817,817,817,2022-05-03,51.23774337768555,54.094383239746094,57.96058654785156
818,818,818,2022-05-04,51.97138214111328,52.48102951049805,57.89241790771485
819,819,819,2022-05-05,50.28336334228516,51.95515060424805,58.768890380859375
820,820,820,2022-05-06,49.43611526489258,52.766693115234375,56.0972785949707
821,821,821,2022-05-09,47.45269393920898,51.08517837524414,55.00331497192383
822,822,822,2022-05-10,47.322845458984375,50.86443328857422,54.16256332397461
823,823,823,2022-05-11,46.49507141113281,51.23774337768555,54.094383239746094
824,824,824,2022-05-12,46.85215377807617,51.97138214111328,52.48102951049805
825,825,825,2022-05-13,47.87794876098633,50.28336334228516,51.95515060424805
826,826,826,2022-05-16,47.43645858764648,49.43611526489258,52.766693115234375
827,827,827,2022-05-17,48.299949645996094,47.45269393920898,51.08517837524414
828,828,828,2022-05-18,46.12500762939453,47.322845458984375,50.86443328857422
829,829,829,2022-05-19,46.44638442993164,46.49507141113281,51.23774337768555
830,830,830,2022-05-20,47.43645858764648,46.85215377807617,51.97138214111328
831,831,831,2022-05-23,47.94935989379883,47.87794876098633,50.28336334228516
832,832,832,2022-05-24,47.59877395629883,47.43645858764648,49.43611526489258
833,833,833,2022-05-25,47.88119125366211,48.299949645996094,47.45269393920898
834,834,834,2022-05-26,48.99463272094727,46.12500762939453,47.322845458984375
835,835,835,2022-05-27,50.52359008789063,46.44638442993164,46.49507141113281
836,836,836,2022-05-31,50.40022659301758,47.43645858764648,46.85215377807617
837,837,837,2022-06-01,49.42962265014648,47.94935989379883,47.87794876098633
838,838,838,2022-06-02,50.254150390625,47.59877395629883,47.43645858764648
839,839,839,2022-06-03,50.01393508911133,47.88119125366211,48.299949645996094
840,840,840,2022-06-06,50.02691650390625,48.99463272094727,46.12500762939453
841,841,841,2022-06-07,50.237918853759766,50.52359008789063,46.44638442993164
842,842,842,2022-06-08,49.96199417114258,50.40022659301758,47.43645858764648
843,843,843,2022-06-09,49.77949523925781,49.42962265014648,47.94935989379883
844,844,844,2022-06-10,48.945220947265625,50.254150390625,47.59877395629883
845,845,845,2022-06-13,47.86001586914063,50.01393508911133,47.88119125366211
846,846,846,2022-06-14,47.53738021850586,50.02691650390625,48.99463272094727
847,847,847,2022-06-15,48.85723114013672,50.237918853759766,50.52359008789063
848,848,848,2022-06-16,48.4107666015625,49.96199417114258,50.40022659301758
849,849,849,2022-06-17,48.5085334777832,49.77949523925781,49.42962265014648
850,850,850,2022-06-21,49.74039077758789,48.945220947265625,50.254150390625
851,851,851,2022-06-22,50.05976104736328,47.86001586914063,50.01393508911133
852,852,852,2022-06-23,51.57514190673828,47.53738021850586,50.02691650390625
853,853,853,2022-06-24,51.90754699707031,48.85723114013672,50.237918853759766
854,854,854,2022-06-27,51.46759796142578,48.4107666015625,49.96199417114258
855,855,855,2022-06-28,50.40193939208984,48.5085334777832,49.77949523925781
856,856,856,2022-06-29,49.88052368164063,49.74039077758789,48.945220947265625
857,857,857,2022-06-30,49.71106719970703,50.05976104736328,47.86001586914063
858,858,858,2022-07-01,50.705020904541016,51.57514190673828,47.53738021850586
859,859,859,2022-07-05,51.32420349121094,51.90754699707031,48.85723114013672
860,860,860,2022-07-06,51.09609222412109,51.46759796142578,48.4107666015625
861,861,861,2022-07-07,51.06675720214844,50.40193939208984,48.5085334777832
862,862,862,2022-07-08,51.02113723754883,49.88052368164063,49.74039077758789
863,863,863,2022-07-11,51.36983108520508,49.71106719970703,50.05976104736328
864,864,864,2022-07-12,50.43778991699219,50.705020904541016,51.57514190673828
865,865,865,2022-07-13,50.297664642333984,51.32420349121094,51.90754699707031
866,866,866,2022-07-14,50.03042984008789,51.09609222412109,51.46759796142578
867,867,867,2022-07-15,51.18733596801758,51.06675720214844,50.40193939208984
868,868,868,2022-07-18,50.4410514831543,51.02113723754883,49.88052368164063
869,869,869,2022-07-19,51.92058563232422,51.36983108520508,49.71106719970703
870,870,870,2022-07-20,55.088226318359375,50.43778991699219,50.705020904541016
871,871,871,2022-07-21,56.70463562011719,50.297664642333984,51.32420349121094
872,872,872,2022-07-22,56.24838638305664,50.03042984008789,51.09609222412109
873,873,873,2022-07-25,56.052852630615234,51.18733596801758,51.06675720214844
874,874,874,2022-07-26,56.38199996948242,50.4410514831543,51.02113723754883
875,875,875,2022-07-27,56.70137405395508,51.92058563232422,51.36983108520508
876,876,876,2022-07-28,58.470951080322266,55.088226318359375,50.43778991699219
877,877,877,2022-07-29,58.95326232910156,56.70463562011719,50.297664642333984
878,878,878,2022-08-01,58.2884521484375,56.24838638305664,50.03042984008789
879,879,879,2022-08-02,58.2330436706543,56.052852630615234,51.18733596801758
880,880,880,2022-08-03,58.715362548828125,56.38199996948242,50.4410514831543
881,881,881,2022-08-04,59.56919860839844,56.70137405395508,51.92058563232422
882,882,882,2022-08-05,59.33454895019531,58.470951080322266,55.088226318359375
883,883,883,2022-08-08,59.588748931884766,58.95326232910156,56.70463562011719
884,884,884,2022-08-09,59.69303131103516,58.2884521484375,56.24838638305664
885,885,885,2022-08-10,60.81082534790039,58.2330436706543,56.052852630615234
886,886,886,2022-08-11,60.80105209350586,58.715362548828125,56.38199996948242
887,887,887,2022-08-12,62.05572128295898,59.56919860839844,56.70137405395508
888,888,888,2022-08-15,62.55433654785156,59.33454895019531,58.470951080322266
889,889,889,2022-08-16,62.43701171875,59.588748931884766,58.95326232910156
890,890,890,2022-08-17,63.15071487426758,59.69303131103516,58.2884521484375
891,891,891,2022-08-18,62.6097297668457,60.81082534790039,58.2330436706543
892,892,892,2022-08-19,60.97703170776367,60.80105209350586,58.715362548828125
893,893,893,2022-08-22,60.55989456176758,62.05572128295898,59.56919860839844
894,894,894,2022-08-23,60.06780242919922,62.55433654785156,59.33454895019531
895,895,895,2022-08-24,60.686988830566406,62.43701171875,59.588748931884766
896,896,896,2022-08-25,61.00310134887695,63.15071487426758,59.69303131103516
897,897,897,2022-08-26,59.33454895019531,62.6097297668457,60.81082534790039
898,898,898,2022-08-29,58.366661071777344,60.97703170776367,60.80105209350586
899,899,899,2022-08-30,58.26889419555664,60.55989456176758,62.05572128295898
900,900,900,2022-08-31,58.20045471191406,60.06780242919922,62.55433654785156
901,901,901,2022-09-01,58.650184631347656,60.686988830566406,62.43701171875
902,902,902,2022-09-02,58.347110748291016,61.00310134887695,63.15071487426758
903,903,903,2022-09-06,59.26611328125,59.33454895019531,62.6097297668457
904,904,904,2022-09-07,61.025909423828125,58.366661071777344,60.97703170776367
905,905,905,2022-09-08,61.680946350097656,58.26889419555664,60.55989456176758
906,906,906,2022-09-09,61.84715270996094,58.20045471191406,60.06780242919922
907,907,907,2022-09-12,62.67817306518555,58.650184631347656,60.686988830566406
908,908,908,2022-09-13,60.46864700317383,58.347110748291016,61.00310134887695
909,909,909,2022-09-14,60.64461898803711,59.26611328125,59.33454895019531
910,910,910,2022-09-15,59.93843460083008,61.025909423828125,58.366661071777344
911,911,911,2022-09-16,59.8403434753418,61.680946350097656,58.26889419555664
912,912,912,2022-09-19,59.56571578979492,61.84715270996094,58.20045471191406
913,913,913,2022-09-20,58.06504821777344,62.67817306518555,58.650184631347656
914,914,914,2022-09-21,57.44712448120117,60.46864700317383,58.347110748291016
915,915,915,2022-09-22,56.29955673217773,60.64461898803711,59.26611328125
916,916,916,2022-09-23,55.83856201171875,59.93843460083008,61.025909423828125
917,917,917,2022-09-26,55.485469818115234,59.8403434753418,61.680946350097656
918,918,918,2022-09-27,55.86798477172852,59.56571578979492,61.84715270996094
919,919,919,2022-09-28,57.20191955566406,58.06504821777344,62.67817306518555
920,920,920,2022-09-29,56.01511764526367,57.44712448120117,60.46864700317383
921,921,921,2022-09-30,55.59335708618164,56.29955673217773,60.64461898803711
922,922,922,2022-10-03,57.211727142333984,55.83856201171875,59.93843460083008
923,923,923,2022-10-04,58.75162506103516,55.485469818115234,59.8403434753418
924,924,924,2022-10-05,58.575077056884766,55.86798477172852,59.56571578979492
925,925,925,2022-10-06,58.369102478027344,57.20191955566406,58.06504821777344
926,926,926,2022-10-07,56.554569244384766,56.01511764526367,57.44712448120117
927,927,927,2022-10-10,56.59379959106445,55.59335708618164,56.29955673217773
928,928,928,2022-10-11,56.98613357543945,57.211727142333984,55.83856201171875
929,929,929,2022-10-12,56.47610855102539,58.75162506103516,55.485469818115234
930,930,930,2022-10-13,57.42750549316406,58.575077056884766,55.86798477172852
931,931,931,2022-10-14,53.70036315917969,58.369102478027344,57.20191955566406
932,932,932,2022-10-17,55.66201400756836,56.554569244384766,56.01511764526367
933,933,933,2022-10-18,56.11319351196289,56.59379959106445,55.59335708618164
934,934,934,2022-10-19,54.926395416259766,56.98613357543945,57.211727142333984
935,935,935,2022-10-20,55.75028991699219,56.47610855102539,58.75162506103516
936,936,936,2022-10-21,56.63303756713867,57.42750549316406,58.575077056884766
937,937,937,2022-10-24,57.64329528808594,53.70036315917969,58.369102478027344
938,938,938,2022-10-25,59.38916778564453,55.66201400756836,56.554569244384766
939,939,939,2022-10-26,58.87913513183594,56.11319351196289,56.59379959106445
940,940,940,2022-10-27,59.48725509643555,54.926395416259766,56.98613357543945
941,941,941,2022-10-28,61.08599853515625,55.75028991699219,56.47610855102539
942,942,942,2022-10-31,61.0467643737793,56.63303756713867,57.42750549316406
943,943,943,2022-11-01,61.15465545654297,57.64329528808594,53.70036315917969
944,944,944,2022-11-02,59.555912017822266,59.38916778564453,55.66201400756836
945,945,945,2022-11-03,60.389610290527344,58.87913513183594,56.11319351196289
946,946,946,2022-11-04,60.71328353881836,59.48725509643555,54.926395416259766
947,947,947,2022-11-07,61.213504791259766,61.08599853515625,55.75028991699219
948,948,948,2022-11-08,63.33209991455078,61.0467643737793,56.63303756713867
949,949,949,2022-11-09,62.390506744384766,61.15465545654297,57.64329528808594
950,950,950,2022-11-10,64.9406509399414,59.555912017822266,59.38916778564453
951,951,951,2022-11-11,65.12701416015625,60.389610290527344,58.87913513183594
952,952,952,2022-11-14,64.77391052246094,60.71328353881836,59.48725509643555
953,953,953,2022-11-15,63.547882080078125,61.213504791259766,61.08599853515625
954,954,954,2022-11-16,64.1069564819336,63.33209991455078,61.0467643737793
955,955,955,2022-11-17,63.61654281616211,62.390506744384766,61.15465545654297
956,956,956,2022-11-18,64.26388549804688,64.9406509399414,59.555912017822266
957,957,957,2022-11-21,64.69544982910156,65.12701416015625,60.389610290527344
958,958,958,2022-11-22,65.24470520019531,64.77391052246094,60.71328353881836
959,959,959,2022-11-23,65.84300994873047,63.547882080078125,61.213504791259766
960,960,960,2022-11-25,65.86264038085938,64.1069564819336,63.33209991455078
961,961,961,2022-11-28,64.99950408935547,63.61654281616211,62.390506744384766
962,962,962,2022-11-29,64.832763671875,64.26388549804688,64.9406509399414
963,963,963,2022-11-30,67.14751434326172,64.69544982910156,65.12701416015625
964,964,964,2022-12-01,67.37376403808594,65.24470520019531,64.77391052246094
965,965,965,2022-12-02,67.85578918457031,65.84300994873047,63.547882080078125
966,966,966,2022-12-05,66.75403594970703,65.86264038085938,64.1069564819336
967,967,967,2022-12-06,65.91789245605469,64.99950408935547,63.61654281616211
968,968,968,2022-12-07,63.78324890136719,64.832763671875,64.26388549804688
969,969,969,2022-12-08,63.143856048583984,67.14751434326172,64.69544982910156
970,970,970,2022-12-09,62.16998291015625,67.37376403808594,65.24470520019531
971,971,971,2022-12-12,63.6258659362793,67.85578918457031,65.84300994873047
972,972,972,2022-12-13,63.93081283569336,66.75403594970703,65.86264038085938
973,973,973,2022-12-14,62.55363082885742,65.91789245605469,64.99950408935547
974,974,974,2022-12-15,60.73378372192383,63.78324890136719,64.832763671875
975,975,975,2022-12-16,59.63203430175781,63.143856048583984,67.14751434326172
976,976,976,2022-12-19,59.474639892578125,62.16998291015625,67.37376403808594
977,977,977,2022-12-20,59.14017868041992,63.6258659362793,67.85578918457031
978,978,978,2022-12-21,60.50752258300781,63.93081283569336,66.75403594970703
979,979,979,2022-12-22,60.06486511230469,62.55363082885742,65.91789245605469
980,980,980,2022-12-23,60.28127670288086,60.73378372192383,63.78324890136719
981,981,981,2022-12-27,59.98616409301758,59.63203430175781,63.143856048583984
982,982,982,2022-12-28,59.71072769165039,59.474639892578125,62.16998291015625
983,983,983,2022-12-29,60.86165618896485,59.14017868041992,63.6258659362793
984,984,984,2022-12-30,60.350135803222656,60.50752258300781,63.93081283569336
985,985,985,2023-01-03,60.75345230102539,60.06486511230469,62.55363082885742
986,986,986,2023-01-04,60.64524459838867,60.28127670288086,60.73378372192383
987,987,987,2023-01-05,59.25822830200195,59.98616409301758,59.63203430175781
988,988,988,2023-01-06,60.64524459838867,59.71072769165039,59.474639892578125
989,989,989,2023-01-09,61.589599609375,60.86165618896485,59.14017868041992
990,990,990,2023-01-10,61.5207405090332,60.350135803222656,60.50752258300781
991,991,991,2023-01-11,61.992919921875,60.75345230102539,60.06486511230469
992,992,992,2023-01-12,61.963409423828125,60.64524459838867,60.28127670288086
993,993,993,2023-01-13,62.31753921508789,59.25822830200195,59.98616409301758
994,994,994,2023-01-17,62.33721160888672,60.64524459838867,59.71072769165039
995,995,995,2023-01-18,61.77650451660156,61.589599609375,60.86165618896485
996,996,996,2023-01-19,60.00584030151367,61.5207405090332,60.350135803222656
997,997,997,2023-01-20,61.04856872558594,61.992919921875,60.75345230102539
998,998,998,2023-01-23,61.304325103759766,61.963409423828125,60.64524459838867
999,999,999,2023-01-24,60.91084671020508,62.31753921508789,59.25822830200195
1000,1000,1000,2023-01-25,57.34983825683594,62.33721160888672,60.64524459838867
1001,1001,1001,2023-01-26,59.13034439086914,61.77650451660156,61.589599609375
1002,1002,1002,2023-01-27,59.51398849487305,60.00584030151367,61.5207405090332
1003,1003,1003,2023-01-30,58.67784118652344,61.04856872558594,61.992919921875
1004,1004,1004,2023-01-31,59.20903778076172,61.304325103759766,61.963409423828125
1005,1005,1005,2023-02-01,58.5302848815918,60.91084671020508,62.31753921508789
1006,1006,1006,2023-02-02,59.58284759521485,57.34983825683594,62.33721160888672
1007,1007,1007,2023-02-03,59.563175201416016,59.13034439086914,61.77650451660156
1008,1008,1008,2023-02-06,58.33354568481445,59.51398849487305,60.00584030151367
1009,1009,1009,2023-02-07,58.97295379638672,58.67784118652344,61.04856872558594
1010,1010,1010,2023-02-08,58.66800308227539,59.20903778076172,61.304325103759766
1011,1011,1011,2023-02-09,58.01876068115234,58.5302848815918,60.91084671020508
1012,1012,1012,2023-02-10,58.6483268737793,59.58284759521485,57.34983825683594
1013,1013,1013,2023-02-13,58.61882019042969,59.563175201416016,59.13034439086914
1014,1014,1014,2023-02-14,57.66462707519531,58.33354568481445,59.51398849487305
1015,1015,1015,2023-02-15,58.19582748413086,58.97295379638672,58.67784118652344
1016,1016,1016,2023-02-16,57.48755645751953,58.66800308227539,59.20903778076172
1017,1017,1017,2023-02-17,57.60560989379883,58.01876068115234,58.5302848815918
1018,1018,1018,2023-02-21,55.8546142578125,58.6483268737793,59.58284759521485
1019,1019,1019,2023-02-22,56.16939926147461,58.61882019042969,59.563175201416016
1020,1020,1020,2023-02-23,56.26776885986328,57.66462707519531,58.33354568481445
1021,1021,1021,2023-02-24,56.12022018432617,58.19582748413086,58.97295379638672
1022,1022,1022,2023-02-27,55.43162155151367,57.48755645751953,58.66800308227539
1023,1023,1023,2023-02-28,55.1463508605957,57.60560989379883,58.01876068115234
1024,1024,1024,2023-03-01,54.64466094970703,55.8546142578125,58.6483268737793
1025,1025,1025,2023-03-02,55.08732604980469,56.16939926147461,58.61882019042969
1026,1026,1026,2023-03-03,55.30374526977539,56.26776885986328,57.66462707519531
1027,1027,1027,2023-03-06,55.15618515014648,56.12022018432617,58.19582748413086
1028,1028,1028,2023-03-07,54.11345672607422,55.43162155151367,57.48755645751953
1029,1029,1029,2023-03-08,54.23151016235352,55.1463508605957,57.60560989379883
1030,1030,1030,2023-03-09,53.43470764160156,54.64466094970703,55.8546142578125
1031,1031,1031,2023-03-10,51.74273681640625,55.08732604980469,56.16939926147461
1032,1032,1032,2023-03-13,51.123008728027344,55.30374526977539,56.26776885986328
1033,1033,1033,2023-03-14,51.90013122558594,55.15618515014648,56.12022018432617
1034,1034,1034,2023-03-15,51.06398391723633,54.11345672607422,55.43162155151367
1035,1035,1035,2023-03-16,52.44649887084961,54.23151016235352,55.1463508605957
1036,1036,1036,2023-03-17,52.09099578857422,53.43470764160156,54.64466094970703
1037,1037,1037,2023-03-20,52.25886917114258,51.74273681640625,55.08732604980469
1038,1038,1038,2023-03-21,53.33525466918945,51.123008728027344,55.30374526977539
1039,1039,1039,2023-03-22,52.27861785888672,51.90013122558594,55.15618515014648
1040,1040,1040,2023-03-23,51.83424377441406,51.06398391723633,54.11345672607422
1041,1041,1041,2023-03-24,52.4069938659668,52.44649887084961,54.23151016235352
1042,1042,1042,2023-03-27,52.584747314453125,52.09099578857422,53.43470764160156
1043,1043,1043,2023-03-28,52.27861785888672,52.25886917114258,51.74273681640625
1044,1044,1044,2023-03-29,53.41425704956055,53.33525466918945,51.123008728027344
1045,1045,1045,2023-03-30,53.35499954223633,52.27861785888672,51.90013122558594
1046,1046,1046,2023-03-31,53.98700714111328,51.83424377441406,51.06398391723633
1047,1047,1047,2023-04-03,53.72038269042969,52.4069938659668,52.44649887084961
1048,1048,1048,2023-04-04,54.016632080078125,52.584747314453125,52.09099578857422
1049,1049,1049,2023-04-05,53.87838363647461,52.27861785888672,52.25886917114258
1050,1050,1050,2023-04-06,54.214134216308594,53.41425704956055,53.33525466918945
1051,1051,1051,2023-04-10,53.70063018798828,53.35499954223633,52.27861785888672
1052,1052,1052,2023-04-11,53.67100143432617,53.98700714111328,51.83424377441406
1053,1053,1053,2023-04-12,54.20426177978516,53.72038269042969,52.4069938659668
1054,1054,1054,2023-04-13,54.86589050292969,54.016632080078125,52.584747314453125
1055,1055,1055,2023-04-14,54.47088623046875,53.87838363647461,52.27861785888672
1056,1056,1056,2023-04-17,55.0732650756836,54.214134216308594,53.41425704956055
1057,1057,1057,2023-04-18,54.91526412963867,53.70063018798828,53.35499954223633
1058,1058,1058,2023-04-19,56.643402099609375,53.67100143432617,53.98700714111328
1059,1059,1059,2023-04-20,55.784271240234375,54.20426177978516,53.72038269042969
1060,1060,1060,2023-04-21,56.25827407836914,54.86589050292969,54.016632080078125
1061,1061,1061,2023-04-24,55.873146057128906,54.47088623046875,53.87838363647461
1062,1062,1062,2023-04-25,54.57951354980469,55.0732650756836,54.214134216308594
1063,1063,1063,2023-04-26,53.45375061035156,54.91526412963867,53.70063018798828
1064,1064,1064,2023-04-27,54.135135650634766,56.643402099609375,53.67100143432617
1065,1065,1065,2023-04-28,54.678260803222656,55.784271240234375,54.20426177978516
1066,1066,1066,2023-05-01,54.36225891113281,56.25827407836914,54.86589050292969
1067,1067,1067,2023-05-02,53.59200286865234,55.873146057128906,54.47088623046875
1068,1068,1068,2023-05-03,52.8908805847168,54.57951354980469,55.0732650756836
1069,1069,1069,2023-05-04,53.11800003051758,53.45375061035156,54.91526412963867
1070,1070,1070,2023-05-05,54.233882904052734,54.135135650634766,56.643402099609375
1071,1071,1071,2023-05-08,54.233882904052734,54.678260803222656,55.784271240234375
1072,1072,1072,2023-05-09,53.87838363647461,54.36225891113281,56.25827407836914
1073,1073,1073,2023-05-10,54.5103874206543,53.59200286865234,55.873146057128906
1074,1074,1074,2023-05-11,54.53013610839844,52.8908805847168,54.57951354980469
1075,1075,1075,2023-05-12,54.451133728027344,53.11800003051758,53.45375061035156
1076,1076,1076,2023-05-15,54.48076248168945,54.233882904052734,54.135135650634766
1077,1077,1077,2023-05-16,53.85863494873047,54.233882904052734,54.678260803222656
1078,1078,1078,2023-05-17,54.24375915527344,53.87838363647461,54.36225891113281
1079,1079,1079,2023-05-18,54.53013610839844,54.5103874206543,53.59200286865234
1080,1080,1080,2023-05-19,54.62888717651367,54.53013610839844,52.8908805847168
1081,1081,1081,2023-05-22,54.76713562011719,54.451133728027344,53.11800003051758
1082,1082,1082,2023-05-23,53.72038269042969,54.48076248168945,54.233882904052734
1083,1083,1083,2023-05-24,53.18712615966797,53.85863494873047,54.233882904052734
1084,1084,1084,2023-05-25,52.515621185302734,54.24375915527344,53.87838363647461
1085,1085,1085,2023-05-26,53.54263305664063,54.53013610839844,54.5103874206543
1086,1086,1086,2023-05-30,54.26351165771485,54.62888717651367,54.53013610839844
1087,1087,1087,2023-05-31,54.65850830078125,54.76713562011719,54.451133728027344
1088,1088,1088,2023-06-01,54.34251022338867,53.72038269042969,54.48076248168945
1089,1089,1089,2023-06-02,55.62627029418945,53.18712615966797,53.85863494873047
1090,1090,1090,2023-06-05,55.32014083862305,52.515621185302734,54.24375915527344
1091,1091,1091,2023-06-06,56.41627502441406,53.54263305664063,54.53013610839844
1092,1092,1092,2023-06-07,56.33727645874024,54.26351165771485,54.62888717651367
1093,1093,1093,2023-06-08,56.94952774047852,54.65850830078125,54.76713562011719
1094,1094,1094,2023-06-09,57.1075325012207,54.34251022338867,53.72038269042969
1095,1095,1095,2023-06-12,50.36285781860352,55.62627029418945,53.18712615966797
1096,1096,1096,2023-06-13,50.4221076965332,55.32014083862305,52.515621185302734
1097,1097,1097,2023-06-14,50.52085876464844,56.41627502441406,53.54263305664063
1098,1098,1098,2023-06-15,51.83991622924805,56.33727645874024,54.26351165771485
1099,1099,1099,2023-06-16,50.79855728149414,56.94952774047852,54.65850830078125
1100,1100,1100,2023-06-20,51.19526290893555,57.1075325012207,54.34251022338867
1101,1101,1101,2023-06-21,50.14398956298828,50.36285781860352,55.62627029418945
1102,1102,1102,2023-06-22,49.14229202270508,50.4221076965332,55.32014083862305
1103,1103,1103,2023-06-23,49.2315559387207,50.52085876464844,56.41627502441406
1104,1104,1104,2023-06-26,49.201805114746094,51.83991622924805,56.33727645874024
1105,1105,1105,2023-06-27,49.41007614135742,50.79855728149414,56.94952774047852
1106,1106,1106,2023-06-28,49.17205047607422,51.19526290893555,57.1075325012207
1107,1107,1107,2023-06-29,49.43982696533203,50.14398956298828,50.36285781860352
1108,1108,1108,2023-06-30,49.43982696533203,49.14229202270508,50.4221076965332
1109,1109,1109,2023-07-03,49.29106140136719,49.2315559387207,50.52085876464844
1110,1110,1110,2023-07-05,49.50925064086914,49.201805114746094,51.83991622924805
1111,1111,1111,2023-07-06,48.5869026184082,49.41007614135742,50.79855728149414
1112,1112,1112,2023-07-07,48.56707000732422,49.17205047607422,51.19526290893555
1113,1113,1113,2023-07-10,48.69599533081055,49.43982696533203,50.14398956298828
1114,1114,1114,2023-07-11,49.30097961425781,49.43982696533203,49.14229202270508
1115,1115,1115,2023-07-12,49.58859252929688,49.29106140136719,49.2315559387207
1116,1116,1116,2023-07-13,50.74896240234375,49.50925064086914,49.201805114746094
1117,1117,1117,2023-07-14,50.19357299804688,48.5869026184082,49.41007614135742
1118,1118,1118,2023-07-17,50.4811897277832,48.56707000732422,49.17205047607422
1119,1119,1119,2023-07-18,50.95723724365234,48.69599533081055,49.43982696533203
1120,1120,1120,2023-07-19,50.01505279541016,49.30097961425781,49.43982696533203
1121,1121,1121,2023-07-20,49.201805114746094,49.58859252929688,49.29106140136719
1122,1122,1122,2023-07-21,50.292747497558594,50.74896240234375,49.50925064086914
1123,1123,1123,2023-07-24,50.62995147705078,50.19357299804688,48.5869026184082
1124,1124,1124,2023-07-25,50.64978790283203,50.4811897277832,48.56707000732422
1125,1125,1125,2023-07-26,50.50101852416992,50.95723724365234,48.69599533081055
1126,1126,1126,2023-07-27,49.85637283325195,50.01505279541016,49.30097961425781
1127,1127,1127,2023-07-28,50.07456588745117,49.201805114746094,49.58859252929688
1128,1128,1128,2023-07-31,50.07456588745117,50.292747497558594,50.74896240234375
1129,1129,1129,2023-08-01,49.826622009277344,50.62995147705078,50.19357299804688
1130,1130,1130,2023-08-02,49.26130676269531,50.64978790283203,50.4811897277832
1131,1131,1131,2023-08-03,48.97369384765625,50.50101852416992,50.95723724365234
1132,1132,1132,2023-08-04,49.04311752319336,49.85637283325195,50.01505279541016
1133,1133,1133,2023-08-07,49.58859252929688,50.07456588745117,49.201805114746094
1134,1134,1134,2023-08-08,49.62826156616211,50.07456588745117,50.292747497558594
1135,1135,1135,2023-08-09,50.044803619384766,49.826622009277344,50.62995147705078
1136,1136,1136,2023-08-10,51.08616638183594,49.26130676269531,50.64978790283203
1137,1137,1137,2023-08-11,50.54069137573242,48.97369384765625,50.50101852416992
1138,1138,1138,2023-08-14,50.65970993041992,49.04311752319336,49.85637283325195
1139,1139,1139,2023-08-15,50.153900146484375,49.58859252929688,50.07456588745117
1140,1140,1140,2023-08-16,50.43159484863281,49.62826156616211,50.07456588745117
1141,1141,1141,2023-08-17,51.244850158691406,50.044803619384766,49.826622009277344
1142,1142,1142,2023-08-18,51.373779296875,51.08616638183594,49.26130676269531
1143,1143,1143,2023-08-21,51.36386489868164,50.54069137573242,48.97369384765625
1144,1144,1144,2023-08-22,51.53246307373047,50.65970993041992,49.04311752319336
1145,1145,1145,2023-08-23,52.21678924560547,50.153900146484375,49.58859252929688
1146,1146,1146,2023-08-24,51.89942169189453,50.43159484863281,49.62826156616211
1147,1147,1147,2023-08-25,52.29612731933594,51.244850158691406,50.044803619384766
1148,1148,1148,2023-08-28,52.73250961303711,51.373779296875,51.08616638183594
1149,1149,1149,2023-08-29,52.9011116027832,51.36386489868164,50.54069137573242
1150,1150,1150,2023-08-30,52.22670364379883,51.53246307373047,50.65970993041992
1151,1151,1151,2023-08-31,52.048187255859375,52.21678924560547,50.153900146484375
1152,1152,1152,2023-09-01,51.51262664794922,51.89942169189453,50.43159484863281
1153,1153,1153,2023-09-05,50.292747497558594,52.29612731933594,51.244850158691406
1154,1154,1154,2023-09-06,51.15559387207031,52.73250961303711,51.373779296875
1155,1155,1155,2023-09-07,51.23493194580078,52.9011116027832,51.36386489868164
1156,1156,1156,2023-09-08,51.00682830810547,52.22670364379883,51.53246307373047
1157,1157,1157,2023-09-11,50.94731903076172,52.048187255859375,52.21678924560547
1158,1158,1158,2023-09-12,51.0464973449707,51.51262664794922,51.89942169189453
1159,1159,1159,2023-09-13,50.67953872680664,50.292747497558594,52.29612731933594
1160,1160,1160,2023-09-14,51.26721954345703,51.15559387207031,52.73250961303711
1161,1161,1161,2023-09-15,50.56997680664063,51.23493194580078,52.9011116027832
1162,1162,1162,2023-09-18,50.818992614746094,51.00682830810547,52.22670364379883
1163,1163,1163,2023-09-19,50.72934722900391,50.94731903076172,52.048187255859375
1164,1164,1164,2023-09-20,50.37076187133789,51.0464973449707,51.51262664794922
1165,1165,1165,2023-09-21,48.647579193115234,50.67953872680664,50.292747497558594
1166,1166,1166,2023-09-22,48.478248596191406,51.26721954345703,51.15559387207031
1167,1167,1167,2023-09-25,48.448368072509766,50.56997680664063,51.23493194580078
1168,1168,1168,2023-09-26,47.79096603393555,50.818992614746094,51.00682830810547
1169,1169,1169,2023-09-27,48.139591217041016,50.72934722900391,50.94731903076172
1170,1170,1170,2023-09-28,48.72726440429688,50.37076187133789,51.0464973449707
1171,1171,1171,2023-09-29,48.398563385009766,48.647579193115234,50.67953872680664
1172,1172,1172,2023-10-02,48.22923278808594,48.478248596191406,51.26721954345703
1173,1173,1173,2023-10-03,47.0638427734375,48.448368072509766,50.56997680664063
1174,1174,1174,2023-10-04,48.58781433105469,47.79096603393555,50.818992614746094
1175,1175,1175,2023-10-05,48.82686996459961,48.139591217041016,50.72934722900391
1176,1176,1176,2023-10-06,49.414546966552734,48.72726440429688,50.37076187133789
1177,1177,1177,2023-10-09,49.53407287597656,48.398563385009766,48.647579193115234
1178,1178,1178,2023-10-10,49.67351913452149,48.22923278808594,48.478248596191406
1179,1179,1179,2023-10-11,49.46434783935547,47.0638427734375,48.448368072509766
1180,1180,1180,2023-10-12,49.12568664550781,48.58781433105469,47.79096603393555
1181,1181,1181,2023-10-13,49.17549133300781,48.82686996459961,48.139591217041016
1182,1182,1182,2023-10-16,50.10182571411133,49.414546966552734,48.72726440429688
1183,1183,1183,2023-10-17,49.73328399658203,49.53407287597656,48.398563385009766
1184,1184,1184,2023-10-18,51.7154426574707,49.67351913452149,48.22923278808594
1185,1185,1185,2023-10-19,51.087928771972656,49.46434783935547,47.0638427734375
1186,1186,1186,2023-10-20,50.40064239501953,49.12568664550781,48.58781433105469
1187,1187,1187,2023-10-23,49.62371826171875,49.17549133300781,48.82686996459961
1188,1188,1188,2023-10-24,49.26513671875,50.10182571411133,49.414546966552734
1189,1189,1189,2023-10-25,49.295021057128906,49.73328399658203,49.53407287597656
1190,1190,1190,2023-10-26,49.50419235229492,51.7154426574707,49.67351913452149
1191,1191,1191,2023-10-27,47.40250396728516,51.087928771972656,49.46434783935547
1192,1192,1192,2023-10-30,48.71730422973633,50.40064239501953,49.12568664550781
1193,1193,1193,2023-10-31,49.40458297729492,49.62371826171875,49.17549133300781
1194,1194,1194,2023-11-01,48.5180892944336,49.26513671875,50.10182571411133
1195,1195,1195,2023-11-02,49.6635627746582,49.295021057128906,49.73328399658203
1196,1196,1196,2023-11-03,50.02214431762695,49.50419235229492,51.7154426574707
1197,1197,1197,2023-11-06,50.53013229370117,47.40250396728516,51.087928771972656
1198,1198,1198,2023-11-07,50.988319396972656,48.71730422973633,50.40064239501953
1199,1199,1199,2023-11-08,51.5361557006836,49.40458297729492,49.62371826171875
1200,1200,1200,2023-11-09,51.21741485595703,48.5180892944336,49.26513671875
1201,1201,1201,2023-11-10,51.90469741821289,49.6635627746582,49.295021057128906
1202,1202,1202,2023-11-13,51.8847770690918,50.02214431762695,49.50419235229492
1203,1203,1203,2023-11-14,52.9007568359375,50.53013229370117,47.40250396728516
1204,1204,1204,2023-11-15,53.10992813110352,50.988319396972656,48.71730422973633
1205,1205,1205,2023-11-16,53.329063415527344,51.5361557006836,49.40458297729492
1206,1206,1206,2023-11-17,53.2692985534668,51.21741485595703,48.5180892944336
1207,1207,1207,2023-11-20,53.92669677734375,51.90469741821289,49.6635627746582
1208,1208,1208,2023-11-21,54.4048080444336,51.8847770690918,50.02214431762695
1209,1209,1209,2023-11-22,54.91279983520508,52.9007568359375,50.53013229370117
1210,1210,1210,2023-11-24,55.08212661743164,53.10992813110352,50.988319396972656
1211,1211,1211,2023-11-27,54.922760009765625,53.329063415527344,51.5361557006836
1212,1212,1212,2023-11-28,55.361026763916016,53.2692985534668,51.21741485595703
1213,1213,1213,2023-11-29,55.48055267333984,53.92669677734375,51.90469741821289
1214,1214,1214,2023-11-30,55.62000274658203,54.4048080444336,51.8847770690918
1215,1215,1215,2023-12-01,55.67976760864258,54.91279983520508,52.9007568359375
1216,1216,1216,2023-12-04,56.00846481323242,55.08212661743164,53.10992813110352
1217,1217,1217,2023-12-05,55.5004768371582,54.922760009765625,53.329063415527344
1218,1218,1218,2023-12-06,55.62000274658203,55.361026763916016,53.2692985534668
1219,1219,1219,2023-12-07,54.130001068115234,55.48055267333984,53.92669677734375
1220,1220,1220,2023-12-08,53.970001220703125,55.62000274658203,54.4048080444336
1221,1221,1221,2023-12-11,54.220001220703125,55.67976760864258,54.91279983520508
1222,1222,1222,2023-12-12,54.16999816894531,56.00846481323242,55.08212661743164
1223,1223,1223,2023-12-13,56.38999938964844,55.5004768371582,54.922760009765625
1224,1224,1224,2023-12-14,56.11000061035156,55.62000274658203,55.361026763916016
1225,1225,1225,2023-12-15,54.7400016784668,54.130001068115234,55.48055267333984
1226,1226,1226,2023-12-18,55.380001068115234,53.970001220703125,55.62000274658203
1227,1227,1227,2023-12-19,55.7599983215332,54.220001220703125,55.67976760864258
1228,1228,1228,2023-12-20,55.150001525878906,54.16999816894531,56.00846481323242
1229,1229,1229,2023-12-21,56.09000015258789,56.38999938964844,55.5004768371582
1230,1230,1230,2023-12-22,57.040000915527344,56.11000061035156,55.62000274658203
1231,1231,1231,2023-12-26,57.630001068115234,54.7400016784668,54.130001068115234
1232,1232,1232,2023-12-27,57.9900016784668,55.380001068115234,53.970001220703125
1233,1233,1233,2023-12-28,58.2400016784668,55.7599983215332,54.220001220703125
1234,1234,1234,2023-12-29,58.13999938964844,55.150001525878906,54.16999816894531
1235,1235,1235,2024-01-02,56.900001525878906,56.09000015258789,56.38999938964844
1236,1236,1236,2024-01-03,55.9900016784668,57.040000915527344,56.11000061035156
1237,1237,1237,2024-01-04,56.02999877929688,57.630001068115234,54.7400016784668
1238,1238,1238,2024-01-05,55.66999816894531,57.9900016784668,55.380001068115234
1239,1239,1239,2024-01-08,56.709999084472656,58.2400016784668,55.7599983215332
1240,1240,1240,2024-01-09,56.369998931884766,58.13999938964844,55.150001525878906
1241,1241,1241,2024-01-10,56.88999938964844,56.900001525878906,56.09000015258789
1242,1242,1242,2024-01-11,56.540000915527344,55.9900016784668,57.040000915527344
1243,1243,1243,2024-01-12,56.93000030517578,56.02999877929688,57.630001068115234
1244,1244,1244,2024-01-16,56.459999084472656,55.66999816894531,57.9900016784668
1245,1245,1245,2024-01-17,56.11000061035156,56.709999084472656,58.2400016784668
1246,1246,1246,2024-01-18,56.83000183105469,56.369998931884766,58.13999938964844
1247,1247,1247,2024-01-19,57.84999847412109,56.88999938964844,56.900001525878906
1248,1248,1248,2024-01-22,58.15999984741211,56.540000915527344,55.9900016784668
1249,1249,1249,2024-01-23,58.380001068115234,56.93000030517578,56.02999877929688
1250,1250,1250,2024-01-24,58.20000076293945,56.459999084472656,55.66999816894531
1251,1251,1251,2024-01-25,58.369998931884766,56.11000061035156,56.709999084472656
1252,1252,1252,2024-01-26,58.619998931884766,56.83000183105469,56.369998931884766
1253,1253,1253,2024-01-29,58.25,57.84999847412109,56.88999938964844
1254,1254,1254,2024-01-30,58.45000076293945,58.15999984741211,56.540000915527344
1255,1255,1255,2024-01-31,57.77000045776367,58.380001068115234,56.93000030517578
1256,1256,1256,2024-02-01,57.09000015258789,58.20000076293945,56.459999084472656
1257,1257,1257,2024-02-02,56.650001525878906,58.369998931884766,56.11000061035156
1258,1258,1258,2024-02-05,56.060001373291016,58.619998931884766,56.83000183105469
