,Date,NXPI
0,2019-02-04 00:00:00-05:00,82.14373016357422
1,2019-02-05 00:00:00-05:00,83.56989288330078
2,2019-02-06 00:00:00-05:00,85.61653900146484
3,2019-02-07 00:00:00-05:00,84.023681640625
4,2019-02-08 00:00:00-05:00,81.04168701171875
5,2019-02-11 00:00:00-05:00,82.653076171875
6,2019-02-12 00:00:00-05:00,86.33889770507812
7,2019-02-13 00:00:00-05:00,85.08867645263672
8,2019-02-14 00:00:00-05:00,84.9682846069336
9,2019-02-15 00:00:00-05:00,86.1629409790039
10,2019-02-19 00:00:00-05:00,85.66284942626953
11,2019-02-20 00:00:00-05:00,87.28350067138672
12,2019-02-21 00:00:00-05:00,87.37611389160156
13,2019-02-22 00:00:00-05:00,87.52427673339844
14,2019-02-25 00:00:00-05:00,89.95988464355469
15,2019-02-26 00:00:00-05:00,87.14460754394531
16,2019-02-27 00:00:00-05:00,85.04239654541016
17,2019-02-28 00:00:00-05:00,84.57007598876953
18,2019-03-01 00:00:00-05:00,87.28350067138672
19,2019-03-04 00:00:00-05:00,86.57041931152344
20,2019-03-05 00:00:00-05:00,86.40371704101562
21,2019-03-06 00:00:00-05:00,85.08867645263672
22,2019-03-07 00:00:00-05:00,87.12606048583984
23,2019-03-08 00:00:00-05:00,86.29259490966797
24,2019-03-11 00:00:00-04:00,87.31128692626953
25,2019-03-12 00:00:00-04:00,87.04270935058594
26,2019-03-13 00:00:00-04:00,86.49630737304688
27,2019-03-14 00:00:00-04:00,85.98696899414062
28,2019-03-15 00:00:00-04:00,86.71128845214844
29,2019-03-18 00:00:00-04:00,85.68053436279297
30,2019-03-19 00:00:00-04:00,86.1912841796875
31,2019-03-20 00:00:00-04:00,84.52910614013672
32,2019-03-21 00:00:00-04:00,87.5562973022461
33,2019-03-22 00:00:00-04:00,84.18553161621094
34,2019-03-25 00:00:00-04:00,82.57908630371094
35,2019-03-26 00:00:00-04:00,82.91336059570312
36,2019-03-27 00:00:00-04:00,81.11190032958984
37,2019-03-28 00:00:00-04:00,79.7840347290039
38,2019-03-29 00:00:00-04:00,82.0776138305664
39,2019-04-01 00:00:00-04:00,87.64913177490234
40,2019-04-02 00:00:00-04:00,86.1634292602539
41,2019-04-03 00:00:00-04:00,89.3113021850586
42,2019-04-04 00:00:00-04:00,89.67346954345703
43,2019-04-05 00:00:00-04:00,91.14061737060547
44,2019-04-08 00:00:00-04:00,91.5677719116211
45,2019-04-09 00:00:00-04:00,90.62061309814453
46,2019-04-10 00:00:00-04:00,91.12205505371094
47,2019-04-11 00:00:00-04:00,90.67632293701172
48,2019-04-12 00:00:00-04:00,93.17423248291016
49,2019-04-15 00:00:00-04:00,92.14351654052734
50,2019-04-16 00:00:00-04:00,93.47138214111328
51,2019-04-17 00:00:00-04:00,93.94495391845703
52,2019-04-18 00:00:00-04:00,93.40638732910156
53,2019-04-22 00:00:00-04:00,91.43777465820312
54,2019-04-23 00:00:00-04:00,91.95777130126953
55,2019-04-24 00:00:00-04:00,92.97920989990234
56,2019-04-25 00:00:00-04:00,90.7042007446289
57,2019-04-26 00:00:00-04:00,91.92993927001953
58,2019-04-29 00:00:00-04:00,90.90848541259766
59,2019-04-30 00:00:00-04:00,98.07715606689453
60,2019-05-01 00:00:00-04:00,97.49214172363281
61,2019-05-02 00:00:00-04:00,98.98716735839844
62,2019-05-03 00:00:00-04:00,100.3614730834961
63,2019-05-06 00:00:00-04:00,98.4485855102539
64,2019-05-07 00:00:00-04:00,95.14281463623047
65,2019-05-08 00:00:00-04:00,94.25138092041016
66,2019-05-09 00:00:00-04:00,93.1649398803711
67,2019-05-10 00:00:00-04:00,93.01636505126953
68,2019-05-13 00:00:00-04:00,86.4698486328125
69,2019-05-14 00:00:00-04:00,91.15919494628906
70,2019-05-15 00:00:00-04:00,93.01636505126953
71,2019-05-16 00:00:00-04:00,90.67632293701172
72,2019-05-17 00:00:00-04:00,88.33628845214844
73,2019-05-20 00:00:00-04:00,85.98697662353516
74,2019-05-21 00:00:00-04:00,89.7756118774414
75,2019-05-22 00:00:00-04:00,86.95271301269531
76,2019-05-23 00:00:00-04:00,85.34626770019531
77,2019-05-24 00:00:00-04:00,85.25338745117188
78,2019-05-28 00:00:00-04:00,83.21051788330078
79,2019-05-29 00:00:00-04:00,82.7555160522461
80,2019-05-30 00:00:00-04:00,84.38982391357422
81,2019-05-31 00:00:00-04:00,81.86406707763672
82,2019-06-03 00:00:00-04:00,83.22908782958984
83,2019-06-04 00:00:00-04:00,87.87200927734375
84,2019-06-05 00:00:00-04:00,86.77628326416016
85,2019-06-06 00:00:00-04:00,85.6991195678711
86,2019-06-07 00:00:00-04:00,86.02411651611328
87,2019-06-10 00:00:00-04:00,88.57774353027344
88,2019-06-11 00:00:00-04:00,88.64273834228516
89,2019-06-12 00:00:00-04:00,87.06414794921875
90,2019-06-13 00:00:00-04:00,87.93004608154297
91,2019-06-14 00:00:00-04:00,84.6247329711914
92,2019-06-17 00:00:00-04:00,83.51676940917969
93,2019-06-18 00:00:00-04:00,88.24658966064453
94,2019-06-19 00:00:00-04:00,89.58733367919922
95,2019-06-20 00:00:00-04:00,91.25394439697266
96,2019-06-21 00:00:00-04:00,91.30048370361328
97,2019-06-24 00:00:00-04:00,90.91876220703125
98,2019-06-25 00:00:00-04:00,88.55384826660156
99,2019-06-26 00:00:00-04:00,90.44391632080078
100,2019-06-27 00:00:00-04:00,92.38985443115234
101,2019-06-28 00:00:00-04:00,90.88151550292969
102,2019-07-01 00:00:00-04:00,93.03230285644531
103,2019-07-02 00:00:00-04:00,91.31912994384766
104,2019-07-03 00:00:00-04:00,90.94669342041016
105,2019-07-05 00:00:00-04:00,89.87596130371094
106,2019-07-08 00:00:00-04:00,88.96350860595703
107,2019-07-09 00:00:00-04:00,89.3079833984375
108,2019-07-10 00:00:00-04:00,89.5035171508789
109,2019-07-11 00:00:00-04:00,87.63209533691406
110,2019-07-12 00:00:00-04:00,90.30424499511719
111,2019-07-15 00:00:00-04:00,92.32467651367188
112,2019-07-16 00:00:00-04:00,90.32288360595703
113,2019-07-17 00:00:00-04:00,89.75492095947266
114,2019-07-18 00:00:00-04:00,90.42529296875
115,2019-07-19 00:00:00-04:00,91.2073745727539
116,2019-07-22 00:00:00-04:00,91.93362426757812
117,2019-07-23 00:00:00-04:00,93.98197174072266
118,2019-07-24 00:00:00-04:00,98.22764587402344
119,2019-07-25 00:00:00-04:00,94.7547607421875
120,2019-07-26 00:00:00-04:00,95.30409240722656
121,2019-07-29 00:00:00-04:00,97.04517364501953
122,2019-07-30 00:00:00-04:00,98.49765014648438
123,2019-07-31 00:00:00-04:00,96.2630844116211
124,2019-08-01 00:00:00-04:00,93.10677337646484
125,2019-08-02 00:00:00-04:00,93.5350570678711
126,2019-08-05 00:00:00-04:00,90.22045135498047
127,2019-08-06 00:00:00-04:00,93.358154296875
128,2019-08-07 00:00:00-04:00,95.31340026855469
129,2019-08-08 00:00:00-04:00,94.48475646972656
130,2019-08-09 00:00:00-04:00,92.99503326416016
131,2019-08-12 00:00:00-04:00,91.4773941040039
132,2019-08-13 00:00:00-04:00,95.1271743774414
133,2019-08-14 00:00:00-04:00,93.09744262695312
134,2019-08-15 00:00:00-04:00,92.89260864257812
135,2019-08-16 00:00:00-04:00,96.4213638305664
136,2019-08-19 00:00:00-04:00,96.3282470703125
137,2019-08-20 00:00:00-04:00,95.77894592285156
138,2019-08-21 00:00:00-04:00,96.23514556884766
139,2019-08-22 00:00:00-04:00,96.16997528076172
140,2019-08-23 00:00:00-04:00,91.23531341552734
141,2019-08-26 00:00:00-04:00,91.90569305419922
142,2019-08-27 00:00:00-04:00,91.91500091552734
143,2019-08-28 00:00:00-04:00,93.36746978759766
144,2019-08-29 00:00:00-04:00,94.55923461914062
145,2019-08-30 00:00:00-04:00,95.0992660522461
146,2019-09-03 00:00:00-04:00,92.33397674560547
147,2019-09-04 00:00:00-04:00,94.82923126220703
148,2019-09-05 00:00:00-04:00,98.69316864013672
149,2019-09-06 00:00:00-04:00,98.5162582397461
150,2019-09-09 00:00:00-04:00,99.98737335205078
151,2019-09-10 00:00:00-04:00,100.42495727539062
152,2019-09-11 00:00:00-04:00,102.41743469238281
153,2019-09-12 00:00:00-04:00,102.44535827636719
154,2019-09-13 00:00:00-04:00,103.44970703125
155,2019-09-16 00:00:00-04:00,100.49744415283203
156,2019-09-17 00:00:00-04:00,100.67496490478516
157,2019-09-18 00:00:00-04:00,100.73101043701172
158,2019-09-19 00:00:00-04:00,101.23551177978516
159,2019-09-20 00:00:00-04:00,97.90957641601562
160,2019-09-23 00:00:00-04:00,99.0774154663086
161,2019-09-24 00:00:00-04:00,97.06874084472656
162,2019-09-25 00:00:00-04:00,101.10472869873047
163,2019-09-26 00:00:00-04:00,101.28224182128906
164,2019-09-27 00:00:00-04:00,99.52583312988281
165,2019-09-30 00:00:00-04:00,101.94556427001953
166,2019-10-01 00:00:00-04:00,101.80541229248047
167,2019-10-02 00:00:00-04:00,99.68465423583984
168,2019-10-03 00:00:00-04:00,100.26390075683594
169,2019-10-04 00:00:00-04:00,102.65557861328125
170,2019-10-07 00:00:00-04:00,100.88983917236328
171,2019-10-08 00:00:00-04:00,96.92861938476562
172,2019-10-09 00:00:00-04:00,98.9933090209961
173,2019-10-10 00:00:00-04:00,100.1985092163086
174,2019-10-11 00:00:00-04:00,103.47772979736328
175,2019-10-14 00:00:00-04:00,103.92616271972656
176,2019-10-15 00:00:00-04:00,104.60816955566406
177,2019-10-16 00:00:00-04:00,101.4690933227539
178,2019-10-17 00:00:00-04:00,102.59019470214844
179,2019-10-18 00:00:00-04:00,101.8427963256836
180,2019-10-21 00:00:00-04:00,102.74900817871094
181,2019-10-22 00:00:00-04:00,100.69364929199219
182,2019-10-23 00:00:00-04:00,96.42411041259766
183,2019-10-24 00:00:00-04:00,99.09609985351562
184,2019-10-25 00:00:00-04:00,98.89989471435547
185,2019-10-28 00:00:00-04:00,101.5064468383789
186,2019-10-29 00:00:00-04:00,106.88774871826172
187,2019-10-30 00:00:00-04:00,107.26143646240234
188,2019-10-31 00:00:00-04:00,106.20574188232422
189,2019-11-01 00:00:00-04:00,110.24171447753906
190,2019-11-04 00:00:00-05:00,110.12958526611328
191,2019-11-05 00:00:00-05:00,110.85832214355469
192,2019-11-06 00:00:00-05:00,108.81229400634766
193,2019-11-07 00:00:00-05:00,109.68115234375
194,2019-11-08 00:00:00-05:00,109.8866958618164
195,2019-11-11 00:00:00-05:00,110.48461151123047
196,2019-11-12 00:00:00-05:00,111.11991119384766
197,2019-11-13 00:00:00-05:00,110.96109008789062
198,2019-11-14 00:00:00-05:00,110.23236846923828
199,2019-11-15 00:00:00-05:00,109.75589752197266
200,2019-11-18 00:00:00-05:00,108.2984619140625
201,2019-11-19 00:00:00-05:00,106.51405334472656
202,2019-11-20 00:00:00-05:00,107.19602966308594
203,2019-11-21 00:00:00-05:00,106.74759674072266
204,2019-11-22 00:00:00-05:00,107.64449310302734
205,2019-11-25 00:00:00-05:00,109.3822021484375
206,2019-11-26 00:00:00-05:00,108.96177673339844
207,2019-11-27 00:00:00-05:00,109.69048309326172
208,2019-11-29 00:00:00-05:00,107.98080444335938
209,2019-12-02 00:00:00-05:00,107.2147445678711
210,2019-12-03 00:00:00-05:00,107.07460021972656
211,2019-12-04 00:00:00-05:00,108.63478088378906
212,2019-12-05 00:00:00-05:00,109.41020202636719
213,2019-12-06 00:00:00-05:00,110.8676528930664
214,2019-12-09 00:00:00-05:00,110.1015625
215,2019-12-10 00:00:00-05:00,111.26937866210938
216,2019-12-11 00:00:00-05:00,113.41815948486328
217,2019-12-12 00:00:00-05:00,115.82853698730469
218,2019-12-13 00:00:00-05:00,116.08622741699219
219,2019-12-16 00:00:00-05:00,116.47981262207031
220,2019-12-17 00:00:00-05:00,118.00725555419922
221,2019-12-18 00:00:00-05:00,117.87606048583984
222,2019-12-19 00:00:00-05:00,118.02599334716797
223,2019-12-20 00:00:00-05:00,119.65650939941406
224,2019-12-23 00:00:00-05:00,119.97512817382812
225,2019-12-24 00:00:00-05:00,121.0715103149414
226,2019-12-26 00:00:00-05:00,120.58424377441406
227,2019-12-27 00:00:00-05:00,120.12506866455078
228,2019-12-30 00:00:00-05:00,119.52532958984375
229,2019-12-31 00:00:00-05:00,119.25357055664062
230,2020-01-02 00:00:00-05:00,120.45304107666016
231,2020-01-03 00:00:00-05:00,119.29106140136719
232,2020-01-06 00:00:00-05:00,118.44768524169922
233,2020-01-07 00:00:00-05:00,119.98448944091797
234,2020-01-08 00:00:00-05:00,120.28437805175781
235,2020-01-09 00:00:00-05:00,121.05277252197266
236,2020-01-10 00:00:00-05:00,121.48384094238281
237,2020-01-13 00:00:00-05:00,123.6766128540039
238,2020-01-14 00:00:00-05:00,124.36072540283203
239,2020-01-15 00:00:00-05:00,124.16390991210938
240,2020-01-16 00:00:00-05:00,125.73819732666016
241,2020-01-17 00:00:00-05:00,125.41961669921875
242,2020-01-21 00:00:00-05:00,125.5320816040039
243,2020-01-22 00:00:00-05:00,126.16925048828125
244,2020-01-23 00:00:00-05:00,127.8279037475586
245,2020-01-24 00:00:00-05:00,126.76901245117188
246,2020-01-27 00:00:00-05:00,122.24288177490234
247,2020-01-28 00:00:00-05:00,124.33258819580078
248,2020-01-29 00:00:00-05:00,124.3138427734375
249,2020-01-30 00:00:00-05:00,123.33928680419922
250,2020-01-31 00:00:00-05:00,118.87873077392578
251,2020-02-03 00:00:00-05:00,117.79171752929688
252,2020-02-04 00:00:00-05:00,122.29910278320312
253,2020-02-05 00:00:00-05:00,125.78507995605469
254,2020-02-06 00:00:00-05:00,126.82526397705078
255,2020-02-07 00:00:00-05:00,123.93900299072266
256,2020-02-10 00:00:00-05:00,124.81050872802734
257,2020-02-11 00:00:00-05:00,126.99390411376953
258,2020-02-12 00:00:00-05:00,129.15855407714844
259,2020-02-13 00:00:00-05:00,129.9644775390625
260,2020-02-14 00:00:00-05:00,128.4557647705078
261,2020-02-18 00:00:00-05:00,125.44772338867188
262,2020-02-19 00:00:00-05:00,126.45974731445312
263,2020-02-20 00:00:00-05:00,126.31920623779297
264,2020-02-21 00:00:00-05:00,122.28973388671875
265,2020-02-24 00:00:00-05:00,116.23616790771484
266,2020-02-25 00:00:00-05:00,113.21875762939453
267,2020-02-26 00:00:00-05:00,111.95369720458984
268,2020-02-27 00:00:00-05:00,107.42755889892578
269,2020-02-28 00:00:00-05:00,106.53732299804688
270,2020-03-02 00:00:00-05:00,112.52529907226562
271,2020-03-03 00:00:00-05:00,109.22674560546875
272,2020-03-04 00:00:00-05:00,113.64042663574219
273,2020-03-05 00:00:00-05:00,108.0179214477539
274,2020-03-06 00:00:00-05:00,104.66314697265625
275,2020-03-09 00:00:00-04:00,95.55467224121094
276,2020-03-10 00:00:00-04:00,100.12763977050781
277,2020-03-11 00:00:00-04:00,94.1958999633789
278,2020-03-12 00:00:00-04:00,86.1838150024414
279,2020-03-13 00:00:00-04:00,89.895751953125
280,2020-03-16 00:00:00-04:00,75.57491302490234
281,2020-03-17 00:00:00-04:00,75.34907531738281
282,2020-03-18 00:00:00-04:00,60.7459602355957
283,2020-03-19 00:00:00-04:00,71.62303924560547
284,2020-03-20 00:00:00-04:00,69.23308563232422
285,2020-03-23 00:00:00-04:00,72.7051010131836
286,2020-03-24 00:00:00-04:00,80.66529846191406
287,2020-03-25 00:00:00-04:00,79.84669494628906
288,2020-03-26 00:00:00-04:00,84.41958618164062
289,2020-03-27 00:00:00-04:00,76.49702453613281
290,2020-03-30 00:00:00-04:00,79.91255187988281
291,2020-03-31 00:00:00-04:00,78.03073120117188
292,2020-04-01 00:00:00-04:00,70.3151626586914
293,2020-04-02 00:00:00-04:00,73.18496704101562
294,2020-04-03 00:00:00-04:00,71.27490997314453
295,2020-04-06 00:00:00-04:00,81.80381774902344
296,2020-04-07 00:00:00-04:00,79.30095672607422
297,2020-04-08 00:00:00-04:00,86.1697006225586
298,2020-04-09 00:00:00-04:00,84.65481567382812
299,2020-04-13 00:00:00-04:00,83.84561920166016
300,2020-04-14 00:00:00-04:00,86.82833862304688
301,2020-04-15 00:00:00-04:00,81.99199676513672
302,2020-04-16 00:00:00-04:00,83.75153350830078
303,2020-04-17 00:00:00-04:00,84.84300231933594
304,2020-04-20 00:00:00-04:00,81.57799530029297
305,2020-04-21 00:00:00-04:00,76.27117919921875
306,2020-04-22 00:00:00-04:00,83.798583984375
307,2020-04-23 00:00:00-04:00,82.87646484375
308,2020-04-24 00:00:00-04:00,88.85133361816406
309,2020-04-27 00:00:00-04:00,91.39181518554688
310,2020-04-28 00:00:00-04:00,92.53033447265625
311,2020-04-29 00:00:00-04:00,100.46231079101562
312,2020-04-30 00:00:00-04:00,93.68767547607422
313,2020-05-01 00:00:00-04:00,89.85812377929688
314,2020-05-04 00:00:00-04:00,90.85549926757812
315,2020-05-05 00:00:00-04:00,93.33953094482422
316,2020-05-06 00:00:00-04:00,94.44982147216797
317,2020-05-07 00:00:00-04:00,96.59512329101562
318,2020-05-08 00:00:00-04:00,98.64633178710938
319,2020-05-11 00:00:00-04:00,96.50101470947266
320,2020-05-12 00:00:00-04:00,92.52093505859375
321,2020-05-13 00:00:00-04:00,87.53404235839844
322,2020-05-14 00:00:00-04:00,88.06094360351562
323,2020-05-15 00:00:00-04:00,85.10643768310547
324,2020-05-18 00:00:00-04:00,96.03997039794922
325,2020-05-19 00:00:00-04:00,93.18899536132812
326,2020-05-20 00:00:00-04:00,97.47958374023438
327,2020-05-21 00:00:00-04:00,93.0478515625
328,2020-05-22 00:00:00-04:00,92.52093505859375
329,2020-05-26 00:00:00-04:00,95.98351287841797
330,2020-05-27 00:00:00-04:00,98.222900390625
331,2020-05-28 00:00:00-04:00,93.39598846435547
332,2020-05-29 00:00:00-04:00,90.42266082763672
333,2020-06-01 00:00:00-04:00,93.33012390136719
334,2020-06-02 00:00:00-04:00,95.45661163330078
335,2020-06-03 00:00:00-04:00,102.13716125488281
336,2020-06-04 00:00:00-04:00,103.07808685302734
337,2020-06-05 00:00:00-04:00,107.09579467773438
338,2020-06-08 00:00:00-04:00,107.35928344726562
339,2020-06-09 00:00:00-04:00,104.92228698730469
340,2020-06-10 00:00:00-04:00,103.77436828613281
341,2020-06-11 00:00:00-04:00,96.41635131835938
342,2020-06-12 00:00:00-04:00,100.26468658447266
343,2020-06-15 00:00:00-04:00,103.37168884277344
344,2020-06-16 00:00:00-04:00,106.9603271484375
345,2020-06-17 00:00:00-04:00,110.25621795654297
346,2020-06-18 00:00:00-04:00,110.67174530029297
347,2020-06-19 00:00:00-04:00,110.7472915649414
348,2020-06-22 00:00:00-04:00,110.53007507324219
349,2020-06-23 00:00:00-04:00,113.24988555908203
350,2020-06-24 00:00:00-04:00,106.7714614868164
351,2020-06-25 00:00:00-04:00,107.06421661376953
352,2020-06-26 00:00:00-04:00,102.13455963134766
353,2020-06-29 00:00:00-04:00,105.37377166748047
354,2020-06-30 00:00:00-04:00,107.69696044921875
355,2020-07-01 00:00:00-04:00,105.68544006347656
356,2020-07-02 00:00:00-04:00,106.45037841796875
357,2020-07-06 00:00:00-04:00,110.04845428466797
358,2020-07-07 00:00:00-04:00,109.00963592529297
359,2020-07-08 00:00:00-04:00,109.95401763916016
360,2020-07-09 00:00:00-04:00,111.34225463867188
361,2020-07-10 00:00:00-04:00,110.58675384521484
362,2020-07-13 00:00:00-04:00,110.53007507324219
363,2020-07-14 00:00:00-04:00,113.75041198730469
364,2020-07-15 00:00:00-04:00,115.05365753173828
365,2020-07-16 00:00:00-04:00,114.39260864257812
366,2020-07-17 00:00:00-04:00,115.88471984863281
367,2020-07-20 00:00:00-04:00,116.68743896484375
368,2020-07-21 00:00:00-04:00,116.62133026123047
369,2020-07-22 00:00:00-04:00,114.60980987548828
370,2020-07-23 00:00:00-04:00,112.55105590820312
371,2020-07-24 00:00:00-04:00,109.31185150146484
372,2020-07-27 00:00:00-04:00,113.55209350585938
373,2020-07-28 00:00:00-04:00,108.8302001953125
374,2020-07-29 00:00:00-04:00,112.46607208251953
375,2020-07-30 00:00:00-04:00,110.7000732421875
376,2020-07-31 00:00:00-04:00,110.9928207397461
377,2020-08-03 00:00:00-04:00,112.52273559570312
378,2020-08-04 00:00:00-04:00,114.1848373413086
379,2020-08-05 00:00:00-04:00,113.1932373046875
380,2020-08-06 00:00:00-04:00,115.63917541503906
381,2020-08-07 00:00:00-04:00,113.99595642089844
382,2020-08-10 00:00:00-04:00,114.63813018798828
383,2020-08-11 00:00:00-04:00,114.58145904541016
384,2020-08-12 00:00:00-04:00,117.96234893798828
385,2020-08-13 00:00:00-04:00,115.91304016113281
386,2020-08-14 00:00:00-04:00,116.19635772705078
387,2020-08-17 00:00:00-04:00,117.85847473144531
388,2020-08-18 00:00:00-04:00,117.46182250976562
389,2020-08-19 00:00:00-04:00,116.86686706542969
390,2020-08-20 00:00:00-04:00,114.69478607177734
391,2020-08-21 00:00:00-04:00,114.74200439453125
392,2020-08-24 00:00:00-04:00,116.89519500732422
393,2020-08-25 00:00:00-04:00,120.22885131835938
394,2020-08-26 00:00:00-04:00,120.4366226196289
395,2020-08-27 00:00:00-04:00,119.0389633178711
396,2020-08-28 00:00:00-04:00,120.1533203125
397,2020-08-31 00:00:00-04:00,118.76506042480469
398,2020-09-01 00:00:00-04:00,121.06935119628906
399,2020-09-02 00:00:00-04:00,124.7524185180664
400,2020-09-03 00:00:00-04:00,119.08616638183594
401,2020-09-04 00:00:00-04:00,119.30338287353516
402,2020-09-08 00:00:00-04:00,113.06101989746094
403,2020-09-09 00:00:00-04:00,117.32960510253906
404,2020-09-10 00:00:00-04:00,116.25301361083984
405,2020-09-11 00:00:00-04:00,117.81124114990234
406,2020-09-14 00:00:00-04:00,119.06632995605469
407,2020-09-15 00:00:00-04:00,120.68608856201172
408,2020-09-16 00:00:00-04:00,121.80380249023438
409,2020-09-17 00:00:00-04:00,121.01762390136719
410,2020-09-18 00:00:00-04:00,119.43572235107422
411,2020-09-21 00:00:00-04:00,114.94587707519531
412,2020-09-22 00:00:00-04:00,116.15834045410156
413,2020-09-23 00:00:00-04:00,113.61029815673828
414,2020-09-24 00:00:00-04:00,112.87146759033203
415,2020-09-25 00:00:00-04:00,113.50611114501953
416,2020-09-28 00:00:00-04:00,117.45603942871094
417,2020-09-29 00:00:00-04:00,116.78350830078125
418,2020-09-30 00:00:00-04:00,118.22329711914062
419,2020-10-01 00:00:00-04:00,124.0771713256836
420,2020-10-02 00:00:00-04:00,120.66712188720703
421,2020-10-05 00:00:00-04:00,125.03384399414062
422,2020-10-06 00:00:00-04:00,123.99189758300781
423,2020-10-07 00:00:00-04:00,126.54940795898438
424,2020-10-08 00:00:00-04:00,127.71453094482422
425,2020-10-09 00:00:00-04:00,134.0609588623047
426,2020-10-12 00:00:00-04:00,134.58189392089844
427,2020-10-13 00:00:00-04:00,129.61842346191406
428,2020-10-14 00:00:00-04:00,129.8741912841797
429,2020-10-15 00:00:00-04:00,129.64683532714844
430,2020-10-16 00:00:00-04:00,129.9878387451172
431,2020-10-19 00:00:00-04:00,129.1353302001953
432,2020-10-20 00:00:00-04:00,128.07444763183594
433,2020-10-21 00:00:00-04:00,128.69017028808594
434,2020-10-22 00:00:00-04:00,127.7713394165039
435,2020-10-23 00:00:00-04:00,129.9404754638672
436,2020-10-26 00:00:00-04:00,127.7713394165039
437,2020-10-27 00:00:00-04:00,126.19892883300781
438,2020-10-28 00:00:00-04:00,122.92151641845703
439,2020-10-29 00:00:00-04:00,128.9838104248047
440,2020-10-30 00:00:00-04:00,127.98918914794922
441,2020-11-02 00:00:00-05:00,130.06361389160156
442,2020-11-03 00:00:00-05:00,131.55076599121094
443,2020-11-04 00:00:00-05:00,132.0244140625
444,2020-11-05 00:00:00-05:00,136.7605438232422
445,2020-11-06 00:00:00-05:00,138.9770050048828
446,2020-11-09 00:00:00-05:00,137.2151641845703
447,2020-11-10 00:00:00-05:00,132.83901977539062
448,2020-11-11 00:00:00-05:00,137.4141082763672
449,2020-11-12 00:00:00-05:00,136.68472290039062
450,2020-11-13 00:00:00-05:00,138.75914001464844
451,2020-11-16 00:00:00-05:00,142.074462890625
452,2020-11-17 00:00:00-05:00,141.50611877441406
453,2020-11-18 00:00:00-05:00,140.33152770996094
454,2020-11-19 00:00:00-05:00,143.36268615722656
455,2020-11-20 00:00:00-05:00,142.62387084960938
456,2020-11-23 00:00:00-05:00,147.68203735351562
457,2020-11-24 00:00:00-05:00,150.10691833496094
458,2020-11-25 00:00:00-05:00,149.34915161132812
459,2020-11-27 00:00:00-05:00,150.55210876464844
460,2020-11-30 00:00:00-05:00,150.05955505371094
461,2020-12-01 00:00:00-05:00,150.68470764160156
462,2020-12-02 00:00:00-05:00,152.06765747070312
463,2020-12-03 00:00:00-05:00,150.4100341796875
464,2020-12-04 00:00:00-05:00,155.33560180664062
465,2020-12-07 00:00:00-05:00,156.3775634765625
466,2020-12-08 00:00:00-05:00,157.59002685546875
467,2020-12-09 00:00:00-05:00,149.01763916015625
468,2020-12-10 00:00:00-05:00,149.91746520996094
469,2020-12-11 00:00:00-05:00,148.80923461914062
470,2020-12-14 00:00:00-05:00,150.45657348632812
471,2020-12-15 00:00:00-05:00,151.97576904296875
472,2020-12-16 00:00:00-05:00,149.336181640625
473,2020-12-17 00:00:00-05:00,150.0767822265625
474,2020-12-18 00:00:00-05:00,147.65557861328125
475,2020-12-21 00:00:00-05:00,149.0988311767578
476,2020-12-22 00:00:00-05:00,148.4816436767578
477,2020-12-23 00:00:00-05:00,148.93743896484375
478,2020-12-24 00:00:00-05:00,149.3836669921875
479,2020-12-28 00:00:00-05:00,150.1812286376953
480,2020-12-29 00:00:00-05:00,148.03538513183594
481,2020-12-30 00:00:00-05:00,151.33961486816406
482,2020-12-31 00:00:00-05:00,150.97882080078125
483,2021-01-04 00:00:00-05:00,153.85577392578125
484,2021-01-05 00:00:00-05:00,157.3024139404297
485,2021-01-06 00:00:00-05:00,160.1984100341797
486,2021-01-07 00:00:00-05:00,166.1516876220703
487,2021-01-08 00:00:00-05:00,166.18966674804688
488,2021-01-11 00:00:00-05:00,164.46160888671875
489,2021-01-12 00:00:00-05:00,167.1866455078125
490,2021-01-13 00:00:00-05:00,168.45899963378906
491,2021-01-14 00:00:00-05:00,170.9086456298828
492,2021-01-15 00:00:00-05:00,163.5216064453125
493,2021-01-19 00:00:00-05:00,166.16119384765625
494,2021-01-20 00:00:00-05:00,165.67694091796875
495,2021-01-21 00:00:00-05:00,164.85089111328125
496,2021-01-22 00:00:00-05:00,163.5975799560547
497,2021-01-25 00:00:00-05:00,165.61048889160156
498,2021-01-26 00:00:00-05:00,160.2268524169922
499,2021-01-27 00:00:00-05:00,152.4505157470703
500,2021-01-28 00:00:00-05:00,156.0301055908203
501,2021-01-29 00:00:00-05:00,152.36508178710938
502,2021-02-01 00:00:00-05:00,162.866455078125
503,2021-02-02 00:00:00-05:00,168.25958251953125
504,2021-02-03 00:00:00-05:00,165.30667114257812
505,2021-02-04 00:00:00-05:00,172.28543090820312
506,2021-02-05 00:00:00-05:00,172.7981414794922
507,2021-02-08 00:00:00-05:00,178.61854553222656
508,2021-02-09 00:00:00-05:00,178.54257202148438
509,2021-02-10 00:00:00-05:00,178.40966796875
510,2021-02-11 00:00:00-05:00,184.2015380859375
511,2021-02-12 00:00:00-05:00,184.5718536376953
512,2021-02-16 00:00:00-05:00,185.55929565429688
513,2021-02-17 00:00:00-05:00,180.1092529296875
514,2021-02-18 00:00:00-05:00,176.4916534423828
515,2021-02-19 00:00:00-05:00,181.9132537841797
516,2021-02-22 00:00:00-05:00,176.23532104492188
517,2021-02-23 00:00:00-05:00,171.93414306640625
518,2021-02-24 00:00:00-05:00,176.80499267578125
519,2021-02-25 00:00:00-05:00,169.50340270996094
520,2021-02-26 00:00:00-05:00,173.32986450195312
521,2021-03-01 00:00:00-05:00,177.8399658203125
522,2021-03-02 00:00:00-05:00,173.06399536132812
523,2021-03-03 00:00:00-05:00,167.1011962890625
524,2021-03-04 00:00:00-05:00,158.8311004638672
525,2021-03-05 00:00:00-05:00,171.76316833496094
526,2021-03-08 00:00:00-05:00,162.3632354736328
527,2021-03-09 00:00:00-05:00,174.53573608398438
528,2021-03-10 00:00:00-05:00,171.31690979003906
529,2021-03-11 00:00:00-05:00,178.97935485839844
530,2021-03-12 00:00:00-05:00,174.72525024414062
531,2021-03-15 00:00:00-04:00,190.3816680908203
532,2021-03-16 00:00:00-04:00,193.11489868164062
533,2021-03-17 00:00:00-04:00,198.409912109375
534,2021-03-18 00:00:00-04:00,189.12457275390625
535,2021-03-19 00:00:00-04:00,192.41015625
536,2021-03-22 00:00:00-04:00,190.84832763671875
537,2021-03-23 00:00:00-04:00,182.48680114746094
538,2021-03-24 00:00:00-04:00,178.35366821289062
539,2021-03-25 00:00:00-04:00,182.19155883789062
540,2021-03-26 00:00:00-04:00,189.51507568359375
541,2021-03-29 00:00:00-04:00,184.8866729736328
542,2021-03-30 00:00:00-04:00,188.3437042236328
543,2021-03-31 00:00:00-04:00,191.7434844970703
544,2021-04-01 00:00:00-04:00,198.16229248046875
545,2021-04-05 00:00:00-04:00,204.4667510986328
546,2021-04-06 00:00:00-04:00,202.76206970214844
547,2021-04-07 00:00:00-04:00,202.02877807617188
548,2021-04-08 00:00:00-04:00,199.23837280273438
549,2021-04-09 00:00:00-04:00,199.2193603515625
550,2021-04-12 00:00:00-04:00,198.02894592285156
551,2021-04-13 00:00:00-04:00,192.3720703125
552,2021-04-14 00:00:00-04:00,190.36265563964844
553,2021-04-15 00:00:00-04:00,192.1530303955078
554,2021-04-16 00:00:00-04:00,189.876953125
555,2021-04-19 00:00:00-04:00,185.4771270751953
556,2021-04-20 00:00:00-04:00,184.62001037597656
557,2021-04-21 00:00:00-04:00,191.5435333251953
558,2021-04-22 00:00:00-04:00,186.89610290527344
559,2021-04-23 00:00:00-04:00,191.95303344726562
560,2021-04-26 00:00:00-04:00,195.2481231689453
561,2021-04-27 00:00:00-04:00,193.705322265625
562,2021-04-28 00:00:00-04:00,189.1817169189453
563,2021-04-29 00:00:00-04:00,191.19114685058594
564,2021-04-30 00:00:00-04:00,183.3343505859375
565,2021-05-03 00:00:00-04:00,182.69630432128906
566,2021-05-04 00:00:00-04:00,181.9820556640625
567,2021-05-05 00:00:00-04:00,181.33448791503906
568,2021-05-06 00:00:00-04:00,183.3439178466797
569,2021-05-07 00:00:00-04:00,188.4865264892578
570,2021-05-10 00:00:00-04:00,180.02023315429688
571,2021-05-11 00:00:00-04:00,183.36294555664062
572,2021-05-12 00:00:00-04:00,174.06814575195312
573,2021-05-13 00:00:00-04:00,177.55368041992188
574,2021-05-14 00:00:00-04:00,183.10585021972656
575,2021-05-17 00:00:00-04:00,182.0677490234375
576,2021-05-18 00:00:00-04:00,182.13441467285156
577,2021-05-19 00:00:00-04:00,185.64859008789062
578,2021-05-20 00:00:00-04:00,190.1531219482422
579,2021-05-21 00:00:00-04:00,190.31500244140625
580,2021-05-24 00:00:00-04:00,194.6386260986328
581,2021-05-25 00:00:00-04:00,195.00051879882812
582,2021-05-26 00:00:00-04:00,196.31472778320312
583,2021-05-27 00:00:00-04:00,200.2002716064453
584,2021-05-28 00:00:00-04:00,201.3430938720703
585,2021-06-01 00:00:00-04:00,198.00038146972656
586,2021-06-02 00:00:00-04:00,197.94325256347656
587,2021-06-03 00:00:00-04:00,191.18165588378906
588,2021-06-04 00:00:00-04:00,192.3720703125
589,2021-06-07 00:00:00-04:00,191.56259155273438
590,2021-06-08 00:00:00-04:00,188.80078125
591,2021-06-09 00:00:00-04:00,187.97225952148438
592,2021-06-10 00:00:00-04:00,191.4673309326172
593,2021-06-11 00:00:00-04:00,191.5435333251953
594,2021-06-14 00:00:00-04:00,194.41143798828125
595,2021-06-15 00:00:00-04:00,193.85752868652344
596,2021-06-16 00:00:00-04:00,191.25035095214844
597,2021-06-17 00:00:00-04:00,189.50267028808594
598,2021-06-18 00:00:00-04:00,184.4124755859375
599,2021-06-21 00:00:00-04:00,189.53134155273438
600,2021-06-22 00:00:00-04:00,188.5189971923828
601,2021-06-23 00:00:00-04:00,190.1903076171875
602,2021-06-24 00:00:00-04:00,194.65972900390625
603,2021-06-25 00:00:00-04:00,194.9844207763672
604,2021-06-28 00:00:00-04:00,196.90399169921875
605,2021-06-29 00:00:00-04:00,198.35562133789062
606,2021-06-30 00:00:00-04:00,196.46469116210938
607,2021-07-01 00:00:00-04:00,192.77838134765625
608,2021-07-02 00:00:00-04:00,193.60922241210938
609,2021-07-06 00:00:00-04:00,192.6637725830078
610,2021-07-07 00:00:00-04:00,189.42628479003906
611,2021-07-08 00:00:00-04:00,187.17247009277344
612,2021-07-09 00:00:00-04:00,191.3363037109375
613,2021-07-12 00:00:00-04:00,195.21363830566406
614,2021-07-13 00:00:00-04:00,194.8220977783203
615,2021-07-14 00:00:00-04:00,194.39231872558594
616,2021-07-15 00:00:00-04:00,185.66355895996094
617,2021-07-16 00:00:00-04:00,181.55697631835938
618,2021-07-19 00:00:00-04:00,180.134033203125
619,2021-07-20 00:00:00-04:00,184.613037109375
620,2021-07-21 00:00:00-04:00,189.68411254882812
621,2021-07-22 00:00:00-04:00,185.5680389404297
622,2021-07-23 00:00:00-04:00,187.51625061035156
623,2021-07-26 00:00:00-04:00,189.24484252929688
624,2021-07-27 00:00:00-04:00,185.5107421875
625,2021-07-28 00:00:00-04:00,189.64593505859375
626,2021-07-29 00:00:00-04:00,195.07994079589844
627,2021-07-30 00:00:00-04:00,197.10455322265625
628,2021-08-02 00:00:00-04:00,199.57803344726562
629,2021-08-03 00:00:00-04:00,201.05828857421875
630,2021-08-04 00:00:00-04:00,202.87281799316406
631,2021-08-05 00:00:00-04:00,203.32168579101562
632,2021-08-06 00:00:00-04:00,204.13343811035156
633,2021-08-09 00:00:00-04:00,207.34226989746094
634,2021-08-10 00:00:00-04:00,207.48553466796875
635,2021-08-11 00:00:00-04:00,208.59335327148438
636,2021-08-12 00:00:00-04:00,204.8783416748047
637,2021-08-13 00:00:00-04:00,205.5754852294922
638,2021-08-16 00:00:00-04:00,203.5890655517578
639,2021-08-17 00:00:00-04:00,197.2095947265625
640,2021-08-18 00:00:00-04:00,194.65020751953125
641,2021-08-19 00:00:00-04:00,193.8861846923828
642,2021-08-20 00:00:00-04:00,195.777099609375
643,2021-08-23 00:00:00-04:00,201.15380859375
644,2021-08-24 00:00:00-04:00,204.86878967285156
645,2021-08-25 00:00:00-04:00,207.99166870117188
646,2021-08-26 00:00:00-04:00,212.24147033691406
647,2021-08-27 00:00:00-04:00,216.31936645507812
648,2021-08-30 00:00:00-04:00,217.39854431152344
649,2021-08-31 00:00:00-04:00,205.45135498046875
650,2021-09-01 00:00:00-04:00,201.98468017578125
651,2021-09-02 00:00:00-04:00,202.376220703125
652,2021-09-03 00:00:00-04:00,203.40760803222656
653,2021-09-07 00:00:00-04:00,203.283447265625
654,2021-09-08 00:00:00-04:00,198.7567138671875
655,2021-09-09 00:00:00-04:00,200.99142456054688
656,2021-09-10 00:00:00-04:00,202.57675170898438
657,2021-09-13 00:00:00-04:00,205.10755920410156
658,2021-09-14 00:00:00-04:00,202.4963836669922
659,2021-09-15 00:00:00-04:00,203.31985473632812
660,2021-09-16 00:00:00-04:00,203.98052978515625
661,2021-09-17 00:00:00-04:00,200.43772888183594
662,2021-09-20 00:00:00-04:00,194.16595458984375
663,2021-09-21 00:00:00-04:00,197.30661010742188
664,2021-09-22 00:00:00-04:00,204.0284423828125
665,2021-09-23 00:00:00-04:00,207.1595001220703
666,2021-09-24 00:00:00-04:00,207.46591186523438
667,2021-09-27 00:00:00-04:00,207.4850616455078
668,2021-09-28 00:00:00-04:00,197.43109130859375
669,2021-09-29 00:00:00-04:00,190.30714416503906
670,2021-09-30 00:00:00-04:00,187.54949951171875
671,2021-10-01 00:00:00-04:00,184.6960906982422
672,2021-10-04 00:00:00-04:00,180.92344665527344
673,2021-10-05 00:00:00-04:00,183.4896240234375
674,2021-10-06 00:00:00-04:00,182.79061889648438
675,2021-10-07 00:00:00-04:00,185.61529541015625
676,2021-10-08 00:00:00-04:00,182.22569274902344
677,2021-10-11 00:00:00-04:00,178.0413055419922
678,2021-10-12 00:00:00-04:00,175.4081268310547
679,2021-10-13 00:00:00-04:00,175.32196044921875
680,2021-10-14 00:00:00-04:00,181.0670928955078
681,2021-10-15 00:00:00-04:00,181.74691772460938
682,2021-10-18 00:00:00-04:00,184.09283447265625
683,2021-10-19 00:00:00-04:00,188.5836181640625
684,2021-10-20 00:00:00-04:00,189.12939453125
685,2021-10-21 00:00:00-04:00,192.7009735107422
686,2021-10-22 00:00:00-04:00,191.43704223632812
687,2021-10-25 00:00:00-04:00,191.78173828125
688,2021-10-26 00:00:00-04:00,187.8175811767578
689,2021-10-27 00:00:00-04:00,184.2364959716797
690,2021-10-28 00:00:00-04:00,191.4082794189453
691,2021-10-29 00:00:00-04:00,192.32752990722656
692,2021-11-01 00:00:00-04:00,196.41615295410156
693,2021-11-02 00:00:00-04:00,197.78538513183594
694,2021-11-03 00:00:00-04:00,206.61373901367188
695,2021-11-04 00:00:00-04:00,209.94589233398438
696,2021-11-05 00:00:00-04:00,214.7239227294922
697,2021-11-08 00:00:00-05:00,213.60362243652344
698,2021-11-09 00:00:00-05:00,211.6598663330078
699,2021-11-10 00:00:00-05:00,205.1199951171875
700,2021-11-11 00:00:00-05:00,209.79269409179688
701,2021-11-12 00:00:00-05:00,208.5670623779297
702,2021-11-15 00:00:00-05:00,206.51797485351562
703,2021-11-16 00:00:00-05:00,209.94589233398438
704,2021-11-17 00:00:00-05:00,208.55747985839844
705,2021-11-18 00:00:00-05:00,211.2098388671875
706,2021-11-19 00:00:00-05:00,211.86093139648438
707,2021-11-22 00:00:00-05:00,212.4450225830078
708,2021-11-23 00:00:00-05:00,209.8118438720703
709,2021-11-24 00:00:00-05:00,211.6407012939453
710,2021-11-26 00:00:00-05:00,203.42518615722656
711,2021-11-29 00:00:00-05:00,214.4270782470703
712,2021-11-30 00:00:00-05:00,213.87171936035156
713,2021-12-01 00:00:00-05:00,213.5270233154297
714,2021-12-02 00:00:00-05:00,213.2684783935547
715,2021-12-03 00:00:00-05:00,217.47201538085938
716,2021-12-06 00:00:00-05:00,214.75265502929688
717,2021-12-07 00:00:00-05:00,228.7515869140625
718,2021-12-08 00:00:00-05:00,218.40078735351562
719,2021-12-09 00:00:00-05:00,215.5952606201172
720,2021-12-10 00:00:00-05:00,216.8400421142578
721,2021-12-13 00:00:00-05:00,212.36842346191406
722,2021-12-14 00:00:00-05:00,211.1809844970703
723,2021-12-15 00:00:00-05:00,220.19496154785156
724,2021-12-16 00:00:00-05:00,209.22265625
725,2021-12-17 00:00:00-05:00,209.95220947265625
726,2021-12-20 00:00:00-05:00,208.9346466064453
727,2021-12-21 00:00:00-05:00,215.3855743408203
728,2021-12-22 00:00:00-05:00,217.6798553466797
729,2021-12-23 00:00:00-05:00,218.2462615966797
730,2021-12-27 00:00:00-05:00,223.4588165283203
731,2021-12-28 00:00:00-05:00,221.76925659179688
732,2021-12-29 00:00:00-05:00,221.28932189941406
733,2021-12-30 00:00:00-05:00,219.4462127685547
734,2021-12-31 00:00:00-05:00,218.6590118408203
735,2022-01-03 00:00:00-05:00,221.96127319335938
736,2022-01-04 00:00:00-05:00,223.54522705078125
737,2022-01-05 00:00:00-05:00,215.57757568359375
738,2022-01-06 00:00:00-05:00,217.8718719482422
739,2022-01-07 00:00:00-05:00,212.4673309326172
740,2022-01-10 00:00:00-05:00,212.947265625
741,2022-01-11 00:00:00-05:00,218.42861938476562
742,2022-01-12 00:00:00-05:00,219.849365234375
743,2022-01-13 00:00:00-05:00,212.97608947753906
744,2022-01-14 00:00:00-05:00,216.2687225341797
745,2022-01-18 00:00:00-05:00,208.7138671875
746,2022-01-19 00:00:00-05:00,202.50294494628906
747,2022-01-20 00:00:00-05:00,191.61703491210938
748,2022-01-21 00:00:00-05:00,191.9434051513672
749,2022-01-24 00:00:00-05:00,194.93850708007812
750,2022-01-25 00:00:00-05:00,186.97084045410156
751,2022-01-26 00:00:00-05:00,189.07315063476562
752,2022-01-27 00:00:00-05:00,180.4335479736328
753,2022-01-28 00:00:00-05:00,181.86387634277344
754,2022-01-31 00:00:00-05:00,197.21359252929688
755,2022-02-01 00:00:00-05:00,199.86306762695312
756,2022-02-02 00:00:00-05:00,201.9269561767578
757,2022-02-03 00:00:00-05:00,190.39788818359375
758,2022-02-04 00:00:00-05:00,190.1866912841797
759,2022-02-07 00:00:00-05:00,189.0347442626953
760,2022-02-08 00:00:00-05:00,194.42010498046875
761,2022-02-09 00:00:00-05:00,201.36058044433594
762,2022-02-10 00:00:00-05:00,191.07945251464844
763,2022-02-11 00:00:00-05:00,179.2623748779297
764,2022-02-14 00:00:00-05:00,178.43682861328125
765,2022-02-15 00:00:00-05:00,188.7467498779297
766,2022-02-16 00:00:00-05:00,191.6650390625
767,2022-02-17 00:00:00-05:00,180.09756469726562
768,2022-02-18 00:00:00-05:00,179.59835815429688
769,2022-02-22 00:00:00-05:00,179.74237060546875
770,2022-02-23 00:00:00-05:00,177.7360076904297
771,2022-02-24 00:00:00-05:00,183.75498962402344
772,2022-02-25 00:00:00-05:00,186.42364501953125
773,2022-02-28 00:00:00-05:00,182.50701904296875
774,2022-03-01 00:00:00-05:00,173.92501831054688
775,2022-03-02 00:00:00-05:00,180.8079071044922
776,2022-03-03 00:00:00-05:00,177.3040771484375
777,2022-03-04 00:00:00-05:00,169.38441467285156
778,2022-03-07 00:00:00-05:00,162.9239044189453
779,2022-03-08 00:00:00-05:00,169.81639099121094
780,2022-03-09 00:00:00-05:00,176.0081329345703
781,2022-03-10 00:00:00-05:00,173.27224731445312
782,2022-03-11 00:00:00-05:00,171.40994262695312
783,2022-03-14 00:00:00-04:00,165.61798095703125
784,2022-03-15 00:00:00-04:00,172.10923767089844
785,2022-03-16 00:00:00-04:00,181.63868713378906
786,2022-03-17 00:00:00-04:00,183.0372314453125
787,2022-03-18 00:00:00-04:00,185.59320068359375
788,2022-03-21 00:00:00-04:00,183.7509765625
789,2022-03-22 00:00:00-04:00,181.08889770507812
790,2022-03-23 00:00:00-04:00,177.0764923095703
791,2022-03-24 00:00:00-04:00,184.30075073242188
792,2022-03-25 00:00:00-04:00,183.70274353027344
793,2022-03-28 00:00:00-04:00,182.69964599609375
794,2022-03-29 00:00:00-04:00,187.83091735839844
795,2022-03-30 00:00:00-04:00,180.68382263183594
796,2022-03-31 00:00:00-04:00,178.5136260986328
797,2022-04-01 00:00:00-04:00,175.5622100830078
798,2022-04-04 00:00:00-04:00,176.1312713623047
799,2022-04-05 00:00:00-04:00,168.85879516601562
800,2022-04-06 00:00:00-04:00,167.84603881835938
801,2022-04-07 00:00:00-04:00,166.7850341796875
802,2022-04-08 00:00:00-04:00,161.55734252929688
803,2022-04-11 00:00:00-04:00,159.64761352539062
804,2022-04-12 00:00:00-04:00,160.3323974609375
805,2022-04-13 00:00:00-04:00,164.96209716796875
806,2022-04-14 00:00:00-04:00,163.96864318847656
807,2022-04-18 00:00:00-04:00,167.10333251953125
808,2022-04-19 00:00:00-04:00,172.31175231933594
809,2022-04-20 00:00:00-04:00,172.44677734375
810,2022-04-21 00:00:00-04:00,168.64659118652344
811,2022-04-22 00:00:00-04:00,164.6920623779297
812,2022-04-25 00:00:00-04:00,166.70790100097656
813,2022-04-26 00:00:00-04:00,161.79847717285156
814,2022-04-27 00:00:00-04:00,164.7017059326172
815,2022-04-28 00:00:00-04:00,170.96142578125
816,2022-04-29 00:00:00-04:00,164.8367156982422
817,2022-05-02 00:00:00-04:00,170.72030639648438
818,2022-05-03 00:00:00-04:00,171.75234985351562
819,2022-05-04 00:00:00-04:00,179.32383728027344
820,2022-05-05 00:00:00-04:00,172.04168701171875
821,2022-05-06 00:00:00-04:00,171.27972412109375
822,2022-05-09 00:00:00-04:00,166.76576232910156
823,2022-05-10 00:00:00-04:00,172.10923767089844
824,2022-05-11 00:00:00-04:00,164.80776977539062
825,2022-05-12 00:00:00-04:00,167.49884033203125
826,2022-05-13 00:00:00-04:00,175.5332794189453
827,2022-05-16 00:00:00-04:00,170.7106475830078
828,2022-05-17 00:00:00-04:00,179.0537567138672
829,2022-05-18 00:00:00-04:00,169.1674346923828
830,2022-05-19 00:00:00-04:00,169.55322265625
831,2022-05-20 00:00:00-04:00,173.719970703125
832,2022-05-23 00:00:00-04:00,174.27938842773438
833,2022-05-24 00:00:00-04:00,172.7650909423828
834,2022-05-25 00:00:00-04:00,178.07958984375
835,2022-05-26 00:00:00-04:00,185.79579162597656
836,2022-05-27 00:00:00-04:00,188.97869873046875
837,2022-05-31 00:00:00-04:00,183.027587890625
838,2022-06-01 00:00:00-04:00,178.02174377441406
839,2022-06-02 00:00:00-04:00,181.2721710205078
840,2022-06-03 00:00:00-04:00,175.8997802734375
841,2022-06-06 00:00:00-04:00,173.62350463867188
842,2022-06-07 00:00:00-04:00,175.3789520263672
843,2022-06-08 00:00:00-04:00,170.78782653808594
844,2022-06-09 00:00:00-04:00,177.6841583251953
845,2022-06-10 00:00:00-04:00,172.23460388183594
846,2022-06-13 00:00:00-04:00,162.54115295410156
847,2022-06-14 00:00:00-04:00,163.13731384277344
848,2022-06-15 00:00:00-04:00,163.76742553710938
849,2022-06-16 00:00:00-04:00,153.47259521484375
850,2022-06-17 00:00:00-04:00,152.99758911132812
851,2022-06-21 00:00:00-04:00,154.218994140625
852,2022-06-22 00:00:00-04:00,152.14453125
853,2022-06-23 00:00:00-04:00,148.80984497070312
854,2022-06-24 00:00:00-04:00,154.44198608398438
855,2022-06-27 00:00:00-04:00,153.99606323242188
856,2022-06-28 00:00:00-04:00,149.49813842773438
857,2022-06-29 00:00:00-04:00,145.42672729492188
858,2022-06-30 00:00:00-04:00,143.4976348876953
859,2022-07-01 00:00:00-04:00,141.61705017089844
860,2022-07-05 00:00:00-04:00,141.4425506591797
861,2022-07-06 00:00:00-04:00,141.28744506835938
862,2022-07-07 00:00:00-04:00,147.365478515625
863,2022-07-08 00:00:00-04:00,149.55628967285156
864,2022-07-11 00:00:00-04:00,147.3073272705078
865,2022-07-12 00:00:00-04:00,147.5787353515625
866,2022-07-13 00:00:00-04:00,150.26393127441406
867,2022-07-14 00:00:00-04:00,154.9266815185547
868,2022-07-15 00:00:00-04:00,158.95932006835938
869,2022-07-18 00:00:00-04:00,156.9623565673828
870,2022-07-19 00:00:00-04:00,165.21180725097656
871,2022-07-20 00:00:00-04:00,171.07656860351562
872,2022-07-21 00:00:00-04:00,174.4403076171875
873,2022-07-22 00:00:00-04:00,169.777587890625
874,2022-07-25 00:00:00-04:00,168.79852294921875
875,2022-07-26 00:00:00-04:00,169.118408203125
876,2022-07-27 00:00:00-04:00,175.8653106689453
877,2022-07-28 00:00:00-04:00,177.51327514648438
878,2022-07-29 00:00:00-04:00,178.24998474121094
879,2022-08-01 00:00:00-04:00,178.85101318359375
880,2022-08-02 00:00:00-04:00,174.94439697265625
881,2022-08-03 00:00:00-04:00,179.86886596679688
882,2022-08-04 00:00:00-04:00,178.6183624267578
883,2022-08-05 00:00:00-04:00,176.0979766845703
884,2022-08-08 00:00:00-04:00,174.4500274658203
885,2022-08-09 00:00:00-04:00,165.80311584472656
886,2022-08-10 00:00:00-04:00,174.45968627929688
887,2022-08-11 00:00:00-04:00,174.85714721679688
888,2022-08-12 00:00:00-04:00,181.73007202148438
889,2022-08-15 00:00:00-04:00,181.8270263671875
890,2022-08-16 00:00:00-04:00,180.15969848632812
891,2022-08-17 00:00:00-04:00,174.70205688476562
892,2022-08-18 00:00:00-04:00,177.16429138183594
893,2022-08-19 00:00:00-04:00,174.8086700439453
894,2022-08-22 00:00:00-04:00,167.2378387451172
895,2022-08-23 00:00:00-04:00,168.61434936523438
896,2022-08-24 00:00:00-04:00,167.7128143310547
897,2022-08-25 00:00:00-04:00,173.538818359375
898,2022-08-26 00:00:00-04:00,162.97256469726562
899,2022-08-29 00:00:00-04:00,160.8011016845703
900,2022-08-30 00:00:00-04:00,160.64601135253906
901,2022-08-31 00:00:00-04:00,159.5409393310547
902,2022-09-01 00:00:00-04:00,159.3664093017578
903,2022-09-02 00:00:00-04:00,157.41799926757812
904,2022-09-06 00:00:00-04:00,155.8281707763672
905,2022-09-07 00:00:00-04:00,158.3195037841797
906,2022-09-08 00:00:00-04:00,160.38429260253906
907,2022-09-09 00:00:00-04:00,162.99192810058594
908,2022-09-12 00:00:00-04:00,163.89344787597656
909,2022-09-13 00:00:00-04:00,150.70016479492188
910,2022-09-14 00:00:00-04:00,155.41273498535156
911,2022-09-15 00:00:00-04:00,155.63690185546875
912,2022-09-16 00:00:00-04:00,155.89035034179688
913,2022-09-19 00:00:00-04:00,158.97032165527344
914,2022-09-20 00:00:00-04:00,156.8260040283203
915,2022-09-21 00:00:00-04:00,155.13980102539062
916,2022-09-22 00:00:00-04:00,151.20211791992188
917,2022-09-23 00:00:00-04:00,149.06756591796875
918,2022-09-26 00:00:00-04:00,148.1026153564453
919,2022-09-27 00:00:00-04:00,149.6231231689453
920,2022-09-28 00:00:00-04:00,152.47894287109375
921,2022-09-29 00:00:00-04:00,147.18643188476562
922,2022-09-30 00:00:00-04:00,143.77503967285156
923,2022-10-03 00:00:00-04:00,148.1123809814453
924,2022-10-04 00:00:00-04:00,155.8415985107422
925,2022-10-05 00:00:00-04:00,157.15740966796875
926,2022-10-06 00:00:00-04:00,154.96438598632812
927,2022-10-07 00:00:00-04:00,147.90768432617188
928,2022-10-10 00:00:00-04:00,143.7653045654297
929,2022-10-11 00:00:00-04:00,140.11026000976562
930,2022-10-12 00:00:00-04:00,136.72811889648438
931,2022-10-13 00:00:00-04:00,139.54493713378906
932,2022-10-14 00:00:00-04:00,134.59356689453125
933,2022-10-17 00:00:00-04:00,137.69305419921875
934,2022-10-18 00:00:00-04:00,137.3811492919922
935,2022-10-19 00:00:00-04:00,137.74179077148438
936,2022-10-20 00:00:00-04:00,135.51950073242188
937,2022-10-21 00:00:00-04:00,141.572265625
938,2022-10-24 00:00:00-04:00,141.27012634277344
939,2022-10-25 00:00:00-04:00,144.97389221191406
940,2022-10-26 00:00:00-04:00,143.55087280273438
941,2022-10-27 00:00:00-04:00,141.445556640625
942,2022-10-28 00:00:00-04:00,147.81997680664062
943,2022-10-31 00:00:00-04:00,142.3812713623047
944,2022-11-01 00:00:00-04:00,148.0051727294922
945,2022-11-02 00:00:00-04:00,144.84719848632812
946,2022-11-03 00:00:00-04:00,141.1824188232422
947,2022-11-04 00:00:00-04:00,147.2351837158203
948,2022-11-07 00:00:00-05:00,153.9019775390625
949,2022-11-08 00:00:00-05:00,158.9800567626953
950,2022-11-09 00:00:00-05:00,150.80250549316406
951,2022-11-10 00:00:00-05:00,161.28030395507812
952,2022-11-11 00:00:00-05:00,165.6371307373047
953,2022-11-14 00:00:00-05:00,164.73065185546875
954,2022-11-15 00:00:00-05:00,170.38381958007812
955,2022-11-16 00:00:00-05:00,162.65460205078125
956,2022-11-17 00:00:00-05:00,165.78330993652344
957,2022-11-18 00:00:00-05:00,167.58648681640625
958,2022-11-21 00:00:00-05:00,164.57472229003906
959,2022-11-22 00:00:00-05:00,169.01927185058594
960,2022-11-23 00:00:00-05:00,170.76394653320312
961,2022-11-25 00:00:00-05:00,168.31748962402344
962,2022-11-28 00:00:00-05:00,159.9449920654297
963,2022-11-29 00:00:00-05:00,160.5200653076172
964,2022-11-30 00:00:00-05:00,171.38772583007812
965,2022-12-01 00:00:00-05:00,169.0485076904297
966,2022-12-02 00:00:00-05:00,166.728759765625
967,2022-12-05 00:00:00-05:00,164.1068572998047
968,2022-12-06 00:00:00-05:00,158.95082092285156
969,2022-12-07 00:00:00-05:00,159.79879760742188
970,2022-12-08 00:00:00-05:00,167.12838745117188
971,2022-12-09 00:00:00-05:00,165.42269897460938
972,2022-12-12 00:00:00-05:00,168.68788146972656
973,2022-12-13 00:00:00-05:00,169.896484375
974,2022-12-14 00:00:00-05:00,168.04046630859375
975,2022-12-15 00:00:00-05:00,161.76234436035156
976,2022-12-16 00:00:00-05:00,160.35194396972656
977,2022-12-19 00:00:00-05:00,156.97293090820312
978,2022-12-20 00:00:00-05:00,156.22854614257812
979,2022-12-21 00:00:00-05:00,160.0679168701172
980,2022-12-22 00:00:00-05:00,154.26968383789062
981,2022-12-23 00:00:00-05:00,154.42640686035156
982,2022-12-27 00:00:00-05:00,150.61643981933594
983,2022-12-28 00:00:00-05:00,148.5792236328125
984,2022-12-29 00:00:00-05:00,154.86715698242188
985,2022-12-30 00:00:00-05:00,154.77902221679688
986,2023-01-03 00:00:00-05:00,151.86032104492188
987,2023-01-04 00:00:00-05:00,154.71044921875
988,2023-01-05 00:00:00-05:00,150.35198974609375
989,2023-01-06 00:00:00-05:00,156.34609985351562
990,2023-01-09 00:00:00-05:00,157.6585235595703
991,2023-01-10 00:00:00-05:00,162.65362548828125
992,2023-01-11 00:00:00-05:00,165.25888061523438
993,2023-01-12 00:00:00-05:00,166.7084503173828
994,2023-01-13 00:00:00-05:00,168.2853240966797
995,2023-01-17 00:00:00-05:00,166.8259735107422
996,2023-01-18 00:00:00-05:00,167.1687774658203
997,2023-01-19 00:00:00-05:00,161.60562133789062
998,2023-01-20 00:00:00-05:00,165.0336151123047
999,2023-01-23 00:00:00-05:00,169.47042846679688
1000,2023-01-24 00:00:00-05:00,169.60755920410156
1001,2023-01-25 00:00:00-05:00,170.51841735839844
1002,2023-01-26 00:00:00-05:00,176.316650390625
1003,2023-01-27 00:00:00-05:00,177.8053436279297
1004,2023-01-30 00:00:00-05:00,175.78775024414062
1005,2023-01-31 00:00:00-05:00,180.5183868408203
1006,2023-02-01 00:00:00-05:00,189.9502716064453
1007,2023-02-02 00:00:00-05:00,192.12460327148438
1008,2023-02-03 00:00:00-05:00,187.0217742919922
1009,2023-02-06 00:00:00-05:00,183.51541137695312
1010,2023-02-07 00:00:00-05:00,189.26467895507812
1011,2023-02-08 00:00:00-05:00,184.08349609375
1012,2023-02-09 00:00:00-05:00,185.94442749023438
1013,2023-02-10 00:00:00-05:00,182.63392639160156
1014,2023-02-13 00:00:00-05:00,184.50466918945312
1015,2023-02-14 00:00:00-05:00,185.88563537597656
1016,2023-02-15 00:00:00-05:00,189.31362915039062
1017,2023-02-16 00:00:00-05:00,187.29600524902344
1018,2023-02-17 00:00:00-05:00,184.58302307128906
1019,2023-02-21 00:00:00-05:00,177.67803955078125
1020,2023-02-22 00:00:00-05:00,174.03456115722656
1021,2023-02-23 00:00:00-05:00,177.2666778564453
1022,2023-02-24 00:00:00-05:00,173.2216339111328
1023,2023-02-27 00:00:00-05:00,174.08352661132812
1024,2023-02-28 00:00:00-05:00,174.80831909179688
1025,2023-03-01 00:00:00-05:00,175.19027709960938
1026,2023-03-02 00:00:00-05:00,176.91407775878906
1027,2023-03-03 00:00:00-05:00,179.19615173339844
1028,2023-03-06 00:00:00-05:00,176.23828125
1029,2023-03-07 00:00:00-05:00,173.75051879882812
1030,2023-03-08 00:00:00-05:00,178.75540161132812
1031,2023-03-09 00:00:00-05:00,176.1305389404297
1032,2023-03-10 00:00:00-05:00,171.44888305664062
1033,2023-03-13 00:00:00-04:00,171.3313446044922
1034,2023-03-14 00:00:00-04:00,176.16246032714844
1035,2023-03-15 00:00:00-04:00,172.0052032470703
1036,2023-03-16 00:00:00-04:00,176.82252502441406
1037,2023-03-17 00:00:00-04:00,174.6551971435547
1038,2023-03-20 00:00:00-04:00,177.86676025390625
1039,2023-03-21 00:00:00-04:00,177.77810668945312
1040,2023-03-22 00:00:00-04:00,173.99514770507812
1041,2023-03-23 00:00:00-04:00,179.3345947265625
1042,2023-03-24 00:00:00-04:00,173.92620849609375
1043,2023-03-27 00:00:00-04:00,171.6111297607422
1044,2023-03-28 00:00:00-04:00,170.63583374023438
1045,2023-03-29 00:00:00-04:00,176.3397979736328
1046,2023-03-30 00:00:00-04:00,178.92083740234375
1047,2023-03-31 00:00:00-04:00,183.7086181640625
1048,2023-04-03 00:00:00-04:00,179.27549743652344
1049,2023-04-04 00:00:00-04:00,173.50257873535156
1050,2023-04-05 00:00:00-04:00,170.44866943359375
1051,2023-04-06 00:00:00-04:00,167.5720672607422
1052,2023-04-10 00:00:00-04:00,169.8477325439453
1053,2023-04-11 00:00:00-04:00,169.3256072998047
1054,2023-04-12 00:00:00-04:00,167.69027709960938
1055,2023-04-13 00:00:00-04:00,169.36500549316406
1056,2023-04-14 00:00:00-04:00,169.7886199951172
1057,2023-04-17 00:00:00-04:00,171.91651916503906
1058,2023-04-18 00:00:00-04:00,173.16763305664062
1059,2023-04-19 00:00:00-04:00,170.22207641601562
1060,2023-04-20 00:00:00-04:00,167.0991973876953
1061,2023-04-21 00:00:00-04:00,167.2962188720703
1062,2023-04-24 00:00:00-04:00,167.3651885986328
1063,2023-04-25 00:00:00-04:00,162.05528259277344
1064,2023-04-26 00:00:00-04:00,162.8926544189453
1065,2023-04-27 00:00:00-04:00,158.7944793701172
1066,2023-04-28 00:00:00-04:00,161.3065948486328
1067,2023-05-01 00:00:00-04:00,163.54283142089844
1068,2023-05-02 00:00:00-04:00,168.9611053466797
1069,2023-05-03 00:00:00-04:00,165.06979370117188
1070,2023-05-04 00:00:00-04:00,161.3558349609375
1071,2023-05-05 00:00:00-04:00,164.34080505371094
1072,2023-05-08 00:00:00-04:00,165.55250549316406
1073,2023-05-09 00:00:00-04:00,162.63650512695312
1074,2023-05-10 00:00:00-04:00,162.744873046875
1075,2023-05-11 00:00:00-04:00,160.92236328125
1076,2023-05-12 00:00:00-04:00,162.1045379638672
1077,2023-05-15 00:00:00-04:00,165.43429565429688
1078,2023-05-16 00:00:00-04:00,163.42462158203125
1079,2023-05-17 00:00:00-04:00,168.70497131347656
1080,2023-05-18 00:00:00-04:00,173.02972412109375
1081,2023-05-19 00:00:00-04:00,172.35983276367188
1082,2023-05-22 00:00:00-04:00,174.7340087890625
1083,2023-05-23 00:00:00-04:00,172.45834350585938
1084,2023-05-24 00:00:00-04:00,164.04525756835938
1085,2023-05-25 00:00:00-04:00,168.7936248779297
1086,2023-05-26 00:00:00-04:00,178.4873809814453
1087,2023-05-30 00:00:00-04:00,179.36416625976562
1088,2023-05-31 00:00:00-04:00,176.4383087158203
1089,2023-06-01 00:00:00-04:00,178.31007385253906
1090,2023-06-02 00:00:00-04:00,178.90115356445312
1091,2023-06-05 00:00:00-04:00,173.93605041503906
1092,2023-06-06 00:00:00-04:00,178.5662078857422
1093,2023-06-07 00:00:00-04:00,183.67906188964844
1094,2023-06-08 00:00:00-04:00,184.67405700683594
1095,2023-06-09 00:00:00-04:00,182.2506103515625
1096,2023-06-12 00:00:00-04:00,186.5359649658203
1097,2023-06-13 00:00:00-04:00,194.56253051757812
1098,2023-06-14 00:00:00-04:00,193.8197021484375
1099,2023-06-15 00:00:00-04:00,193.87911987304688
1100,2023-06-16 00:00:00-04:00,195.95904541015625
1101,2023-06-20 00:00:00-04:00,193.53245544433594
1102,2023-06-21 00:00:00-04:00,191.43272399902344
1103,2023-06-22 00:00:00-04:00,192.7896270751953
1104,2023-06-23 00:00:00-04:00,186.88658142089844
1105,2023-06-26 00:00:00-04:00,190.363037109375
1106,2023-06-27 00:00:00-04:00,198.40545654296875
1107,2023-06-28 00:00:00-04:00,195.67181396484375
1108,2023-06-29 00:00:00-04:00,197.8507843017578
1109,2023-06-30 00:00:00-04:00,202.7237548828125
1110,2023-07-03 00:00:00-04:00,205.15036010742188
1111,2023-07-05 00:00:00-04:00,201.72341918945312
1112,2023-07-06 00:00:00-04:00,202.41671752929688
1113,2023-07-07 00:00:00-04:00,202.10968017578125
1114,2023-07-10 00:00:00-04:00,208.40890502929688
1115,2023-07-11 00:00:00-04:00,208.933837890625
1116,2023-07-12 00:00:00-04:00,209.83514404296875
1117,2023-07-13 00:00:00-04:00,214.4506072998047
1118,2023-07-14 00:00:00-04:00,210.50863647460938
1119,2023-07-17 00:00:00-04:00,217.52096557617188
1120,2023-07-18 00:00:00-04:00,221.52236938476562
1121,2023-07-19 00:00:00-04:00,218.17466735839844
1122,2023-07-20 00:00:00-04:00,209.92428588867188
1123,2023-07-21 00:00:00-04:00,211.26138305664062
1124,2023-07-24 00:00:00-04:00,208.86451721191406
1125,2023-07-25 00:00:00-04:00,217.78839111328125
1126,2023-07-26 00:00:00-04:00,216.39186096191406
1127,2023-07-27 00:00:00-04:00,219.67022705078125
1128,2023-07-28 00:00:00-04:00,221.1757049560547
1129,2023-07-31 00:00:00-04:00,220.84886169433594
1130,2023-08-01 00:00:00-04:00,221.34408569335938
1131,2023-08-02 00:00:00-04:00,214.33175659179688
1132,2023-08-03 00:00:00-04:00,213.8860626220703
1133,2023-08-04 00:00:00-04:00,211.6575469970703
1134,2023-08-07 00:00:00-04:00,216.6394805908203
1135,2023-08-08 00:00:00-04:00,214.81707763671875
1136,2023-08-09 00:00:00-04:00,212.32113647460938
1137,2023-08-10 00:00:00-04:00,209.95399475097656
1138,2023-08-11 00:00:00-04:00,202.24835205078125
1139,2023-08-14 00:00:00-04:00,205.2692108154297
1140,2023-08-15 00:00:00-04:00,199.81187438964844
1141,2023-08-16 00:00:00-04:00,194.8596649169922
1142,2023-08-17 00:00:00-04:00,192.6707763671875
1143,2023-08-18 00:00:00-04:00,194.6912841796875
1144,2023-08-21 00:00:00-04:00,199.69300842285156
1145,2023-08-22 00:00:00-04:00,197.75173950195312
1146,2023-08-23 00:00:00-04:00,199.17799377441406
1147,2023-08-24 00:00:00-04:00,191.96755981445312
1148,2023-08-25 00:00:00-04:00,194.32481384277344
1149,2023-08-28 00:00:00-04:00,197.3258514404297
1150,2023-08-29 00:00:00-04:00,203.19918823242188
1151,2023-08-30 00:00:00-04:00,203.9123077392578
1152,2023-08-31 00:00:00-04:00,203.7538299560547
1153,2023-09-01 00:00:00-04:00,207.95330810546875
1154,2023-09-05 00:00:00-04:00,205.58615112304688
1155,2023-09-06 00:00:00-04:00,205.8040313720703
1156,2023-09-07 00:00:00-04:00,202.06016540527344
1157,2023-09-08 00:00:00-04:00,201.10934448242188
1158,2023-09-11 00:00:00-04:00,201.55503845214844
1159,2023-09-12 00:00:00-04:00,198.58277893066406
1160,2023-09-13 00:00:00-04:00,199.4786376953125
1161,2023-09-14 00:00:00-04:00,201.75811767578125
1162,2023-09-15 00:00:00-04:00,196.4725341796875
1163,2023-09-18 00:00:00-04:00,198.3737335205078
1164,2023-09-19 00:00:00-04:00,198.22442626953125
1165,2023-09-20 00:00:00-04:00,194.06365966796875
1166,2023-09-21 00:00:00-04:00,193.10806274414062
1167,2023-09-22 00:00:00-04:00,195.88522338867188
1168,2023-09-25 00:00:00-04:00,197.20912170410156
1169,2023-09-26 00:00:00-04:00,194.09352111816406
1170,2023-09-27 00:00:00-04:00,195.795654296875
1171,2023-09-28 00:00:00-04:00,199.60804748535156
1172,2023-09-29 00:00:00-04:00,199.00083923339844
1173,2023-10-02 00:00:00-04:00,199.2696075439453
1174,2023-10-03 00:00:00-04:00,194.30255126953125
1175,2023-10-04 00:00:00-04:00,197.27880859375
1176,2023-10-05 00:00:00-04:00,194.5513916015625
1177,2023-10-06 00:00:00-04:00,198.10499572753906
1178,2023-10-09 00:00:00-04:00,197.20912170410156
1179,2023-10-10 00:00:00-04:00,200.8224334716797
1180,2023-10-11 00:00:00-04:00,202.5245819091797
1181,2023-10-12 00:00:00-04:00,201.42962646484375
1182,2023-10-13 00:00:00-04:00,193.6057586669922
1183,2023-10-16 00:00:00-04:00,198.8614959716797
1184,2023-10-17 00:00:00-04:00,196.8109588623047
1185,2023-10-18 00:00:00-04:00,192.31173706054688
1186,2023-10-19 00:00:00-04:00,187.0659637451172
1187,2023-10-20 00:00:00-04:00,184.90594482421875
1188,2023-10-23 00:00:00-04:00,181.51162719726562
1189,2023-10-24 00:00:00-04:00,182.76583862304688
1190,2023-10-25 00:00:00-04:00,175.131103515625
1191,2023-10-26 00:00:00-04:00,178.7344512939453
1192,2023-10-27 00:00:00-04:00,178.3064422607422
1193,2023-10-30 00:00:00-04:00,169.39756774902344
1194,2023-10-31 00:00:00-04:00,171.63722229003906
1195,2023-11-01 00:00:00-04:00,171.72682189941406
1196,2023-11-02 00:00:00-04:00,176.7735137939453
1197,2023-11-03 00:00:00-04:00,180.71530151367188
1198,2023-11-06 00:00:00-05:00,181.95956420898438
1199,2023-11-07 00:00:00-05:00,184.94577026367188
1200,2023-11-08 00:00:00-05:00,182.5070343017578
1201,2023-11-09 00:00:00-05:00,179.50091552734375
1202,2023-11-10 00:00:00-05:00,185.811767578125
1203,2023-11-13 00:00:00-05:00,183.99017333984375
1204,2023-11-14 00:00:00-05:00,193.9939727783203
1205,2023-11-15 00:00:00-05:00,199.8270263671875
1206,2023-11-16 00:00:00-05:00,199.87680053710938
1207,2023-11-17 00:00:00-05:00,200.0161590576172
1208,2023-11-20 00:00:00-05:00,202.40512084960938
1209,2023-11-21 00:00:00-05:00,199.51846313476562
1210,2023-11-22 00:00:00-05:00,198.66241455078125
1211,2023-11-24 00:00:00-05:00,199.19992065429688
1212,2023-11-27 00:00:00-05:00,198.74205017089844
1213,2023-11-28 00:00:00-05:00,199.11033630371094
1214,2023-11-29 00:00:00-05:00,203.3905792236328
1215,2023-11-30 00:00:00-05:00,203.1417236328125
1216,2023-12-01 00:00:00-05:00,204.73435974121094
1217,2023-12-04 00:00:00-05:00,205.33160400390625
1218,2023-12-05 00:00:00-05:00,204.88368225097656
1219,2023-12-06 00:00:00-05:00,204.9732666015625
1220,2023-12-07 00:00:00-05:00,210.7266845703125
1221,2023-12-08 00:00:00-05:00,214.55899047851562
1222,2023-12-11 00:00:00-05:00,219.53599548339844
1223,2023-12-12 00:00:00-05:00,219.1300048828125
1224,2023-12-13 00:00:00-05:00,221.3300018310547
1225,2023-12-14 00:00:00-05:00,232.67999267578125
1226,2023-12-15 00:00:00-05:00,232.92999267578125
1227,2023-12-18 00:00:00-05:00,229.3300018310547
1228,2023-12-19 00:00:00-05:00,229.3800048828125
1229,2023-12-20 00:00:00-05:00,222.89999389648438
1230,2023-12-21 00:00:00-05:00,229.25
1231,2023-12-22 00:00:00-05:00,228.9499969482422
1232,2023-12-26 00:00:00-05:00,231.9499969482422
1233,2023-12-27 00:00:00-05:00,232.10000610351562
1234,2023-12-28 00:00:00-05:00,231.07000732421875
1235,2023-12-29 00:00:00-05:00,229.67999267578125
1236,2024-01-02 00:00:00-05:00,221.17999267578125
1237,2024-01-03 00:00:00-05:00,216.0800018310547
1238,2024-01-04 00:00:00-05:00,207.75999450683594
1239,2024-01-05 00:00:00-05:00,205.72000122070312
1240,2024-01-08 00:00:00-05:00,212.1699981689453
1241,2024-01-09 00:00:00-05:00,211.7100067138672
1242,2024-01-10 00:00:00-05:00,211.2899932861328
1243,2024-01-11 00:00:00-05:00,211.49000549316406
1244,2024-01-12 00:00:00-05:00,209.11000061035156
1245,2024-01-16 00:00:00-05:00,208.99000549316406
1246,2024-01-17 00:00:00-05:00,205.47999572753906
1247,2024-01-18 00:00:00-05:00,211.61000061035156
1248,2024-01-19 00:00:00-05:00,218.36000061035156
1249,2024-01-22 00:00:00-05:00,218.83999633789062
1250,2024-01-23 00:00:00-05:00,223.92999267578125
1251,2024-01-24 00:00:00-05:00,221.69000244140625
1252,2024-01-25 00:00:00-05:00,219.41000366210938
1253,2024-01-26 00:00:00-05:00,215.1199951171875
1254,2024-01-29 00:00:00-05:00,217.47000122070312
1255,2024-01-30 00:00:00-05:00,215.1699981689453
1256,2024-01-31 00:00:00-05:00,210.57000732421875
1257,2024-02-01 00:00:00-05:00,213.00999450683594
1258,2024-02-02 00:00:00-05:00,214.99000549316406
