,Unnamed: 0,Date,PARA
0,0,2019-02-05,43.482723236083984
1,1,2019-02-06,43.4565315246582
2,2,2019-02-07,42.90656280517578
3,3,2019-02-08,43.26448440551758
4,4,2019-02-11,41.98120880126953
5,5,2019-02-12,42.23438262939453
6,6,2019-02-13,42.27802658081055
7,7,2019-02-14,42.862911224365234
8,8,2019-02-15,44.2072868347168
9,9,2019-02-19,44.146183013916016
10,10,2019-02-20,44.6961555480957
11,11,2019-02-21,44.45173263549805
12,12,2019-02-22,45.1239128112793
13,13,2019-02-25,44.154903411865234
14,14,2019-02-26,44.05888748168945
15,15,2019-02-27,43.31686019897461
16,16,2019-02-28,43.831912994384766
17,17,2019-03-01,44.33823394775391
18,18,2019-03-04,43.744625091552734
19,19,2019-03-05,43.82319259643555
20,20,2019-03-06,43.66605758666992
21,21,2019-03-07,42.89783477783203
22,22,2019-03-08,42.94164276123047
23,23,2019-03-11,43.00297164916992
24,24,2019-03-12,43.31840896606445
25,25,2019-03-13,42.67002487182617
26,26,2019-03-14,42.2669792175293
27,27,2019-03-15,41.79384994506836
28,28,2019-03-18,41.74127578735352
29,29,2019-03-19,41.3732795715332
30,30,2019-03-20,40.44452667236328
31,31,2019-03-21,40.39195251464844
32,32,2019-03-22,39.480735778808594
33,33,2019-03-25,39.89252853393555
34,34,2019-03-26,41.46089553833008
35,35,2019-03-27,41.68870544433594
36,36,2019-03-28,41.43461990356445
37,37,2019-03-29,41.64488983154297
38,38,2019-04-01,42.24070358276367
39,39,2019-04-02,42.004127502441406
40,40,2019-04-03,42.76640701293945
41,41,2019-04-04,43.51116180419922
42,42,2019-04-05,44.13325119018555
43,43,2019-04-08,45.02695083618164
44,44,2019-04-09,44.7816276550293
45,45,2019-04-10,45.23723602294922
46,46,2019-04-11,45.175907135009766
47,47,2019-04-12,45.19343185424805
48,48,2019-04-15,45.35113906860352
49,49,2019-04-16,45.77170944213867
50,50,2019-04-17,46.02580642700195
51,51,2019-04-18,45.903133392333984
52,52,2019-04-22,44.7816276550293
53,53,2019-04-23,44.98314666748047
54,54,2019-04-24,44.99190521240234
55,55,2019-04-25,44.38733673095703
56,56,2019-04-26,44.860477447509766
57,57,2019-04-29,45.342376708984375
58,58,2019-04-30,44.921817779541016
59,59,2019-05-01,44.79915237426758
60,60,2019-05-02,44.177059173583984
61,61,2019-05-03,43.57249450683594
62,62,2019-05-06,43.51116180419922
63,63,2019-05-07,42.486026763916016
64,64,2019-05-08,42.52984237670898
65,65,2019-05-09,42.7401237487793
66,66,2019-05-10,43.186973571777344
67,67,2019-05-13,41.39956283569336
68,68,2019-05-14,41.78507614135742
69,69,2019-05-15,41.91651153564453
70,70,2019-05-16,42.37212753295898
71,71,2019-05-17,42.38965225219727
72,72,2019-05-20,42.32831573486328
73,73,2019-05-21,42.86279296875
74,74,2019-05-22,42.33707046508789
75,75,2019-05-23,41.97784423828125
76,76,2019-05-24,41.60108184814453
77,77,2019-05-28,41.723751068115234
78,78,2019-05-29,40.93518829345703
79,79,2019-05-30,42.23193740844727
80,80,2019-05-31,42.30202865600586
81,81,2019-06-03,42.2669792175293
82,82,2019-06-04,42.76640701293945
83,83,2019-06-05,42.32831573486328
84,84,2019-06-06,42.44221496582031
85,85,2019-06-07,42.58293533325195
86,86,2019-06-10,42.18716812133789
87,87,2019-06-11,42.2839241027832
88,88,2019-06-12,42.50378036499024
89,89,2019-06-13,43.38323593139648
90,90,2019-06-14,43.0842170715332
91,91,2019-06-17,43.22492980957031
92,92,2019-06-18,43.2776985168457
93,93,2019-06-19,43.74381256103516
94,94,2019-06-20,44.64964294433594
95,95,2019-06-21,44.38580322265625
96,96,2019-06-24,44.22750854492188
97,97,2019-06-25,43.462379455566406
98,98,2019-06-26,42.74123001098633
99,99,2019-06-27,42.93471145629883
100,100,2019-06-28,43.88451766967773
101,101,2019-07-01,44.4561653137207
102,102,2019-07-02,44.834320068359375
103,103,2019-07-03,45.59064865112305
104,104,2019-07-05,45.74015808105469
105,105,2019-07-08,46.08313751220703
106,106,2019-07-09,46.00398635864258
107,107,2019-07-10,46.23263931274414
108,108,2019-07-11,46.6811752319336
109,109,2019-07-12,46.76911544799805
110,110,2019-07-15,46.93620681762695
111,111,2019-07-16,47.059329986572266
112,112,2019-07-17,46.100730895996094
113,113,2019-07-18,45.14213180541992
114,114,2019-07-19,44.588077545166016
115,115,2019-07-22,43.98125076293945
116,116,2019-07-23,44.04281997680664
117,117,2019-07-24,44.895877838134766
118,118,2019-07-25,45.18610000610352
119,119,2019-07-26,45.59943771362305
120,120,2019-07-29,45.863277435302734
121,121,2019-07-30,46.20626831054688
122,122,2019-07-31,45.30043029785156
123,123,2019-08-01,44.51772689819336
124,124,2019-08-02,44.32424545288086
125,125,2019-08-05,43.14577865600586
126,126,2019-08-06,43.58551025390625
127,127,2019-08-07,43.25131607055664
128,128,2019-08-08,44.69361114501953
129,129,2019-08-09,43.01386642456055
130,130,2019-08-12,42.24873733520508
131,131,2019-08-13,42.82918167114258
132,132,2019-08-14,39.26741027832031
133,133,2019-08-15,38.12411880493164
134,134,2019-08-16,38.51987838745117
135,135,2019-08-19,38.88924789428711
136,136,2019-08-20,38.81888961791992
137,137,2019-08-21,38.76611709594727
138,138,2019-08-22,38.22966766357422
139,139,2019-08-23,36.417999267578125
140,140,2019-08-26,36.725807189941406
141,141,2019-08-27,36.09259414672852
142,142,2019-08-28,36.70820999145508
143,143,2019-08-29,37.25346755981445
144,144,2019-08-30,36.98963928222656
145,145,2019-09-03,36.31245803833008
146,146,2019-09-04,36.64663696289063
147,147,2019-09-05,37.81631851196289
148,148,2019-09-06,38.37037658691406
149,149,2019-09-09,38.95321273803711
150,150,2019-09-10,39.262298583984375
151,151,2019-09-11,38.68828582763672
152,152,2019-09-12,38.69710540771485
153,153,2019-09-13,38.69710540771485
154,154,2019-09-16,38.90023040771485
155,155,2019-09-17,38.23789978027344
156,156,2019-09-18,38.30855178833008
157,157,2019-09-19,37.43428802490234
158,158,2019-09-20,36.9839096069336
159,159,2019-09-23,37.06340026855469
160,160,2019-09-24,36.48055267333984
161,161,2019-09-25,36.41873550415039
162,162,2019-09-26,35.58863067626953
163,163,2019-09-27,35.606292724609375
164,164,2019-09-30,35.65044403076172
165,165,2019-10-01,35.47382736206055
166,166,2019-10-02,34.016719818115234
167,167,2019-10-03,33.95490264892578
168,168,2019-10-04,34.47593307495117
169,169,2019-10-07,34.228668212890625
170,170,2019-10-08,32.82455062866211
171,171,2019-10-09,33.213104248046875
172,172,2019-10-10,33.257266998291016
173,173,2019-10-11,33.93724822998047
174,174,2019-10-14,33.50453567504883
175,175,2019-10-15,33.61933517456055
176,176,2019-10-16,33.64582824707031
177,177,2019-10-17,33.36323165893555
178,178,2019-10-18,32.453643798828125
179,179,2019-10-21,32.10041427612305
180,180,2019-10-22,32.091583251953125
181,181,2019-10-23,32.22404479980469
182,182,2019-10-24,31.570556640625
183,183,2019-10-25,31.82665634155273
184,184,2019-10-28,31.658863067626957
185,185,2019-10-29,31.959125518798828
186,186,2019-10-30,31.42043113708496
187,187,2019-10-31,31.82665634155273
188,188,2019-11-01,32.444820404052734
189,189,2019-11-04,32.798057556152344
190,190,2019-11-05,33.10713577270508
191,191,2019-11-06,32.51546859741211
192,192,2019-11-07,33.380889892578125
193,193,2019-11-08,33.6546516418457
194,194,2019-11-11,34.59956359863281
195,195,2019-11-12,33.34556579589844
196,196,2019-11-13,32.54196548461914
197,197,2019-11-14,33.23078155517578
198,198,2019-11-15,34.06087875366211
199,199,2019-11-18,34.7408561706543
200,200,2019-11-19,34.77618408203125
201,201,2019-11-20,34.449432373046875
202,202,2019-11-21,34.42293930053711
203,203,2019-11-22,34.89981842041016
204,204,2019-11-25,35.403175354003906
205,205,2019-11-26,35.77407455444336
206,206,2019-11-27,35.67693328857422
207,207,2019-11-29,35.65928268432617
208,208,2019-12-02,35.200069427490234
209,209,2019-12-03,34.7408561706543
210,210,2019-12-04,36.0036735534668
211,211,2019-12-05,36.08316802978516
212,212,2019-12-06,35.07644271850586
213,213,2019-12-09,34.12269973754883
214,214,2019-12-10,33.2219352722168
215,215,2019-12-11,32.930519104003906
216,216,2019-12-12,33.36323165893555
217,217,2019-12-13,34.12269973754883
218,218,2019-12-16,35.102928161621094
219,219,2019-12-17,35.57096862792969
220,220,2019-12-18,36.33925628662109
221,221,2019-12-19,37.04573822021485
222,222,2019-12-20,37.43428802490234
223,223,2019-12-23,37.25766372680664
224,224,2019-12-24,37.10755157470703
225,225,2019-12-26,37.6727294921875
226,226,2019-12-27,36.8779411315918
227,227,2019-12-30,36.63067626953125
228,228,2019-12-31,37.06340026855469
229,229,2020-01-02,37.16936111450195
230,230,2020-01-03,36.60417938232422
231,231,2020-01-06,37.14287185668945
232,232,2020-01-07,37.204689025878906
233,233,2020-01-08,36.9750862121582
234,234,2020-01-09,36.03900909423828
235,235,2020-01-10,35.59746551513672
236,236,2020-01-13,36.03017425537109
237,237,2020-01-14,35.6151237487793
238,238,2020-01-15,35.04994583129883
239,239,2020-01-16,35.35902404785156
240,240,2020-01-17,34.87332534790039
241,241,2020-01-21,34.20216751098633
242,242,2020-01-22,33.95490264892578
243,243,2020-01-23,32.66559219360352
244,244,2020-01-24,31.605880737304688
245,245,2020-01-27,31.02303504943848
246,246,2020-01-28,31.226152420043945
247,247,2020-01-29,30.634469985961918
248,248,2020-01-30,30.19293212890625
249,249,2020-01-31,30.139955520629883
250,250,2020-02-03,29.21270179748535
251,251,2020-02-04,29.645416259765625
252,252,2020-02-05,30.32539749145508
253,253,2020-02-06,30.55499649047852
254,254,2020-02-07,30.652137756347656
255,255,2020-02-10,30.210594177246094
256,256,2020-02-11,30.881750106811523
257,257,2020-02-12,31.164342880249023
258,258,2020-02-13,30.890575408935547
259,259,2020-02-14,30.890575408935547
260,260,2020-02-18,30.996545791625977
261,261,2020-02-19,31.49990463256836
262,262,2020-02-20,25.865779876708984
263,263,2020-02-21,24.956193923950195
264,264,2020-02-24,23.78168487548828
265,265,2020-02-25,22.395227432250977
266,266,2020-02-26,21.582782745361328
267,267,2020-02-27,21.09708023071289
268,268,2020-02-28,21.732908248901367
269,269,2020-03-02,21.46797752380371
270,270,2020-03-03,20.38177490234375
271,271,2020-03-04,20.399436950683597
272,272,2020-03-05,18.968826293945312
273,273,2020-03-06,19.04830741882324
274,274,2020-03-09,16.928882598876953
275,275,2020-03-10,18.12989044189453
276,276,2020-03-11,17.485233306884766
277,277,2020-03-12,14.253114700317385
278,278,2020-03-13,14.70132541656494
279,279,2020-03-16,12.200304985046388
280,280,2020-03-17,11.420418739318848
281,281,2020-03-18,10.945314407348633
282,282,2020-03-19,11.312847137451172
283,283,2020-03-20,10.73017406463623
284,284,2020-03-23,10.111642837524414
285,285,2020-03-24,13.222228050231934
286,286,2020-03-25,13.213264465332031
287,287,2020-03-26,12.540946006774902
288,288,2020-03-27,11.46524143218994
289,289,2020-03-30,12.630589485168455
290,290,2020-03-31,12.558876037597656
291,291,2020-04-01,11.456276893615724
292,292,2020-04-02,11.438347816467283
293,293,2020-04-03,11.142528533935549
294,294,2020-04-06,12.49612522125244
295,295,2020-04-07,13.16844367980957
296,296,2020-04-08,14.163470268249512
297,297,2020-04-09,14.844751358032228
298,298,2020-04-13,14.396539688110352
299,299,2020-04-14,14.58479118347168
300,300,2020-04-15,13.625617027282717
301,301,2020-04-16,13.114657402038574
302,302,2020-04-17,14.163470268249512
303,303,2020-04-20,13.912471771240234
304,304,2020-04-21,13.58079719543457
305,305,2020-04-22,13.383584022521973
306,306,2020-04-23,13.912471771240234
307,307,2020-04-24,14.011078834533691
308,308,2020-04-27,15.221251487731934
309,309,2020-04-28,15.64256477355957
310,310,2020-04-29,17.02305793762207
311,311,2020-04-30,15.472249031066896
312,312,2020-05-01,14.755108833312988
313,313,2020-05-04,14.432397842407228
314,314,2020-05-05,13.679402351379396
315,315,2020-05-06,13.33876132965088
316,316,2020-05-07,14.71925163269043
317,317,2020-05-08,16.20731544494629
318,318,2020-05-11,16.17145538330078
319,319,2020-05-12,16.359704971313477
320,320,2020-05-13,15.104714393615724
321,321,2020-05-14,15.382607460021973
322,322,2020-05-15,15.508102416992188
323,323,2020-05-18,17.076845169067383
324,324,2020-05-19,17.605731964111328
325,325,2020-05-20,17.59676742553711
326,326,2020-05-21,17.785017013549805
327,327,2020-05-22,17.560909271240234
328,328,2020-05-26,18.260122299194336
329,329,2020-05-27,19.73025131225586
330,330,2020-05-28,19.004148483276367
331,331,2020-05-29,18.591794967651367
332,332,2020-06-01,19.299972534179688
333,333,2020-06-02,19.577861785888672
334,334,2020-06-03,20.36671257019043
335,335,2020-06-04,21.6217041015625
336,336,2020-06-05,22.249195098876957
337,337,2020-06-08,25.55699920654297
338,338,2020-06-09,23.324907302856445
339,339,2020-06-10,21.51413345336914
340,340,2020-06-11,21.1466007232666
341,341,2020-06-12,20.739059448242188
342,342,2020-06-15,22.541278839111328
343,343,2020-06-16,21.90733528137207
344,344,2020-06-17,21.101320266723636
345,345,2020-06-18,22.188081741333008
346,346,2020-06-19,21.454513549804688
347,347,2020-06-22,21.273386001586918
348,348,2020-06-23,21.472625732421875
349,349,2020-06-24,21.35489845275879
350,350,2020-06-25,20.802459716796875
351,351,2020-06-26,20.213790893554688
352,352,2020-06-29,20.874910354614254
353,353,2020-06-30,21.119428634643555
354,354,2020-07-01,21.37300682067871
355,355,2020-07-02,21.05603408813477
356,356,2020-07-06,21.454513549804688
357,357,2020-07-07,20.78434562683105
358,358,2020-07-08,20.75717544555664
359,359,2020-07-09,20.014554977416992
360,360,2020-07-10,20.766233444213867
361,361,2020-07-13,21.472625732421875
362,362,2020-07-14,21.961669921875
363,363,2020-07-15,22.595617294311523
364,364,2020-07-16,23.093719482421875
365,365,2020-07-17,22.812971115112305
366,366,2020-07-20,22.160911560058597
367,367,2020-07-21,22.20619201660156
368,368,2020-07-22,22.514110565185547
369,369,2020-07-23,22.75863075256348
370,370,2020-07-24,22.41448974609375
371,371,2020-07-27,22.486940383911133
372,372,2020-07-28,22.20619201660156
373,373,2020-07-29,22.903533935546875
374,374,2020-07-30,23.374467849731445
375,375,2020-07-31,23.60993003845215
376,376,2020-08-03,23.28390312194824
377,377,2020-08-04,24.04463195800781
378,378,2020-08-05,23.546533584594727
379,379,2020-08-06,24.352548599243164
380,380,2020-08-07,23.73672103881836
381,381,2020-08-10,23.827281951904297
382,382,2020-08-11,24.00840759277344
383,383,2020-08-12,23.763891220092773
384,384,2020-08-13,24.17142105102539
385,385,2020-08-14,24.868764877319336
386,386,2020-08-17,24.66046714782715
387,387,2020-08-18,24.424999237060547
388,388,2020-08-19,24.74197578430176
389,389,2020-08-20,24.17142105102539
390,390,2020-08-21,24.00840759277344
391,391,2020-08-24,25.03177833557129
392,392,2020-08-25,24.9683837890625
393,393,2020-08-26,25.258188247680664
394,394,2020-08-27,25.60232925415039
395,395,2020-08-28,25.3487491607666
396,396,2020-08-31,25.22196388244629
397,397,2020-09-01,25.08611869812012
398,398,2020-09-02,25.63855361938477
399,399,2020-09-03,25.58421516418457
400,400,2020-09-04,26.037029266357425
401,401,2020-09-08,26.00080680847168
402,402,2020-09-09,26.00080680847168
403,403,2020-09-10,26.535133361816406
404,404,2020-09-11,26.51702117919922
405,405,2020-09-14,27.14707374572754
406,406,2020-09-15,27.512319564819336
407,407,2020-09-16,28.014535903930664
408,408,2020-09-17,27.631027221679688
409,409,2020-09-18,27.539714813232425
410,410,2020-09-21,26.471364974975582
411,411,2020-09-22,26.85487174987793
412,412,2020-09-23,26.31613540649414
413,413,2020-09-24,26.61746406555176
414,414,2020-09-25,26.964452743530277
415,415,2020-09-28,27.247514724731445
416,416,2020-09-29,26.443971633911133
417,417,2020-09-30,25.57650756835937
418,418,2020-10-01,25.275177001953125
419,419,2020-10-02,25.539981842041016
420,420,2020-10-05,25.92348861694336
421,421,2020-10-06,25.97827911376953
422,422,2020-10-07,26.34352684020996
423,423,2020-10-08,27.037500381469727
424,424,2020-10-09,26.40744972229004
425,425,2020-10-12,25.86870384216309
426,426,2020-10-13,25.065160751342773
427,427,2020-10-14,24.964717864990234
428,428,2020-10-15,25.412147521972656
429,429,2020-10-16,25.51258850097656
430,430,2020-10-19,24.7729606628418
431,431,2020-10-20,25.07428932189941
432,432,2020-10-21,25.99654006958008
433,433,2020-10-22,26.57180404663086
434,434,2020-10-23,26.73616981506348
435,435,2020-10-26,26.252212524414062
436,436,2020-10-27,25.759126663208008
437,437,2020-10-28,25.384754180908203
438,438,2020-10-29,25.686079025268555
439,439,2020-10-30,26.087852478027344
440,440,2020-11-02,27.028369903564453
441,441,2020-11-03,27.512319564819336
442,442,2020-11-04,27.1835994720459
443,443,2020-11-05,28.571542739868164
444,444,2020-11-06,26.754430770874023
445,445,2020-11-09,26.52614974975586
446,446,2020-11-10,27.4575309753418
447,447,2020-11-11,27.57623672485352
448,448,2020-11-12,26.70878028869629
449,449,2020-11-13,27.57623672485352
450,450,2020-11-16,29.1285400390625
451,451,2020-11-17,29.484664916992188
452,452,2020-11-18,29.859045028686523
453,453,2020-11-19,30.525619506835938
454,454,2020-11-20,31.03696632385254
455,455,2020-11-23,31.61223030090332
456,456,2020-11-24,31.511791229248047
457,457,2020-11-25,31.794857025146484
458,458,2020-11-27,32.02313995361328
459,459,2020-11-30,32.21489715576172
460,460,2020-12-01,33.2010612487793
461,461,2020-12-02,33.2101936340332
462,462,2020-12-03,33.411075592041016
463,463,2020-12-04,33.739803314208984
464,464,2020-12-07,33.621097564697266
465,465,2020-12-08,33.46587371826172
466,466,2020-12-09,33.274112701416016
467,467,2020-12-10,32.753631591796875
468,468,2020-12-11,32.507083892822266
469,469,2020-12-14,31.87275695800781
470,470,2020-12-15,32.304840087890625
471,471,2020-12-16,32.994327545166016
472,472,2020-12-17,33.279319763183594
473,473,2020-12-18,32.4151496887207
474,474,2020-12-21,32.038238525390625
475,475,2020-12-22,32.07501983642578
476,476,2020-12-23,33.04949188232422
477,477,2020-12-24,33.08625793457031
478,478,2020-12-28,33.76655960083008
479,479,2020-12-29,33.75736618041992
480,480,2020-12-30,33.92283630371094
481,481,2020-12-31,34.2537956237793
482,482,2021-01-04,33.64704895019531
483,483,2021-01-05,34.00558090209961
484,484,2021-01-06,36.95659255981445
485,485,2021-01-07,36.88305282592773
486,486,2021-01-08,36.82788848876953
487,487,2021-01-11,37.7472038269043
488,488,2021-01-12,38.40911102294922
489,489,2021-01-13,39.64099884033203
490,490,2021-01-14,42.28863906860352
491,491,2021-01-15,41.645111083984375
492,492,2021-01-19,40.22016906738281
493,493,2021-01-20,39.86163330078125
494,494,2021-01-21,41.4704475402832
495,495,2021-01-22,41.90252685546875
496,496,2021-01-25,43.86067199707031
497,497,2021-01-26,47.730995178222656
498,498,2021-01-27,51.48181915283203
499,499,2021-01-28,46.52669906616211
500,500,2021-01-29,44.58693313598633
501,501,2021-02-01,48.1079216003418
502,502,2021-02-02,46.20492935180664
503,503,2021-02-03,47.85970306396485
504,504,2021-02-04,47.85970306396485
505,505,2021-02-05,49.67995834350586
506,506,2021-02-08,50.102840423583984
507,507,2021-02-09,50.5900764465332
508,508,2021-02-10,52.00582885742188
509,509,2021-02-11,52.58500289916992
510,510,2021-02-12,53.60544204711914
511,511,2021-02-16,54.36846923828125
512,512,2021-02-17,56.07841110229492
513,513,2021-02-18,57.1356315612793
514,514,2021-02-19,57.632057189941406
515,515,2021-02-22,60.8036994934082
516,516,2021-02-23,59.176517486572266
517,517,2021-02-24,60.30728149414063
518,518,2021-02-25,57.45738983154297
519,519,2021-02-26,59.28683090209961
520,520,2021-03-01,61.71382522583008
521,521,2021-03-02,63.1755485534668
522,522,2021-03-03,65.18885040283203
523,523,2021-03-04,66.08057403564453
524,524,2021-03-05,68.25019073486328
525,525,2021-03-08,76.91014862060547
526,526,2021-03-09,73.23289489746094
527,527,2021-03-10,76.20228576660156
528,528,2021-03-11,79.31877899169922
529,529,2021-03-12,87.5235366821289
530,530,2021-03-15,88.80494689941406
531,531,2021-03-16,88.72198486328125
532,532,2021-03-17,85.12663269042969
533,533,2021-03-18,89.20135498046875
534,534,2021-03-19,89.74526977539062
535,535,2021-03-22,92.50169372558594
536,536,2021-03-23,84.12178039550781
537,537,2021-03-24,64.62397003173828
538,538,2021-03-25,61.16690826416016
539,539,2021-03-26,44.46239471435547
540,540,2021-03-29,41.49393081665039
541,541,2021-03-30,42.96894454956055
542,542,2021-03-31,41.57690048217773
543,543,2021-04-01,41.15283584594727
544,544,2021-04-05,39.54875946044922
545,545,2021-04-06,40.88549423217773
546,546,2021-04-07,40.461421966552734
547,547,2021-04-08,38.98641586303711
548,548,2021-04-09,38.608436584472656
549,549,2021-04-12,36.66326904296875
550,550,2021-04-13,37.3270263671875
551,551,2021-04-14,37.0781135559082
552,552,2021-04-15,36.18389129638672
553,553,2021-04-16,36.27607727050781
554,554,2021-04-19,35.400299072265625
555,555,2021-04-20,34.957786560058594
556,556,2021-04-21,37.65889358520508
557,557,2021-04-22,37.54827880859375
558,558,2021-04-23,38.45172119140625
559,559,2021-04-26,38.553131103515625
560,560,2021-04-27,39.46578979492188
561,561,2021-04-28,38.19358825683594
562,562,2021-04-29,38.25812911987305
563,563,2021-04-30,37.81562423706055
564,564,2021-05-03,36.56186294555664
565,565,2021-05-04,36.8476448059082
566,566,2021-05-05,36.04560470581055
567,567,2021-05-06,35.16981887817383
568,568,2021-05-07,36.31295394897461
569,569,2021-05-10,36.20232391357422
570,570,2021-05-11,36.39591979980469
571,571,2021-05-12,36.008731842041016
572,572,2021-05-13,35.5016975402832
573,573,2021-05-14,35.87044906616211
574,574,2021-05-17,35.40950393676758
575,575,2021-05-18,37.02280044555664
576,576,2021-05-19,36.58951950073242
577,577,2021-05-20,38.27656173706055
578,578,2021-05-21,38.85735321044922
579,579,2021-05-24,38.29499816894531
580,580,2021-05-25,37.70500183105469
581,581,2021-05-26,39.14313507080078
582,582,2021-05-27,39.77923202514648
583,583,2021-05-28,39.106258392333984
584,584,2021-06-01,39.27219772338867
585,585,2021-06-02,39.25375747680664
586,586,2021-06-03,38.33187484741211
587,587,2021-06-04,38.4425048828125
588,588,2021-06-07,38.47937774658203
589,589,2021-06-08,38.42406845092773
590,590,2021-06-09,38.94953536987305
591,591,2021-06-10,38.2673454284668
592,592,2021-06-11,39.041725158691406
593,593,2021-06-14,39.52383804321289
594,594,2021-06-15,38.63378143310547
595,595,2021-06-16,38.76358413696289
596,596,2021-06-17,37.26161956787109
597,597,2021-06-18,37.113277435302734
598,598,2021-06-21,37.97552108764648
599,599,2021-06-22,37.78081893920898
600,600,2021-06-23,38.7913932800293
601,601,2021-06-24,39.7463493347168
602,602,2021-06-25,40.62712860107422
603,603,2021-06-28,42.64828109741211
604,604,2021-06-29,41.37810897827149
605,605,2021-06-30,41.90657806396485
606,606,2021-07-01,41.6747932434082
607,607,2021-07-02,40.94235610961914
608,608,2021-07-06,39.7463493347168
609,609,2021-07-07,39.68144607543945
610,610,2021-07-08,38.4390869140625
611,611,2021-07-09,39.65363311767578
612,612,2021-07-12,40.27481460571289
613,613,2021-07-13,39.47747802734375
614,614,2021-07-14,38.83774948120117
615,615,2021-07-15,38.28147506713867
616,616,2021-07-16,37.354339599609375
617,617,2021-07-19,36.96493148803711
618,618,2021-07-20,37.44704818725586
619,619,2021-07-21,38.290748596191406
620,620,2021-07-22,37.89207458496094
621,621,2021-07-23,38.00333404541016
622,622,2021-07-26,39.08808517456055
623,623,2021-07-27,38.32783126831055
624,624,2021-07-28,38.61524200439453
625,625,2021-07-29,38.652320861816406
626,626,2021-07-30,37.94770431518555
627,627,2021-08-02,37.86426544189453
628,628,2021-08-03,35.66694641113281
629,629,2021-08-04,35.963626861572266
630,630,2021-08-05,38.52252578735352
631,631,2021-08-06,38.47616958618164
632,632,2021-08-09,37.354339599609375
633,633,2021-08-10,37.78081893920898
634,634,2021-08-11,37.84571075439453
635,635,2021-08-12,37.048377990722656
636,636,2021-08-13,36.306678771972656
637,637,2021-08-16,35.71330261230469
638,638,2021-08-17,36.18614196777344
639,639,2021-08-18,37.521217346191406
640,640,2021-08-19,36.7516975402832
641,641,2021-08-20,36.81660079956055
642,642,2021-08-23,37.39142608642578
643,643,2021-08-24,37.73445892333984
644,644,2021-08-25,37.98479080200195
645,645,2021-08-26,37.048377990722656
646,646,2021-08-27,37.91061401367188
647,647,2021-08-30,37.29871368408203
648,648,2021-08-31,38.42981719970703
649,649,2021-09-01,38.39273452758789
650,650,2021-09-02,38.51325607299805
651,651,2021-09-03,38.27219772338867
652,652,2021-09-07,38.58742904663086
653,653,2021-09-08,37.929161071777344
654,654,2021-09-09,37.400691986083984
655,655,2021-09-10,36.76096725463867
656,656,2021-09-13,37.42850875854492
657,657,2021-09-14,36.29996490478516
658,658,2021-09-15,37.65235137939453
659,659,2021-09-16,37.70831298828125
660,660,2021-09-17,37.29793930053711
661,661,2021-09-20,36.24399948120117
662,662,2021-09-21,36.05746841430664
663,663,2021-09-22,36.56111526489258
664,664,2021-09-23,37.36322021484375
665,665,2021-09-24,37.29793930053711
666,666,2021-09-27,37.71763610839844
667,667,2021-09-28,37.52178192138672
668,668,2021-09-29,37.419189453125
669,669,2021-09-30,36.85024642944336
670,670,2021-10-01,37.2139892578125
671,671,2021-10-04,36.477176666259766
672,672,2021-10-05,36.90620422363281
673,673,2021-10-06,36.53312683105469
674,674,2021-10-07,37.15802764892578
675,675,2021-10-08,37.13005447387695
676,676,2021-10-11,36.719669342041016
677,677,2021-10-12,36.51448440551758
678,678,2021-10-13,36.719669342041016
679,679,2021-10-14,36.81294250488281
680,680,2021-10-15,36.29996490478516
681,681,2021-10-18,35.936214447021484
682,682,2021-10-19,36.43986129760742
683,683,2021-10-20,36.253326416015625
684,684,2021-10-21,35.2367057800293
685,685,2021-10-22,34.98488235473633
686,686,2021-10-25,35.078147888183594
687,687,2021-10-26,34.583824157714844
688,688,2021-10-27,33.41797637939453
689,689,2021-10-28,34.527870178222656
690,690,2021-10-29,33.78172302246094
691,691,2021-11-01,34.74238204956055
692,692,2021-11-02,34.854305267333984
693,693,2021-11-03,35.02219009399414
694,694,2021-11-04,33.48326873779297
695,695,2021-11-05,33.893638610839844
696,696,2021-11-08,33.42729568481445
697,697,2021-11-09,33.110191345214844
698,698,2021-11-10,33.007598876953125
699,699,2021-11-11,33.20345687866211
700,700,2021-11-12,32.83039093017578
701,701,2021-11-15,33.371341705322266
702,702,2021-11-16,32.78375244140625
703,703,2021-11-17,32.71847152709961
704,704,2021-11-18,31.92568588256836
705,705,2021-11-19,31.394058227539062
706,706,2021-11-22,31.28213119506836
707,707,2021-11-23,30.731857299804688
708,708,2021-11-24,31.00233268737793
709,709,2021-11-26,30.414743423461918
710,710,2021-11-29,30.106958389282227
711,711,2021-11-30,28.866491317749023
712,712,2021-12-01,27.70064163208008
713,713,2021-12-02,27.57006454467773
714,714,2021-12-03,28.978412628173828
715,715,2021-12-06,29.025043487548828
716,716,2021-12-07,29.26754570007324
717,717,2021-12-08,29.696578979492188
718,718,2021-12-09,28.978412628173828
719,719,2021-12-10,29.118314743041992
720,720,2021-12-13,28.288227081298828
721,721,2021-12-14,27.82756996154785
722,722,2021-12-15,27.78996467590332
723,723,2021-12-16,27.959184646606445
724,724,2021-12-17,27.752361297607425
725,725,2021-12-20,26.962656021118164
726,726,2021-12-21,27.592538833618164
727,727,2021-12-22,27.432716369628903
728,728,2021-12-23,28.74888801574707
729,729,2021-12-27,28.316431045532227
730,730,2021-12-28,28.316431045532227
731,731,2021-12-29,28.19421768188477
732,732,2021-12-30,29.25655174255371
733,733,2021-12-31,28.372838973999023
734,734,2022-01-03,30.309490203857425
735,735,2022-01-04,31.070987701416016
736,736,2022-01-05,30.760746002197266
737,737,2022-01-06,30.760746002197266
738,738,2022-01-07,33.27086639404297
739,739,2022-01-10,32.81961441040039
740,740,2022-01-11,32.86661529541016
741,741,2022-01-12,32.87601852416992
742,742,2022-01-13,34.02295684814453
743,743,2022-01-14,34.61524200439453
744,744,2022-01-18,33.10164260864258
745,745,2022-01-19,32.97002410888672
746,746,2022-01-20,31.71026611328125
747,747,2022-01-21,29.37877082824707
748,748,2022-01-24,30.600923538208008
749,749,2022-01-25,30.892364501953125
750,750,2022-01-26,29.77362060546875
751,751,2022-01-27,29.52919006347656
752,752,2022-01-28,30.995773315429688
753,753,2022-01-31,31.44703483581543
754,754,2022-02-01,31.68206214904785
755,755,2022-02-02,30.80775260925293
756,756,2022-02-03,31.11799049377441
757,757,2022-02-04,31.4094295501709
758,758,2022-02-07,31.964096069335938
759,759,2022-02-08,32.46236801147461
760,760,2022-02-09,33.63751602172852
761,761,2022-02-10,33.73152160644531
762,762,2022-02-11,33.84434509277344
763,763,2022-02-14,32.93242263793945
764,764,2022-02-15,33.83494186401367
765,765,2022-02-16,27.80876350402832
766,766,2022-02-17,27.592538833618164
767,767,2022-02-18,26.680620193481445
768,768,2022-02-22,26.18235969543457
769,769,2022-02-23,26.69942092895508
770,770,2022-02-24,27.310503005981445
771,771,2022-02-25,27.78996467590332
772,772,2022-02-28,28.77709007263184
773,773,2022-03-01,30.32828712463379
774,774,2022-03-02,33.12985610961914
775,775,2022-03-03,33.317874908447266
776,776,2022-03-04,32.029911041259766
777,777,2022-03-07,31.512845993041992
778,778,2022-03-08,31.72907066345215
779,779,2022-03-09,31.719669342041016
780,780,2022-03-10,31.24020767211914
781,781,2022-03-11,30.66673469543457
782,782,2022-03-14,33.87736511230469
783,783,2022-03-15,33.34699249267578
784,784,2022-03-16,34.33197021484375
785,785,2022-03-17,34.91916275024414
786,786,2022-03-18,35.12752151489258
787,787,2022-03-21,34.474029541015625
788,788,2022-03-22,35.44954299926758
789,789,2022-03-23,35.62947463989258
790,790,2022-03-24,35.88519287109375
791,791,2022-03-25,36.44397735595703
792,792,2022-03-28,35.61053466796875
793,793,2022-03-29,36.15985107421875
794,794,2022-03-30,36.084083557128906
795,795,2022-03-31,35.80942916870117
796,796,2022-04-01,35.421119689941406
797,797,2022-04-04,35.72418594360352
798,798,2022-04-05,34.8907470703125
799,799,2022-04-06,33.953128814697266
800,800,2022-04-07,33.44171142578125
801,801,2022-04-08,34.03836441040039
802,802,2022-04-11,34.00996017456055
803,803,2022-04-12,34.15202331542969
804,804,2022-04-13,34.32249450683594
805,805,2022-04-14,34.48350143432617
806,806,2022-04-18,34.0667839050293
807,807,2022-04-19,34.36037826538086
808,808,2022-04-20,31.40546417236328
809,809,2022-04-21,30.600439071655277
810,810,2022-04-22,29.39763641357422
811,811,2022-04-25,29.549169540405277
812,812,2022-04-26,27.815998077392575
813,813,2022-04-27,27.39927673339844
814,814,2022-04-28,27.512928009033203
815,815,2022-04-29,27.5792293548584
816,816,2022-05-02,28.668376922607425
817,817,2022-05-03,28.299013137817383
818,818,2022-05-04,28.58313751220703
819,819,2022-05-05,28.14747810363769
820,820,2022-05-06,26.433246612548828
821,821,2022-05-09,25.988117218017575
822,822,2022-05-10,25.96917533874512
823,823,2022-05-11,25.27779769897461
824,824,2022-05-12,25.685047149658203
825,825,2022-05-13,26.84996795654297
826,826,2022-05-16,26.537429809570312
827,827,2022-05-17,30.609907150268555
828,828,2022-05-18,29.88064956665039
829,829,2022-05-19,30.515199661254883
830,830,2022-05-20,30.91297721862793
831,831,2022-05-23,31.33916664123535
832,832,2022-05-24,30.11742401123047
833,833,2022-05-25,30.63832092285156
834,834,2022-05-26,30.68567657470703
835,835,2022-05-27,32.11578369140625
836,836,2022-05-31,32.513553619384766
837,837,2022-06-01,30.63832092285156
838,838,2022-06-02,29.76700210571289
839,839,2022-06-03,29.170333862304688
840,840,2022-06-06,28.81044006347656
841,841,2022-06-07,28.94303131103516
842,842,2022-06-08,29.113508224487305
843,843,2022-06-09,27.607637405395508
844,844,2022-06-10,26.603721618652344
845,845,2022-06-13,24.444360733032227
846,846,2022-06-14,24.291406631469727
847,847,2022-06-15,24.52083778381348
848,848,2022-06-16,23.182470321655277
849,849,2022-06-17,23.47882461547852
850,850,2022-06-21,23.517061233520508
851,851,2022-06-22,23.364107131958008
852,852,2022-06-23,23.44058609008789
853,853,2022-06-24,24.625999450683597
854,854,2022-06-27,24.83631134033203
855,855,2022-06-28,24.43480110168457
856,856,2022-06-29,23.97593116760254
857,857,2022-06-30,23.59354019165039
858,858,2022-07-01,24.100208282470703
859,859,2022-07-05,24.081090927124023
860,860,2022-07-06,23.956811904907227
861,861,2022-07-07,24.75983238220215
862,862,2022-07-08,24.43480110168457
863,863,2022-07-11,23.10599136352539
864,864,2022-07-12,23.985490798950195
865,865,2022-07-13,23.918575286865234
866,866,2022-07-14,23.05819320678711
867,867,2022-07-15,23.89945411682129
868,868,2022-07-18,23.44058609008789
869,869,2022-07-19,23.94725227355957
870,870,2022-07-20,24.864992141723636
871,871,2022-07-21,24.87455368041992
872,872,2022-07-22,24.157567977905277
873,873,2022-07-25,24.2244873046875
874,874,2022-07-26,23.077312469482425
875,875,2022-07-27,23.450145721435547
876,876,2022-07-28,23.27806854248047
877,877,2022-07-29,22.60888290405273
878,878,2022-08-01,23.08687210083008
879,879,2022-08-02,23.392784118652344
880,880,2022-08-03,23.937694549560547
881,881,2022-08-04,24.1958065032959
882,882,2022-08-05,23.19203186035156
883,883,2022-08-08,24.100208282470703
884,884,2022-08-09,23.60310173034668
885,885,2022-08-10,23.985490798950195
886,886,2022-08-11,24.664236068725582
887,887,2022-08-12,25.03706932067871
888,888,2022-08-15,25.390779495239254
889,889,2022-08-16,26.002605438232425
890,890,2022-08-17,25.142223358154297
891,891,2022-08-18,24.826749801635746
892,892,2022-08-19,24.75983238220215
893,893,2022-08-22,23.47882461547852
894,894,2022-08-23,23.421463012695312
895,895,2022-08-24,23.909013748168945
896,896,2022-08-25,24.798072814941406
897,897,2022-08-26,23.803855895996094
898,898,2022-08-29,23.26850700378418
899,899,2022-08-30,23.00083351135254
900,900,2022-08-31,22.360328674316406
901,901,2022-09-01,22.42724609375
902,902,2022-09-02,22.102214813232425
903,903,2022-09-06,21.89189910888672
904,904,2022-09-07,21.94925880432129
905,905,2022-09-08,21.710262298583984
906,906,2022-09-09,22.61844253540039
907,907,2022-09-12,23.19203186035156
908,908,2022-09-13,21.53818893432617
909,909,2022-09-14,21.180667877197266
910,910,2022-09-15,22.27255249023437
911,911,2022-09-16,21.963348388671875
912,912,2022-09-19,22.32086563110352
913,913,2022-09-20,21.847394943237305
914,914,2022-09-21,20.678205490112305
915,915,2022-09-22,20.16608238220215
916,916,2022-09-23,19.489694595336918
917,917,2022-09-26,18.99689292907715
918,918,2022-09-27,18.74566650390625
919,919,2022-09-28,19.16116142272949
920,920,2022-09-29,18.31084442138672
921,921,2022-09-30,18.39780807495117
922,922,2022-10-03,18.95824432373047
923,923,2022-10-04,19.39306640625
924,924,2022-10-05,18.90992927551269
925,925,2022-10-06,18.48476791381836
926,926,2022-10-07,18.02096176147461
927,927,2022-10-10,17.933998107910156
928,928,2022-10-11,17.624788284301758
929,929,2022-10-12,17.914670944213867
930,930,2022-10-13,18.50409698486328
931,931,2022-10-14,18.136913299560547
932,932,2022-10-17,18.639375686645508
933,933,2022-10-18,18.929256439208984
934,934,2022-10-19,18.43645668029785
935,935,2022-10-20,18.465444564819336
936,936,2022-10-21,18.57173538208008
937,937,2022-10-24,18.44611930847168
938,938,2022-10-25,19.00655746459961
939,939,2022-10-26,18.687686920166016
940,940,2022-10-27,17.77939224243164
941,941,2022-10-28,18.378480911254883
942,942,2022-10-31,17.702091217041016
943,943,2022-11-01,18.523420333862305
944,944,2022-11-02,16.223695755004883
945,945,2022-11-03,15.663257598876951
946,946,2022-11-04,15.044844627380373
947,947,2022-11-07,15.817863464355469
948,948,2022-11-08,16.02077865600586
949,949,2022-11-09,15.00619411468506
950,950,2022-11-10,16.0111141204834
951,951,2022-11-11,18.17556381225586
952,952,2022-11-14,17.866357803344727
953,953,2022-11-15,18.784313201904297
954,954,2022-11-16,17.528162002563477
955,955,2022-11-17,17.7890567779541
956,956,2022-11-18,18.03062629699707
957,957,2022-11-21,17.89534568786621
958,958,2022-11-22,18.49443244934082
959,959,2022-11-23,18.99689292907715
960,960,2022-11-25,19.23846244812012
961,961,2022-11-28,18.59106063842773
962,962,2022-11-29,19.0838565826416
963,963,2022-11-30,19.402729034423828
964,964,2022-12-01,19.489694595336918
965,965,2022-12-02,19.692609786987305
966,966,2022-12-05,18.851953506469727
967,967,2022-12-06,17.537824630737305
968,968,2022-12-07,17.402545928955078
969,969,2022-12-08,17.489513397216797
970,970,2022-12-09,18.378480911254883
971,971,2022-12-12,19.00655746459961
972,972,2022-12-13,19.00655746459961
973,973,2022-12-14,18.93808364868164
974,974,2022-12-15,17.275131225585938
975,975,2022-12-16,16.93276023864746
976,976,2022-12-19,16.55125617980957
977,977,2022-12-20,16.512128829956055
978,978,2022-12-21,16.512128829956055
979,979,2022-12-22,16.570823669433594
980,980,2022-12-23,16.296924591064453
981,981,2022-12-27,16.15997314453125
982,982,2022-12-28,15.7589111328125
983,983,2022-12-29,16.404525756835938
984,984,2022-12-30,16.512128829956055
985,985,2023-01-03,16.697988510131836
986,986,2023-01-04,18.096824645996094
987,987,2023-01-05,18.253337860107425
988,988,2023-01-06,18.61527442932129
989,989,2023-01-09,19.12394142150879
990,990,2023-01-10,19.45653343200684
991,991,2023-01-11,19.56413459777832
992,992,2023-01-12,19.789121627807617
993,993,2023-01-13,19.62282943725586
994,994,2023-01-17,20.190185546875
995,995,2023-01-18,19.58370018005371
996,996,2023-01-19,19.143503189086918
997,997,2023-01-20,19.857595443725582
998,998,2023-01-23,20.698854446411133
999,999,2023-01-24,20.37604713439941
1000,1000,2023-01-25,21.45207405090332
1001,1001,2023-01-26,21.921613693237305
1002,1002,2023-01-27,22.56723022460937
1003,1003,2023-01-30,22.11725616455078
1004,1004,2023-01-31,22.6552677154541
1005,1005,2023-02-01,23.868244171142575
1006,1006,2023-02-02,24.69972038269043
1007,1007,2023-02-03,24.06388664245605
1008,1008,2023-02-06,23.535654067993164
1009,1009,2023-02-07,22.841127395629883
1010,1010,2023-02-08,21.931394577026367
1011,1011,2023-02-09,21.315128326416016
1012,1012,2023-02-10,21.119483947753903
1013,1013,2023-02-13,21.82379150390625
1014,1014,2023-02-14,21.960742950439453
1015,1015,2023-02-15,24.00519561767578
1016,1016,2023-02-16,22.98785781860352
1017,1017,2023-02-17,23.173717498779297
1018,1018,2023-02-21,22.430280685424805
1019,1019,2023-02-22,22.792217254638672
1020,1020,2023-02-23,22.92916488647461
1021,1021,2023-02-24,21.814008712768555
1022,1022,2023-02-27,21.60858726501465
1023,1023,2023-02-28,20.953187942504883
1024,1024,2023-03-01,21.24665069580078
1025,1025,2023-03-02,21.8629207611084
1026,1026,2023-03-03,22.097692489624023
1027,1027,2023-03-06,21.55967712402344
1028,1028,2023-03-07,21.01187896728516
1029,1029,2023-03-08,21.39338493347168
1030,1030,2023-03-09,20.405393600463867
1031,1031,2023-03-10,19.45653343200684
1032,1032,2023-03-13,18.97721099853516
1033,1033,2023-03-14,19.221759796142575
1034,1034,2023-03-15,19.368492126464844
1035,1035,2023-03-16,19.534786224365234
1036,1036,2023-03-17,19.50508499145508
1037,1037,2023-03-20,19.80211639404297
1038,1038,2023-03-21,21.03974914550781
1039,1039,2023-03-22,20.48528861999512
1040,1040,2023-03-23,20.53479385375977
1041,1041,2023-03-24,20.02984046936035
1042,1042,2023-03-27,20.554597854614254
1043,1043,2023-03-28,21.19816780090332
1044,1044,2023-03-29,21.297178268432617
1045,1045,2023-03-30,21.495197296142575
1046,1046,2023-03-31,22.089262008666992
1047,1047,2023-04-03,21.57440757751465
1048,1048,2023-04-04,21.396188735961918
1049,1049,2023-04-05,20.792224884033203
1050,1050,2023-04-06,21.44569396972656
1051,1051,2023-04-10,22.079360961914062
1052,1052,2023-04-11,22.65361976623535
1053,1053,2023-04-12,21.911043167114254
1054,1054,2023-04-13,21.920942306518555
1055,1055,2023-04-14,21.36648368835449
1056,1056,2023-04-17,21.86153793334961
1057,1057,2023-04-18,21.604108810424805
1058,1058,2023-04-19,22.336788177490234
1059,1059,2023-04-20,21.93084526062012
1060,1060,2023-04-21,22.307085037231445
1061,1061,2023-04-24,22.356590270996094
1062,1062,2023-04-25,21.75262451171875
1063,1063,2023-04-26,21.435792922973636
1064,1064,2023-04-27,22.851642608642575
1065,1065,2023-04-28,23.09916877746582
1066,1066,2023-05-01,23.20808219909668
1067,1067,2023-05-02,22.762535095214844
1068,1068,2023-05-03,22.663522720336918
1069,1069,2023-05-04,16.237735748291016
1070,1070,2023-05-05,16.693185806274414
1071,1071,2023-05-08,16.8218994140625
1072,1072,2023-05-09,16.366451263427734
1073,1073,2023-05-10,15.6931791305542
1074,1074,2023-05-11,15.217926025390623
1075,1075,2023-05-12,14.87139129638672
1076,1076,2023-05-15,15.653573989868164
1077,1077,2023-05-16,14.802082061767578
1078,1078,2023-05-17,15.415947914123535
1079,1079,2023-05-18,15.55456256866455
1080,1080,2023-05-19,15.019906997680664
1081,1081,2023-05-22,14.841687202453612
1082,1082,2023-05-23,14.772379875183104
1083,1083,2023-05-24,14.495149612426758
1084,1084,2023-05-25,13.940690994262695
1085,1085,2023-05-26,14.76247787475586
1086,1086,2023-05-30,15.703078269958496
1087,1087,2023-05-31,15.059510231018066
1088,1088,2023-06-01,15.237730026245115
1089,1089,2023-06-02,15.24763011932373
1090,1090,2023-06-05,14.980301856994627
1091,1091,2023-06-06,15.633770942687988
1092,1092,2023-06-07,16.237735748291016
1093,1093,2023-06-08,16.41595458984375
1094,1094,2023-06-09,15.940704345703123
1095,1095,2023-06-12,16.346647262573242
1096,1096,2023-06-13,16.4555606842041
1097,1097,2023-06-14,16.485353469848633
1098,1098,2023-06-15,16.415836334228516
1099,1099,2023-06-16,16.16756248474121
1100,1100,2023-06-20,15.561775207519531
1101,1101,2023-06-21,15.631292343139648
1102,1102,2023-06-22,15.442605018615724
1103,1103,2023-06-23,15.25391674041748
1104,1104,2023-06-26,15.462465286254885
1105,1105,2023-06-27,15.770325660705566
1106,1106,2023-06-28,15.631292343139648
1107,1107,2023-06-29,15.879565238952637
1108,1108,2023-06-30,15.80011749267578
1109,1109,2023-07-03,16.207286834716797
1110,1110,2023-07-05,16.03845977783203
1111,1111,2023-07-06,16.35624885559082
1112,1112,2023-07-07,16.177494049072266
1113,1113,2023-07-10,16.127838134765625
1114,1114,2023-07-11,16.713764190673828
1115,1115,2023-07-12,16.42576789855957
1116,1116,2023-07-13,16.703832626342773
1117,1117,2023-07-14,15.849772453308104
1118,1118,2023-07-17,15.25391674041748
1119,1119,2023-07-18,15.412811279296877
1120,1120,2023-07-19,15.929221153259276
1121,1121,2023-07-20,15.790185928344728
1122,1122,2023-07-21,15.412811279296877
1123,1123,2023-07-24,15.373086929321287
1124,1124,2023-07-25,14.995712280273438
1125,1125,2023-07-26,15.383018493652344
1126,1126,2023-07-27,14.936126708984377
1127,1127,2023-07-28,15.224123001098633
1128,1128,2023-07-31,15.919289588928224
1129,1129,2023-08-01,15.949081420898438
1130,1130,2023-08-02,15.442605018615724
1131,1131,2023-08-03,14.985780715942385
1132,1132,2023-08-04,15.522051811218262
1133,1133,2023-08-07,15.978876113891602
1134,1134,2023-08-08,16.237079620361328
1135,1135,2023-08-09,15.512120246887209
1136,1136,2023-08-10,15.36315631866455
1137,1137,2023-08-11,15.164538383483888
1138,1138,2023-08-14,14.826886177062988
1139,1139,2023-08-15,15.263846397399902
1140,1140,2023-08-16,14.88647174835205
1141,1141,2023-08-17,14.44951057434082
1142,1142,2023-08-18,14.707715034484863
1143,1143,2023-08-21,14.538888931274414
1144,1144,2023-08-22,14.439579963684082
1145,1145,2023-08-23,14.896402359008787
1146,1146,2023-08-24,14.628267288208008
1147,1147,2023-08-25,14.340270042419434
1148,1148,2023-08-28,14.638197898864746
1149,1149,2023-08-29,14.85667896270752
1150,1150,2023-08-30,14.995712280273438
1151,1151,2023-08-31,14.985780715942385
1152,1152,2023-09-01,13.555726051330566
1153,1153,2023-09-05,13.555726051330566
1154,1154,2023-09-06,13.307453155517578
1155,1155,2023-09-07,12.930078506469728
1156,1156,2023-09-08,13.56565761566162
1157,1157,2023-09-11,13.456417083740234
1158,1158,2023-09-12,13.416693687438965
1159,1159,2023-09-13,13.277660369873049
1160,1160,2023-09-14,13.746166229248049
1161,1161,2023-09-15,14.015308380126951
1162,1162,2023-09-18,13.556770324707031
1163,1163,2023-09-19,13.556770324707031
1164,1164,2023-09-20,13.197914123535156
1165,1165,2023-09-21,13.257723808288574
1166,1166,2023-09-22,12.59982204437256
1167,1167,2023-09-25,12.619757652282717
1168,1168,2023-09-26,12.42039394378662
1169,1169,2023-09-27,12.739376068115234
1170,1170,2023-09-28,12.77924919128418
1171,1171,2023-09-29,12.858994483947754
1172,1172,2023-10-02,12.549981117248535
1173,1173,2023-10-03,11.95188808441162
1174,1174,2023-10-04,11.792396545410156
1175,1175,2023-10-05,11.632905006408691
1176,1176,2023-10-06,11.782427787780762
1177,1177,2023-10-09,11.92198371887207
1178,1178,2023-10-10,12.39048957824707
1179,1179,2023-10-11,12.101411819458008
1180,1180,2023-10-12,11.692713737487791
1181,1181,2023-10-13,11.862174034118652
1182,1182,2023-10-16,12.221030235290527
1183,1183,2023-10-17,12.42039394378662
1184,1184,2023-10-18,12.151251792907717
1185,1185,2023-10-19,11.742555618286133
1186,1186,2023-10-20,11.463445663452148
1187,1187,2023-10-23,11.154430389404297
1188,1188,2023-10-24,11.114557266235352
1189,1189,2023-10-25,10.905224800109863
1190,1190,2023-10-26,10.865352630615234
1191,1191,2023-10-27,10.665987968444824
1192,1192,2023-10-30,10.96503448486328
1193,1193,2023-10-31,10.845416069030762
1194,1194,2023-11-01,10.765670776367188
1195,1195,2023-11-02,11.882110595703123
1196,1196,2023-11-03,13.716261863708496
1197,1197,2023-11-06,12.649662017822266
1198,1198,2023-11-07,12.799185752868652
1199,1199,2023-11-08,11.782427787780762
1200,1200,2023-11-09,12.091443061828612
1201,1201,2023-11-10,12.061538696289062
1202,1202,2023-11-13,11.9618558883667
1203,1203,2023-11-14,12.48020362854004
1204,1204,2023-11-15,13.128137588500977
1205,1205,2023-11-16,12.719440460205078
1206,1206,2023-11-17,13.148073196411133
1207,1207,2023-11-20,13.88572120666504
1208,1208,2023-11-21,14.015308380126951
1209,1209,2023-11-22,14.114990234375
1210,1210,2023-11-24,14.164831161499023
1211,1211,2023-11-27,14.105021476745604
1212,1212,2023-11-28,13.865784645080566
1213,1213,2023-11-29,14.364195823669434
1214,1214,2023-11-30,14.324322700500488
1215,1215,2023-12-01,15.729840278625488
1216,1216,2023-12-04,15.899300575256348
1217,1217,2023-12-05,15.460699081420898
1218,1218,2023-12-06,15.171621322631836
1219,1219,2023-12-07,14.982224464416504
1220,1220,2023-12-08,16.79644012451172
1221,1221,2023-12-11,16.188379287719727
1222,1222,2023-12-12,15.22146224975586
1223,1223,2023-12-13,15.679999351501465
1224,1224,2023-12-14,16.709999084472656
1225,1225,2023-12-15,16.270000457763672
1226,1226,2023-12-18,15.510000228881836
1227,1227,2023-12-19,15.81999969482422
1228,1228,2023-12-20,15.5
1229,1229,2023-12-21,15.06999969482422
1230,1230,2023-12-22,15.0
1231,1231,2023-12-26,15.020000457763672
1232,1232,2023-12-27,14.989999771118164
1233,1233,2023-12-28,15.149999618530272
1234,1234,2023-12-29,14.789999961853027
1235,1235,2024-01-02,14.399999618530272
1236,1236,2024-01-03,14.1899995803833
1237,1237,2024-01-04,14.489999771118164
1238,1238,2024-01-05,14.649999618530272
1239,1239,2024-01-08,14.6899995803833
1240,1240,2024-01-09,14.229999542236328
1241,1241,2024-01-10,14.119999885559082
1242,1242,2024-01-11,13.350000381469728
1243,1243,2024-01-12,13.329999923706056
1244,1244,2024-01-16,13.229999542236328
1245,1245,2024-01-17,13.0
1246,1246,2024-01-18,13.109999656677246
1247,1247,2024-01-19,13.399999618530272
1248,1248,2024-01-22,13.75
1249,1249,2024-01-23,13.68000030517578
1250,1250,2024-01-24,13.359999656677246
1251,1251,2024-01-25,13.960000038146973
1252,1252,2024-01-26,13.800000190734863
1253,1253,2024-01-29,13.75
1254,1254,2024-01-30,13.68000030517578
1255,1255,2024-01-31,14.59000015258789
1256,1256,2024-02-01,14.68000030517578
1257,1257,2024-02-02,14.43000030517578
1258,1258,2024-02-05,14.039999961853027
