,Date,PCG
0,2019-02-04 00:00:00-05:00,13.282588005065918
1,2019-02-05 00:00:00-05:00,14.072147369384766
2,2019-02-06 00:00:00-05:00,13.662376403808594
3,2019-02-07 00:00:00-05:00,14.052159309387207
4,2019-02-08 00:00:00-05:00,14.1920804977417
5,2019-02-11 00:00:00-05:00,14.32200813293457
6,2019-02-12 00:00:00-05:00,15.421394348144531
7,2019-02-13 00:00:00-05:00,15.201517105102539
8,2019-02-14 00:00:00-05:00,15.461372375488281
9,2019-02-15 00:00:00-05:00,15.471365928649902
10,2019-02-19 00:00:00-05:00,17.730106353759766
11,2019-02-20 00:00:00-05:00,18.19984245300293
12,2019-02-21 00:00:00-05:00,19.389179229736328
13,2019-02-22 00:00:00-05:00,18.759532928466797
14,2019-02-25 00:00:00-05:00,18.639598846435547
15,2019-02-26 00:00:00-05:00,18.509672164916992
16,2019-02-27 00:00:00-05:00,17.790071487426758
17,2019-02-28 00:00:00-05:00,17.0205020904541
18,2019-03-01 00:00:00-05:00,17.90001106262207
19,2019-03-04 00:00:00-05:00,18.039932250976562
20,2019-03-05 00:00:00-05:00,18.299787521362305
21,2019-03-06 00:00:00-05:00,18.349760055541992
22,2019-03-07 00:00:00-05:00,19.059364318847656
23,2019-03-08 00:00:00-05:00,19.37918472290039
24,2019-03-11 00:00:00-04:00,19.369190216064453
25,2019-03-12 00:00:00-04:00,19.209280014038086
26,2019-03-13 00:00:00-04:00,19.449146270751953
27,2019-03-14 00:00:00-04:00,19.49911880493164
28,2019-03-15 00:00:00-04:00,19.639039993286133
29,2019-03-18 00:00:00-04:00,19.419164657592773
30,2019-03-19 00:00:00-04:00,19.059364318847656
31,2019-03-20 00:00:00-04:00,19.069358825683594
32,2019-03-21 00:00:00-04:00,19.03937530517578
33,2019-03-22 00:00:00-04:00,19.409168243408203
34,2019-03-25 00:00:00-04:00,18.19984245300293
35,2019-03-26 00:00:00-04:00,17.93998908996582
36,2019-03-27 00:00:00-04:00,17.67013931274414
37,2019-03-28 00:00:00-04:00,17.240379333496094
38,2019-03-29 00:00:00-04:00,17.790071487426758
39,2019-04-01 00:00:00-04:00,17.999956130981445
40,2019-04-02 00:00:00-04:00,17.650150299072266
41,2019-04-03 00:00:00-04:00,18.459697723388672
42,2019-04-04 00:00:00-04:00,18.8494815826416
43,2019-04-05 00:00:00-04:00,19.35919761657715
44,2019-04-08 00:00:00-04:00,19.669023513793945
45,2019-04-09 00:00:00-04:00,18.80950355529785
46,2019-04-10 00:00:00-04:00,18.85947608947754
47,2019-04-11 00:00:00-04:00,19.11932945251465
48,2019-04-12 00:00:00-04:00,23.067127227783203
49,2019-04-15 00:00:00-04:00,23.706769943237305
50,2019-04-16 00:00:00-04:00,22.24758529663086
51,2019-04-17 00:00:00-04:00,21.837814331054688
52,2019-04-18 00:00:00-04:00,20.9882869720459
53,2019-04-22 00:00:00-04:00,21.388065338134766
54,2019-04-23 00:00:00-04:00,21.51799201965332
55,2019-04-24 00:00:00-04:00,22.917211532592773
56,2019-04-25 00:00:00-04:00,23.07712173461914
57,2019-04-26 00:00:00-04:00,23.396944046020508
58,2019-04-29 00:00:00-04:00,23.406938552856445
59,2019-04-30 00:00:00-04:00,22.5074405670166
60,2019-05-01 00:00:00-04:00,21.687898635864258
61,2019-05-02 00:00:00-04:00,20.94830894470215
62,2019-05-03 00:00:00-04:00,21.47801399230957
63,2019-05-06 00:00:00-04:00,21.32809829711914
64,2019-05-07 00:00:00-04:00,20.9882869720459
65,2019-05-08 00:00:00-04:00,20.248701095581055
66,2019-05-09 00:00:00-04:00,19.339208602905273
67,2019-05-10 00:00:00-04:00,18.58962631225586
68,2019-05-13 00:00:00-04:00,18.219831466674805
69,2019-05-14 00:00:00-04:00,18.349760055541992
70,2019-05-15 00:00:00-04:00,18.0499267578125
71,2019-05-16 00:00:00-04:00,18.159866333007812
72,2019-05-17 00:00:00-04:00,17.010507583618164
73,2019-05-20 00:00:00-04:00,17.67013931274414
74,2019-05-21 00:00:00-04:00,18.43971061706543
75,2019-05-22 00:00:00-04:00,18.989402770996094
76,2019-05-23 00:00:00-04:00,18.979408264160156
77,2019-05-24 00:00:00-04:00,18.81949806213379
78,2019-05-28 00:00:00-04:00,17.720111846923828
79,2019-05-29 00:00:00-04:00,17.120445251464844
80,2019-05-30 00:00:00-04:00,17.770084381103516
81,2019-05-31 00:00:00-04:00,17.090463638305664
82,2019-06-03 00:00:00-04:00,17.880022048950195
83,2019-06-04 00:00:00-04:00,18.72954750061035
84,2019-06-05 00:00:00-04:00,20.738428115844727
85,2019-06-06 00:00:00-04:00,20.958303451538086
86,2019-06-07 00:00:00-04:00,20.44858741760254
87,2019-06-10 00:00:00-04:00,19.758974075317383
88,2019-06-11 00:00:00-04:00,19.08934783935547
89,2019-06-12 00:00:00-04:00,18.229827880859375
90,2019-06-13 00:00:00-04:00,18.279800415039062
91,2019-06-14 00:00:00-04:00,18.46969223022461
92,2019-06-17 00:00:00-04:00,18.869468688964844
93,2019-06-18 00:00:00-04:00,19.129323959350586
94,2019-06-19 00:00:00-04:00,20.518550872802734
95,2019-06-20 00:00:00-04:00,23.556854248046875
96,2019-06-21 00:00:00-04:00,22.947193145751953
97,2019-06-24 00:00:00-04:00,21.657915115356445
98,2019-06-25 00:00:00-04:00,21.587953567504883
99,2019-06-26 00:00:00-04:00,21.7078857421875
100,2019-06-27 00:00:00-04:00,23.936643600463867
101,2019-06-28 00:00:00-04:00,22.907217025756836
102,2019-07-01 00:00:00-04:00,23.336977005004883
103,2019-07-02 00:00:00-04:00,22.38750648498535
104,2019-07-03 00:00:00-04:00,22.357524871826172
105,2019-07-05 00:00:00-04:00,21.777847290039062
106,2019-07-08 00:00:00-04:00,21.717880249023438
107,2019-07-09 00:00:00-04:00,21.877790451049805
108,2019-07-10 00:00:00-04:00,21.388065338134766
109,2019-07-11 00:00:00-04:00,20.438594818115234
110,2019-07-12 00:00:00-04:00,19.389179229736328
111,2019-07-15 00:00:00-04:00,17.730106353759766
112,2019-07-16 00:00:00-04:00,18.119888305664062
113,2019-07-17 00:00:00-04:00,18.43971061706543
114,2019-07-18 00:00:00-04:00,18.449703216552734
115,2019-07-19 00:00:00-04:00,17.780078887939453
116,2019-07-22 00:00:00-04:00,17.640155792236328
117,2019-07-23 00:00:00-04:00,18.87946319580078
118,2019-07-24 00:00:00-04:00,18.87946319580078
119,2019-07-25 00:00:00-04:00,18.339765548706055
120,2019-07-26 00:00:00-04:00,18.689571380615234
121,2019-07-29 00:00:00-04:00,18.269805908203125
122,2019-07-30 00:00:00-04:00,17.989961624145508
123,2019-07-31 00:00:00-04:00,18.119888305664062
124,2019-08-01 00:00:00-04:00,18.039932250976562
125,2019-08-02 00:00:00-04:00,18.58962631225586
126,2019-08-05 00:00:00-04:00,17.93998908996582
127,2019-08-06 00:00:00-04:00,18.219831466674805
128,2019-08-07 00:00:00-04:00,18.149871826171875
129,2019-08-08 00:00:00-04:00,18.499677658081055
130,2019-08-09 00:00:00-04:00,18.109895706176758
131,2019-08-12 00:00:00-04:00,16.740657806396484
132,2019-08-13 00:00:00-04:00,16.940547943115234
133,2019-08-14 00:00:00-04:00,15.92111587524414
134,2019-08-15 00:00:00-04:00,14.381975173950195
135,2019-08-16 00:00:00-04:00,14.272035598754883
136,2019-08-19 00:00:00-04:00,10.66404914855957
137,2019-08-20 00:00:00-04:00,11.653496742248535
138,2019-08-21 00:00:00-04:00,12.243167877197266
139,2019-08-22 00:00:00-04:00,11.67348575592041
140,2019-08-23 00:00:00-04:00,11.033843040466309
141,2019-08-26 00:00:00-04:00,11.793418884277344
142,2019-08-27 00:00:00-04:00,11.21374225616455
143,2019-08-28 00:00:00-04:00,10.81396484375
144,2019-08-29 00:00:00-04:00,10.424182891845703
145,2019-08-30 00:00:00-04:00,10.444171905517578
146,2019-09-03 00:00:00-04:00,10.564105033874512
147,2019-09-04 00:00:00-04:00,10.684037208557129
148,2019-09-05 00:00:00-04:00,10.554110527038574
149,2019-09-06 00:00:00-04:00,10.184316635131836
150,2019-09-09 00:00:00-04:00,11.183758735656738
151,2019-09-10 00:00:00-04:00,10.8939208984375
152,2019-09-11 00:00:00-04:00,10.674043655395508
153,2019-09-12 00:00:00-04:00,10.094367027282715
154,2019-09-13 00:00:00-04:00,11.173765182495117
155,2019-09-16 00:00:00-04:00,11.003859519958496
156,2019-09-17 00:00:00-04:00,11.153775215148926
157,2019-09-18 00:00:00-04:00,11.743446350097656
158,2019-09-19 00:00:00-04:00,12.193195343017578
159,2019-09-20 00:00:00-04:00,11.603524208068848
160,2019-09-23 00:00:00-04:00,11.533563613891602
161,2019-09-24 00:00:00-04:00,10.923904418945312
162,2019-09-25 00:00:00-04:00,10.763994216918945
163,2019-09-26 00:00:00-04:00,10.694032669067383
164,2019-09-27 00:00:00-04:00,10.11435604095459
165,2019-09-30 00:00:00-04:00,9.994422912597656
166,2019-10-01 00:00:00-04:00,9.894477844238281
167,2019-10-02 00:00:00-04:00,8.955002784729004
168,2019-10-03 00:00:00-04:00,9.544673919677734
169,2019-10-04 00:00:00-04:00,10.863937377929688
170,2019-10-07 00:00:00-04:00,11.493586540222168
171,2019-10-08 00:00:00-04:00,10.8939208984375
172,2019-10-09 00:00:00-04:00,10.973875999450684
173,2019-10-10 00:00:00-04:00,7.785655498504639
174,2019-10-11 00:00:00-04:00,8.015527725219727
175,2019-10-14 00:00:00-04:00,7.665722370147705
176,2019-10-15 00:00:00-04:00,7.705699920654297
177,2019-10-16 00:00:00-04:00,7.87560510635376
178,2019-10-17 00:00:00-04:00,7.8256330490112305
179,2019-10-18 00:00:00-04:00,7.755672454833984
180,2019-10-21 00:00:00-04:00,8.035515785217285
181,2019-10-22 00:00:00-04:00,8.09548282623291
182,2019-10-23 00:00:00-04:00,8.195426940917969
183,2019-10-24 00:00:00-04:00,7.195984363555908
184,2019-10-25 00:00:00-04:00,4.997211456298828
185,2019-10-28 00:00:00-04:00,3.7978806495666504
186,2019-10-29 00:00:00-04:00,5.027194976806641
187,2019-10-30 00:00:00-04:00,6.136575698852539
188,2019-10-31 00:00:00-04:00,6.166558742523193
189,2019-11-01 00:00:00-04:00,6.426413536071777
190,2019-11-04 00:00:00-05:00,7.2659454345703125
191,2019-11-05 00:00:00-05:00,7.995538234710693
192,2019-11-06 00:00:00-05:00,6.916140556335449
193,2019-11-07 00:00:00-05:00,6.0166425704956055
194,2019-11-08 00:00:00-05:00,6.476386070251465
195,2019-11-11 00:00:00-05:00,6.256508827209473
196,2019-11-12 00:00:00-05:00,7.0560622215271
197,2019-11-13 00:00:00-05:00,6.916140556335449
198,2019-11-14 00:00:00-05:00,6.696263313293457
199,2019-11-15 00:00:00-05:00,7.4158616065979
200,2019-11-18 00:00:00-05:00,7.086045742034912
201,2019-11-19 00:00:00-05:00,6.836185455322266
202,2019-11-20 00:00:00-05:00,7.146012306213379
203,2019-11-21 00:00:00-05:00,7.0060906410217285
204,2019-11-22 00:00:00-05:00,7.305922985076904
205,2019-11-25 00:00:00-05:00,7.395873069763184
206,2019-11-26 00:00:00-05:00,7.46583366394043
207,2019-11-27 00:00:00-05:00,7.5457892417907715
208,2019-11-29 00:00:00-05:00,7.45583963394165
209,2019-12-02 00:00:00-05:00,7.855616569519043
210,2019-12-03 00:00:00-05:00,8.51524829864502
211,2019-12-04 00:00:00-05:00,9.46471881866455
212,2019-12-05 00:00:00-05:00,9.774545669555664
213,2019-12-06 00:00:00-05:00,9.644618034362793
214,2019-12-09 00:00:00-05:00,11.173765182495117
215,2019-12-10 00:00:00-05:00,12.313128471374512
216,2019-12-11 00:00:00-05:00,12.13322925567627
217,2019-12-12 00:00:00-05:00,11.71346378326416
218,2019-12-13 00:00:00-05:00,11.233731269836426
219,2019-12-16 00:00:00-05:00,9.664607048034668
220,2019-12-17 00:00:00-05:00,10.903915405273438
221,2019-12-18 00:00:00-05:00,11.303692817687988
222,2019-12-19 00:00:00-05:00,10.913909912109375
223,2019-12-20 00:00:00-05:00,10.983870506286621
224,2019-12-23 00:00:00-05:00,10.933897972106934
225,2019-12-24 00:00:00-05:00,10.943892478942871
226,2019-12-26 00:00:00-05:00,10.85394287109375
227,2019-12-27 00:00:00-05:00,10.43417739868164
228,2019-12-30 00:00:00-05:00,10.793976783752441
229,2019-12-31 00:00:00-05:00,10.863937377929688
230,2020-01-02 00:00:00-05:00,10.843949317932129
231,2020-01-03 00:00:00-05:00,10.564105033874512
232,2020-01-06 00:00:00-05:00,10.374211311340332
233,2020-01-07 00:00:00-05:00,10.57409954071045
234,2020-01-08 00:00:00-05:00,10.604082107543945
235,2020-01-09 00:00:00-05:00,10.254278182983398
236,2020-01-10 00:00:00-05:00,10.194311141967773
237,2020-01-13 00:00:00-05:00,11.063825607299805
238,2020-01-14 00:00:00-05:00,11.913352012634277
239,2020-01-15 00:00:00-05:00,12.742889404296875
240,2020-01-16 00:00:00-05:00,12.622956275939941
241,2020-01-17 00:00:00-05:00,13.072705268859863
242,2020-01-21 00:00:00-05:00,13.222620964050293
243,2020-01-22 00:00:00-05:00,12.533005714416504
244,2020-01-23 00:00:00-05:00,13.722342491149902
245,2020-01-24 00:00:00-05:00,14.262042045593262
246,2020-01-27 00:00:00-05:00,14.032169342041016
247,2020-01-28 00:00:00-05:00,14.941661834716797
248,2020-01-29 00:00:00-05:00,15.041606903076172
249,2020-01-30 00:00:00-05:00,14.901683807373047
250,2020-01-31 00:00:00-05:00,15.201517105102539
251,2020-02-03 00:00:00-05:00,17.26036834716797
252,2020-02-04 00:00:00-05:00,16.740657806396484
253,2020-02-05 00:00:00-05:00,16.880578994750977
254,2020-02-06 00:00:00-05:00,16.830608367919922
255,2020-02-07 00:00:00-05:00,17.34032440185547
256,2020-02-10 00:00:00-05:00,18.01994514465332
257,2020-02-11 00:00:00-05:00,17.890016555786133
258,2020-02-12 00:00:00-05:00,16.860591888427734
259,2020-02-13 00:00:00-05:00,16.750652313232422
260,2020-02-14 00:00:00-05:00,16.19096565246582
261,2020-02-18 00:00:00-05:00,16.081026077270508
262,2020-02-19 00:00:00-05:00,17.500234603881836
263,2020-02-20 00:00:00-05:00,17.840045928955078
264,2020-02-21 00:00:00-05:00,17.910005569458008
265,2020-02-24 00:00:00-05:00,17.240379333496094
266,2020-02-25 00:00:00-05:00,17.560199737548828
267,2020-02-26 00:00:00-05:00,16.710674285888672
268,2020-02-27 00:00:00-05:00,16.320892333984375
269,2020-02-28 00:00:00-05:00,15.491354942321777
270,2020-03-02 00:00:00-05:00,15.041606903076172
271,2020-03-03 00:00:00-05:00,14.801740646362305
272,2020-03-04 00:00:00-05:00,15.121562004089355
273,2020-03-05 00:00:00-05:00,15.071589469909668
274,2020-03-06 00:00:00-05:00,14.262042045593262
275,2020-03-09 00:00:00-04:00,12.612961769104004
276,2020-03-10 00:00:00-04:00,13.892247200012207
277,2020-03-11 00:00:00-04:00,12.033285140991211
278,2020-03-12 00:00:00-04:00,9.054947853088379
279,2020-03-13 00:00:00-04:00,10.204305648803711
280,2020-03-16 00:00:00-04:00,8.945008277893066
281,2020-03-17 00:00:00-04:00,9.214858055114746
282,2020-03-18 00:00:00-04:00,7.2659454345703125
283,2020-03-19 00:00:00-04:00,7.905588150024414
284,2020-03-20 00:00:00-04:00,7.215972900390625
285,2020-03-23 00:00:00-04:00,8.115470886230469
286,2020-03-24 00:00:00-04:00,8.825075149536133
287,2020-03-25 00:00:00-04:00,9.244840621948242
288,2020-03-26 00:00:00-04:00,9.784540176391602
289,2020-03-27 00:00:00-04:00,9.594646453857422
290,2020-03-30 00:00:00-04:00,9.664607048034668
291,2020-03-31 00:00:00-04:00,8.984986305236816
292,2020-04-01 00:00:00-04:00,8.415304183959961
293,2020-04-02 00:00:00-04:00,8.275382041931152
294,2020-04-03 00:00:00-04:00,7.925577163696289
295,2020-04-06 00:00:00-04:00,8.55522632598877
296,2020-04-07 00:00:00-04:00,8.56521987915039
297,2020-04-08 00:00:00-04:00,10.8939208984375
298,2020-04-09 00:00:00-04:00,11.983312606811523
299,2020-04-13 00:00:00-04:00,11.593530654907227
300,2020-04-14 00:00:00-04:00,11.953330039978027
301,2020-04-15 00:00:00-04:00,11.303692817687988
302,2020-04-16 00:00:00-04:00,11.12379264831543
303,2020-04-17 00:00:00-04:00,11.40363597869873
304,2020-04-20 00:00:00-04:00,11.133787155151367
305,2020-04-21 00:00:00-04:00,10.833954811096191
306,2020-04-22 00:00:00-04:00,10.993865013122559
307,2020-04-23 00:00:00-04:00,10.993865013122559
308,2020-04-24 00:00:00-04:00,10.604082107543945
309,2020-04-27 00:00:00-04:00,10.474154472351074
310,2020-04-28 00:00:00-04:00,10.913909912109375
311,2020-04-29 00:00:00-04:00,10.504138946533203
312,2020-04-30 00:00:00-04:00,10.634066581726074
313,2020-05-01 00:00:00-04:00,10.134345054626465
314,2020-05-04 00:00:00-04:00,10.993865013122559
315,2020-05-05 00:00:00-04:00,11.803413391113281
316,2020-05-06 00:00:00-04:00,11.48359203338623
317,2020-05-07 00:00:00-04:00,11.133787155151367
318,2020-05-08 00:00:00-04:00,11.583536148071289
319,2020-05-11 00:00:00-04:00,11.29369831085205
320,2020-05-12 00:00:00-04:00,11.183758735656738
321,2020-05-13 00:00:00-04:00,11.103803634643555
322,2020-05-14 00:00:00-04:00,11.093810081481934
323,2020-05-15 00:00:00-04:00,11.323680877685547
324,2020-05-18 00:00:00-04:00,12.26315689086914
325,2020-05-19 00:00:00-04:00,11.853384971618652
326,2020-05-20 00:00:00-04:00,11.993307113647461
327,2020-05-21 00:00:00-04:00,11.823402404785156
328,2020-05-22 00:00:00-04:00,11.693474769592285
329,2020-05-26 00:00:00-04:00,11.073820114135742
330,2020-05-27 00:00:00-04:00,10.923904418945312
331,2020-05-28 00:00:00-04:00,11.67348575592041
332,2020-05-29 00:00:00-04:00,11.853384971618652
333,2020-06-01 00:00:00-04:00,11.86337947845459
334,2020-06-02 00:00:00-04:00,11.833396911621094
335,2020-06-03 00:00:00-04:00,11.823402404785156
336,2020-06-04 00:00:00-04:00,11.86337947845459
337,2020-06-05 00:00:00-04:00,12.513017654418945
338,2020-06-08 00:00:00-04:00,12.562989234924316
339,2020-06-09 00:00:00-04:00,11.803413391113281
340,2020-06-10 00:00:00-04:00,12.033285140991211
341,2020-06-11 00:00:00-04:00,10.993865013122559
342,2020-06-12 00:00:00-04:00,11.013854026794434
343,2020-06-15 00:00:00-04:00,10.973875999450684
344,2020-06-16 00:00:00-04:00,10.943892478942871
345,2020-06-17 00:00:00-04:00,11.043837547302246
346,2020-06-18 00:00:00-04:00,10.793976783752441
347,2020-06-19 00:00:00-04:00,10.214300155639648
348,2020-06-22 00:00:00-04:00,9.964439392089844
349,2020-06-23 00:00:00-04:00,9.904473304748535
350,2020-06-24 00:00:00-04:00,9.794534683227539
351,2020-06-25 00:00:00-04:00,9.724573135375977
352,2020-06-26 00:00:00-04:00,9.124908447265625
353,2020-06-29 00:00:00-04:00,9.054947853088379
354,2020-06-30 00:00:00-04:00,8.865053176879883
355,2020-07-01 00:00:00-04:00,9.02496337890625
356,2020-07-02 00:00:00-04:00,9.444729804992676
357,2020-07-06 00:00:00-04:00,9.144896507263184
358,2020-07-07 00:00:00-04:00,8.955002784729004
359,2020-07-08 00:00:00-04:00,8.775102615356445
360,2020-07-09 00:00:00-04:00,8.585208892822266
361,2020-07-10 00:00:00-04:00,9.084930419921875
362,2020-07-13 00:00:00-04:00,9.054947853088379
363,2020-07-14 00:00:00-04:00,9.354779243469238
364,2020-07-15 00:00:00-04:00,9.194869041442871
365,2020-07-16 00:00:00-04:00,9.014969825744629
366,2020-07-17 00:00:00-04:00,9.214858055114746
367,2020-07-20 00:00:00-04:00,9.324796676635742
368,2020-07-21 00:00:00-04:00,9.48470687866211
369,2020-07-22 00:00:00-04:00,9.494701385498047
370,2020-07-23 00:00:00-04:00,9.46471881866455
371,2020-07-24 00:00:00-04:00,9.354779243469238
372,2020-07-27 00:00:00-04:00,9.044952392578125
373,2020-07-28 00:00:00-04:00,8.935013771057129
374,2020-07-29 00:00:00-04:00,9.194869041442871
375,2020-07-30 00:00:00-04:00,9.274824142456055
376,2020-07-31 00:00:00-04:00,9.344785690307617
377,2020-08-03 00:00:00-04:00,9.094924926757812
378,2020-08-04 00:00:00-04:00,9.034957885742188
379,2020-08-05 00:00:00-04:00,8.87504768371582
380,2020-08-06 00:00:00-04:00,9.094924926757812
381,2020-08-07 00:00:00-04:00,9.094924926757812
382,2020-08-10 00:00:00-04:00,9.124908447265625
383,2020-08-11 00:00:00-04:00,9.084930419921875
384,2020-08-12 00:00:00-04:00,9.274824142456055
385,2020-08-13 00:00:00-04:00,9.61463451385498
386,2020-08-14 00:00:00-04:00,9.404751777648926
387,2020-08-17 00:00:00-04:00,9.164885520935059
388,2020-08-18 00:00:00-04:00,9.354779243469238
389,2020-08-19 00:00:00-04:00,9.224851608276367
390,2020-08-20 00:00:00-04:00,8.925020217895508
391,2020-08-21 00:00:00-04:00,9.074935913085938
392,2020-08-24 00:00:00-04:00,9.124908447265625
393,2020-08-25 00:00:00-04:00,9.104918479919434
394,2020-08-26 00:00:00-04:00,8.865053176879883
395,2020-08-27 00:00:00-04:00,9.164885520935059
396,2020-08-28 00:00:00-04:00,9.124908447265625
397,2020-08-31 00:00:00-04:00,9.254836082458496
398,2020-09-01 00:00:00-04:00,9.114913940429688
399,2020-09-02 00:00:00-04:00,9.264830589294434
400,2020-09-03 00:00:00-04:00,9.154891014099121
401,2020-09-04 00:00:00-04:00,9.184874534606934
402,2020-09-08 00:00:00-04:00,9.214858055114746
403,2020-09-09 00:00:00-04:00,9.104918479919434
404,2020-09-10 00:00:00-04:00,8.994980812072754
405,2020-09-11 00:00:00-04:00,9.054947853088379
406,2020-09-14 00:00:00-04:00,9.634623527526855
407,2020-09-15 00:00:00-04:00,9.774545669555664
408,2020-09-16 00:00:00-04:00,9.784540176391602
409,2020-09-17 00:00:00-04:00,9.774545669555664
410,2020-09-18 00:00:00-04:00,9.704584121704102
411,2020-09-21 00:00:00-04:00,9.624629020690918
412,2020-09-22 00:00:00-04:00,9.844507217407227
413,2020-09-23 00:00:00-04:00,9.594646453857422
414,2020-09-24 00:00:00-04:00,9.784540176391602
415,2020-09-25 00:00:00-04:00,9.994422912597656
416,2020-09-28 00:00:00-04:00,9.444729804992676
417,2020-09-29 00:00:00-04:00,9.384763717651367
418,2020-09-30 00:00:00-04:00,9.384763717651367
419,2020-10-01 00:00:00-04:00,9.824517250061035
420,2020-10-02 00:00:00-04:00,9.894477844238281
421,2020-10-05 00:00:00-04:00,9.934455871582031
422,2020-10-06 00:00:00-04:00,10.144338607788086
423,2020-10-07 00:00:00-04:00,10.254278182983398
424,2020-10-08 00:00:00-04:00,10.564105033874512
425,2020-10-09 00:00:00-04:00,10.753998756408691
426,2020-10-12 00:00:00-04:00,10.444171905517578
427,2020-10-13 00:00:00-04:00,10.314244270324707
428,2020-10-14 00:00:00-04:00,10.364215850830078
429,2020-10-15 00:00:00-04:00,10.504138946533203
430,2020-10-16 00:00:00-04:00,10.524127006530762
431,2020-10-19 00:00:00-04:00,10.81396484375
432,2020-10-20 00:00:00-04:00,10.913909912109375
433,2020-10-21 00:00:00-04:00,10.57409954071045
434,2020-10-22 00:00:00-04:00,10.22429370880127
435,2020-10-23 00:00:00-04:00,10.244283676147461
436,2020-10-26 00:00:00-04:00,10.024405479431152
437,2020-10-27 00:00:00-04:00,9.904473304748535
438,2020-10-28 00:00:00-04:00,9.694589614868164
439,2020-10-29 00:00:00-04:00,9.734567642211914
440,2020-10-30 00:00:00-04:00,9.554668426513672
441,2020-11-02 00:00:00-05:00,9.644618034362793
442,2020-11-03 00:00:00-05:00,9.664607048034668
443,2020-11-04 00:00:00-05:00,10.054389953613281
444,2020-11-05 00:00:00-05:00,9.824517250061035
445,2020-11-06 00:00:00-05:00,10.144338607788086
446,2020-11-09 00:00:00-05:00,10.414188385009766
447,2020-11-10 00:00:00-05:00,10.404193878173828
448,2020-11-11 00:00:00-05:00,10.70402717590332
449,2020-11-12 00:00:00-05:00,11.093810081481934
450,2020-11-13 00:00:00-05:00,11.393641471862793
451,2020-11-16 00:00:00-05:00,11.533563613891602
452,2020-11-17 00:00:00-05:00,11.71346378326416
453,2020-11-18 00:00:00-05:00,12.6429443359375
454,2020-11-19 00:00:00-05:00,12.283145904541016
455,2020-11-20 00:00:00-05:00,12.652938842773438
456,2020-11-23 00:00:00-05:00,12.692916870117188
457,2020-11-24 00:00:00-05:00,12.812849998474121
458,2020-11-25 00:00:00-05:00,12.632950782775879
459,2020-11-27 00:00:00-05:00,12.722899436950684
460,2020-11-30 00:00:00-05:00,12.692916870117188
461,2020-12-01 00:00:00-05:00,12.68292236328125
462,2020-12-02 00:00:00-05:00,12.523011207580566
463,2020-12-03 00:00:00-05:00,12.592972755432129
464,2020-12-04 00:00:00-05:00,12.483034133911133
465,2020-12-07 00:00:00-05:00,12.523011207580566
466,2020-12-08 00:00:00-05:00,12.313128471374512
467,2020-12-09 00:00:00-05:00,12.383090019226074
468,2020-12-10 00:00:00-05:00,12.013297080993652
469,2020-12-11 00:00:00-05:00,11.933340072631836
470,2020-12-14 00:00:00-05:00,11.843391418457031
471,2020-12-15 00:00:00-05:00,12.193195343017578
472,2020-12-16 00:00:00-05:00,12.053274154663086
473,2020-12-17 00:00:00-05:00,12.233173370361328
474,2020-12-18 00:00:00-05:00,12.26315689086914
475,2020-12-21 00:00:00-05:00,12.253162384033203
476,2020-12-22 00:00:00-05:00,12.433061599731445
477,2020-12-23 00:00:00-05:00,12.503023147583008
478,2020-12-24 00:00:00-05:00,12.383090019226074
479,2020-12-28 00:00:00-05:00,12.313128471374512
480,2020-12-29 00:00:00-05:00,11.953330039978027
481,2020-12-30 00:00:00-05:00,12.333117485046387
482,2020-12-31 00:00:00-05:00,12.45305061340332
483,2021-01-04 00:00:00-05:00,12.203189849853516
484,2021-01-05 00:00:00-05:00,12.373095512390137
485,2021-01-06 00:00:00-05:00,12.373095512390137
486,2021-01-07 00:00:00-05:00,12.30313491821289
487,2021-01-08 00:00:00-05:00,12.233173370361328
488,2021-01-11 00:00:00-05:00,12.203189849853516
489,2021-01-12 00:00:00-05:00,12.17320728302002
490,2021-01-13 00:00:00-05:00,12.093252182006836
491,2021-01-14 00:00:00-05:00,11.823402404785156
492,2021-01-15 00:00:00-05:00,12.233173370361328
493,2021-01-19 00:00:00-05:00,12.023290634155273
494,2021-01-20 00:00:00-05:00,12.233173370361328
495,2021-01-21 00:00:00-05:00,11.983312606811523
496,2021-01-22 00:00:00-05:00,11.71346378326416
497,2021-01-25 00:00:00-05:00,11.343669891357422
498,2021-01-26 00:00:00-05:00,11.053832054138184
499,2021-01-27 00:00:00-05:00,10.783982276916504
500,2021-01-28 00:00:00-05:00,11.553553581237793
501,2021-01-29 00:00:00-05:00,11.423625946044922
502,2021-02-01 00:00:00-05:00,11.48359203338623
503,2021-02-02 00:00:00-05:00,11.723457336425781
504,2021-02-03 00:00:00-05:00,11.963324546813965
505,2021-02-04 00:00:00-05:00,11.993307113647461
506,2021-02-05 00:00:00-05:00,11.853384971618652
507,2021-02-08 00:00:00-05:00,11.883369445800781
508,2021-02-09 00:00:00-05:00,11.75344181060791
509,2021-02-10 00:00:00-05:00,12.073262214660645
510,2021-02-11 00:00:00-05:00,11.993307113647461
511,2021-02-12 00:00:00-05:00,11.793418884277344
512,2021-02-16 00:00:00-05:00,11.793418884277344
513,2021-02-17 00:00:00-05:00,11.703469276428223
514,2021-02-18 00:00:00-05:00,11.75344181060791
515,2021-02-19 00:00:00-05:00,11.633508682250977
516,2021-02-22 00:00:00-05:00,11.40363597869873
517,2021-02-23 00:00:00-05:00,11.223736763000488
518,2021-02-24 00:00:00-05:00,11.40363597869873
519,2021-02-25 00:00:00-05:00,10.873931884765625
520,2021-02-26 00:00:00-05:00,10.504138946533203
521,2021-03-01 00:00:00-05:00,10.963882446289062
522,2021-03-02 00:00:00-05:00,10.873931884765625
523,2021-03-03 00:00:00-05:00,10.744004249572754
524,2021-03-04 00:00:00-05:00,10.724015235900879
525,2021-03-05 00:00:00-05:00,10.843949317932129
526,2021-03-08 00:00:00-05:00,11.153775215148926
527,2021-03-09 00:00:00-05:00,11.333675384521484
528,2021-03-10 00:00:00-05:00,11.453608512878418
529,2021-03-11 00:00:00-05:00,11.44361400604248
530,2021-03-12 00:00:00-05:00,11.503581047058105
531,2021-03-15 00:00:00-04:00,11.843391418457031
532,2021-03-16 00:00:00-04:00,11.86337947845459
533,2021-03-17 00:00:00-04:00,11.813407897949219
534,2021-03-18 00:00:00-04:00,11.29369831085205
535,2021-03-19 00:00:00-04:00,11.2537202835083
536,2021-03-22 00:00:00-04:00,11.103803634643555
537,2021-03-23 00:00:00-04:00,10.913909912109375
538,2021-03-24 00:00:00-04:00,11.303692817687988
539,2021-03-25 00:00:00-04:00,11.883369445800781
540,2021-03-26 00:00:00-04:00,12.063267707824707
541,2021-03-29 00:00:00-04:00,11.503581047058105
542,2021-03-30 00:00:00-04:00,11.48359203338623
543,2021-03-31 00:00:00-04:00,11.703469276428223
544,2021-04-01 00:00:00-04:00,11.493586540222168
545,2021-04-05 00:00:00-04:00,11.653496742248535
546,2021-04-06 00:00:00-04:00,11.433619499206543
547,2021-04-07 00:00:00-04:00,11.333675384521484
548,2021-04-08 00:00:00-04:00,11.283702850341797
549,2021-04-09 00:00:00-04:00,11.503581047058105
550,2021-04-12 00:00:00-04:00,11.573541641235352
551,2021-04-13 00:00:00-04:00,11.653496742248535
552,2021-04-14 00:00:00-04:00,11.783424377441406
553,2021-04-15 00:00:00-04:00,11.86337947845459
554,2021-04-16 00:00:00-04:00,11.573541641235352
555,2021-04-19 00:00:00-04:00,11.193753242492676
556,2021-04-20 00:00:00-04:00,11.193753242492676
557,2021-04-21 00:00:00-04:00,11.143780708312988
558,2021-04-22 00:00:00-04:00,10.983870506286621
559,2021-04-23 00:00:00-04:00,10.963882446289062
560,2021-04-26 00:00:00-04:00,10.793976783752441
561,2021-04-27 00:00:00-04:00,10.634066581726074
562,2021-04-28 00:00:00-04:00,10.783982276916504
563,2021-04-29 00:00:00-04:00,10.783982276916504
564,2021-04-30 00:00:00-04:00,11.31368637084961
565,2021-05-03 00:00:00-04:00,11.423625946044922
566,2021-05-04 00:00:00-04:00,11.31368637084961
567,2021-05-05 00:00:00-04:00,10.973875999450684
568,2021-05-06 00:00:00-04:00,10.933897972106934
569,2021-05-07 00:00:00-04:00,10.933897972106934
570,2021-05-10 00:00:00-04:00,10.873931884765625
571,2021-05-11 00:00:00-04:00,10.883926391601562
572,2021-05-12 00:00:00-04:00,10.464160919189453
573,2021-05-13 00:00:00-04:00,10.62407112121582
574,2021-05-14 00:00:00-04:00,10.803971290588379
575,2021-05-17 00:00:00-04:00,10.843949317932129
576,2021-05-18 00:00:00-04:00,10.763994216918945
577,2021-05-19 00:00:00-04:00,10.524127006530762
578,2021-05-20 00:00:00-04:00,10.39419937133789
579,2021-05-21 00:00:00-04:00,10.274266242980957
580,2021-05-24 00:00:00-04:00,10.57409954071045
581,2021-05-25 00:00:00-04:00,10.054389953613281
582,2021-05-26 00:00:00-04:00,10.024405479431152
583,2021-05-27 00:00:00-04:00,9.914467811584473
584,2021-05-28 00:00:00-04:00,10.134345054626465
585,2021-06-01 00:00:00-04:00,10.144338607788086
586,2021-06-02 00:00:00-04:00,10.22429370880127
587,2021-06-03 00:00:00-04:00,10.424182891845703
588,2021-06-04 00:00:00-04:00,10.374211311340332
589,2021-06-07 00:00:00-04:00,10.294255256652832
590,2021-06-08 00:00:00-04:00,10.22429370880127
591,2021-06-09 00:00:00-04:00,10.274266242980957
592,2021-06-10 00:00:00-04:00,10.484148979187012
593,2021-06-11 00:00:00-04:00,10.49414348602295
594,2021-06-14 00:00:00-04:00,10.644060134887695
595,2021-06-15 00:00:00-04:00,10.524127006530762
596,2021-06-16 00:00:00-04:00,10.22429370880127
597,2021-06-17 00:00:00-04:00,10.22429370880127
598,2021-06-18 00:00:00-04:00,10.194311141967773
599,2021-06-21 00:00:00-04:00,10.254278182983398
600,2021-06-22 00:00:00-04:00,10.104361534118652
601,2021-06-23 00:00:00-04:00,10.044395446777344
602,2021-06-24 00:00:00-04:00,9.994422912597656
603,2021-06-25 00:00:00-04:00,10.164327621459961
604,2021-06-28 00:00:00-04:00,10.34422779083252
605,2021-06-29 00:00:00-04:00,10.094367027282715
606,2021-06-30 00:00:00-04:00,10.164327621459961
607,2021-07-01 00:00:00-04:00,10.334233283996582
608,2021-07-02 00:00:00-04:00,10.414188385009766
609,2021-07-06 00:00:00-04:00,10.49414348602295
610,2021-07-07 00:00:00-04:00,10.35422134399414
611,2021-07-08 00:00:00-04:00,10.154333114624023
612,2021-07-09 00:00:00-04:00,10.364215850830078
613,2021-07-12 00:00:00-04:00,10.204305648803711
614,2021-07-13 00:00:00-04:00,9.984428405761719
615,2021-07-14 00:00:00-04:00,9.914467811584473
616,2021-07-15 00:00:00-04:00,9.964439392089844
617,2021-07-16 00:00:00-04:00,9.784540176391602
618,2021-07-19 00:00:00-04:00,9.204863548278809
619,2021-07-20 00:00:00-04:00,9.414746284484863
620,2021-07-21 00:00:00-04:00,9.48470687866211
621,2021-07-22 00:00:00-04:00,9.324796676635742
622,2021-07-23 00:00:00-04:00,9.214858055114746
623,2021-07-26 00:00:00-04:00,8.74512004852295
624,2021-07-27 00:00:00-04:00,8.984986305236816
625,2021-07-28 00:00:00-04:00,9.144896507263184
626,2021-07-29 00:00:00-04:00,9.074935913085938
627,2021-07-30 00:00:00-04:00,8.785097122192383
628,2021-08-02 00:00:00-04:00,8.945008277893066
629,2021-08-03 00:00:00-04:00,8.984986305236816
630,2021-08-04 00:00:00-04:00,8.665164947509766
631,2021-08-05 00:00:00-04:00,8.28537654876709
632,2021-08-06 00:00:00-04:00,8.525242805480957
633,2021-08-09 00:00:00-04:00,8.625186920166016
634,2021-08-10 00:00:00-04:00,9.194869041442871
635,2021-08-11 00:00:00-04:00,9.434734344482422
636,2021-08-12 00:00:00-04:00,9.234846115112305
637,2021-08-13 00:00:00-04:00,9.114913940429688
638,2021-08-16 00:00:00-04:00,9.164885520935059
639,2021-08-17 00:00:00-04:00,9.124908447265625
640,2021-08-18 00:00:00-04:00,9.114913940429688
641,2021-08-19 00:00:00-04:00,8.925020217895508
642,2021-08-20 00:00:00-04:00,9.274824142456055
643,2021-08-23 00:00:00-04:00,9.104918479919434
644,2021-08-24 00:00:00-04:00,9.244840621948242
645,2021-08-25 00:00:00-04:00,9.254836082458496
646,2021-08-26 00:00:00-04:00,9.114913940429688
647,2021-08-27 00:00:00-04:00,9.114913940429688
648,2021-08-30 00:00:00-04:00,9.004975318908691
649,2021-08-31 00:00:00-04:00,9.164885520935059
650,2021-09-01 00:00:00-04:00,9.204863548278809
651,2021-09-02 00:00:00-04:00,9.274824142456055
652,2021-09-03 00:00:00-04:00,9.144896507263184
653,2021-09-07 00:00:00-04:00,9.414746284484863
654,2021-09-08 00:00:00-04:00,9.314802169799805
655,2021-09-09 00:00:00-04:00,9.354779243469238
656,2021-09-10 00:00:00-04:00,9.304807662963867
657,2021-09-13 00:00:00-04:00,9.824517250061035
658,2021-09-14 00:00:00-04:00,9.794534683227539
659,2021-09-15 00:00:00-04:00,9.854500770568848
660,2021-09-16 00:00:00-04:00,9.684595108032227
661,2021-09-17 00:00:00-04:00,9.834511756896973
662,2021-09-20 00:00:00-04:00,9.57465648651123
663,2021-09-21 00:00:00-04:00,9.784540176391602
664,2021-09-22 00:00:00-04:00,9.864495277404785
665,2021-09-23 00:00:00-04:00,9.964439392089844
666,2021-09-24 00:00:00-04:00,9.934455871582031
667,2021-09-27 00:00:00-04:00,9.964439392089844
668,2021-09-28 00:00:00-04:00,9.734567642211914
669,2021-09-29 00:00:00-04:00,9.504695892333984
670,2021-09-30 00:00:00-04:00,9.594646453857422
671,2021-10-01 00:00:00-04:00,9.604640007019043
672,2021-10-04 00:00:00-04:00,9.814522743225098
673,2021-10-05 00:00:00-04:00,9.88448429107666
674,2021-10-06 00:00:00-04:00,10.184316635131836
675,2021-10-07 00:00:00-04:00,10.51413345336914
676,2021-10-08 00:00:00-04:00,10.70402717590332
677,2021-10-11 00:00:00-04:00,10.144338607788086
678,2021-10-12 00:00:00-04:00,10.244283676147461
679,2021-10-13 00:00:00-04:00,10.49414348602295
680,2021-10-14 00:00:00-04:00,10.763994216918945
681,2021-10-15 00:00:00-04:00,11.193753242492676
682,2021-10-18 00:00:00-04:00,10.993865013122559
683,2021-10-19 00:00:00-04:00,11.173765182495117
684,2021-10-20 00:00:00-04:00,11.503581047058105
685,2021-10-21 00:00:00-04:00,11.643502235412598
686,2021-10-22 00:00:00-04:00,11.893362998962402
687,2021-10-25 00:00:00-04:00,11.653496742248535
688,2021-10-26 00:00:00-04:00,11.563547134399414
689,2021-10-27 00:00:00-04:00,11.573541641235352
690,2021-10-28 00:00:00-04:00,11.67348575592041
691,2021-10-29 00:00:00-04:00,11.593530654907227
692,2021-11-01 00:00:00-04:00,11.40363597869873
693,2021-11-02 00:00:00-04:00,11.333675384521484
694,2021-11-03 00:00:00-04:00,11.663491249084473
695,2021-11-04 00:00:00-04:00,11.653496742248535
696,2021-11-05 00:00:00-04:00,11.643502235412598
697,2021-11-08 00:00:00-05:00,11.603524208068848
698,2021-11-09 00:00:00-05:00,12.17320728302002
699,2021-11-10 00:00:00-05:00,12.393083572387695
700,2021-11-11 00:00:00-05:00,12.34311294555664
701,2021-11-12 00:00:00-05:00,12.253162384033203
702,2021-11-15 00:00:00-05:00,12.373095512390137
703,2021-11-16 00:00:00-05:00,12.313128471374512
704,2021-11-17 00:00:00-05:00,12.463045120239258
705,2021-11-18 00:00:00-05:00,12.093252182006836
706,2021-11-19 00:00:00-05:00,12.373095512390137
707,2021-11-22 00:00:00-05:00,12.233173370361328
708,2021-11-23 00:00:00-05:00,12.32312297821045
709,2021-11-24 00:00:00-05:00,12.45305061340332
710,2021-11-26 00:00:00-05:00,12.233173370361328
711,2021-11-29 00:00:00-05:00,12.373095512390137
712,2021-11-30 00:00:00-05:00,11.873373985290527
713,2021-12-01 00:00:00-05:00,11.743446350097656
714,2021-12-02 00:00:00-05:00,11.993307113647461
715,2021-12-03 00:00:00-05:00,11.803413391113281
716,2021-12-06 00:00:00-05:00,12.533005714416504
717,2021-12-07 00:00:00-05:00,12.433061599731445
718,2021-12-08 00:00:00-05:00,12.622956275939941
719,2021-12-09 00:00:00-05:00,12.483034133911133
720,2021-12-10 00:00:00-05:00,12.34311294555664
721,2021-12-13 00:00:00-05:00,12.26315689086914
722,2021-12-14 00:00:00-05:00,12.153218269348145
723,2021-12-15 00:00:00-05:00,12.253162384033203
724,2021-12-16 00:00:00-05:00,12.233173370361328
725,2021-12-17 00:00:00-05:00,12.013297080993652
726,2021-12-20 00:00:00-05:00,11.983312606811523
727,2021-12-21 00:00:00-05:00,12.063267707824707
728,2021-12-22 00:00:00-05:00,12.003301620483398
729,2021-12-23 00:00:00-05:00,11.993307113647461
730,2021-12-27 00:00:00-05:00,11.90335750579834
731,2021-12-28 00:00:00-05:00,12.053274154663086
732,2021-12-29 00:00:00-05:00,11.983312606811523
733,2021-12-30 00:00:00-05:00,12.063267707824707
734,2021-12-31 00:00:00-05:00,12.13322925567627
735,2022-01-03 00:00:00-05:00,12.203189849853516
736,2022-01-04 00:00:00-05:00,12.433061599731445
737,2022-01-05 00:00:00-05:00,11.853384971618652
738,2022-01-06 00:00:00-05:00,11.813407897949219
739,2022-01-07 00:00:00-05:00,12.203189849853516
740,2022-01-10 00:00:00-05:00,12.22317886352539
741,2022-01-11 00:00:00-05:00,12.163212776184082
742,2022-01-12 00:00:00-05:00,12.503023147583008
743,2022-01-13 00:00:00-05:00,12.742889404296875
744,2022-01-14 00:00:00-05:00,13.002744674682617
745,2022-01-18 00:00:00-05:00,12.702911376953125
746,2022-01-19 00:00:00-05:00,12.632950782775879
747,2022-01-20 00:00:00-05:00,12.533005714416504
748,2022-01-21 00:00:00-05:00,12.22317886352539
749,2022-01-24 00:00:00-05:00,12.163212776184082
750,2022-01-25 00:00:00-05:00,12.34311294555664
751,2022-01-26 00:00:00-05:00,12.293140411376953
752,2022-01-27 00:00:00-05:00,12.393083572387695
753,2022-01-28 00:00:00-05:00,12.68292236328125
754,2022-01-31 00:00:00-05:00,12.782866477966309
755,2022-02-01 00:00:00-05:00,12.123234748840332
756,2022-02-02 00:00:00-05:00,12.243167877197266
757,2022-02-03 00:00:00-05:00,12.003301620483398
758,2022-02-04 00:00:00-05:00,12.073262214660645
759,2022-02-07 00:00:00-05:00,12.143223762512207
760,2022-02-08 00:00:00-05:00,12.143223762512207
761,2022-02-09 00:00:00-05:00,12.293140411376953
762,2022-02-10 00:00:00-05:00,11.383647918701172
763,2022-02-11 00:00:00-05:00,11.2537202835083
764,2022-02-14 00:00:00-05:00,11.27370834350586
765,2022-02-15 00:00:00-05:00,11.393641471862793
766,2022-02-16 00:00:00-05:00,11.733451843261719
767,2022-02-17 00:00:00-05:00,11.583536148071289
768,2022-02-18 00:00:00-05:00,11.40363597869873
769,2022-02-22 00:00:00-05:00,11.31368637084961
770,2022-02-23 00:00:00-05:00,10.85394287109375
771,2022-02-24 00:00:00-05:00,11.073820114135742
772,2022-02-25 00:00:00-05:00,11.35366439819336
773,2022-02-28 00:00:00-05:00,11.363658905029297
774,2022-03-01 00:00:00-05:00,11.29369831085205
775,2022-03-02 00:00:00-05:00,11.453608512878418
776,2022-03-03 00:00:00-05:00,11.423625946044922
777,2022-03-04 00:00:00-05:00,11.193753242492676
778,2022-03-07 00:00:00-05:00,10.504138946533203
779,2022-03-08 00:00:00-05:00,10.833954811096191
780,2022-03-09 00:00:00-05:00,11.003859519958496
781,2022-03-10 00:00:00-05:00,10.873931884765625
782,2022-03-11 00:00:00-05:00,10.773987770080566
783,2022-03-14 00:00:00-04:00,11.183758735656738
784,2022-03-15 00:00:00-04:00,11.493586540222168
785,2022-03-16 00:00:00-04:00,11.993307113647461
786,2022-03-17 00:00:00-04:00,11.75344181060791
787,2022-03-18 00:00:00-04:00,11.573541641235352
788,2022-03-21 00:00:00-04:00,11.29369831085205
789,2022-03-22 00:00:00-04:00,11.613518714904785
790,2022-03-23 00:00:00-04:00,11.573541641235352
791,2022-03-24 00:00:00-04:00,11.813407897949219
792,2022-03-25 00:00:00-04:00,11.973318099975586
793,2022-03-28 00:00:00-04:00,12.033285140991211
794,2022-03-29 00:00:00-04:00,12.003301620483398
795,2022-03-30 00:00:00-04:00,12.083257675170898
796,2022-03-31 00:00:00-04:00,11.933340072631836
797,2022-04-01 00:00:00-04:00,12.26315689086914
798,2022-04-04 00:00:00-04:00,12.063267707824707
799,2022-04-05 00:00:00-04:00,12.043279647827148
800,2022-04-06 00:00:00-04:00,12.083257675170898
801,2022-04-07 00:00:00-04:00,12.333117485046387
802,2022-04-08 00:00:00-04:00,12.832839012145996
803,2022-04-11 00:00:00-04:00,12.143223762512207
804,2022-04-12 00:00:00-04:00,12.523011207580566
805,2022-04-13 00:00:00-04:00,12.842833518981934
806,2022-04-14 00:00:00-04:00,12.293140411376953
807,2022-04-18 00:00:00-04:00,12.17320728302002
808,2022-04-19 00:00:00-04:00,12.30313491821289
809,2022-04-20 00:00:00-04:00,12.393083572387695
810,2022-04-21 00:00:00-04:00,12.3631010055542
811,2022-04-22 00:00:00-04:00,12.123234748840332
812,2022-04-25 00:00:00-04:00,11.813407897949219
813,2022-04-26 00:00:00-04:00,12.22317886352539
814,2022-04-27 00:00:00-04:00,12.483034133911133
815,2022-04-28 00:00:00-04:00,12.922788619995117
816,2022-04-29 00:00:00-04:00,12.6429443359375
817,2022-05-02 00:00:00-04:00,12.6429443359375
818,2022-05-03 00:00:00-04:00,12.712905883789062
819,2022-05-04 00:00:00-04:00,13.022732734680176
820,2022-05-05 00:00:00-04:00,12.602967262268066
821,2022-05-06 00:00:00-04:00,12.552995681762695
822,2022-05-09 00:00:00-04:00,12.083257675170898
823,2022-05-10 00:00:00-04:00,11.763436317443848
824,2022-05-11 00:00:00-04:00,12.023290634155273
825,2022-05-12 00:00:00-04:00,11.563547134399414
826,2022-05-13 00:00:00-04:00,11.71346378326416
827,2022-05-16 00:00:00-04:00,11.783424377441406
828,2022-05-17 00:00:00-04:00,12.093252182006836
829,2022-05-18 00:00:00-04:00,11.883369445800781
830,2022-05-19 00:00:00-04:00,12.13322925567627
831,2022-05-20 00:00:00-04:00,11.733451843261719
832,2022-05-23 00:00:00-04:00,12.063267707824707
833,2022-05-24 00:00:00-04:00,11.913352012634277
834,2022-05-25 00:00:00-04:00,12.153218269348145
835,2022-05-26 00:00:00-04:00,12.003301620483398
836,2022-05-27 00:00:00-04:00,12.34311294555664
837,2022-05-31 00:00:00-04:00,12.193195343017578
838,2022-06-01 00:00:00-04:00,12.243167877197266
839,2022-06-02 00:00:00-04:00,12.562989234924316
840,2022-06-03 00:00:00-04:00,12.393083572387695
841,2022-06-06 00:00:00-04:00,12.203189849853516
842,2022-06-07 00:00:00-04:00,12.22317886352539
843,2022-06-08 00:00:00-04:00,12.033285140991211
844,2022-06-09 00:00:00-04:00,11.623514175415039
845,2022-06-10 00:00:00-04:00,10.973875999450684
846,2022-06-13 00:00:00-04:00,10.39419937133789
847,2022-06-14 00:00:00-04:00,9.954444885253906
848,2022-06-15 00:00:00-04:00,10.274266242980957
849,2022-06-16 00:00:00-04:00,10.07437801361084
850,2022-06-17 00:00:00-04:00,9.774545669555664
851,2022-06-21 00:00:00-04:00,9.994422912597656
852,2022-06-22 00:00:00-04:00,9.894477844238281
853,2022-06-23 00:00:00-04:00,9.784540176391602
854,2022-06-24 00:00:00-04:00,10.244283676147461
855,2022-06-27 00:00:00-04:00,10.244283676147461
856,2022-06-28 00:00:00-04:00,10.144338607788086
857,2022-06-29 00:00:00-04:00,9.954444885253906
858,2022-06-30 00:00:00-04:00,9.974433898925781
859,2022-07-01 00:00:00-04:00,10.234289169311523
860,2022-07-05 00:00:00-04:00,9.834511756896973
861,2022-07-06 00:00:00-04:00,9.824517250061035
862,2022-07-07 00:00:00-04:00,10.184316635131836
863,2022-07-08 00:00:00-04:00,10.264272689819336
864,2022-07-11 00:00:00-04:00,10.11435604095459
865,2022-07-12 00:00:00-04:00,10.104361534118652
866,2022-07-13 00:00:00-04:00,10.07437801361084
867,2022-07-14 00:00:00-04:00,10.004417419433594
868,2022-07-15 00:00:00-04:00,10.314244270324707
869,2022-07-18 00:00:00-04:00,10.34422779083252
870,2022-07-19 00:00:00-04:00,10.684037208557129
871,2022-07-20 00:00:00-04:00,10.694032669067383
872,2022-07-21 00:00:00-04:00,10.57409954071045
873,2022-07-22 00:00:00-04:00,10.62407112121582
874,2022-07-25 00:00:00-04:00,10.744004249572754
875,2022-07-26 00:00:00-04:00,10.57409954071045
876,2022-07-27 00:00:00-04:00,10.773987770080566
877,2022-07-28 00:00:00-04:00,10.773987770080566
878,2022-07-29 00:00:00-04:00,10.85394287109375
879,2022-08-01 00:00:00-04:00,10.903915405273438
880,2022-08-02 00:00:00-04:00,11.013854026794434
881,2022-08-03 00:00:00-04:00,11.113798141479492
882,2022-08-04 00:00:00-04:00,11.043837547302246
883,2022-08-05 00:00:00-04:00,11.133787155151367
884,2022-08-08 00:00:00-04:00,11.263714790344238
885,2022-08-09 00:00:00-04:00,11.343669891357422
886,2022-08-10 00:00:00-04:00,11.533563613891602
887,2022-08-11 00:00:00-04:00,11.90335750579834
888,2022-08-12 00:00:00-04:00,12.123234748840332
889,2022-08-15 00:00:00-04:00,12.383090019226074
890,2022-08-16 00:00:00-04:00,12.383090019226074
891,2022-08-17 00:00:00-04:00,12.17320728302002
892,2022-08-18 00:00:00-04:00,12.193195343017578
893,2022-08-19 00:00:00-04:00,12.123234748840332
894,2022-08-22 00:00:00-04:00,11.71346378326416
895,2022-08-23 00:00:00-04:00,11.71346378326416
896,2022-08-24 00:00:00-04:00,11.993307113647461
897,2022-08-25 00:00:00-04:00,12.49302864074707
898,2022-08-26 00:00:00-04:00,12.473039627075195
899,2022-08-29 00:00:00-04:00,12.513017654418945
900,2022-08-30 00:00:00-04:00,12.193195343017578
901,2022-08-31 00:00:00-04:00,12.32312297821045
902,2022-09-01 00:00:00-04:00,12.523011207580566
903,2022-09-02 00:00:00-04:00,12.543001174926758
904,2022-09-06 00:00:00-04:00,12.22317886352539
905,2022-09-07 00:00:00-04:00,12.722899436950684
906,2022-09-08 00:00:00-04:00,12.822844505310059
907,2022-09-09 00:00:00-04:00,12.882811546325684
908,2022-09-12 00:00:00-04:00,13.172649383544922
909,2022-09-13 00:00:00-04:00,12.91279411315918
910,2022-09-14 00:00:00-04:00,13.212627410888672
911,2022-09-15 00:00:00-04:00,13.10268783569336
912,2022-09-16 00:00:00-04:00,13.072705268859863
913,2022-09-19 00:00:00-04:00,13.452492713928223
914,2022-09-20 00:00:00-04:00,13.292582511901855
915,2022-09-21 00:00:00-04:00,13.002744674682617
916,2022-09-22 00:00:00-04:00,12.95277214050293
917,2022-09-23 00:00:00-04:00,12.602967262268066
918,2022-09-26 00:00:00-04:00,12.742889404296875
919,2022-09-27 00:00:00-04:00,12.403078079223633
920,2022-09-28 00:00:00-04:00,12.712905883789062
921,2022-09-29 00:00:00-04:00,12.373095512390137
922,2022-09-30 00:00:00-04:00,12.49302864074707
923,2022-10-03 00:00:00-04:00,13.10268783569336
924,2022-10-04 00:00:00-04:00,14.182085990905762
925,2022-10-05 00:00:00-04:00,14.74177360534668
926,2022-10-06 00:00:00-04:00,14.621840476989746
927,2022-10-07 00:00:00-04:00,14.921673774719238
928,2022-10-10 00:00:00-04:00,14.122119903564453
929,2022-10-11 00:00:00-04:00,14.212069511413574
930,2022-10-12 00:00:00-04:00,14.062152862548828
931,2022-10-13 00:00:00-04:00,14.302019119262695
932,2022-10-14 00:00:00-04:00,13.822286605834961
933,2022-10-17 00:00:00-04:00,14.15210247039795
934,2022-10-18 00:00:00-04:00,14.142107963562012
935,2022-10-19 00:00:00-04:00,13.952214241027832
936,2022-10-20 00:00:00-04:00,14.032169342041016
937,2022-10-21 00:00:00-04:00,14.491912841796875
938,2022-10-24 00:00:00-04:00,14.721784591674805
939,2022-10-25 00:00:00-04:00,15.121562004089355
940,2022-10-26 00:00:00-04:00,15.161539077758789
941,2022-10-27 00:00:00-04:00,15.37142276763916
942,2022-10-28 00:00:00-04:00,15.241495132446289
943,2022-10-31 00:00:00-04:00,14.921673774719238
944,2022-11-01 00:00:00-04:00,15.301462173461914
945,2022-11-02 00:00:00-04:00,14.921673774719238
946,2022-11-03 00:00:00-04:00,15.191522598266602
947,2022-11-04 00:00:00-04:00,15.301462173461914
948,2022-11-07 00:00:00-05:00,15.06159496307373
949,2022-11-08 00:00:00-05:00,14.921673774719238
950,2022-11-09 00:00:00-05:00,14.571867942810059
951,2022-11-10 00:00:00-05:00,14.801740646362305
952,2022-11-11 00:00:00-05:00,14.751768112182617
953,2022-11-14 00:00:00-05:00,14.451935768127441
954,2022-11-15 00:00:00-05:00,14.43194580078125
955,2022-11-16 00:00:00-05:00,14.721784591674805
956,2022-11-17 00:00:00-05:00,14.571867942810059
957,2022-11-18 00:00:00-05:00,15.01162338256836
958,2022-11-21 00:00:00-05:00,14.981639862060547
959,2022-11-22 00:00:00-05:00,15.111567497253418
960,2022-11-23 00:00:00-05:00,15.231499671936035
961,2022-11-25 00:00:00-05:00,15.361427307128906
962,2022-11-28 00:00:00-05:00,15.261484146118164
963,2022-11-29 00:00:00-05:00,15.161539077758789
964,2022-11-30 00:00:00-05:00,15.691243171691895
965,2022-12-01 00:00:00-05:00,15.611288070678711
966,2022-12-02 00:00:00-05:00,15.651266098022461
967,2022-12-05 00:00:00-05:00,15.311455726623535
968,2022-12-06 00:00:00-05:00,15.421394348144531
969,2022-12-07 00:00:00-05:00,15.561315536499023
970,2022-12-08 00:00:00-05:00,15.411399841308594
971,2022-12-09 00:00:00-05:00,15.531332969665527
972,2022-12-12 00:00:00-05:00,16.00107192993164
973,2022-12-13 00:00:00-05:00,16.00107192993164
974,2022-12-14 00:00:00-05:00,16.390853881835938
975,2022-12-15 00:00:00-05:00,16.180971145629883
976,2022-12-16 00:00:00-05:00,16.07103157043457
977,2022-12-19 00:00:00-05:00,15.83116626739502
978,2022-12-20 00:00:00-05:00,15.871143341064453
979,2022-12-21 00:00:00-05:00,15.9411039352417
980,2022-12-22 00:00:00-05:00,15.9411039352417
981,2022-12-23 00:00:00-05:00,16.051042556762695
982,2022-12-27 00:00:00-05:00,16.440826416015625
983,2022-12-28 00:00:00-05:00,16.15098762512207
984,2022-12-29 00:00:00-05:00,16.330886840820312
985,2022-12-30 00:00:00-05:00,16.250930786132812
986,2023-01-03 00:00:00-05:00,15.671255111694336
987,2023-01-04 00:00:00-05:00,15.871143341064453
988,2023-01-05 00:00:00-05:00,15.651266098022461
989,2023-01-06 00:00:00-05:00,15.88113784790039
990,2023-01-09 00:00:00-05:00,15.951098442077637
991,2023-01-10 00:00:00-05:00,15.931109428405762
992,2023-01-11 00:00:00-05:00,15.75121021270752
993,2023-01-12 00:00:00-05:00,15.96109390258789
994,2023-01-13 00:00:00-05:00,15.88113784790039
995,2023-01-17 00:00:00-05:00,15.861148834228516
996,2023-01-18 00:00:00-05:00,15.601293563842773
997,2023-01-19 00:00:00-05:00,15.431387901306152
998,2023-01-20 00:00:00-05:00,15.641271591186523
999,2023-01-23 00:00:00-05:00,15.721226692199707
1000,2023-01-24 00:00:00-05:00,15.821170806884766
1001,2023-01-25 00:00:00-05:00,15.991076469421387
1002,2023-01-26 00:00:00-05:00,15.841160774230957
1003,2023-01-27 00:00:00-05:00,16.051042556762695
1004,2023-01-30 00:00:00-05:00,15.841160774230957
1005,2023-01-31 00:00:00-05:00,15.891131401062012
1006,2023-02-01 00:00:00-05:00,15.631278038024902
1007,2023-02-02 00:00:00-05:00,15.621282577514648
1008,2023-02-03 00:00:00-05:00,15.541327476501465
1009,2023-02-06 00:00:00-05:00,15.651266098022461
1010,2023-02-07 00:00:00-05:00,15.631278038024902
1011,2023-02-08 00:00:00-05:00,15.441383361816406
1012,2023-02-09 00:00:00-05:00,15.451377868652344
1013,2023-02-10 00:00:00-05:00,15.531332969665527
1014,2023-02-13 00:00:00-05:00,15.651266098022461
1015,2023-02-14 00:00:00-05:00,15.571310997009277
1016,2023-02-15 00:00:00-05:00,15.821170806884766
1017,2023-02-16 00:00:00-05:00,15.541327476501465
1018,2023-02-17 00:00:00-05:00,15.561315536499023
1019,2023-02-21 00:00:00-05:00,15.441383361816406
1020,2023-02-22 00:00:00-05:00,15.511344909667969
1021,2023-02-23 00:00:00-05:00,15.271477699279785
1022,2023-02-24 00:00:00-05:00,15.771199226379395
1023,2023-02-27 00:00:00-05:00,15.741215705871582
1024,2023-02-28 00:00:00-05:00,15.611288070678711
1025,2023-03-01 00:00:00-05:00,15.601293563842773
1026,2023-03-02 00:00:00-05:00,15.841160774230957
1027,2023-03-03 00:00:00-05:00,16.34088134765625
1028,2023-03-06 00:00:00-05:00,16.730663299560547
1029,2023-03-07 00:00:00-05:00,16.320892333984375
1030,2023-03-08 00:00:00-05:00,16.310897827148438
1031,2023-03-09 00:00:00-05:00,16.140993118286133
1032,2023-03-10 00:00:00-05:00,15.821170806884766
1033,2023-03-13 00:00:00-04:00,15.75121021270752
1034,2023-03-14 00:00:00-04:00,15.98108196258545
1035,2023-03-15 00:00:00-04:00,15.851154327392578
1036,2023-03-16 00:00:00-04:00,16.15098762512207
1037,2023-03-17 00:00:00-04:00,16.091020584106445
1038,2023-03-20 00:00:00-04:00,15.991076469421387
1039,2023-03-21 00:00:00-04:00,15.96109390258789
1040,2023-03-22 00:00:00-04:00,15.531332969665527
1041,2023-03-23 00:00:00-04:00,15.281472206115723
1042,2023-03-24 00:00:00-04:00,15.631278038024902
1043,2023-03-27 00:00:00-04:00,15.741215705871582
1044,2023-03-28 00:00:00-04:00,15.731221199035645
1045,2023-03-29 00:00:00-04:00,15.83116626739502
1046,2023-03-30 00:00:00-04:00,15.88113784790039
1047,2023-03-31 00:00:00-04:00,16.160982131958008
1048,2023-04-03 00:00:00-04:00,16.180971145629883
1049,2023-04-04 00:00:00-04:00,16.121002197265625
1050,2023-04-05 00:00:00-04:00,16.49079704284668
1051,2023-04-06 00:00:00-04:00,16.700679779052734
1052,2023-04-10 00:00:00-04:00,16.770641326904297
1053,2023-04-11 00:00:00-04:00,16.810619354248047
1054,2023-04-12 00:00:00-04:00,16.95054054260254
1055,2023-04-13 00:00:00-04:00,16.790630340576172
1056,2023-04-14 00:00:00-04:00,16.880578994750977
1057,2023-04-17 00:00:00-04:00,16.850597381591797
1058,2023-04-18 00:00:00-04:00,16.890573501586914
1059,2023-04-19 00:00:00-04:00,16.880578994750977
1060,2023-04-20 00:00:00-04:00,16.90056800842285
1061,2023-04-21 00:00:00-04:00,16.880578994750977
1062,2023-04-24 00:00:00-04:00,17.13043975830078
1063,2023-04-25 00:00:00-04:00,17.26036834716797
1064,2023-04-26 00:00:00-04:00,16.930553436279297
1065,2023-04-27 00:00:00-04:00,17.040489196777344
1066,2023-04-28 00:00:00-04:00,17.1004581451416
1067,2023-05-01 00:00:00-04:00,17.19040870666504
1068,2023-05-02 00:00:00-04:00,17.25037384033203
1069,2023-05-03 00:00:00-04:00,17.280357360839844
1070,2023-05-04 00:00:00-04:00,17.230384826660156
1071,2023-05-05 00:00:00-04:00,17.26036834716797
1072,2023-05-08 00:00:00-04:00,17.40028953552246
1073,2023-05-09 00:00:00-04:00,17.270362854003906
1074,2023-05-10 00:00:00-04:00,17.360313415527344
1075,2023-05-11 00:00:00-04:00,17.34032440185547
1076,2023-05-12 00:00:00-04:00,17.440269470214844
1077,2023-05-15 00:00:00-04:00,17.06048011779785
1078,2023-05-16 00:00:00-04:00,16.850597381591797
1079,2023-05-17 00:00:00-04:00,16.790630340576172
1080,2023-05-18 00:00:00-04:00,16.550764083862305
1081,2023-05-19 00:00:00-04:00,16.600736618041992
1082,2023-05-22 00:00:00-04:00,16.500791549682617
1083,2023-05-23 00:00:00-04:00,16.400848388671875
1084,2023-05-24 00:00:00-04:00,16.460813522338867
1085,2023-05-25 00:00:00-04:00,16.42083740234375
1086,2023-05-26 00:00:00-04:00,16.510786056518555
1087,2023-05-30 00:00:00-04:00,16.64071273803711
1088,2023-05-31 00:00:00-04:00,16.930553436279297
1089,2023-06-01 00:00:00-04:00,16.550764083862305
1090,2023-06-02 00:00:00-04:00,16.64071273803711
1091,2023-06-05 00:00:00-04:00,16.820613861083984
1092,2023-06-06 00:00:00-04:00,16.930553436279297
1093,2023-06-07 00:00:00-04:00,17.14043426513672
1094,2023-06-08 00:00:00-04:00,16.99051856994629
1095,2023-06-09 00:00:00-04:00,16.87058448791504
1096,2023-06-12 00:00:00-04:00,16.930553436279297
1097,2023-06-13 00:00:00-04:00,16.95054054260254
1098,2023-06-14 00:00:00-04:00,17.230384826660156
1099,2023-06-15 00:00:00-04:00,17.240379333496094
1100,2023-06-16 00:00:00-04:00,17.390295028686523
1101,2023-06-20 00:00:00-04:00,16.860591888427734
1102,2023-06-21 00:00:00-04:00,17.270362854003906
1103,2023-06-22 00:00:00-04:00,17.280357360839844
1104,2023-06-23 00:00:00-04:00,16.880578994750977
1105,2023-06-26 00:00:00-04:00,16.850597381591797
1106,2023-06-27 00:00:00-04:00,16.930553436279297
1107,2023-06-28 00:00:00-04:00,16.90056800842285
1108,2023-06-29 00:00:00-04:00,17.06048011779785
1109,2023-06-30 00:00:00-04:00,17.270362854003906
1110,2023-07-03 00:00:00-04:00,17.270362854003906
1111,2023-07-05 00:00:00-04:00,17.810060501098633
1112,2023-07-06 00:00:00-04:00,17.52022361755371
1113,2023-07-07 00:00:00-04:00,17.390295028686523
1114,2023-07-10 00:00:00-04:00,17.34032440185547
1115,2023-07-11 00:00:00-04:00,17.67013931274414
1116,2023-07-12 00:00:00-04:00,18.16986083984375
1117,2023-07-13 00:00:00-04:00,18.029939651489258
1118,2023-07-14 00:00:00-04:00,17.810060501098633
1119,2023-07-17 00:00:00-04:00,17.82005500793457
1120,2023-07-18 00:00:00-04:00,17.500234603881836
1121,2023-07-19 00:00:00-04:00,17.730106353759766
1122,2023-07-20 00:00:00-04:00,17.720111846923828
1123,2023-07-21 00:00:00-04:00,17.949981689453125
1124,2023-07-24 00:00:00-04:00,17.870027542114258
1125,2023-07-25 00:00:00-04:00,17.949981689453125
1126,2023-07-26 00:00:00-04:00,17.890016555786133
1127,2023-07-27 00:00:00-04:00,17.580190658569336
1128,2023-07-28 00:00:00-04:00,17.650150299072266
1129,2023-07-31 00:00:00-04:00,17.60017967224121
1130,2023-08-01 00:00:00-04:00,17.34032440185547
1131,2023-08-02 00:00:00-04:00,17.560199737548828
1132,2023-08-03 00:00:00-04:00,17.300344467163086
1133,2023-08-04 00:00:00-04:00,17.07047462463379
1134,2023-08-07 00:00:00-04:00,17.4102840423584
1135,2023-08-08 00:00:00-04:00,17.52022361755371
1136,2023-08-09 00:00:00-04:00,17.430273056030273
1137,2023-08-10 00:00:00-04:00,17.390295028686523
1138,2023-08-11 00:00:00-04:00,17.4102840423584
1139,2023-08-14 00:00:00-04:00,17.19040870666504
1140,2023-08-15 00:00:00-04:00,16.930553436279297
1141,2023-08-16 00:00:00-04:00,16.960535049438477
1142,2023-08-17 00:00:00-04:00,16.65070915222168
1143,2023-08-18 00:00:00-04:00,16.710674285888672
1144,2023-08-21 00:00:00-04:00,16.670698165893555
1145,2023-08-22 00:00:00-04:00,16.770641326904297
1146,2023-08-23 00:00:00-04:00,16.69068717956543
1147,2023-08-24 00:00:00-04:00,16.700679779052734
1148,2023-08-25 00:00:00-04:00,16.69068717956543
1149,2023-08-28 00:00:00-04:00,16.670698165893555
1150,2023-08-29 00:00:00-04:00,16.670698165893555
1151,2023-08-30 00:00:00-04:00,16.520782470703125
1152,2023-08-31 00:00:00-04:00,16.290908813476562
1153,2023-09-01 00:00:00-04:00,16.45081901550293
1154,2023-09-05 00:00:00-04:00,16.250930786132812
1155,2023-09-06 00:00:00-04:00,16.440826416015625
1156,2023-09-07 00:00:00-04:00,16.87058448791504
1157,2023-09-08 00:00:00-04:00,16.95054054260254
1158,2023-09-11 00:00:00-04:00,16.890573501586914
1159,2023-09-12 00:00:00-04:00,16.930553436279297
1160,2023-09-13 00:00:00-04:00,17.06048011779785
1161,2023-09-14 00:00:00-04:00,17.200401306152344
1162,2023-09-15 00:00:00-04:00,17.300344467163086
1163,2023-09-18 00:00:00-04:00,17.29034996032715
1164,2023-09-19 00:00:00-04:00,17.40028953552246
1165,2023-09-20 00:00:00-04:00,17.390295028686523
1166,2023-09-21 00:00:00-04:00,17.230384826660156
1167,2023-09-22 00:00:00-04:00,17.13043975830078
1168,2023-09-25 00:00:00-04:00,17.07047462463379
1169,2023-09-26 00:00:00-04:00,16.590742111206055
1170,2023-09-27 00:00:00-04:00,16.430831909179688
1171,2023-09-28 00:00:00-04:00,16.27092170715332
1172,2023-09-29 00:00:00-04:00,16.121002197265625
1173,2023-10-02 00:00:00-04:00,15.211511611938477
1174,2023-10-03 00:00:00-04:00,15.321450233459473
1175,2023-10-04 00:00:00-04:00,15.171534538269043
1176,2023-10-05 00:00:00-04:00,15.33144474029541
1177,2023-10-06 00:00:00-04:00,15.501350402832031
1178,2023-10-09 00:00:00-04:00,15.571310997009277
1179,2023-10-10 00:00:00-04:00,15.801182746887207
1180,2023-10-11 00:00:00-04:00,16.031055450439453
1181,2023-10-12 00:00:00-04:00,15.951098442077637
1182,2023-10-13 00:00:00-04:00,16.27092170715332
1183,2023-10-16 00:00:00-04:00,16.400848388671875
1184,2023-10-17 00:00:00-04:00,16.34088134765625
1185,2023-10-18 00:00:00-04:00,16.200958251953125
1186,2023-10-19 00:00:00-04:00,15.991076469421387
1187,2023-10-20 00:00:00-04:00,16.011066436767578
1188,2023-10-23 00:00:00-04:00,15.731221199035645
1189,2023-10-24 00:00:00-04:00,16.180971145629883
1190,2023-10-25 00:00:00-04:00,16.160982131958008
1191,2023-10-26 00:00:00-04:00,15.871143341064453
1192,2023-10-27 00:00:00-04:00,15.801182746887207
1193,2023-10-30 00:00:00-04:00,16.19096565246582
1194,2023-10-31 00:00:00-04:00,16.290908813476562
1195,2023-11-01 00:00:00-04:00,16.660703659057617
1196,2023-11-02 00:00:00-04:00,16.750652313232422
1197,2023-11-03 00:00:00-04:00,16.880578994750977
1198,2023-11-06 00:00:00-05:00,16.76064682006836
1199,2023-11-07 00:00:00-05:00,16.65070915222168
1200,2023-11-08 00:00:00-05:00,16.500791549682617
1201,2023-11-09 00:00:00-05:00,16.480802536010742
1202,2023-11-10 00:00:00-05:00,16.770641326904297
1203,2023-11-13 00:00:00-05:00,16.560758590698242
1204,2023-11-14 00:00:00-05:00,17.390295028686523
1205,2023-11-15 00:00:00-05:00,17.500234603881836
1206,2023-11-16 00:00:00-05:00,17.740100860595703
1207,2023-11-17 00:00:00-05:00,17.910005569458008
1208,2023-11-20 00:00:00-05:00,17.67013931274414
1209,2023-11-21 00:00:00-05:00,17.730106353759766
1210,2023-11-22 00:00:00-05:00,17.959976196289062
1211,2023-11-24 00:00:00-05:00,18.009950637817383
1212,2023-11-27 00:00:00-05:00,17.890016555786133
1213,2023-11-28 00:00:00-05:00,17.4902400970459
1214,2023-11-29 00:00:00-05:00,17.160423278808594
1215,2023-11-30 00:00:00-05:00,17.160423278808594
1216,2023-12-01 00:00:00-05:00,17.440269470214844
1217,2023-12-04 00:00:00-05:00,17.26036834716797
1218,2023-12-05 00:00:00-05:00,17.050485610961914
1219,2023-12-06 00:00:00-05:00,17.230384826660156
1220,2023-12-07 00:00:00-05:00,17.360313415527344
1221,2023-12-08 00:00:00-05:00,17.60017967224121
1222,2023-12-11 00:00:00-05:00,17.620166778564453
1223,2023-12-12 00:00:00-05:00,17.720111846923828
1224,2023-12-13 00:00:00-05:00,18.139877319335938
1225,2023-12-14 00:00:00-05:00,17.890016555786133
1226,2023-12-15 00:00:00-05:00,17.75009536743164
1227,2023-12-18 00:00:00-05:00,17.310340881347656
1228,2023-12-19 00:00:00-05:00,17.61017417907715
1229,2023-12-20 00:00:00-05:00,17.350318908691406
1230,2023-12-21 00:00:00-05:00,17.45026206970215
1231,2023-12-22 00:00:00-05:00,17.61017417907715
1232,2023-12-26 00:00:00-05:00,17.860034942626953
1233,2023-12-27 00:00:00-05:00,17.920000076293945
1234,2023-12-28 00:00:00-05:00,18.06999969482422
1235,2023-12-29 00:00:00-05:00,18.030000686645508
1236,2024-01-02 00:00:00-05:00,18.049999237060547
1237,2024-01-03 00:00:00-05:00,17.969999313354492
1238,2024-01-04 00:00:00-05:00,17.709999084472656
1239,2024-01-05 00:00:00-05:00,17.889999389648438
1240,2024-01-08 00:00:00-05:00,18.049999237060547
1241,2024-01-09 00:00:00-05:00,18.059999465942383
1242,2024-01-10 00:00:00-05:00,18.15999984741211
1243,2024-01-11 00:00:00-05:00,17.56999969482422
1244,2024-01-12 00:00:00-05:00,17.510000228881836
1245,2024-01-16 00:00:00-05:00,17.110000610351562
1246,2024-01-17 00:00:00-05:00,16.959999084472656
1247,2024-01-18 00:00:00-05:00,16.8799991607666
1248,2024-01-19 00:00:00-05:00,16.899999618530273
1249,2024-01-22 00:00:00-05:00,16.65999984741211
1250,2024-01-23 00:00:00-05:00,16.520000457763672
1251,2024-01-24 00:00:00-05:00,16.530000686645508
1252,2024-01-25 00:00:00-05:00,16.760000228881836
1253,2024-01-26 00:00:00-05:00,16.989999771118164
1254,2024-01-29 00:00:00-05:00,17.030000686645508
1255,2024-01-30 00:00:00-05:00,16.969999313354492
1256,2024-01-31 00:00:00-05:00,16.8700008392334
1257,2024-02-01 00:00:00-05:00,17.1200008392334
1258,2024-02-02 00:00:00-05:00,16.649999618530273
