,Unnamed: 0.1,Unnamed: 0,Date,TSN,TSN_6m,TSN_12m
0,0,0,2019-02-05,54.21017074584961,,
1,1,1,2019-02-06,53.51595687866211,,
2,2,2,2019-02-07,52.830528259277344,,
3,3,3,2019-02-08,52.10117721557617,,
4,4,4,2019-02-11,52.22420120239258,,
5,5,5,2019-02-12,53.9377555847168,,
6,6,6,2019-02-13,53.33141708374024,54.21017074584961,
7,7,7,2019-02-14,53.76200866699219,53.51595687866211,
8,8,8,2019-02-15,55.01862716674805,52.830528259277344,
9,9,9,2019-02-19,55.3086166381836,52.10117721557617,
10,10,10,2019-02-20,55.88858795166016,52.22420120239258,
11,11,11,2019-02-21,55.4140625,53.9377555847168,
12,12,12,2019-02-22,55.64253234863281,53.33141708374024,54.21017074584961
13,13,13,2019-02-25,54.763790130615234,53.76200866699219,53.51595687866211
14,14,14,2019-02-26,54.28046798706055,55.01862716674805,52.830528259277344
15,15,15,2019-02-27,54.175025939941406,55.3086166381836,52.10117721557617
16,16,16,2019-02-28,54.51540756225586,55.88858795166016,52.22420120239258
17,17,17,2019-03-01,54.9839973449707,55.4140625,53.9377555847168
18,18,18,2019-03-04,55.04589080810547,55.64253234863281,53.33141708374024
19,19,19,2019-03-05,56.55774688720703,54.763790130615234,53.76200866699219
20,20,20,2019-03-06,56.17757034301758,54.28046798706055,55.01862716674805
21,21,21,2019-03-07,56.6815299987793,54.175025939941406,55.3086166381836
22,22,22,2019-03-08,55.50563049316406,54.51540756225586,55.88858795166016
23,23,23,2019-03-11,56.778785705566406,54.9839973449707,55.4140625
24,24,24,2019-03-12,56.416290283203125,55.04589080810547,55.64253234863281
25,25,25,2019-03-13,56.97329330444336,56.55774688720703,54.763790130615234
26,26,26,2019-03-14,57.36231231689453,56.17757034301758,54.28046798706055
27,27,27,2019-03-15,57.66291809082031,56.6815299987793,54.175025939941406
28,28,28,2019-03-18,57.76016998291016,55.50563049316406,54.51540756225586
29,29,29,2019-03-19,58.14917755126953,56.778785705566406,54.9839973449707
30,30,30,2019-03-20,57.36231231689453,56.416290283203125,55.04589080810547
31,31,31,2019-03-21,58.81227493286133,56.97329330444336,56.55774688720703
32,32,32,2019-03-22,58.891849517822266,57.36231231689453,56.17757034301758
33,33,33,2019-03-25,59.64336395263672,57.66291809082031,56.6815299987793
34,34,34,2019-03-26,59.98816680908203,57.76016998291016,55.50563049316406
35,35,35,2019-03-27,60.12078094482422,58.14917755126953,56.778785705566406
36,36,36,2019-03-28,60.90766906738281,57.36231231689453,56.416290283203125
37,37,37,2019-03-29,61.38510894775391,58.81227493286133,56.97329330444336
38,38,38,2019-04-01,61.62381362915039,58.891849517822266,57.36231231689453
39,39,39,2019-04-02,61.23480224609375,59.64336395263672,57.66291809082031
40,40,40,2019-04-03,60.94301986694336,59.98816680908203,57.76016998291016
41,41,41,2019-04-04,61.91557312011719,60.12078094482422,58.14917755126953
42,42,42,2019-04-05,61.71222686767578,60.90766906738281,57.36231231689453
43,43,43,2019-04-08,62.27807235717773,61.38510894775391,58.81227493286133
44,44,44,2019-04-09,61.508880615234375,61.62381362915039,58.891849517822266
45,45,45,2019-04-10,62.463714599609375,61.23480224609375,59.64336395263672
46,46,46,2019-04-11,62.923484802246094,60.94301986694336,59.98816680908203
47,47,47,2019-04-12,62.631717681884766,61.91557312011719,60.12078094482422
48,48,48,2019-04-15,63.13566207885742,61.71222686767578,60.90766906738281
49,49,49,2019-04-16,63.710357666015625,62.27807235717773,61.38510894775391
50,50,50,2019-04-17,64.78897857666016,61.508880615234375,61.62381362915039
51,51,51,2019-04-18,64.97464752197266,62.463714599609375,61.23480224609375
52,52,52,2019-04-22,64.40882110595703,62.923484802246094,60.94301986694336
53,53,53,2019-04-23,65.82344055175781,62.631717681884766,61.91557312011719
54,54,54,2019-04-24,65.21337127685547,63.13566207885742,61.71222686767578
55,55,55,2019-04-25,65.08960723876953,63.710357666015625,62.27807235717773
56,56,56,2019-04-26,65.56703186035156,64.78897857666016,61.508880615234375
57,57,57,2019-04-29,65.60240173339844,64.97464752197266,62.463714599609375
58,58,58,2019-04-30,66.31852722167969,64.40882110595703,62.923484802246094
59,59,59,2019-05-01,66.13287353515625,65.82344055175781,62.631717681884766
60,60,60,2019-05-02,66.41578674316406,65.21337127685547,63.13566207885742
61,61,61,2019-05-03,66.38926696777344,65.08960723876953,63.710357666015625
62,62,62,2019-05-06,68.12215423583984,65.56703186035156,64.78897857666016
63,63,63,2019-05-07,67.94534301757812,65.60240173339844,64.97464752197266
64,64,64,2019-05-08,68.51117706298828,66.31852722167969,64.40882110595703
65,65,65,2019-05-09,68.9090347290039,66.13287353515625,65.82344055175781
66,66,66,2019-05-10,70.5623550415039,66.41578674316406,65.21337127685547
67,67,67,2019-05-13,70.35015869140625,66.38926696777344,65.08960723876953
68,68,68,2019-05-14,72.118408203125,68.12215423583984,65.56703186035156
69,69,69,2019-05-15,72.71080017089844,67.94534301757812,65.60240173339844
70,70,70,2019-05-16,73.0290756225586,68.51117706298828,66.31852722167969
71,71,71,2019-05-17,72.93182373046875,68.9090347290039,66.13287353515625
72,72,72,2019-05-20,72.38365173339844,70.5623550415039,66.41578674316406
73,73,73,2019-05-21,71.26966857910156,70.35015869140625,66.38926696777344
74,74,74,2019-05-22,71.84434509277344,72.118408203125,68.12215423583984
75,75,75,2019-05-23,72.2422103881836,72.71080017089844,67.94534301757812
76,76,76,2019-05-24,72.02117156982422,73.0290756225586,68.51117706298828
77,77,77,2019-05-28,71.00442504882812,72.93182373046875,68.9090347290039
78,78,78,2019-05-29,67.44137573242188,72.38365173339844,70.5623550415039
79,79,79,2019-05-30,68.18328094482422,71.26966857910156,70.35015869140625
80,80,80,2019-05-31,67.42806243896484,71.84434509277344,72.118408203125
81,81,81,2019-06-03,69.35609436035156,72.2422103881836,72.71080017089844
82,82,82,2019-06-04,70.48448944091797,72.02117156982422,73.0290756225586
83,83,83,2019-06-05,71.62176513671875,71.00442504882812,72.93182373046875
84,84,84,2019-06-06,72.6790771484375,67.44137573242188,72.38365173339844
85,85,85,2019-06-07,73.25659942626953,68.18328094482422,71.26966857910156
86,86,86,2019-06-10,73.29212951660156,67.42806243896484,71.84434509277344
87,87,87,2019-06-11,73.13221740722656,69.35609436035156,72.2422103881836
88,88,88,2019-06-12,72.75904083251953,70.48448944091797,72.02117156982422
89,89,89,2019-06-13,73.3276596069336,71.62176513671875,71.00442504882812
90,90,90,2019-06-14,72.77680969238281,72.6790771484375,67.44137573242188
91,91,91,2019-06-17,69.773681640625,73.25659942626953,68.18328094482422
92,92,92,2019-06-18,68.57421875,73.29212951660156,67.42806243896484
93,93,93,2019-06-19,69.08955383300781,73.13221740722656,69.35609436035156
94,94,94,2019-06-20,69.86251831054688,72.75904083251953,70.48448944091797
95,95,95,2019-06-21,70.44893646240234,73.3276596069336,71.62176513671875
96,96,96,2019-06-24,71.80835723876953,72.77680969238281,72.6790771484375
97,97,97,2019-06-25,71.05310821533203,69.773681640625,73.25659942626953
98,98,98,2019-06-26,70.65328979492188,68.57421875,73.29212951660156
99,99,99,2019-06-27,70.76879119873047,69.08955383300781,73.13221740722656
100,100,100,2019-06-28,71.73725128173828,69.86251831054688,72.75904083251953
101,101,101,2019-07-01,71.9327392578125,70.44893646240234,73.3276596069336
102,102,102,2019-07-02,72.217041015625,71.80835723876953,72.77680969238281
103,103,103,2019-07-03,72.9989242553711,71.05310821533203,69.773681640625
104,104,104,2019-07-05,73.41651153564453,70.65328979492188,68.57421875
105,105,105,2019-07-08,72.78569793701172,70.76879119873047,69.08955383300781
106,106,106,2019-07-09,72.99005126953125,71.73725128173828,69.86251831054688
107,107,107,2019-07-10,72.8834228515625,71.9327392578125,70.44893646240234
108,108,108,2019-07-11,72.35033416748047,72.217041015625,71.80835723876953
109,109,109,2019-07-12,72.305908203125,72.9989242553711,71.05310821533203
110,110,110,2019-07-15,72.63465118408203,73.41651153564453,70.65328979492188
111,111,111,2019-07-16,70.30677795410156,72.78569793701172,70.76879119873047
112,112,112,2019-07-17,70.3156509399414,72.99005126953125,71.73725128173828
113,113,113,2019-07-18,71.9327392578125,72.8834228515625,71.9327392578125
114,114,114,2019-07-19,71.79055786132812,72.35033416748047,72.217041015625
115,115,115,2019-07-22,72.26148986816406,72.305908203125,72.9989242553711
116,116,116,2019-07-23,72.8834228515625,72.63465118408203,73.41651153564453
117,117,117,2019-07-24,72.00382232666016,70.30677795410156,72.78569793701172
118,118,118,2019-07-25,72.56356811523438,70.3156509399414,72.99005126953125
119,119,119,2019-07-26,71.95050811767578,71.9327392578125,72.8834228515625
120,120,120,2019-07-29,72.19039154052734,71.79055786132812,72.35033416748047
121,121,121,2019-07-30,72.26148986816406,72.26148986816406,72.305908203125
122,122,122,2019-07-31,70.63552856445312,72.8834228515625,72.63465118408203
123,123,123,2019-08-01,71.4262924194336,72.00382232666016,70.30677795410156
124,124,124,2019-08-02,70.86653137207031,72.56356811523438,70.3156509399414
125,125,125,2019-08-05,74.48271179199219,71.95050811767578,71.9327392578125
126,126,126,2019-08-06,75.54002380371094,72.19039154052734,71.79055786132812
127,127,127,2019-08-07,76.59733581542969,72.26148986816406,72.26148986816406
128,128,128,2019-08-08,78.8096923828125,70.63552856445312,72.8834228515625
129,129,129,2019-08-09,78.51649475097656,71.4262924194336,72.00382232666016
130,130,130,2019-08-12,78.42765045166016,70.86653137207031,72.56356811523438
131,131,131,2019-08-13,78.02783203125,74.48271179199219,71.95050811767578
132,132,132,2019-08-14,76.19751739501953,75.54002380371094,72.19039154052734
133,133,133,2019-08-15,78.0633773803711,76.59733581542969,72.26148986816406
134,134,134,2019-08-16,77.92119598388672,78.8096923828125,70.63552856445312
135,135,135,2019-08-19,77.71685028076172,78.51649475097656,71.4262924194336
136,136,136,2019-08-20,78.40099334716797,78.42765045166016,70.86653137207031
137,137,137,2019-08-21,79.7781753540039,78.02783203125,74.48271179199219
138,138,138,2019-08-22,81.43966674804688,76.19751739501953,75.54002380371094
139,139,139,2019-08-23,79.90254211425781,78.0633773803711,76.59733581542969
140,140,140,2019-08-26,81.24418640136719,77.92119598388672,78.8096923828125
141,141,141,2019-08-27,79.9380874633789,77.71685028076172,78.51649475097656
142,142,142,2019-08-28,80.48007202148438,78.40099334716797,78.42765045166016
143,143,143,2019-08-29,81.83175659179688,79.7781753540039,78.02783203125
144,144,144,2019-08-30,83.0094223022461,81.43966674804688,76.19751739501953
145,145,145,2019-09-03,83.23249053955078,79.90254211425781,78.0633773803711
146,146,146,2019-09-04,76.78194427490234,81.24418640136719,77.92119598388672
147,147,147,2019-09-05,76.06818389892578,79.9380874633789,77.71685028076172
148,148,148,2019-09-06,76.76410675048828,80.48007202148438,78.40099334716797
149,149,149,2019-09-09,74.55145263671875,81.83175659179688,79.7781753540039
150,150,150,2019-09-10,72.67786407470703,83.0094223022461,81.43966674804688
151,151,151,2019-09-11,73.44515228271484,83.23249053955078,79.90254211425781
152,152,152,2019-09-12,74.4711685180664,76.78194427490234,81.24418640136719
153,153,153,2019-09-13,75.9878921508789,76.06818389892578,79.9380874633789
154,154,154,2019-09-16,77.03173828125,76.76410675048828,80.48007202148438
155,155,155,2019-09-17,79.29792022705078,74.55145263671875,81.83175659179688
156,156,156,2019-09-18,78.75369262695312,72.67786407470703,83.0094223022461
157,157,157,2019-09-19,78.66446685791016,73.44515228271484,83.23249053955078
158,158,158,2019-09-20,77.96855926513672,74.4711685180664,76.78194427490234
159,159,159,2019-09-23,76.54105377197266,75.9878921508789,76.06818389892578
160,160,160,2019-09-24,76.97822570800781,77.03173828125,76.76410675048828
161,161,161,2019-09-25,76.70165252685547,79.29792022705078,74.55145263671875
162,162,162,2019-09-26,77.13882446289062,78.75369262695312,72.67786407470703
163,163,163,2019-09-27,76.01466369628906,78.66446685791016,73.44515228271484
164,164,164,2019-09-30,76.85332489013672,77.96855926513672,74.4711685180664
165,165,165,2019-10-01,74.33734893798828,76.54105377197266,75.9878921508789
166,166,166,2019-10-02,73.48977661132812,76.97822570800781,77.03173828125
167,167,167,2019-10-03,73.24884796142578,76.70165252685547,79.29792022705078
168,168,168,2019-10-04,73.38269805908203,77.13882446289062,78.75369262695312
169,169,169,2019-10-07,72.41020202636719,76.01466369628906,78.66446685791016
170,170,170,2019-10-08,71.7589111328125,76.85332489013672,77.96855926513672
171,171,171,2019-10-09,72.91876220703125,74.33734893798828,76.54105377197266
172,172,172,2019-10-10,73.27562713623047,73.48977661132812,76.97822570800781
173,173,173,2019-10-11,74.5871353149414,73.24884796142578,76.70165252685547
174,174,174,2019-10-14,74.99755859375,73.38269805908203,77.13882446289062
175,175,175,2019-10-15,74.7120590209961,72.41020202636719,76.01466369628906
176,176,176,2019-10-16,73.03474426269531,71.7589111328125,76.85332489013672
177,177,177,2019-10-17,72.59757232666016,72.91876220703125,74.33734893798828
178,178,178,2019-10-18,73.53436279296875,73.27562713623047,73.48977661132812
179,179,179,2019-10-21,72.24071502685547,74.5871353149414,73.24884796142578
180,180,180,2019-10-22,70.63473510742188,74.99755859375,73.38269805908203
181,181,181,2019-10-23,69.1447982788086,74.7120590209961,72.41020202636719
182,182,182,2019-10-24,69.43028259277344,73.03474426269531,71.7589111328125
183,183,183,2019-10-25,70.01912689208984,72.59757232666016,72.91876220703125
184,184,184,2019-10-28,73.23104095458984,73.53436279296875,73.27562713623047
185,185,185,2019-10-29,73.41839599609375,72.24071502685547,74.5871353149414
186,186,186,2019-10-30,72.97228240966797,70.63473510742188,74.99755859375
187,187,187,2019-10-31,73.8644790649414,69.1447982788086,74.7120590209961
188,188,188,2019-11-01,74.67637634277344,69.43028259277344,73.03474426269531
189,189,189,2019-11-04,73.20426177978516,70.01912689208984,72.59757232666016
190,190,190,2019-11-05,73.09720611572266,73.23104095458984,73.53436279296875
191,191,191,2019-11-06,74.4711685180664,73.41839599609375,72.24071502685547
192,192,192,2019-11-07,74.2748794555664,72.97228240966797,70.63473510742188
193,193,193,2019-11-08,73.72171783447266,73.8644790649414,69.1447982788086
194,194,194,2019-11-11,73.81094360351562,74.67637634277344,69.43028259277344
195,195,195,2019-11-12,79.29792022705078,73.20426177978516,70.01912689208984
196,196,196,2019-11-13,79.28898620605469,73.09720611572266,73.23104095458984
197,197,197,2019-11-14,80.60051727294922,74.4711685180664,73.41839599609375
198,198,198,2019-11-15,80.59160614013672,74.2748794555664,72.97228240966797
199,199,199,2019-11-18,80.27933502197266,73.72171783447266,73.8644790649414
200,200,200,2019-11-19,80.77894592285156,73.81094360351562,74.67637634277344
201,201,201,2019-11-20,80.85034942626953,79.29792022705078,73.20426177978516
202,202,202,2019-11-21,78.98567199707031,79.28898620605469,73.09720611572266
203,203,203,2019-11-22,77.09423828125,80.60051727294922,74.4711685180664
204,204,204,2019-11-25,79.07487487792969,80.59160614013672,74.2748794555664
205,205,205,2019-11-26,80.0295181274414,80.27933502197266,73.72171783447266
206,206,206,2019-11-27,80.7555923461914,80.77894592285156,73.81094360351562
207,207,207,2019-11-29,80.5763168334961,80.85034942626953,79.29792022705078
208,208,208,2019-12-02,80.2984390258789,78.98567199707031,79.28898620605469
209,209,209,2019-12-03,79.73371124267578,77.09423828125,80.60051727294922
210,210,210,2019-12-04,79.99365997314453,79.07487487792969,80.59160614013672
211,211,211,2019-12-05,80.19087219238281,80.0295181274414,80.27933502197266
212,212,212,2019-12-06,80.1819076538086,80.7555923461914,80.77894592285156
213,213,213,2019-12-09,80.37910461425781,80.5763168334961,80.85034942626953
214,214,214,2019-12-10,79.42894744873047,80.2984390258789,78.98567199707031
215,215,215,2019-12-11,79.32137298583984,79.73371124267578,77.09423828125
216,216,216,2019-12-12,78.44290924072266,79.99365997314453,79.07487487792969
217,217,217,2019-12-13,78.85525512695312,80.19087219238281,80.0295181274414
218,218,218,2019-12-16,80.63009643554688,80.1819076538086,80.7555923461914
219,219,219,2019-12-17,81.01554107666016,80.37910461425781,80.5763168334961
220,220,220,2019-12-18,79.65303802490234,79.42894744873047,80.2984390258789
221,221,221,2019-12-19,80.44185638427734,79.32137298583984,79.73371124267578
222,222,222,2019-12-20,81.44580841064453,78.44290924072266,79.99365997314453
223,223,223,2019-12-23,81.9208984375,78.85525512695312,80.19087219238281
224,224,224,2019-12-24,81.70575714111328,80.63009643554688,80.1819076538086
225,225,225,2019-12-26,81.84021759033203,81.01554107666016,80.37910461425781
226,226,226,2019-12-27,81.9477767944336,79.65303802490234,79.42894744873047
227,227,227,2019-12-30,80.97968292236328,80.44185638427734,79.32137298583984
228,228,228,2019-12-31,81.607177734375,81.44580841064453,78.44290924072266
229,229,229,2020-01-02,80.64802551269531,81.9208984375,78.85525512695312
230,230,230,2020-01-03,81.19481658935547,81.70575714111328,80.63009643554688
231,231,231,2020-01-06,80.80937957763672,81.84021759033203,81.01554107666016
232,232,232,2020-01-07,79.6351089477539,81.9477767944336,79.65303802490234
233,233,233,2020-01-08,80.12812805175781,80.97968292236328,80.44185638427734
234,234,234,2020-01-09,79.96676635742188,81.607177734375,81.44580841064453
235,235,235,2020-01-10,82.39599609375,80.64802551269531,81.9208984375
236,236,236,2020-01-13,83.77642059326172,81.19481658935547,81.70575714111328
237,237,237,2020-01-14,82.41390228271484,80.80937957763672,81.84021759033203
238,238,238,2020-01-15,81.38306427001953,79.6351089477539,81.9477767944336
239,239,239,2020-01-16,80.6928482055664,80.12812805175781,80.97968292236328
240,240,240,2020-01-17,80.54942321777344,79.96676635742188,81.607177734375
241,241,241,2020-01-21,78.40707397460938,82.39599609375,80.64802551269531
242,242,242,2020-01-22,78.53254699707031,83.77642059326172,81.19481658935547
243,243,243,2020-01-23,78.84627532958984,82.41390228271484,80.80937957763672
244,244,244,2020-01-24,77.026611328125,81.38306427001953,79.6351089477539
245,245,245,2020-01-27,75.43106079101562,80.6928482055664,80.12812805175781
246,246,246,2020-01-28,75.80754089355469,80.54942321777344,79.96676635742188
247,247,247,2020-01-29,75.66411590576172,78.40707397460938,82.39599609375
248,248,248,2020-01-30,75.96887969970703,78.53254699707031,83.77642059326172
249,249,249,2020-01-31,74.06853485107422,78.84627532958984,82.41390228271484
250,250,250,2020-02-03,74.6422119140625,77.026611328125,81.38306427001953
251,251,251,2020-02-04,75.19799041748047,75.43106079101562,80.6928482055664
252,252,252,2020-02-05,75.39518737792969,75.80754089355469,80.54942321777344
253,253,253,2020-02-06,71.50486755371094,75.66411590576172,78.40707397460938
254,254,254,2020-02-07,72.0247573852539,75.96887969970703,78.53254699707031
255,255,255,2020-02-10,73.1273193359375,74.06853485107422,78.84627532958984
256,256,256,2020-02-11,72.59846496582031,74.6422119140625,77.026611328125
257,257,257,2020-02-12,72.03373718261719,75.19799041748047,75.43106079101562
258,258,258,2020-02-13,72.76876831054688,75.39518737792969,75.80754089355469
259,259,259,2020-02-14,72.16819763183594,71.50486755371094,75.66411590576172
260,260,260,2020-02-18,71.84549713134766,72.0247573852539,75.96887969970703
261,261,261,2020-02-19,69.76587677001953,73.1273193359375,74.06853485107422
262,262,262,2020-02-20,70.63539123535156,72.59846496582031,74.6422119140625
263,263,263,2020-02-21,69.76587677001953,72.03373718261719,75.19799041748047
264,264,264,2020-02-24,67.75797271728516,72.76876831054688,75.39518737792969
265,265,265,2020-02-25,64.27999114990234,72.16819763183594,71.50486755371094
266,266,266,2020-02-26,63.724212646484375,71.84549713134766,72.0247573852539
267,267,267,2020-02-27,62.38968276977539,69.76587677001953,73.1273193359375
268,268,268,2020-02-28,61.163352966308594,70.63539123535156,72.59846496582031
269,269,269,2020-03-02,63.60699462890625,69.76587677001953,72.03373718261719
270,270,270,2020-03-03,61.76750564575195,67.75797271728516,72.76876831054688
271,271,271,2020-03-04,63.47174453735352,64.27999114990234,72.16819763183594
272,272,272,2020-03-05,60.4239501953125,63.724212646484375,71.84549713134766
273,273,273,2020-03-06,58.2958984375,62.38968276977539,69.76587677001953
274,274,274,2020-03-09,54.89643096923828,61.163352966308594,70.63539123535156
275,275,275,2020-03-10,56.59165954589844,63.60699462890625,69.76587677001953
276,276,276,2020-03-11,52.79542541503906,61.76750564575195,67.75797271728516
277,277,277,2020-03-12,46.70885467529297,63.47174453735352,64.27999114990234
278,278,278,2020-03-13,47.34907531738281,60.4239501953125,63.724212646484375
279,279,279,2020-03-16,40.62227630615234,58.2958984375,62.38968276977539
280,280,280,2020-03-17,43.15608978271485,54.89643096923828,61.163352966308594
281,281,281,2020-03-18,39.83778381347656,56.59165954589844,63.60699462890625
282,282,282,2020-03-19,48.88198471069336,52.79542541503906,61.76750564575195
283,283,283,2020-03-20,48.349979400634766,46.70885467529297,63.47174453735352
284,284,284,2020-03-23,51.93880081176758,47.34907531738281,60.4239501953125
285,285,285,2020-03-24,54.09390258789063,40.62227630615234,58.2958984375
286,286,286,2020-03-25,56.97939300537109,43.15608978271485,54.89643096923828
287,287,287,2020-03-26,55.212032318115234,39.83778381347656,56.59165954589844
288,288,288,2020-03-27,52.831504821777344,48.88198471069336,52.79542541503906
289,289,289,2020-03-30,53.33647155761719,48.349979400634766,46.70885467529297
290,290,290,2020-03-31,52.18226623535156,51.93880081176758,47.34907531738281
291,291,291,2020-04-01,49.90092468261719,54.09390258789063,40.62227630615234
292,292,292,2020-04-02,48.827884674072266,56.97939300537109,43.15608978271485
293,293,293,2020-04-03,48.53032302856445,55.212032318115234,39.83778381347656
294,294,294,2020-04-06,50.901832580566406,52.831504821777344,48.88198471069336
295,295,295,2020-04-07,51.73140335083008,53.33647155761719,48.349979400634766
296,296,296,2020-04-08,52.66918563842773,52.18226623535156,51.93880081176758
297,297,297,2020-04-09,54.95052719116211,49.90092468261719,54.09390258789063
298,298,298,2020-04-13,56.068660736083984,48.827884674072266,56.97939300537109
299,299,299,2020-04-14,55.37433242797852,48.53032302856445,55.212032318115234
300,300,300,2020-04-15,54.23817825317383,50.901832580566406,52.831504821777344
301,301,301,2020-04-16,54.89643096923828,51.73140335083008,53.33647155761719
302,302,302,2020-04-17,56.21293258666992,52.66918563842773,52.18226623535156
303,303,303,2020-04-20,57.58354187011719,54.95052719116211,49.90092468261719
304,304,304,2020-04-21,55.82519912719727,56.068660736083984,48.827884674072266
305,305,305,2020-04-22,54.03077697753906,55.37433242797852,48.53032302856445
306,306,306,2020-04-23,54.91446304321289,54.23817825317383,50.901832580566406
307,307,307,2020-04-24,53.18316650390625,54.89643096923828,51.73140335083008
308,308,308,2020-04-27,53.814361572265625,56.21293258666992,52.66918563842773
309,309,309,2020-04-28,56.62771987915039,57.58354187011719,54.95052719116211
310,310,310,2020-04-29,57.07857894897461,55.82519912719727,56.068660736083984
311,311,311,2020-04-30,56.077674865722656,54.03077697753906,55.37433242797852
312,312,312,2020-05-01,54.11193084716797,54.91446304321289,54.23817825317383
313,313,313,2020-05-04,49.88288497924805,53.18316650390625,54.89643096923828
314,314,314,2020-05-05,51.388763427734375,53.814361572265625,56.21293258666992
315,315,315,2020-05-06,49.395957946777344,56.62771987915039,57.58354187011719
316,316,316,2020-05-07,51.63222885131836,57.07857894897461,55.82519912719727
317,317,317,2020-05-08,54.454586029052734,56.077674865722656,54.03077697753906
318,318,318,2020-05-11,54.78822326660156,54.11193084716797,54.91446304321289
319,319,319,2020-05-12,54.175048828125,49.88288497924805,53.18316650390625
320,320,320,2020-05-13,52.407691955566406,51.388763427734375,53.814361572265625
321,321,321,2020-05-14,53.34547805786133,49.395957946777344,56.62771987915039
322,322,322,2020-05-15,52.48884963989258,51.63222885131836,57.07857894897461
323,323,323,2020-05-18,54.85135269165039,54.454586029052734,56.077674865722656
324,324,324,2020-05-19,52.62410736083984,54.78822326660156,54.11193084716797
325,325,325,2020-05-20,54.68904113769531,54.175048828125,49.88288497924805
326,326,326,2020-05-21,53.42663192749024,52.407691955566406,51.388763427734375
327,327,327,2020-05-22,53.37253189086914,53.34547805786133,49.395957946777344
328,328,328,2020-05-26,55.58173751831055,52.48884963989258,51.63222885131836
329,329,329,2020-05-27,56.582637786865234,54.85135269165039,54.454586029052734
330,330,330,2020-05-28,56.5014877319336,52.62410736083984,54.78822326660156
331,331,331,2020-05-29,55.77524566650391,54.68904113769531,54.175048828125
332,332,332,2020-06-01,56.83736801147461,53.42663192749024,52.407691955566406
333,333,333,2020-06-02,56.73751831054688,53.37253189086914,53.34547805786133
334,334,334,2020-06-03,54.55878829956055,55.58173751831055,52.48884963989258
335,335,335,2020-06-04,58.16275405883789,56.582637786865234,54.85135269165039
336,336,336,2020-06-05,58.934383392333984,56.5014877319336,52.62410736083984
337,337,337,2020-06-08,62.33864212036133,55.77524566650391,54.68904113769531
338,338,338,2020-06-09,60.61382293701172,56.83736801147461,53.42663192749024
339,339,339,2020-06-10,58.58942031860352,56.73751831054688,53.37253189086914
340,340,340,2020-06-11,54.33184051513672,54.55878829956055,55.58173751831055
341,341,341,2020-06-12,56.46517181396485,58.16275405883789,56.582637786865234
342,342,342,2020-06-15,56.973541259765625,58.934383392333984,56.5014877319336
343,343,343,2020-06-16,58.8708381652832,62.33864212036133,55.77524566650391
344,344,344,2020-06-17,57.636226654052734,60.61382293701172,56.83736801147461
345,345,345,2020-06-18,58.117374420166016,58.58942031860352,56.73751831054688
346,346,346,2020-06-19,57.39112854003906,54.33184051513672,54.55878829956055
347,347,347,2020-06-22,55.757083892822266,56.46517181396485,58.16275405883789
348,348,348,2020-06-23,55.52106094360352,56.973541259765625,58.934383392333984
349,349,349,2020-06-24,53.95964431762695,58.8708381652832,62.33864212036133
350,350,350,2020-06-25,54.34999847412109,57.636226654052734,60.61382293701172
351,351,351,2020-06-26,52.90659713745117,58.117374420166016,58.58942031860352
352,352,352,2020-06-29,53.796234130859375,57.39112854003906,54.33184051513672
353,353,353,2020-06-30,54.20474624633789,55.757083892822266,56.46517181396485
354,354,354,2020-07-01,53.16985321044922,55.52106094360352,56.973541259765625
355,355,355,2020-07-02,53.06092071533203,53.95964431762695,58.8708381652832
356,356,356,2020-07-06,53.96872329711914,54.34999847412109,57.636226654052734
357,357,357,2020-07-07,53.27878952026367,52.90659713745117,58.117374420166016
358,358,358,2020-07-08,52.58887481689453,53.796234130859375,57.39112854003906
359,359,359,2020-07-09,50.45553207397461,54.20474624633789,55.757083892822266
360,360,360,2020-07-10,53.12446975708008,53.16985321044922,55.52106094360352
361,361,361,2020-07-13,52.67056655883789,53.06092071533203,53.95964431762695
362,362,362,2020-07-14,53.387733459472656,53.96872329711914,54.34999847412109
363,363,363,2020-07-15,54.9400634765625,53.27878952026367,52.90659713745117
364,364,364,2020-07-16,54.80389404296875,52.58887481689453,53.796234130859375
365,365,365,2020-07-17,55.21240997314453,50.45553207397461,54.20474624633789
366,366,366,2020-07-20,54.61326217651367,53.12446975708008,53.16985321044922
367,367,367,2020-07-21,54.99454116821289,52.67056655883789,53.06092071533203
368,368,368,2020-07-22,54.785736083984375,53.387733459472656,53.96872329711914
369,369,369,2020-07-23,55.29410552978516,54.9400634765625,53.27878952026367
370,370,370,2020-07-24,55.21240997314453,54.80389404296875,52.58887481689453
371,371,371,2020-07-27,55.35764694213867,55.21240997314453,50.45553207397461
372,372,372,2020-07-28,55.1397819519043,54.61326217651367,53.12446975708008
373,373,373,2020-07-29,56.28361511230469,54.99454116821289,52.67056655883789
374,374,374,2020-07-30,55.893253326416016,54.785736083984375,53.387733459472656
375,375,375,2020-07-31,55.78432083129883,55.29410552978516,54.9400634765625
376,376,376,2020-08-03,56.6739616394043,55.21240997314453,54.80389404296875
377,377,377,2020-08-04,59.11594772338867,55.35764694213867,55.21240997314453
378,378,378,2020-08-05,57.12786102294922,55.1397819519043,54.61326217651367
379,379,379,2020-08-06,56.70119094848633,56.28361511230469,54.99454116821289
380,380,380,2020-08-07,57.00984954833984,55.893253326416016,54.785736083984375
381,381,381,2020-08-10,58.60757827758789,55.78432083129883,55.29410552978516
382,382,382,2020-08-11,59.19763946533203,56.6739616394043,55.21240997314453
383,383,383,2020-08-12,59.651554107666016,59.11594772338867,55.35764694213867
384,384,384,2020-08-13,58.64389419555664,57.12786102294922,55.1397819519043
385,385,385,2020-08-14,58.04474258422852,56.70119094848633,56.28361511230469
386,386,386,2020-08-17,57.808712005615234,57.00984954833984,55.893253326416016
387,387,387,2020-08-18,57.79963684082031,58.60757827758789,55.78432083129883
388,388,388,2020-08-19,57.62715530395508,59.19763946533203,56.6739616394043
389,389,389,2020-08-20,57.10063552856445,59.651554107666016,59.11594772338867
390,390,390,2020-08-21,57.11879348754883,58.64389419555664,57.12786102294922
391,391,391,2020-08-24,57.69070053100586,58.04474258422852,56.70119094848633
392,392,392,2020-08-25,57.68162155151367,57.808712005615234,57.00984954833984
393,393,393,2020-08-26,57.59991836547852,57.79963684082031,58.60757827758789
394,394,394,2020-08-27,58.06290054321289,57.62715530395508,59.19763946533203
395,395,395,2020-08-28,58.01750946044922,57.10063552856445,59.651554107666016
396,396,396,2020-08-31,57.386985778808594,57.11879348754883,58.64389419555664
397,397,397,2020-09-01,57.24076843261719,57.69070053100586,58.04474258422852
398,398,398,2020-09-02,57.9261360168457,57.68162155151367,57.808712005615234
399,399,399,2020-09-03,56.32697296142578,57.59991836547852,57.79963684082031
400,400,400,2020-09-04,57.03973388671875,58.06290054321289,57.62715530395508
401,401,401,2020-09-08,56.26300048828125,58.01750946044922,57.10063552856445
402,402,402,2020-09-09,55.9614486694336,57.386985778808594,57.11879348754883
403,403,403,2020-09-10,57.98095703125,57.24076843261719,57.69070053100586
404,404,404,2020-09-11,58.22768783569336,57.9261360168457,57.68162155151367
405,405,405,2020-09-14,59.68063354492188,56.32697296142578,57.59991836547852
406,406,406,2020-09-15,59.62580871582031,57.03973388671875,58.06290054321289
407,407,407,2020-09-16,59.5892448425293,56.26300048828125,58.01750946044922
408,408,408,2020-09-17,58.25510025024414,55.9614486694336,57.386985778808594
409,409,409,2020-09-18,56.683353424072266,57.98095703125,57.24076843261719
410,410,410,2020-09-21,54.69125747680664,58.22768783569336,57.9261360168457
411,411,411,2020-09-22,54.27090835571289,59.68063354492188,56.32697296142578
412,412,412,2020-09-23,52.16915130615234,59.62580871582031,57.03973388671875
413,413,413,2020-09-24,51.99553298950195,59.5892448425293,56.26300048828125
414,414,414,2020-09-25,54.07900619506836,58.25510025024414,55.9614486694336
415,415,415,2020-09-28,54.609012603759766,56.683353424072266,57.98095703125
416,416,416,2020-09-29,53.87797546386719,54.69125747680664,58.22768783569336
417,417,417,2020-09-30,54.353153228759766,54.27090835571289,59.68063354492188
418,418,418,2020-10-01,54.11556625366211,52.16915130615234,59.62580871582031
419,419,419,2020-10-02,54.19781494140625,51.99553298950195,59.5892448425293
420,420,420,2020-10-05,53.91452407836914,54.07900619506836,58.25510025024414
421,421,421,2020-10-06,53.558143615722656,54.609012603759766,56.683353424072266
422,422,422,2020-10-07,53.704349517822266,53.87797546386719,54.69125747680664
423,423,423,2020-10-08,53.9053840637207,54.353153228759766,54.27090835571289
424,424,424,2020-10-09,52.98243713378906,54.11556625366211,52.16915130615234
425,425,425,2020-10-12,53.88710784912109,54.19781494140625,51.99553298950195
426,426,426,2020-10-13,53.87797546386719,53.91452407836914,54.07900619506836
427,427,427,2020-10-14,54.170387268066406,53.558143615722656,54.609012603759766
428,428,428,2020-10-15,55.27609634399414,53.704349517822266,53.87797546386719
429,429,429,2020-10-16,54.56332015991211,53.9053840637207,54.353153228759766
430,430,430,2020-10-19,53.28399658203125,52.98243713378906,54.11556625366211
431,431,431,2020-10-20,52.8727912902832,53.88710784912109,54.19781494140625
432,432,432,2020-10-21,54.06986618041992,53.87797546386719,53.91452407836914
433,433,433,2020-10-22,54.31660079956055,54.170387268066406,53.558143615722656
434,434,434,2020-10-23,54.8740119934082,55.27609634399414,53.704349517822266
435,435,435,2020-10-26,52.507266998291016,54.56332015991211,53.9053840637207
436,436,436,2020-10-27,52.699161529541016,53.28399658203125,52.98243713378906
437,437,437,2020-10-28,51.86759567260742,52.8727912902832,53.88710784912109
438,438,438,2020-10-29,52.30623245239258,54.06986618041992,53.87797546386719
439,439,439,2020-10-30,52.29709243774414,54.31660079956055,54.170387268066406
440,440,440,2020-11-02,52.66261291503906,54.8740119934082,55.27609634399414
441,441,441,2020-11-03,51.62086868286133,52.507266998291016,54.56332015991211
442,442,442,2020-11-04,51.66656112670898,52.699161529541016,53.28399658203125
443,443,443,2020-11-05,52.73571014404297,51.86759567260742,52.8727912902832
444,444,444,2020-11-06,52.388465881347656,52.30623245239258,54.06986618041992
445,445,445,2020-11-09,55.14815521240234,52.29709243774414,54.31660079956055
446,446,446,2020-11-10,55.248680114746094,52.66261291503906,54.8740119934082
447,447,447,2020-11-11,55.84264755249024,51.62086868286133,52.507266998291016
448,448,448,2020-11-12,55.5867919921875,51.66656112670898,52.699161529541016
449,449,449,2020-11-13,56.97576904296875,52.73571014404297,51.86759567260742
450,450,450,2020-11-16,59.15976333618164,52.388465881347656,52.30623245239258
451,451,451,2020-11-17,58.28251266479492,55.14815521240234,52.29709243774414
452,452,452,2020-11-18,57.98095703125,55.248680114746094,52.66261291503906
453,453,453,2020-11-19,56.96663284301758,55.84264755249024,51.62086868286133
454,454,454,2020-11-20,55.50454711914063,55.5867919921875,51.66656112670898
455,455,455,2020-11-23,57.68854141235352,56.97576904296875,52.73571014404297
456,456,456,2020-11-24,59.214599609375,59.15976333618164,52.388465881347656
457,457,457,2020-11-25,59.388214111328125,58.28251266479492,55.14815521240234
458,458,458,2020-11-27,59.3973503112793,57.98095703125,55.248680114746094
459,459,459,2020-11-30,59.99082946777344,56.96663284301758,55.84264755249024
460,460,460,2020-12-01,61.42617416381836,55.50454711914063,55.5867919921875
461,461,461,2020-12-02,60.81891632080078,57.68854141235352,56.97576904296875
462,462,462,2020-12-03,63.6068229675293,59.214599609375,59.15976333618164
463,463,463,2020-12-04,64.49933624267578,59.388214111328125,58.28251266479492
464,464,464,2020-12-07,63.21118927001953,59.3973503112793,57.98095703125
465,465,465,2020-12-08,62.9443588256836,59.99082946777344,56.96663284301758
466,466,466,2020-12-09,63.63444137573242,61.42617416381836,55.50454711914063
467,467,467,2020-12-10,63.86446380615234,60.81891632080078,57.68854141235352
468,468,468,2020-12-11,63.7540397644043,63.6068229675293,59.214599609375
469,469,469,2020-12-14,64.20490264892578,64.49933624267578,59.388214111328125
470,470,470,2020-12-15,62.79713821411133,63.21118927001953,59.3973503112793
471,471,471,2020-12-16,60.02761459350586,62.9443588256836,59.99082946777344
472,472,472,2020-12-17,59.80679702758789,63.63444137573242,61.42617416381836
473,473,473,2020-12-18,59.76079559326172,63.86446380615234,60.81891632080078
474,474,474,2020-12-21,58.748680114746094,63.7540397644043,63.6068229675293
475,475,475,2020-12-22,57.48814010620117,64.20490264892578,64.49933624267578
476,476,476,2020-12-23,59.39275360107422,62.79713821411133,63.21118927001953
477,477,477,2020-12-24,59.61357116699219,60.02761459350586,62.9443588256836
478,478,478,2020-12-28,59.236328125,59.80679702758789,63.63444137573242
479,479,479,2020-12-29,58.42664337158203,59.76079559326172,63.86446380615234
480,480,480,2020-12-30,58.50945281982422,58.748680114746094,63.7540397644043
481,481,481,2020-12-31,59.29154968261719,57.48814010620117,64.20490264892578
482,482,482,2021-01-04,58.42664337158203,59.39275360107422,62.79713821411133
483,483,483,2021-01-05,58.380638122558594,59.61357116699219,60.02761459350586
484,484,484,2021-01-06,60.13803863525391,59.236328125,59.80679702758789
485,485,485,2021-01-07,59.44795989990234,58.42664337158203,59.76079559326172
486,486,486,2021-01-08,58.91430282592773,58.50945281982422,58.748680114746094
487,487,487,2021-01-11,59.595176696777344,59.29154968261719,57.48814010620117
488,488,488,2021-01-12,58.89590072631836,58.42664337158203,59.39275360107422
489,489,489,2021-01-13,58.96950149536133,58.380638122558594,59.61357116699219
490,490,490,2021-01-14,59.58597946166992,60.13803863525391,59.236328125
491,491,491,2021-01-15,59.576786041259766,59.44795989990234,58.42664337158203
492,492,492,2021-01-19,58.794681549072266,58.91430282592773,58.50945281982422
493,493,493,2021-01-20,60.95693206787109,59.595176696777344,59.29154968261719
494,494,494,2021-01-21,60.6348876953125,58.89590072631836,58.42664337158203
495,495,495,2021-01-22,61.20535659790039,58.96950149536133,58.380638122558594
496,496,496,2021-01-25,61.27897262573242,59.58597946166992,60.13803863525391
497,497,497,2021-01-26,61.25135803222656,59.576786041259766,59.44795989990234
498,498,498,2021-01-27,59.604373931884766,58.794681549072266,58.91430282592773
499,499,499,2021-01-28,59.77000427246094,60.95693206787109,59.595176696777344
500,500,500,2021-01-29,59.17192459106445,60.6348876953125,58.89590072631836
501,501,501,2021-02-01,59.061519622802734,61.20535659790039,58.96950149536133
502,502,502,2021-02-02,59.08911895751953,61.27897262573242,59.58597946166992
503,503,503,2021-02-03,60.2392578125,61.25135803222656,59.576786041259766
504,504,504,2021-02-04,60.9293212890625,59.604373931884766,58.794681549072266
505,505,505,2021-02-05,60.89252471923828,59.77000427246094,60.95693206787109
506,506,506,2021-02-08,62.5211067199707,59.17192459106445,60.6348876953125
507,507,507,2021-02-09,63.947265625,59.061519622802734,61.20535659790039
508,508,508,2021-02-10,63.74483871459961,59.08911895751953,61.27897262573242
509,509,509,2021-02-11,60.11963653564453,60.2392578125,61.25135803222656
510,510,510,2021-02-12,60.32205581665039,60.9293212890625,59.604373931884766
511,511,511,2021-02-16,60.42327117919922,60.89252471923828,59.77000427246094
512,512,512,2021-02-17,61.84944152832031,62.5211067199707,59.17192459106445
513,513,513,2021-02-18,62.22667694091797,63.947265625,59.061519622802734
514,514,514,2021-02-19,62.12547302246094,63.74483871459961,59.08911895751953
515,515,515,2021-02-22,62.89835739135742,60.11963653564453,60.2392578125
516,516,516,2021-02-23,62.74193572998047,60.32205581665039,60.9293212890625
517,517,517,2021-02-24,63.36759567260742,60.42327117919922,60.89252471923828
518,518,518,2021-02-25,62.85234832763672,61.84944152832031,62.5211067199707
519,519,519,2021-02-26,62.67176055908203,62.22667694091797,63.947265625
520,520,520,2021-03-01,63.47749710083008,62.12547302246094,63.74483871459961
521,521,521,2021-03-02,63.60715103149414,62.89835739135742,60.11963653564453
522,522,522,2021-03-03,64.79261016845703,62.74193572998047,60.32205581665039
523,523,523,2021-03-04,66.85789489746094,63.36759567260742,60.42327117919922
524,524,524,2021-03-05,67.33948516845703,62.85234832763672,61.84944152832031
525,525,525,2021-03-08,68.24710845947266,62.67176055908203,62.22667694091797
526,526,526,2021-03-09,67.0431137084961,63.47749710083008,62.12547302246094
527,527,527,2021-03-10,68.58051300048828,63.60715103149414,62.89835739135742
528,528,528,2021-03-11,68.51567840576172,64.79261016845703,62.74193572998047
529,529,529,2021-03-12,69.93268585205078,66.85789489746094,63.36759567260742
530,530,530,2021-03-15,70.92364501953125,67.33948516845703,62.85234832763672
531,531,531,2021-03-16,70.62725830078125,68.24710845947266,62.67176055908203
532,532,532,2021-03-17,70.73841857910156,67.0431137084961,63.47749710083008
533,533,533,2021-03-18,71.24779510498047,68.58051300048828,63.60715103149414
534,534,534,2021-03-19,71.08108520507812,68.51567840576172,64.79261016845703
535,535,535,2021-03-22,69.8956298828125,69.93268585205078,66.85789489746094
536,536,536,2021-03-23,67.98778533935547,70.92364501953125,67.33948516845703
537,537,537,2021-03-24,68.13597106933594,70.62725830078125,68.24710845947266
538,538,538,2021-03-25,69.78448486328125,70.73841857910156,67.0431137084961
539,539,539,2021-03-26,70.36795806884766,71.24779510498047,68.58051300048828
540,540,540,2021-03-29,70.75695037841797,71.08108520507812,68.51567840576172
541,541,541,2021-03-30,70.34017181396484,69.8956298828125,69.93268585205078
542,542,542,2021-03-31,68.81204223632812,67.98778533935547,70.92364501953125
543,543,543,2021-04-01,69.33995819091797,68.13597106933594,70.62725830078125
544,544,544,2021-04-05,69.1084213256836,69.78448486328125,70.73841857910156
545,545,545,2021-04-06,70.28460693359375,70.36795806884766,71.24779510498047
546,546,546,2021-04-07,70.12716674804688,70.75695037841797,71.08108520507812
547,547,547,2021-04-08,70.69210052490234,70.34017181396484,69.8956298828125
548,548,548,2021-04-09,70.90512084960938,68.81204223632812,67.98778533935547
549,549,549,2021-04-12,71.83124542236328,69.33995819091797,68.13597106933594
550,550,550,2021-04-13,71.28482818603516,69.1084213256836,69.78448486328125
551,551,551,2021-04-14,72.47955322265625,70.28460693359375,70.36795806884766
552,552,552,2021-04-15,72.51660919189453,70.12716674804688,70.75695037841797
553,553,553,2021-04-16,73.09081268310547,70.69210052490234,70.34017181396484
554,554,554,2021-04-19,72.74813842773438,70.90512084960938,68.81204223632812
555,555,555,2021-04-20,72.72960662841797,71.83124542236328,69.33995819091797
556,556,556,2021-04-21,73.70205688476562,71.28482818603516,69.1084213256836
557,557,557,2021-04-22,73.20193481445312,72.47955322265625,70.28460693359375
558,558,558,2021-04-23,72.88705444335938,72.51660919189453,70.12716674804688
559,559,559,2021-04-26,72.19243621826172,73.09081268310547,70.69210052490234
560,560,560,2021-04-27,71.02552032470703,72.74813842773438,70.90512084960938
561,561,561,2021-04-28,71.61824798583984,72.72960662841797,71.83124542236328
562,562,562,2021-04-29,71.59044647216797,73.70205688476562,71.28482818603516
563,563,563,2021-04-30,71.72937774658203,73.20193481445312,72.47955322265625
564,564,564,2021-05-03,72.70182037353516,72.88705444335938,72.51660919189453
565,565,565,2021-05-04,72.03500366210938,72.19243621826172,73.09081268310547
566,566,566,2021-05-05,72.11837005615234,71.02552032470703,72.74813842773438
567,567,567,2021-05-06,72.5999526977539,71.61824798583984,72.72960662841797
568,568,568,2021-05-07,72.9981918334961,71.59044647216797,73.70205688476562
569,569,569,2021-05-10,72.9981918334961,71.72937774658203,73.20193481445312
570,570,570,2021-05-11,73.57240295410156,72.70182037353516,72.88705444335938
571,571,571,2021-05-12,73.31307220458984,72.03500366210938,72.19243621826172
572,572,572,2021-05-13,74.60968017578125,72.11837005615234,71.02552032470703
573,573,573,2021-05-14,74.40591430664062,72.5999526977539,71.61824798583984
574,574,574,2021-05-17,74.65597534179688,72.9981918334961,71.59044647216797
575,575,575,2021-05-18,73.96138000488281,72.9981918334961,71.72937774658203
576,576,576,2021-05-19,73.75762939453125,73.57240295410156,72.70182037353516
577,577,577,2021-05-20,74.62818145751953,73.31307220458984,72.03500366210938
578,578,578,2021-05-21,74.73007202148438,74.60968017578125,72.11837005615234
579,579,579,2021-05-24,74.60968017578125,74.40591430664062,72.5999526977539
580,580,580,2021-05-25,74.28551483154297,74.65597534179688,72.9981918334961
581,581,581,2021-05-26,73.72058868408203,73.96138000488281,72.9981918334961
582,582,582,2021-05-27,73.6372299194336,73.75762939453125,73.57240295410156
583,583,583,2021-05-28,74.04235076904297,74.62818145751953,73.31307220458984
584,584,584,2021-06-01,74.60116577148438,74.73007202148438,74.60968017578125
585,585,585,2021-06-02,74.75950622558594,74.60968017578125,74.40591430664062
586,586,586,2021-06-03,73.7350082397461,74.28551483154297,74.65597534179688
587,587,587,2021-06-04,73.25071716308594,73.72058868408203,73.96138000488281
588,588,588,2021-06-07,72.95268249511719,73.6372299194336,73.75762939453125
589,589,589,2021-06-08,72.94337463378906,74.04235076904297,74.62818145751953
590,590,590,2021-06-09,72.08651733398438,74.60116577148438,74.73007202148438
591,591,591,2021-06-10,71.65811157226562,74.75950622558594,74.60968017578125
592,592,592,2021-06-11,72.05857849121094,73.7350082397461,74.28551483154297
593,593,593,2021-06-14,72.03994750976562,73.25071716308594,73.72058868408203
594,594,594,2021-06-15,70.5218505859375,72.95268249511719,73.6372299194336
595,595,595,2021-06-16,69.51600646972656,72.94337463378906,74.04235076904297
596,596,596,2021-06-17,68.80817413330078,72.08651733398438,74.60116577148438
597,597,597,2021-06-18,67.76506042480469,71.65811157226562,74.75950622558594
598,598,598,2021-06-21,68.51944732666016,72.05857849121094,73.7350082397461
599,599,599,2021-06-22,69.11550903320312,72.03994750976562,73.25071716308594
600,600,600,2021-06-23,68.76160430908203,70.5218505859375,72.95268249511719
601,601,601,2021-06-24,69.18071746826172,69.51600646972656,72.94337463378906
602,602,602,2021-06-25,69.38561248779297,68.80817413330078,72.08651733398438
603,603,603,2021-06-28,68.54740142822266,67.76506042480469,71.65811157226562
604,604,604,2021-06-29,68.28661346435547,68.51944732666016,72.05857849121094
605,605,605,2021-06-30,68.6964111328125,69.11550903320312,72.03994750976562
606,606,606,2021-07-01,68.77091217041016,68.76160430908203,70.5218505859375
607,607,607,2021-07-02,68.56602478027344,69.18071746826172,69.51600646972656
608,608,608,2021-07-06,68.01652526855469,69.38561248779297,68.80817413330078
609,609,609,2021-07-07,68.351806640625,68.54740142822266,67.76506042480469
610,610,610,2021-07-08,67.6532974243164,68.28661346435547,68.51944732666016
611,611,611,2021-07-09,68.50082397460938,68.6964111328125,69.11550903320312
612,612,612,2021-07-12,67.56947326660156,68.77091217041016,68.76160430908203
613,613,613,2021-07-13,66.84302520751953,68.56602478027344,69.18071746826172
614,614,614,2021-07-14,66.28421020507812,68.01652526855469,69.38561248779297
615,615,615,2021-07-15,66.84302520751953,68.351806640625,68.54740142822266
616,616,616,2021-07-16,66.49842071533203,67.6532974243164,68.28661346435547
617,617,617,2021-07-19,66.05137634277344,68.50082397460938,68.6964111328125
618,618,618,2021-07-20,66.44253540039062,67.56947326660156,68.77091217041016
619,619,619,2021-07-21,66.56361389160156,66.84302520751953,68.56602478027344
620,620,620,2021-07-22,65.86510467529297,66.28421020507812,68.01652526855469
621,621,621,2021-07-23,66.42391967773438,66.84302520751953,68.351806640625
622,622,622,2021-07-26,66.35871124267578,66.49842071533203,67.6532974243164
623,623,623,2021-07-27,66.84302520751953,66.05137634277344,68.50082397460938
624,624,624,2021-07-28,66.69400024414062,66.44253540039062,67.56947326660156
625,625,625,2021-07-29,66.98271942138672,66.56361389160156,66.84302520751953
626,626,626,2021-07-30,66.5542984008789,65.86510467529297,66.28421020507812
627,627,627,2021-08-02,66.82438659667969,66.42391967773438,66.84302520751953
628,628,628,2021-08-03,66.7871322631836,66.35871124267578,66.49842071533203
629,629,629,2021-08-04,65.52982330322266,66.84302520751953,66.05137634277344
630,630,630,2021-08-05,65.32491302490234,66.69400024414062,66.44253540039062
631,631,631,2021-08-06,66.2376480102539,66.98271942138672,66.56361389160156
632,632,632,2021-08-09,71.99340057373047,66.5542984008789,65.86510467529297
633,633,633,2021-08-10,74.08894348144531,66.82438659667969,66.42391967773438
634,634,634,2021-08-11,74.6756820678711,66.7871322631836,66.35871124267578
635,635,635,2021-08-12,74.54530334472656,65.52982330322266,66.84302520751953
636,636,636,2021-08-13,76.28691101074219,65.32491302490234,66.69400024414062
637,637,637,2021-08-16,75.54183959960938,66.2376480102539,66.98271942138672
638,638,638,2021-08-17,75.21586608886719,71.99340057373047,66.5542984008789
639,639,639,2021-08-18,74.64773559570312,74.08894348144531,66.82438659667969
640,640,640,2021-08-19,74.77812194824219,74.6756820678711,66.7871322631836
641,641,641,2021-08-20,74.4521484375,74.54530334472656,65.52982330322266
642,642,642,2021-08-23,74.07029724121094,76.28691101074219,65.32491302490234
643,643,643,2021-08-24,73.68846130371094,75.54183959960938,66.2376480102539
644,644,644,2021-08-25,73.30659484863281,75.21586608886719,71.99340057373047
645,645,645,2021-08-26,72.73846435546875,74.64773559570312,74.08894348144531
646,646,646,2021-08-27,73.12033081054688,74.77812194824219,74.6756820678711
647,647,647,2021-08-30,72.81297302246094,74.4521484375,74.54530334472656
648,648,648,2021-08-31,73.54827880859375,74.07029724121094,76.28691101074219
649,649,649,2021-09-01,73.38904571533203,73.68846130371094,75.54183959960938
650,650,650,2021-09-02,73.52017974853516,73.30659484863281,75.21586608886719
651,651,651,2021-09-03,73.2766342163086,72.73846435546875,74.64773559570312
652,652,652,2021-09-07,72.3961410522461,73.12033081054688,74.77812194824219
653,653,653,2021-09-08,71.34707641601562,72.81297302246094,74.4521484375
654,654,654,2021-09-09,70.79443359375,73.54827880859375,74.07029724121094
655,655,655,2021-09-10,70.0638198852539,73.38904571533203,73.68846130371094
656,656,656,2021-09-13,71.5905990600586,73.52017974853516,73.30659484863281
657,657,657,2021-09-14,70.65392303466797,73.2766342163086,72.73846435546875
658,658,658,2021-09-15,71.3845443725586,72.3961410522461,73.12033081054688
659,659,659,2021-09-16,71.00050354003906,71.34707641601562,72.81297302246094
660,660,660,2021-09-17,71.00985717773438,70.79443359375,73.54827880859375
661,661,661,2021-09-20,70.90682983398438,70.0638198852539,73.38904571533203
662,662,662,2021-09-21,70.73822784423828,71.5905990600586,73.52017974853516
663,663,663,2021-09-22,70.70076751708984,70.65392303466797,73.2766342163086
664,664,664,2021-09-23,71.29087829589844,71.3845443725586,72.3961410522461
665,665,665,2021-09-24,71.3939208984375,71.00050354003906,71.34707641601562
666,666,666,2021-09-27,71.9933853149414,71.00985717773438,70.79443359375
667,667,667,2021-09-28,72.87386322021484,70.90682983398438,70.0638198852539
668,668,668,2021-09-29,75.3935317993164,70.73822784423828,71.5905990600586
669,669,669,2021-09-30,73.94168090820312,70.70076751708984,70.65392303466797
670,670,670,2021-10-01,73.3515625,71.29087829589844,71.3845443725586
671,671,671,2021-10-04,73.13613891601562,71.3939208984375,71.00050354003906
672,672,672,2021-10-05,73.3515625,71.9933853149414,71.00985717773438
673,673,673,2021-10-06,73.64196014404297,72.87386322021484,70.90682983398438
674,674,674,2021-10-07,73.69815063476562,75.3935317993164,70.73822784423828
675,675,675,2021-10-08,73.59510040283203,73.94168090820312,70.70076751708984
676,676,676,2021-10-11,73.37965393066406,73.3515625,71.29087829589844
677,677,677,2021-10-12,74.22268676757812,73.13613891601562,71.3939208984375
678,678,678,2021-10-13,74.28825378417969,73.3515625,71.9933853149414
679,679,679,2021-10-14,74.65355682373047,73.64196014404297,72.87386322021484
680,680,680,2021-10-15,74.63481903076172,73.69815063476562,75.3935317993164
681,681,681,2021-10-18,74.4006576538086,73.59510040283203,73.94168090820312
682,682,682,2021-10-19,75.02822875976562,73.37965393066406,73.3515625
683,683,683,2021-10-20,76.08668518066406,74.22268676757812,73.13613891601562
684,684,684,2021-10-21,76.04920959472656,74.28825378417969,73.3515625
685,685,685,2021-10-22,77.27627563476562,74.65355682373047,73.64196014404297
686,686,686,2021-10-25,78.01624298095703,74.63481903076172,73.69815063476562
687,687,687,2021-10-26,77.26689910888672,74.4006576538086,73.59510040283203
688,688,688,2021-10-27,75.52466583251953,75.02822875976562,73.37965393066406
689,689,689,2021-10-28,75.880615234375,76.08668518066406,74.22268676757812
690,690,690,2021-10-29,74.90645599365234,76.04920959472656,74.28825378417969
691,691,691,2021-11-01,75.71200561523438,77.27627563476562,74.65355682373047
692,692,692,2021-11-02,76.3676986694336,78.01624298095703,74.63481903076172
693,693,693,2021-11-03,76.54564666748047,77.26689910888672,74.4006576538086
694,694,694,2021-11-04,75.93682098388672,75.52466583251953,75.02822875976562
695,695,695,2021-11-05,76.39578247070312,75.880615234375,76.08668518066406
696,696,696,2021-11-08,76.21781158447266,74.90645599365234,76.04920959472656
697,697,697,2021-11-09,76.35832214355469,75.71200561523438,77.27627563476562
698,698,698,2021-11-10,77.31373596191406,76.3676986694336,78.01624298095703
699,699,699,2021-11-11,77.86637115478516,76.54564666748047,77.26689910888672
700,700,700,2021-11-12,76.08668518066406,75.93682098388672,75.52466583251953
701,701,701,2021-11-15,78.78433227539062,76.39578247070312,75.880615234375
702,702,702,2021-11-16,78.28788757324219,76.21781158447266,74.90645599365234
703,703,703,2021-11-17,77.36056518554688,76.35832214355469,75.71200561523438
704,704,704,2021-11-18,77.33247375488281,77.31373596191406,76.3676986694336
705,705,705,2021-11-19,76.34896087646484,77.86637115478516,76.54564666748047
706,706,706,2021-11-22,77.86637115478516,76.08668518066406,75.93682098388672
707,707,707,2021-11-23,77.96941375732422,78.78433227539062,76.39578247070312
708,708,708,2021-11-24,77.96941375732422,78.28788757324219,76.21781158447266
709,709,709,2021-11-26,76.1897201538086,77.36056518554688,76.35832214355469
710,710,710,2021-11-29,76.69552612304688,77.33247375488281,77.31373596191406
711,711,711,2021-11-30,74.37825775146484,76.34896087646484,77.86637115478516
712,712,712,2021-12-01,73.7188949584961,77.86637115478516,76.08668518066406
713,713,713,2021-12-02,76.1020736694336,77.96941375732422,78.78433227539062
714,714,714,2021-12-03,77.80705261230469,77.96941375732422,78.28788757324219
715,715,715,2021-12-06,78.63599395751953,76.1897201538086,77.36056518554688
716,716,716,2021-12-07,79.0975570678711,76.69552612304688,77.33247375488281
717,717,717,2021-12-08,78.68309020996094,74.37825775146484,76.34896087646484
718,718,718,2021-12-09,78.89032745361328,73.7188949584961,77.86637115478516
719,719,719,2021-12-10,79.22943115234375,76.1020736694336,77.96941375732422
720,720,720,2021-12-13,80.0018539428711,77.80705261230469,77.96941375732422
721,721,721,2021-12-14,80.77427673339844,78.63599395751953,76.1897201538086
722,722,722,2021-12-15,80.92501068115234,79.0975570678711,76.69552612304688
723,723,723,2021-12-16,81.19815063476562,78.68309020996094,74.37825775146484
724,724,724,2021-12-17,80.47283172607422,78.89032745361328,73.7188949584961
725,725,725,2021-12-20,79.91707611083984,79.22943115234375,76.1020736694336
726,726,726,2021-12-21,80.32212829589844,80.0018539428711,77.80705261230469
727,727,727,2021-12-22,80.0018539428711,80.77427673339844,78.63599395751953
728,728,728,2021-12-23,80.2750244140625,80.92501068115234,79.0975570678711
729,729,729,2021-12-27,81.16049194335938,81.19815063476562,78.68309020996094
730,730,730,2021-12-28,81.6408920288086,80.47283172607422,78.89032745361328
731,731,731,2021-12-29,81.40538787841797,79.91707611083984,79.22943115234375
732,732,732,2021-12-30,81.31121063232422,80.32212829589844,80.0018539428711
733,733,733,2021-12-31,82.10245513916016,80.0018539428711,80.77427673339844
734,734,734,2022-01-03,82.705322265625,80.2750244140625,80.92501068115234
735,735,735,2022-01-04,84.34436798095703,81.16049194335938,81.19815063476562
736,736,736,2022-01-05,84.51390838623047,81.6408920288086,80.47283172607422
737,737,737,2022-01-06,85.56892395019531,81.40538787841797,79.91707611083984
738,738,738,2022-01-07,85.72905731201172,81.31121063232422,80.32212829589844
739,739,739,2022-01-10,85.50298309326172,82.10245513916016,80.0018539428711
740,740,740,2022-01-11,85.71022033691406,82.705322265625,80.2750244140625
741,741,741,2022-01-12,85.48413848876953,84.34436798095703,81.16049194335938
742,742,742,2022-01-13,87.8013916015625,84.51390838623047,81.6408920288086
743,743,743,2022-01-14,88.31948852539062,85.56892395019531,81.40538787841797
744,744,744,2022-01-18,88.28179931640625,85.72905731201172,81.31121063232422
745,745,745,2022-01-19,87.33041381835938,85.50298309326172,82.10245513916016
746,746,746,2022-01-20,85.21096801757812,85.71022033691406,82.705322265625
747,747,747,2022-01-21,84.71173095703125,85.48413848876953,84.34436798095703
748,748,748,2022-01-24,85.38995361328125,87.8013916015625,84.51390838623047
749,749,749,2022-01-25,85.05083465576172,88.31948852539062,85.56892395019531
750,750,750,2022-01-26,85.32401275634766,88.28179931640625,85.72905731201172
751,751,751,2022-01-27,84.7964859008789,87.33041381835938,85.50298309326172
752,752,752,2022-01-28,86.00222778320312,85.21096801757812,85.71022033691406
753,753,753,2022-01-31,85.61602020263672,84.71173095703125,85.48413848876953
754,754,754,2022-02-01,85.7761459350586,85.38995361328125,87.8013916015625
755,755,755,2022-02-02,86.06816864013672,85.05083465576172,88.31948852539062
756,756,756,2022-02-03,85.0791015625,85.32401275634766,88.28179931640625
757,757,757,2022-02-04,83.1668930053711,84.7964859008789,87.33041381835938
758,758,758,2022-02-07,93.34020233154295,86.00222778320312,85.21096801757812
759,759,759,2022-02-08,92.98225402832033,85.61602020263672,84.71173095703125
760,760,760,2022-02-09,92.99168395996094,85.7761459350586,85.38995361328125
761,761,761,2022-02-10,92.20042419433594,86.06816864013672,85.05083465576172
762,762,762,2022-02-11,92.30403137207033,85.0791015625,85.32401275634766
763,763,763,2022-02-14,89.3744888305664,83.1668930053711,84.7964859008789
764,764,764,2022-02-15,88.50788116455078,93.34020233154295,86.00222778320312
765,765,765,2022-02-16,88.96943664550781,92.98225402832033,85.61602020263672
766,766,766,2022-02-17,87.8013916015625,92.99168395996094,85.7761459350586
767,767,767,2022-02-18,86.91594696044922,92.20042419433594,86.06816864013672
768,768,768,2022-02-22,87.07610321044922,92.30403137207033,85.0791015625
769,769,769,2022-02-23,86.65218353271484,89.3744888305664,83.1668930053711
770,770,770,2022-02-24,85.08851623535156,88.50788116455078,93.34020233154295
771,771,771,2022-02-25,87.95211791992188,88.96943664550781,92.98225402832033
772,772,772,2022-02-28,87.71544647216797,87.8013916015625,92.99168395996094
773,773,773,2022-03-01,88.82302856445312,86.91594696044922,92.20042419433594
774,774,774,2022-03-02,89.96845245361328,87.07610321044922,92.30403137207033
775,775,775,2022-03-03,90.25244140625,86.65218353271484,89.3744888305664
776,776,776,2022-03-04,88.52010345458984,85.08851623535156,88.50788116455078
777,777,777,2022-03-07,87.62078094482422,87.95211791992188,88.96943664550781
778,778,778,2022-03-08,87.39359283447266,87.71544647216797,87.8013916015625
779,779,779,2022-03-09,85.8032455444336,88.82302856445312,86.91594696044922
780,780,780,2022-03-10,85.15007019042969,89.96845245361328,87.07610321044922
781,781,781,2022-03-11,82.96333312988281,90.25244140625,86.65218353271484
782,782,782,2022-03-14,80.93753051757812,88.52010345458984,85.08851623535156
783,783,783,2022-03-15,81.12684631347656,87.62078094482422,87.95211791992188
784,784,784,2022-03-16,82.56573486328125,87.39359283447266,87.71544647216797
785,785,785,2022-03-17,83.87210083007812,85.8032455444336,88.82302856445312
786,786,786,2022-03-18,82.49000549316406,85.15007019042969,89.96845245361328
787,787,787,2022-03-21,81.95989990234375,82.96333312988281,90.25244140625
788,788,788,2022-03-22,82.14922332763672,80.93753051757812,88.52010345458984
789,789,789,2022-03-23,81.15525817871094,81.12684631347656,87.62078094482422
790,790,790,2022-03-24,81.72323608398438,82.56573486328125,87.39359283447266
791,791,791,2022-03-25,82.29122924804688,83.87210083007812,85.8032455444336
792,792,792,2022-03-28,82.13975524902344,82.49000549316406,85.15007019042969
793,793,793,2022-03-29,84.08036804199219,81.95989990234375,82.96333312988281
794,794,794,2022-03-30,83.97624206542969,82.14922332763672,80.93753051757812
795,795,795,2022-03-31,84.84713745117188,81.15525817871094,81.12684631347656
796,796,796,2022-04-01,86.1819076538086,81.72323608398438,82.56573486328125
797,797,797,2022-04-04,85.0553970336914,82.29122924804688,83.87210083007812
798,798,798,2022-04-05,85.37725067138672,82.13975524902344,82.49000549316406
799,799,799,2022-04-06,86.04937744140625,84.08036804199219,81.95989990234375
800,800,800,2022-04-07,86.56056213378906,83.97624206542969,82.14922332763672
801,801,801,2022-04-08,87.50721740722656,84.84713745117188,81.15525817871094
802,802,802,2022-04-11,88.81356811523438,86.1819076538086,81.72323608398438
803,803,803,2022-04-12,88.4538345336914,85.0553970336914,82.29122924804688
804,804,804,2022-04-13,89.44779968261719,85.37725067138672,82.13975524902344
805,805,805,2022-04-14,90.3565673828125,86.04937744140625,84.08036804199219
806,806,806,2022-04-18,90.00631713867188,86.56056213378906,83.97624206542969
807,807,807,2022-04-19,92.27825927734376,87.50721740722656,84.84713745117188
808,808,808,2022-04-20,93.14916229248048,88.81356811523438,86.1819076538086
809,809,809,2022-04-21,92.57171630859376,88.4538345336914,85.0553970336914
810,810,810,2022-04-22,89.85485076904297,89.44779968261719,85.37725067138672
811,811,811,2022-04-25,89.46673583984375,90.3565673828125,86.04937744140625
812,812,812,2022-04-26,87.63972473144531,90.00631713867188,86.56056213378906
813,813,813,2022-04-27,88.62422943115234,92.27825927734376,87.50721740722656
814,814,814,2022-04-28,90.58377075195312,93.14916229248048,88.81356811523438
815,815,815,2022-04-29,88.18878936767578,92.57171630859376,88.4538345336914
816,816,816,2022-05-02,87.9426498413086,89.85485076904297,89.44779968261719
817,817,817,2022-05-03,85.29206085205078,89.46673583984375,90.3565673828125
818,818,818,2022-05-04,87.30839538574219,87.63972473144531,90.00631713867188
819,819,819,2022-05-05,86.04937744140625,88.62422943115234,92.27825927734376
820,820,820,2022-05-06,85.97364044189453,90.58377075195312,93.14916229248048
821,821,821,2022-05-09,87.88584899902344,88.18878936767578,92.57171630859376
822,822,822,2022-05-10,87.17587280273438,87.9426498413086,89.85485076904297
823,823,823,2022-05-11,85.38672637939453,85.29206085205078,89.46673583984375
824,824,824,2022-05-12,84.76195526123047,87.30839538574219,87.63972473144531
825,825,825,2022-05-13,85.19740295410156,86.04937744140625,88.62422943115234
826,826,826,2022-05-16,85.94523620605469,85.97364044189453,90.58377075195312
827,827,827,2022-05-17,86.87294006347656,87.88584899902344,88.18878936767578
828,828,828,2022-05-18,80.22754669189453,87.17587280273438,87.9426498413086
829,829,829,2022-05-19,79.63117218017578,85.38672637939453,85.29206085205078
830,830,830,2022-05-20,80.7292709350586,84.76195526123047,87.30839538574219
831,831,831,2022-05-23,82.67933654785156,85.19740295410156,86.04937744140625
832,832,832,2022-05-24,84.01409912109375,85.94523620605469,85.97364044189453
833,833,833,2022-05-25,84.30756378173828,86.87294006347656,87.88584899902344
834,834,834,2022-05-26,84.97020721435547,80.22754669189453,87.17587280273438
835,835,835,2022-05-27,86.1819076538086,79.63117218017578,85.38672637939453
836,836,836,2022-05-31,85.25900268554688,80.7292709350586,84.76195526123047
837,837,837,2022-06-01,83.86038208007812,82.67933654785156,85.19740295410156
838,838,838,2022-06-02,83.7366943359375,84.01409912109375,85.94523620605469
839,839,839,2022-06-03,83.16582489013672,84.30756378173828,86.87294006347656
840,840,840,2022-06-06,83.232421875,84.97020721435547,80.22754669189453
841,841,841,2022-06-07,84.0887222290039,86.1819076538086,79.63117218017578
842,842,842,2022-06-08,83.0706787109375,85.25900268554688,80.7292709350586
843,843,843,2022-06-09,81.16777801513672,83.86038208007812,82.67933654785156
844,844,844,2022-06-10,80.05460357666016,83.7366943359375,84.01409912109375
845,845,845,2022-06-13,79.264892578125,83.16582489013672,84.30756378173828
846,846,846,2022-06-14,79.84527587890625,83.232421875,84.97020721435547
847,847,847,2022-06-15,80.02605438232422,84.0887222290039,86.1819076538086
848,848,848,2022-06-16,78.54180145263672,83.0706787109375,85.25900268554688
849,849,849,2022-06-17,79.03655242919922,81.16777801513672,83.86038208007812
850,850,850,2022-06-21,79.930908203125,80.05460357666016,83.7366943359375
851,851,851,2022-06-22,79.74061584472656,79.264892578125,83.16582489013672
852,852,852,2022-06-23,79.88333892822266,79.84527587890625,83.232421875
853,853,853,2022-06-24,81.63400268554688,80.02605438232422,84.0887222290039
854,854,854,2022-06-27,81.64350891113281,78.54180145263672,83.0706787109375
855,855,855,2022-06-28,81.46273040771484,79.03655242919922,81.16777801513672
856,856,856,2022-06-29,82.10971069335938,79.930908203125,80.05460357666016
857,857,857,2022-06-30,81.88136291503906,79.74061584472656,79.264892578125
858,858,858,2022-07-01,81.11070251464844,79.88333892822266,79.84527587890625
859,859,859,2022-07-05,81.62448120117188,81.63400268554688,80.02605438232422
860,860,860,2022-07-06,81.51982879638672,81.64350891113281,78.54180145263672
861,861,861,2022-07-07,81.89088439941406,81.46273040771484,79.03655242919922
862,862,862,2022-07-08,80.02605438232422,82.10971069335938,79.930908203125
863,863,863,2022-07-11,77.83773040771484,81.88136291503906,79.74061584472656
864,864,864,2022-07-12,78.70355224609375,81.11070251464844,79.88333892822266
865,865,865,2022-07-13,78.99848937988281,81.62448120117188,81.63400268554688
866,866,866,2022-07-14,77.5808334350586,81.51982879638672,81.64350891113281
867,867,867,2022-07-15,77.95189666748047,81.89088439941406,81.46273040771484
868,868,868,2022-07-18,77.90432739257812,80.02605438232422,82.10971069335938
869,869,869,2022-07-19,79.44567108154297,77.83773040771484,81.88136291503906
870,870,870,2022-07-20,78.35150909423828,78.70355224609375,81.11070251464844
871,871,871,2022-07-21,78.22782897949219,78.99848937988281,81.62448120117188
872,872,872,2022-07-22,78.09461212158203,77.5808334350586,81.51982879638672
873,873,873,2022-07-25,79.62644958496094,77.95189666748047,81.89088439941406
874,874,874,2022-07-26,80.12118530273438,77.90432739257812,80.02605438232422
875,875,875,2022-07-27,81.51982879638672,79.44567108154297,77.83773040771484
876,876,876,2022-07-28,82.96601104736328,78.35150909423828,78.70355224609375
877,877,877,2022-07-29,83.7366943359375,78.22782897949219,78.99848937988281
878,878,878,2022-08-01,83.888916015625,78.09461212158203,77.5808334350586
879,879,879,2022-08-02,83.26097869873047,79.62644958496094,77.95189666748047
880,880,880,2022-08-03,83.30854034423828,80.12118530273438,77.90432739257812
881,881,881,2022-08-04,82.36661529541016,81.51982879638672,79.44567108154297
882,882,882,2022-08-05,83.20387268066406,82.96601104736328,78.35150909423828
883,883,883,2022-08-08,76.21076202392578,83.7366943359375,78.22782897949219
884,884,884,2022-08-09,76.03948974609375,83.888916015625,78.09461212158203
885,885,885,2022-08-10,75.50668334960938,83.26097869873047,79.62644958496094
886,886,886,2022-08-11,76.77210998535156,83.30854034423828,80.12118530273438
887,887,887,2022-08-12,77.8187026977539,82.36661529541016,81.51982879638672
888,888,888,2022-08-15,78.06607818603516,83.20387268066406,82.96601104736328
889,889,889,2022-08-16,78.1041259765625,76.21076202392578,83.7366943359375
890,890,890,2022-08-17,77.15269470214844,76.03948974609375,83.888916015625
891,891,891,2022-08-18,77.8091812133789,75.50668334960938,83.26097869873047
892,892,892,2022-08-19,77.78064727783203,76.77210998535156,83.30854034423828
893,893,893,2022-08-22,76.54376220703125,77.8187026977539,82.36661529541016
894,894,894,2022-08-23,75.95386505126953,78.06607818603516,83.20387268066406
895,895,895,2022-08-24,75.66842651367188,78.1041259765625,76.21076202392578
896,896,896,2022-08-25,76.15367126464844,77.15269470214844,76.03948974609375
897,897,897,2022-08-26,74.50767517089844,77.8091812133789,75.50668334960938
898,898,898,2022-08-29,73.88924407958984,77.78064727783203,76.77210998535156
899,899,899,2022-08-30,73.01390838623047,76.54376220703125,77.8187026977539
900,900,900,2022-08-31,72.1524429321289,75.95386505126953,78.06607818603516
901,901,901,2022-09-01,71.61640930175781,75.66842651367188,78.1041259765625
902,902,902,2022-09-02,71.42498016357422,76.15367126464844,77.15269470214844
903,903,903,2022-09-06,69.93177795410156,74.50767517089844,77.8091812133789
904,904,904,2022-09-07,70.71666717529297,73.88924407958984,77.78064727783203
905,905,905,2022-09-08,70.77410888671875,73.01390838623047,76.54376220703125
906,906,906,2022-09-09,72.33429718017578,72.1524429321289,75.95386505126953
907,907,907,2022-09-12,72.3247299194336,71.61640930175781,75.66842651367188
908,908,908,2022-09-13,70.09449768066406,71.42498016357422,76.15367126464844
909,909,909,2022-09-14,69.19474029541016,69.93177795410156,74.50767517089844
910,910,910,2022-09-15,69.01287078857422,70.71666717529297,73.88924407958984
911,911,911,2022-09-16,68.9267349243164,70.77410888671875,73.01390838623047
912,912,912,2022-09-19,69.33832550048828,72.33429718017578,72.1524429321289
913,913,913,2022-09-20,68.75444030761719,72.3247299194336,71.61640930175781
914,914,914,2022-09-21,68.26627349853516,70.09449768066406,71.42498016357422
915,915,915,2022-09-22,67.96954345703125,69.19474029541016,69.93177795410156
916,916,916,2022-09-23,66.94536590576172,69.01287078857422,70.71666717529297
917,917,917,2022-09-26,65.99774932861328,68.9267349243164,70.77410888671875
918,918,918,2022-09-27,65.62445068359375,69.33832550048828,72.33429718017578
919,919,919,2022-09-28,65.65316772460938,68.75444030761719,72.3247299194336
920,920,920,2022-09-29,63.98766326904297,68.26627349853516,70.09449768066406
921,921,921,2022-09-30,63.1070556640625,67.96954345703125,69.19474029541016
922,922,922,2022-10-03,63.86323928833008,66.94536590576172,69.01287078857422
923,923,923,2022-10-04,64.57154083251953,65.99774932861328,68.9267349243164
924,924,924,2022-10-05,63.78666305541992,65.62445068359375,69.33832550048828
925,925,925,2022-10-06,62.7146110534668,65.65316772460938,68.75444030761719
926,926,926,2022-10-07,61.1544075012207,63.98766326904297,68.26627349853516
927,927,927,2022-10-10,61.355411529541016,63.1070556640625,67.96954345703125
928,928,928,2022-10-11,61.21183395385742,63.86323928833008,66.94536590576172
929,929,929,2022-10-12,61.04911804199219,64.57154083251953,65.99774932861328
930,930,930,2022-10-13,62.64761352539063,63.78666305541992,65.62445068359375
931,931,931,2022-10-14,62.06372833251953,62.7146110534668,65.65316772460938
932,932,932,2022-10-17,62.9921989440918,61.1544075012207,63.98766326904297
933,933,933,2022-10-18,62.88690185546875,61.355411529541016,63.1070556640625
934,934,934,2022-10-19,62.23601913452149,61.21183395385742,63.86323928833008
935,935,935,2022-10-20,61.8340072631836,61.04911804199219,64.57154083251953
936,936,936,2022-10-21,62.33174514770508,62.64761352539063,63.78666305541992
937,937,937,2022-10-24,62.33174514770508,62.06372833251953,62.7146110534668
938,938,938,2022-10-25,64.15996551513672,62.9921989440918,61.1544075012207
939,939,939,2022-10-26,64.91612243652344,62.88690185546875,61.355411529541016
940,940,940,2022-10-27,64.50454711914062,62.23601913452149,61.21183395385742
941,941,941,2022-10-28,65.7010269165039,61.8340072631836,61.04911804199219
942,942,942,2022-10-31,65.42344665527344,62.33174514770508,62.64761352539063
943,943,943,2022-11-01,65.08843231201172,62.33174514770508,62.06372833251953
944,944,944,2022-11-02,64.55241394042969,64.15996551513672,62.9921989440918
945,945,945,2022-11-03,63.710086822509766,64.91612243652344,62.88690185546875
946,946,946,2022-11-04,64.41840362548828,64.50454711914062,62.23601913452149
947,947,947,2022-11-07,64.38011932373047,65.7010269165039,61.8340072631836
948,948,948,2022-11-08,64.83000183105469,65.42344665527344,62.33174514770508
949,949,949,2022-11-09,61.36498641967773,65.08843231201172,62.33174514770508
950,950,950,2022-11-10,63.61436462402344,64.55241394042969,64.15996551513672
951,951,951,2022-11-11,64.5237045288086,63.710086822509766,64.91612243652344
952,952,952,2022-11-14,62.05415725708008,64.41840362548828,64.50454711914062
953,953,953,2022-11-15,61.58513259887695,64.38011932373047,65.7010269165039
954,954,954,2022-11-16,61.76700210571289,64.83000183105469,65.42344665527344
955,955,955,2022-11-17,62.59018707275391,61.36498641967773,65.08843231201172
956,956,956,2022-11-18,62.7146110534668,63.61436462402344,64.55241394042969
957,957,957,2022-11-21,63.89195251464844,64.5237045288086,63.710086822509766
958,958,958,2022-11-22,64.43753814697266,62.05415725708008,64.41840362548828
959,959,959,2022-11-23,64.26525115966797,61.58513259887695,64.38011932373047
960,960,960,2022-11-25,64.4471206665039,61.76700210571289,64.83000183105469
961,961,961,2022-11-28,62.72418975830078,62.59018707275391,61.36498641967773
962,962,962,2022-11-29,63.60479736328125,62.7146110534668,63.61436462402344
963,963,963,2022-11-30,63.90368270874024,63.89195251464844,64.5237045288086
964,964,964,2022-12-01,63.13236999511719,64.43753814697266,62.05415725708008
965,965,965,2022-12-02,63.65299224853516,64.26525115966797,61.58513259887695
966,966,966,2022-12-05,62.44781112670898,64.4471206665039,61.76700210571289
967,967,967,2022-12-06,61.85005187988281,62.72418975830078,62.59018707275391
968,968,968,2022-12-07,61.45475006103516,63.60479736328125,62.7146110534668
969,969,969,2022-12-08,61.5704460144043,63.90368270874024,63.89195251464844
970,970,970,2022-12-09,61.46438980102539,63.13236999511719,64.43753814697266
971,971,971,2022-12-12,62.21642303466797,63.65299224853516,64.26525115966797
972,972,972,2022-12-13,62.26463317871094,62.44781112670898,64.4471206665039
973,973,973,2022-12-14,62.042877197265625,61.85005187988281,62.72418975830078
974,974,974,2022-12-15,60.326698303222656,61.45475006103516,63.60479736328125
975,975,975,2022-12-16,59.62286376953125,61.5704460144043,63.90368270874024
976,976,976,2022-12-19,58.62980270385742,61.46438980102539,63.13236999511719
977,977,977,2022-12-20,59.17936325073242,62.21642303466797,63.65299224853516
978,978,978,2022-12-21,58.58158874511719,62.26463317871094,62.44781112670898
979,979,979,2022-12-22,58.6972885131836,62.042877197265625,61.85005187988281
980,980,980,2022-12-23,59.15043640136719,60.326698303222656,61.45475006103516
981,981,981,2022-12-27,59.47824478149414,59.62286376953125,61.5704460144043
982,982,982,2022-12-28,58.99617004394531,58.62980270385742,61.46438980102539
983,983,983,2022-12-29,59.57465744018555,59.17936325073242,62.21642303466797
984,984,984,2022-12-30,60.01816940307617,58.58158874511719,62.26463317871094
985,985,985,2023-01-03,61.319766998291016,58.6972885131836,62.042877197265625
986,986,986,2023-01-04,62.1971435546875,59.15043640136719,60.326698303222656
987,987,987,2023-01-05,62.052520751953125,59.47824478149414,59.62286376953125
988,988,988,2023-01-06,63.701210021972656,58.99617004394531,58.62980270385742
989,989,989,2023-01-09,63.35411834716797,59.57465744018555,59.17936325073242
990,990,990,2023-01-10,63.22878646850586,60.01816940307617,58.58158874511719
991,991,991,2023-01-11,63.45053482055664,61.319766998291016,58.6972885131836
992,992,992,2023-01-12,62.50566482543945,62.1971435546875,59.15043640136719
993,993,993,2023-01-13,62.65029144287109,62.052520751953125,59.47824478149414
994,994,994,2023-01-17,63.01666641235352,63.701210021972656,58.99617004394531
995,995,995,2023-01-18,61.58008575439453,63.35411834716797,59.57465744018555
996,996,996,2023-01-19,61.21371078491211,63.22878646850586,60.01816940307617
997,997,997,2023-01-20,62.38032531738281,63.45053482055664,61.319766998291016
998,998,998,2023-01-23,63.7783432006836,62.50566482543945,62.1971435546875
999,999,999,2023-01-24,62.90096664428711,62.65029144287109,62.052520751953125
1000,1000,1000,2023-01-25,63.45053482055664,63.01666641235352,63.701210021972656
1001,1001,1001,2023-01-26,63.141998291015625,61.58008575439453,63.35411834716797
1002,1002,1002,2023-01-27,63.36376190185547,61.21371078491211,63.22878646850586
1003,1003,1003,2023-01-30,61.80183792114258,62.38032531738281,63.45053482055664
1004,1004,1004,2023-01-31,63.39268493652344,63.7783432006836,62.50566482543945
1005,1005,1005,2023-02-01,62.79490661621094,62.90096664428711,62.65029144287109
1006,1006,1006,2023-02-02,62.79490661621094,63.45053482055664,63.01666641235352
1007,1007,1007,2023-02-03,61.73434829711914,63.141998291015625,61.58008575439453
1008,1008,1008,2023-02-06,58.89011764526367,63.36376190185547,61.21371078491211
1009,1009,1009,2023-02-07,59.208282470703125,61.80183792114258,62.38032531738281
1010,1010,1010,2023-02-08,57.829551696777344,63.39268493652344,63.7783432006836
1011,1011,1011,2023-02-09,58.46588897705078,62.79490661621094,62.90096664428711
1012,1012,1012,2023-02-10,58.224853515625,62.79490661621094,63.45053482055664
1013,1013,1013,2023-02-13,58.7744140625,61.73434829711914,63.141998291015625
1014,1014,1014,2023-02-14,58.70692825317383,58.89011764526367,63.36376190185547
1015,1015,1015,2023-02-15,59.05401992797852,59.208282470703125,61.80183792114258
1016,1016,1016,2023-02-16,58.51409530639648,57.829551696777344,63.39268493652344
1017,1017,1017,2023-02-17,59.169715881347656,58.46588897705078,62.79490661621094
1018,1018,1018,2023-02-21,58.54302215576172,58.224853515625,62.79490661621094
1019,1019,1019,2023-02-22,59.526458740234375,58.7744140625,61.73434829711914
1020,1020,1020,2023-02-23,60.12422943115234,58.70692825317383,58.89011764526367
1021,1021,1021,2023-02-24,59.03473663330078,59.05401992797852,59.208282470703125
1022,1022,1022,2023-02-27,58.244136810302734,58.51409530639648,57.829551696777344
1023,1023,1023,2023-02-28,57.57355117797852,59.169715881347656,58.46588897705078
1024,1024,1024,2023-03-01,57.62214279174805,58.54302215576172,58.224853515625
1025,1025,1025,2023-03-02,57.39861297607422,59.526458740234375,58.7744140625
1026,1026,1026,2023-03-03,57.56382751464844,60.12422943115234,58.70692825317383
1027,1027,1027,2023-03-06,57.09733200073242,59.03473663330078,59.05401992797852
1028,1028,1028,2023-03-07,56.72801971435547,58.244136810302734,58.51409530639648
1029,1029,1029,2023-03-08,56.86408233642578,57.57355117797852,59.169715881347656
1030,1030,1030,2023-03-09,56.01855850219727,57.62214279174805,58.54302215576172
1031,1031,1031,2023-03-10,55.37712478637695,57.39861297607422,59.526458740234375
1032,1032,1032,2023-03-13,55.60065460205078,57.56382751464844,60.12422943115234
1033,1033,1033,2023-03-14,55.6881217956543,57.09733200073242,59.03473663330078
1034,1034,1034,2023-03-15,56.504493713378906,56.72801971435547,58.244136810302734
1035,1035,1035,2023-03-16,56.883522033691406,56.86408233642578,57.57355117797852
1036,1036,1036,2023-03-17,56.89324188232422,56.01855850219727,57.62214279174805
1037,1037,1037,2023-03-20,56.922393798828125,55.37712478637695,57.39861297607422
1038,1038,1038,2023-03-21,56.59196090698242,55.60065460205078,57.56382751464844
1039,1039,1039,2023-03-22,55.59093475341797,55.6881217956543,57.09733200073242
1040,1040,1040,2023-03-23,54.50244140625,56.504493713378906,56.72801971435547
1041,1041,1041,2023-03-24,55.454872131347656,56.883522033691406,56.86408233642578
1042,1042,1042,2023-03-27,56.35871505737305,56.89324188232422,56.01855850219727
1043,1043,1043,2023-03-28,56.22264862060547,56.922393798828125,55.37712478637695
1044,1044,1044,2023-03-29,56.61139678955078,56.59196090698242,55.60065460205078
1045,1045,1045,2023-03-30,56.67942810058594,55.59093475341797,55.6881217956543
1046,1046,1046,2023-03-31,57.65129852294922,54.50244140625,56.504493713378906
1047,1047,1047,2023-04-03,57.73876190185547,55.454872131347656,56.883522033691406
1048,1048,1048,2023-04-04,58.00117111206055,56.35871505737305,56.89324188232422
1049,1049,1049,2023-04-05,58.27329254150391,56.22264862060547,56.922393798828125
1050,1050,1050,2023-04-06,57.93313980102539,56.61139678955078,56.59196090698242
1051,1051,1051,2023-04-10,59.3326301574707,56.67942810058594,55.59093475341797
1052,1052,1052,2023-04-11,60.304500579833984,57.65129852294922,54.50244140625
1053,1053,1053,2023-04-12,59.84772491455078,57.73876190185547,55.454872131347656
1054,1054,1054,2023-04-13,59.954627990722656,58.00117111206055,56.35871505737305
1055,1055,1055,2023-04-14,59.10910034179688,58.27329254150391,56.22264862060547
1056,1056,1056,2023-04-17,59.7116584777832,57.93313980102539,56.61139678955078
1057,1057,1057,2023-04-18,59.15769577026367,59.3326301574707,56.67942810058594
1058,1058,1058,2023-04-19,59.8865966796875,60.304500579833984,57.65129852294922
1059,1059,1059,2023-04-20,59.147979736328125,59.84772491455078,57.73876190185547
1060,1060,1060,2023-04-21,59.28403854370117,59.954627990722656,58.00117111206055
1061,1061,1061,2023-04-24,59.196571350097656,59.10910034179688,58.27329254150391
1062,1062,1062,2023-04-25,59.28403854370117,59.7116584777832,57.93313980102539
1063,1063,1063,2023-04-26,58.652320861816406,59.15769577026367,59.3326301574707
1064,1064,1064,2023-04-27,59.5561637878418,59.8865966796875,60.304500579833984
1065,1065,1065,2023-04-28,60.73212432861328,59.147979736328125,59.84772491455078
1066,1066,1066,2023-05-01,60.57662582397461,59.28403854370117,59.954627990722656
1067,1067,1067,2023-05-02,59.22572326660156,59.196571350097656,59.10910034179688
1068,1068,1068,2023-05-03,58.85641860961914,59.28403854370117,59.7116584777832
1069,1069,1069,2023-05-04,58.43851089477539,58.652320861816406,59.15769577026367
1070,1070,1070,2023-05-05,58.982757568359375,59.5561637878418,59.8865966796875
1071,1071,1071,2023-05-08,49.30293655395508,60.73212432861328,59.147979736328125
1072,1072,1072,2023-05-09,47.4466667175293,60.57662582397461,59.28403854370117
1073,1073,1073,2023-05-10,45.94998550415039,59.22572326660156,59.196571350097656
1074,1074,1074,2023-05-11,47.95204162597656,58.85641860961914,59.28403854370117
1075,1075,1075,2023-05-12,47.49525833129883,58.43851089477539,58.652320861816406
1076,1076,1076,2023-05-15,48.0783805847168,58.982757568359375,59.5561637878418
1077,1077,1077,2023-05-16,47.81597900390625,49.30293655395508,60.73212432861328
1078,1078,1078,2023-05-17,48.71009826660156,47.4466667175293,60.57662582397461
1079,1079,1079,2023-05-18,48.5643196105957,45.94998550415039,59.22572326660156
1080,1080,1080,2023-05-19,48.55459976196289,47.95204162597656,58.85641860961914
1081,1081,1081,2023-05-22,48.700382232666016,47.49525833129883,58.43851089477539
1082,1082,1082,2023-05-23,50.216495513916016,48.0783805847168,58.982757568359375
1083,1083,1083,2023-05-24,50.31368637084961,47.81597900390625,49.30293655395508
1084,1084,1084,2023-05-25,50.30396270751953,48.71009826660156,47.4466667175293
1085,1085,1085,2023-05-26,50.54692840576172,48.5643196105957,45.94998550415039
1086,1086,1086,2023-05-30,50.90652847290039,48.55459976196289,47.95204162597656
1087,1087,1087,2023-05-31,49.6706428527832,48.700382232666016,47.49525833129883
1088,1088,1088,2023-06-01,49.64121627807617,50.216495513916016,48.0783805847168
1089,1089,1089,2023-06-02,50.35724639892578,50.31368637084961,47.81597900390625
1090,1090,1090,2023-06-05,49.54312896728516,50.30396270751953,48.71009826660156
1091,1091,1091,2023-06-06,49.47447204589844,50.54692840576172,48.5643196105957
1092,1092,1092,2023-06-07,50.347434997558594,50.90652847290039,48.55459976196289
1093,1093,1093,2023-06-08,49.88643264770508,49.6706428527832,48.700382232666016
1094,1094,1094,2023-06-09,49.40580749511719,49.64121627807617,50.216495513916016
1095,1095,1095,2023-06-12,49.68045425415039,50.35724639892578,50.31368637084961
1096,1096,1096,2023-06-13,49.29791641235352,49.54312896728516,50.30396270751953
1097,1097,1097,2023-06-14,48.8074836730957,49.47447204589844,50.54692840576172
1098,1098,1098,2023-06-15,49.24887466430664,50.347434997558594,50.90652847290039
1099,1099,1099,2023-06-16,49.4254264831543,49.88643264770508,49.6706428527832
1100,1100,1100,2023-06-20,48.87614822387695,49.40580749511719,49.64121627807617
1101,1101,1101,2023-06-21,49.50389862060547,49.68045425415039,50.35724639892578
1102,1102,1102,2023-06-22,49.44504165649414,49.29791641235352,49.54312896728516
1103,1103,1103,2023-06-23,48.552467346191406,48.8074836730957,49.47447204589844
1104,1104,1104,2023-06-26,49.26848983764648,49.24887466430664,50.347434997558594
1105,1105,1105,2023-06-27,49.00365829467773,49.4254264831543,49.88643264770508
1106,1106,1106,2023-06-28,48.87614822387695,48.87614822387695,49.40580749511719
1107,1107,1107,2023-06-29,49.71968460083008,49.50389862060547,49.68045425415039
1108,1108,1108,2023-06-30,50.06298828125,49.44504165649414,49.29791641235352
1109,1109,1109,2023-07-03,50.81824493408203,48.552467346191406,48.8074836730957
1110,1110,1110,2023-07-05,50.88690948486328,49.26848983764648,49.24887466430664
1111,1111,1111,2023-07-06,51.10269165039063,49.00365829467773,49.4254264831543
1112,1112,1112,2023-07-07,50.76920318603516,48.87614822387695,48.87614822387695
1113,1113,1113,2023-07-10,49.92566680908203,49.71968460083008,49.50389862060547
1114,1114,1114,2023-07-11,50.68092346191406,50.06298828125,49.44504165649414
1115,1115,1115,2023-07-12,51.1811637878418,50.81824493408203,48.552467346191406
1116,1116,1116,2023-07-13,51.95603942871094,50.88690948486328,49.26848983764648
1117,1117,1117,2023-07-14,51.32829284667969,51.10269165039063,49.00365829467773
1118,1118,1118,2023-07-17,50.88690948486328,50.76920318603516,48.87614822387695
1119,1119,1119,2023-07-18,50.504371643066406,49.92566680908203,49.71968460083008
1120,1120,1120,2023-07-19,51.26944351196289,50.68092346191406,50.06298828125
1121,1121,1121,2023-07-20,51.49503707885742,51.1811637878418,50.81824493408203
1122,1122,1122,2023-07-21,51.651973724365234,51.95603942871094,50.88690948486328
1123,1123,1123,2023-07-24,52.44646835327149,51.32829284667969,51.10269165039063
1124,1124,1124,2023-07-25,53.19192123413086,50.88690948486328,50.76920318603516
1125,1125,1125,2023-07-26,53.986419677734375,50.504371643066406,49.92566680908203
1126,1126,1126,2023-07-27,54.34933471679688,51.26944351196289,50.68092346191406
1127,1127,1127,2023-07-28,55.27133941650391,51.49503707885742,51.1811637878418
1128,1128,1128,2023-07-31,54.65340042114258,51.651973724365234,51.95603942871094
1129,1129,1129,2023-08-01,54.26105499267578,52.44646835327149,51.32829284667969
1130,1130,1130,2023-08-02,54.34933471679688,53.19192123413086,50.88690948486328
1131,1131,1131,2023-08-03,55.19287490844727,53.986419677734375,50.504371643066406
1132,1132,1132,2023-08-04,55.37923431396485,54.34933471679688,51.26944351196289
1133,1133,1133,2023-08-07,53.26057815551758,55.27133941650391,51.49503707885742
1134,1134,1134,2023-08-08,53.9962272644043,54.65340042114258,51.651973724365234
1135,1135,1135,2023-08-09,52.789772033691406,54.26105499267578,52.44646835327149
1136,1136,1136,2023-08-10,52.72111129760742,54.34933471679688,53.19192123413086
1137,1137,1137,2023-08-11,54.18259048461914,55.19287490844727,53.986419677734375
1138,1138,1138,2023-08-14,53.36847686767578,55.37923431396485,54.34933471679688
1139,1139,1139,2023-08-15,52.70149230957031,53.26057815551758,55.27133941650391
1140,1140,1140,2023-08-16,52.377811431884766,53.9962272644043,54.65340042114258
1141,1141,1141,2023-08-17,53.06441116333008,52.789772033691406,54.26105499267578
1142,1142,1142,2023-08-18,53.584266662597656,52.72111129760742,54.34933471679688
1143,1143,1143,2023-08-21,53.76081848144531,54.18259048461914,55.19287490844727
1144,1144,1144,2023-08-22,53.00556182861328,53.36847686767578,55.37923431396485
1145,1145,1145,2023-08-23,52.44646835327149,52.70149230957031,53.26057815551758
1146,1146,1146,2023-08-24,53.142879486083984,52.377811431884766,53.9962272644043
1147,1147,1147,2023-08-25,52.97613143920898,53.06441116333008,52.789772033691406
1148,1148,1148,2023-08-28,53.25077438354492,53.584266662597656,52.72111129760742
1149,1149,1149,2023-08-29,53.623497009277344,53.76081848144531,54.18259048461914
1150,1150,1150,2023-08-30,53.32923889160156,53.00556182861328,53.36847686767578
1151,1151,1151,2023-08-31,52.71569442749024,52.44646835327149,52.70149230957031
1152,1152,1152,2023-09-01,52.04277038574219,53.142879486083984,52.377811431884766
1153,1153,1153,2023-09-05,51.60734939575195,52.97613143920898,53.06441116333008
1154,1154,1154,2023-09-06,50.98390579223633,53.25077438354492,53.584266662597656
1155,1155,1155,2023-09-07,50.79588317871094,53.623497009277344,53.76081848144531
1156,1156,1156,2023-09-08,51.50838851928711,53.32923889160156,53.00556182861328
1157,1157,1157,2023-09-11,52.01308441162109,52.71569442749024,52.44646835327149
1158,1158,1158,2023-09-12,52.33964538574219,52.04277038574219,53.142879486083984
1159,1159,1159,2023-09-13,52.29016876220703,51.60734939575195,52.97613143920898
1160,1160,1160,2023-09-14,53.39851379394531,50.98390579223633,53.25077438354492
1161,1161,1161,2023-09-15,53.97248077392578,50.79588317871094,53.623497009277344
1162,1162,1162,2023-09-18,53.33913803100586,51.50838851928711,53.32923889160156
1163,1163,1163,2023-09-19,53.25997161865234,52.01308441162109,52.71569442749024
1164,1164,1164,2023-09-20,52.765174865722656,52.33964538574219,52.04277038574219
1165,1165,1165,2023-09-21,52.49798202514648,52.29016876220703,51.60734939575195
1166,1166,1166,2023-09-22,50.58806610107422,53.39851379394531,50.98390579223633
1167,1167,1167,2023-09-25,50.09326934814453,53.97248077392578,50.79588317871094
1168,1168,1168,2023-09-26,50.73650360107422,53.33913803100586,51.50838851928711
1169,1169,1169,2023-09-27,49.58857727050781,53.25997161865234,52.01308441162109
1170,1170,1170,2023-09-28,49.41044998168945,52.765174865722656,52.33964538574219
1171,1171,1171,2023-09-29,49.964622497558594,52.49798202514648,52.29016876220703
1172,1172,1172,2023-10-02,48.727630615234375,50.58806610107422,53.39851379394531
1173,1173,1173,2023-10-03,48.56929397583008,50.09326934814453,53.97248077392578
1174,1174,1174,2023-10-04,47.84688949584961,50.73650360107422,53.33913803100586
1175,1175,1175,2023-10-05,47.66876220703125,49.58857727050781,53.25997161865234
1176,1176,1176,2023-10-06,46.93646240234375,49.41044998168945,52.765174865722656
1177,1177,1177,2023-10-09,46.7286491394043,49.964622497558594,52.49798202514648
1178,1178,1178,2023-10-10,47.84688949584961,48.727630615234375,50.58806610107422
1179,1179,1179,2023-10-11,47.708343505859375,48.56929397583008,50.09326934814453
1180,1180,1180,2023-10-12,46.61979293823242,47.84688949584961,50.73650360107422
1181,1181,1181,2023-10-13,46.03593063354492,47.66876220703125,49.58857727050781
1182,1182,1182,2023-10-16,46.8770866394043,46.93646240234375,49.41044998168945
1183,1183,1183,2023-10-17,46.70885467529297,46.7286491394043,49.964622497558594
1184,1184,1184,2023-10-18,46.44166564941406,47.84688949584961,48.727630615234375
1185,1185,1185,2023-10-19,46.105201721191406,47.708343505859375,48.56929397583008
1186,1186,1186,2023-10-20,45.808326721191406,46.61979293823242,47.84688949584961
1187,1187,1187,2023-10-23,44.69997787475586,46.03593063354492,47.66876220703125
1188,1188,1188,2023-10-24,44.996856689453125,46.8770866394043,46.93646240234375
1189,1189,1189,2023-10-25,44.89789581298828,46.70885467529297,46.7286491394043
1190,1190,1190,2023-10-26,45.44217300415039,46.44166564941406,47.84688949584961
1191,1191,1191,2023-10-27,45.145294189453125,46.105201721191406,47.708343505859375
1192,1192,1192,2023-10-30,45.78853225708008,45.808326721191406,46.61979293823242
1193,1193,1193,2023-10-31,45.8676986694336,44.69997787475586,46.03593063354492
1194,1194,1194,2023-11-01,45.986454010009766,44.996856689453125,46.8770866394043
1195,1195,1195,2023-11-02,47.06510925292969,44.89789581298828,46.70885467529297
1196,1196,1196,2023-11-03,46.5703125,45.44217300415039,46.44166564941406
1197,1197,1197,2023-11-06,46.09531021118164,45.145294189453125,46.105201721191406
1198,1198,1198,2023-11-07,46.23385238647461,45.78853225708008,45.808326721191406
1199,1199,1199,2023-11-08,45.85780334472656,45.8676986694336,44.69997787475586
1200,1200,1200,2023-11-09,45.91718292236328,45.986454010009766,44.996856689453125
1201,1201,1201,2023-11-10,46.461456298828125,47.06510925292969,44.89789581298828
1202,1202,1202,2023-11-13,45.145294189453125,46.5703125,45.44217300415039
1203,1203,1203,2023-11-14,47.24323654174805,46.09531021118164,45.145294189453125
1204,1204,1204,2023-11-15,47.80730819702149,46.23385238647461,45.78853225708008
1205,1205,1205,2023-11-16,47.82709884643555,45.85780334472656,45.8676986694336
1206,1206,1206,2023-11-17,48.23283386230469,45.91718292236328,45.986454010009766
1207,1207,1207,2023-11-20,47.90626525878906,46.461456298828125,47.06510925292969
1208,1208,1208,2023-11-21,47.48073959350586,45.145294189453125,46.5703125
1209,1209,1209,2023-11-22,47.51042556762695,47.24323654174805,46.09531021118164
1210,1210,1210,2023-11-24,47.79740905761719,47.80730819702149,46.23385238647461
1211,1211,1211,2023-11-27,47.09479904174805,47.82709884643555,45.85780334472656
1212,1212,1212,2023-11-28,47.49063873291016,48.23283386230469,45.91718292236328
1213,1213,1213,2023-11-29,46.60000228881836,47.90626525878906,46.461456298828125
1214,1214,1214,2023-11-30,46.84000015258789,47.48073959350586,45.145294189453125
1215,1215,1215,2023-12-01,48.20000076293945,47.51042556762695,47.24323654174805
1216,1216,1216,2023-12-04,49.81999969482422,47.79740905761719,47.80730819702149
1217,1217,1217,2023-12-05,49.93999862670898,47.09479904174805,47.82709884643555
1218,1218,1218,2023-12-06,50.18999862670898,47.49063873291016,48.23283386230469
1219,1219,1219,2023-12-07,51.540000915527344,46.60000228881836,47.90626525878906
1220,1220,1220,2023-12-08,51.380001068115234,46.84000015258789,47.48073959350586
1221,1221,1221,2023-12-11,51.2400016784668,48.20000076293945,47.51042556762695
1222,1222,1222,2023-12-12,50.16999816894531,49.81999969482422,47.79740905761719
1223,1223,1223,2023-12-13,52.290000915527344,49.93999862670898,47.09479904174805
1224,1224,1224,2023-12-14,52.33000183105469,50.18999862670898,47.49063873291016
1225,1225,1225,2023-12-15,51.810001373291016,51.540000915527344,46.60000228881836
1226,1226,1226,2023-12-18,51.709999084472656,51.380001068115234,46.84000015258789
1227,1227,1227,2023-12-19,51.77000045776367,51.2400016784668,48.20000076293945
1228,1228,1228,2023-12-20,51.15999984741211,50.16999816894531,49.81999969482422
1229,1229,1229,2023-12-21,51.65999984741211,52.290000915527344,49.93999862670898
1230,1230,1230,2023-12-22,51.93999862670898,52.33000183105469,50.18999862670898
1231,1231,1231,2023-12-26,52.43000030517578,51.810001373291016,51.540000915527344
1232,1232,1232,2023-12-27,52.81999969482422,51.709999084472656,51.380001068115234
1233,1233,1233,2023-12-28,53.66999816894531,51.77000045776367,51.2400016784668
1234,1234,1234,2023-12-29,53.75,51.15999984741211,50.16999816894531
1235,1235,1235,2024-01-02,55.52999877929688,51.65999984741211,52.290000915527344
1236,1236,1236,2024-01-03,54.61000061035156,51.93999862670898,52.33000183105469
1237,1237,1237,2024-01-04,54.15999984741211,52.43000030517578,51.810001373291016
1238,1238,1238,2024-01-05,54.91999816894531,52.81999969482422,51.709999084472656
1239,1239,1239,2024-01-08,54.900001525878906,53.66999816894531,51.77000045776367
1240,1240,1240,2024-01-09,55.33000183105469,53.75,51.15999984741211
1241,1241,1241,2024-01-10,54.5,55.52999877929688,51.65999984741211
1242,1242,1242,2024-01-11,54.27999877929688,54.61000061035156,51.93999862670898
1243,1243,1243,2024-01-12,54.869998931884766,54.15999984741211,52.43000030517578
1244,1244,1244,2024-01-16,54.630001068115234,54.91999816894531,52.81999969482422
1245,1245,1245,2024-01-17,54.310001373291016,54.900001525878906,53.66999816894531
1246,1246,1246,2024-01-18,53.56999969482422,55.33000183105469,53.75
1247,1247,1247,2024-01-19,53.09999847412109,54.5,55.52999877929688
1248,1248,1248,2024-01-22,52.54999923706055,54.27999877929688,54.61000061035156
1249,1249,1249,2024-01-23,53.36000061035156,54.869998931884766,54.15999984741211
1250,1250,1250,2024-01-24,53.18000030517578,54.630001068115234,54.91999816894531
1251,1251,1251,2024-01-25,54.040000915527344,54.310001373291016,54.900001525878906
1252,1252,1252,2024-01-26,54.9900016784668,53.56999969482422,55.33000183105469
1253,1253,1253,2024-01-29,54.65999984741211,53.09999847412109,54.5
1254,1254,1254,2024-01-30,55.060001373291016,52.54999923706055,54.27999877929688
1255,1255,1255,2024-01-31,54.7599983215332,53.36000061035156,54.869998931884766
1256,1256,1256,2024-02-01,56.630001068115234,53.18000030517578,54.630001068115234
1257,1257,1257,2024-02-02,56.36000061035156,54.040000915527344,54.310001373291016
1258,1258,1258,2024-02-05,58.8650016784668,54.9900016784668,53.56999969482422
