,Date,TXN
0,2019-02-04 00:00:00-05:00,88.59611511230469
1,2019-02-05 00:00:00-05:00,89.04866790771484
2,2019-02-06 00:00:00-05:00,92.66911315917969
3,2019-02-07 00:00:00-05:00,90.38892364501953
4,2019-02-08 00:00:00-05:00,90.98941802978516
5,2019-02-11 00:00:00-05:00,91.17218017578125
6,2019-02-12 00:00:00-05:00,92.63428497314453
7,2019-02-13 00:00:00-05:00,93.252197265625
8,2019-02-14 00:00:00-05:00,93.09555053710938
9,2019-02-15 00:00:00-05:00,93.61773681640625
10,2019-02-19 00:00:00-05:00,93.36531829833984
11,2019-02-20 00:00:00-05:00,93.93972778320312
12,2019-02-21 00:00:00-05:00,92.808349609375
13,2019-02-22 00:00:00-05:00,93.39143371582031
14,2019-02-25 00:00:00-05:00,94.15731048583984
15,2019-02-26 00:00:00-05:00,93.35662841796875
16,2019-02-27 00:00:00-05:00,91.99897003173828
17,2019-02-28 00:00:00-05:00,92.05989074707031
18,2019-03-01 00:00:00-05:00,92.91278076171875
19,2019-03-04 00:00:00-05:00,93.46975708007812
20,2019-03-05 00:00:00-05:00,92.74742889404297
21,2019-03-06 00:00:00-05:00,91.74657440185547
22,2019-03-07 00:00:00-05:00,91.33756256103516
23,2019-03-08 00:00:00-05:00,91.25921630859375
24,2019-03-11 00:00:00-04:00,92.64299011230469
25,2019-03-12 00:00:00-04:00,92.70390319824219
26,2019-03-13 00:00:00-04:00,93.62643432617188
27,2019-03-14 00:00:00-04:00,93.20867156982422
28,2019-03-15 00:00:00-04:00,96.37655639648438
29,2019-03-18 00:00:00-04:00,95.56716918945312
30,2019-03-19 00:00:00-04:00,95.74994659423828
31,2019-03-20 00:00:00-04:00,95.41053771972656
32,2019-03-21 00:00:00-04:00,97.66459655761719
33,2019-03-22 00:00:00-04:00,95.45404052734375
34,2019-03-25 00:00:00-04:00,93.21741485595703
35,2019-03-26 00:00:00-04:00,94.27913665771484
36,2019-03-27 00:00:00-04:00,92.22525024414062
37,2019-03-28 00:00:00-04:00,91.302734375
38,2019-03-29 00:00:00-04:00,92.31227111816406
39,2019-04-01 00:00:00-04:00,94.5489501953125
40,2019-04-02 00:00:00-04:00,95.9762191772461
41,2019-04-03 00:00:00-04:00,98.12584686279297
42,2019-04-04 00:00:00-04:00,98.55229187011719
43,2019-04-05 00:00:00-04:00,98.8917007446289
44,2019-04-08 00:00:00-04:00,100.2754898071289
45,2019-04-09 00:00:00-04:00,99.16151428222656
46,2019-04-10 00:00:00-04:00,100.014404296875
47,2019-04-11 00:00:00-04:00,99.97958374023438
48,2019-04-12 00:00:00-04:00,101.6157455444336
49,2019-04-15 00:00:00-04:00,100.162353515625
50,2019-04-16 00:00:00-04:00,101.27632904052734
51,2019-04-17 00:00:00-04:00,100.60618591308594
52,2019-04-18 00:00:00-04:00,100.52787017822266
53,2019-04-22 00:00:00-04:00,100.04051208496094
54,2019-04-23 00:00:00-04:00,101.28501892089844
55,2019-04-24 00:00:00-04:00,103.06913757324219
56,2019-04-25 00:00:00-04:00,101.9725570678711
57,2019-04-26 00:00:00-04:00,102.00736236572266
58,2019-04-29 00:00:00-04:00,101.56352996826172
59,2019-04-30 00:00:00-04:00,102.54695129394531
60,2019-05-01 00:00:00-04:00,101.2066879272461
61,2019-05-02 00:00:00-04:00,102.22494506835938
62,2019-05-03 00:00:00-04:00,102.90826416015625
63,2019-05-06 00:00:00-04:00,101.4978256225586
64,2019-05-07 00:00:00-04:00,99.80708312988281
65,2019-05-08 00:00:00-04:00,98.60689544677734
66,2019-05-09 00:00:00-04:00,98.24773406982422
67,2019-05-10 00:00:00-04:00,98.64193725585938
68,2019-05-13 00:00:00-04:00,93.83252716064453
69,2019-05-14 00:00:00-04:00,95.52326965332031
70,2019-05-15 00:00:00-04:00,96.61830139160156
71,2019-05-16 00:00:00-04:00,95.67218017578125
72,2019-05-17 00:00:00-04:00,93.55215454101562
73,2019-05-20 00:00:00-04:00,91.74752807617188
74,2019-05-21 00:00:00-04:00,93.73614501953125
75,2019-05-22 00:00:00-04:00,93.54339599609375
76,2019-05-23 00:00:00-04:00,92.71117401123047
77,2019-05-24 00:00:00-04:00,92.03662109375
78,2019-05-28 00:00:00-04:00,90.41596221923828
79,2019-05-29 00:00:00-04:00,91.23942565917969
80,2019-05-30 00:00:00-04:00,92.36949157714844
81,2019-05-31 00:00:00-04:00,91.37957763671875
82,2019-06-03 00:00:00-04:00,92.13298797607422
83,2019-06-04 00:00:00-04:00,95.59334564208984
84,2019-06-05 00:00:00-04:00,95.90870666503906
85,2019-06-06 00:00:00-04:00,96.53070831298828
86,2019-06-07 00:00:00-04:00,97.38921356201172
87,2019-06-10 00:00:00-04:00,98.66822814941406
88,2019-06-11 00:00:00-04:00,98.9310302734375
89,2019-06-12 00:00:00-04:00,96.6620864868164
90,2019-06-13 00:00:00-04:00,97.3979721069336
91,2019-06-14 00:00:00-04:00,94.00770568847656
92,2019-06-17 00:00:00-04:00,93.4908447265625
93,2019-06-18 00:00:00-04:00,97.27532196044922
94,2019-06-19 00:00:00-04:00,97.50311279296875
95,2019-06-20 00:00:00-04:00,98.73831939697266
96,2019-06-21 00:00:00-04:00,98.39665985107422
97,2019-06-24 00:00:00-04:00,98.75582885742188
98,2019-06-25 00:00:00-04:00,97.6607894897461
99,2019-06-26 00:00:00-04:00,100.24510192871094
100,2019-06-27 00:00:00-04:00,101.4978256225586
101,2019-06-28 00:00:00-04:00,100.5342025756836
102,2019-07-01 00:00:00-04:00,102.66295623779297
103,2019-07-02 00:00:00-04:00,101.67302703857422
104,2019-07-03 00:00:00-04:00,101.56792449951172
105,2019-07-05 00:00:00-04:00,101.40147399902344
106,2019-07-08 00:00:00-04:00,100.6831283569336
107,2019-07-09 00:00:00-04:00,101.4277572631836
108,2019-07-10 00:00:00-04:00,102.1811294555664
109,2019-07-11 00:00:00-04:00,102.25122833251953
110,2019-07-12 00:00:00-04:00,103.65288543701172
111,2019-07-15 00:00:00-04:00,104.9844741821289
112,2019-07-16 00:00:00-04:00,103.96826171875
113,2019-07-17 00:00:00-04:00,102.65422058105469
114,2019-07-18 00:00:00-04:00,103.87189483642578
115,2019-07-19 00:00:00-04:00,102.72429656982422
116,2019-07-22 00:00:00-04:00,103.53025817871094
117,2019-07-23 00:00:00-04:00,105.18594360351562
118,2019-07-24 00:00:00-04:00,113.00898742675781
119,2019-07-25 00:00:00-04:00,111.56351470947266
120,2019-07-26 00:00:00-04:00,112.27311706542969
121,2019-07-29 00:00:00-04:00,113.8587417602539
122,2019-07-30 00:00:00-04:00,113.27710723876953
123,2019-07-31 00:00:00-04:00,110.166259765625
124,2019-08-01 00:00:00-04:00,108.79150390625
125,2019-08-02 00:00:00-04:00,107.35504913330078
126,2019-08-05 00:00:00-04:00,103.04566192626953
127,2019-08-06 00:00:00-04:00,104.8698959350586
128,2019-08-07 00:00:00-04:00,106.38565063476562
129,2019-08-08 00:00:00-04:00,109.54937744140625
130,2019-08-09 00:00:00-04:00,106.28871154785156
131,2019-08-12 00:00:00-04:00,105.8216552734375
132,2019-08-13 00:00:00-04:00,108.6945571899414
133,2019-08-14 00:00:00-04:00,106.27991485595703
134,2019-08-15 00:00:00-04:00,105.61895751953125
135,2019-08-16 00:00:00-04:00,108.23631286621094
136,2019-08-19 00:00:00-04:00,109.80494689941406
137,2019-08-20 00:00:00-04:00,109.54937744140625
138,2019-08-21 00:00:00-04:00,111.07398223876953
139,2019-08-22 00:00:00-04:00,110.34251403808594
140,2019-08-23 00:00:00-04:00,106.00672912597656
141,2019-08-26 00:00:00-04:00,107.22284698486328
142,2019-08-27 00:00:00-04:00,107.67230987548828
143,2019-08-28 00:00:00-04:00,108.16581726074219
144,2019-08-29 00:00:00-04:00,108.8972396850586
145,2019-08-30 00:00:00-04:00,109.0558853149414
146,2019-09-03 00:00:00-04:00,107.2845458984375
147,2019-09-04 00:00:00-04:00,109.79611206054688
148,2019-09-05 00:00:00-04:00,111.75251770019531
149,2019-09-06 00:00:00-04:00,111.99927520751953
150,2019-09-09 00:00:00-04:00,112.00809478759766
151,2019-09-10 00:00:00-04:00,111.9552230834961
152,2019-09-11 00:00:00-04:00,113.31236267089844
153,2019-09-12 00:00:00-04:00,114.75763702392578
154,2019-09-13 00:00:00-04:00,114.22005462646484
155,2019-09-16 00:00:00-04:00,113.11849212646484
156,2019-09-17 00:00:00-04:00,114.17598724365234
157,2019-09-18 00:00:00-04:00,113.95568084716797
158,2019-09-19 00:00:00-04:00,113.53268432617188
159,2019-09-20 00:00:00-04:00,111.62916564941406
160,2019-09-23 00:00:00-04:00,112.5985336303711
161,2019-09-24 00:00:00-04:00,110.87126922607422
162,2019-09-25 00:00:00-04:00,112.57209777832031
163,2019-09-26 00:00:00-04:00,112.89817810058594
164,2019-09-27 00:00:00-04:00,112.04335021972656
165,2019-09-30 00:00:00-04:00,113.89399719238281
166,2019-10-01 00:00:00-04:00,113.32117462158203
167,2019-10-02 00:00:00-04:00,111.77896881103516
168,2019-10-03 00:00:00-04:00,113.41812133789062
169,2019-10-04 00:00:00-04:00,114.68712615966797
170,2019-10-07 00:00:00-04:00,113.55030059814453
171,2019-10-08 00:00:00-04:00,110.13983154296875
172,2019-10-09 00:00:00-04:00,112.30772399902344
173,2019-10-10 00:00:00-04:00,112.56329345703125
174,2019-10-11 00:00:00-04:00,114.64306640625
175,2019-10-14 00:00:00-04:00,114.34343719482422
176,2019-10-15 00:00:00-04:00,116.05308532714844
177,2019-10-16 00:00:00-04:00,114.12311553955078
178,2019-10-17 00:00:00-04:00,114.6783218383789
179,2019-10-18 00:00:00-04:00,114.08788299560547
180,2019-10-21 00:00:00-04:00,115.38330841064453
181,2019-10-22 00:00:00-04:00,113.30357360839844
182,2019-10-23 00:00:00-04:00,104.8258285522461
183,2019-10-24 00:00:00-04:00,104.34996032714844
184,2019-10-25 00:00:00-04:00,106.20060729980469
185,2019-10-28 00:00:00-04:00,105.75115966796875
186,2019-10-29 00:00:00-04:00,106.00672912597656
187,2019-10-30 00:00:00-04:00,104.58609008789062
188,2019-10-31 00:00:00-04:00,104.7636489868164
189,2019-11-01 00:00:00-04:00,104.80804443359375
190,2019-11-04 00:00:00-05:00,107.40960693359375
191,2019-11-05 00:00:00-05:00,106.4240493774414
192,2019-11-06 00:00:00-05:00,106.86798095703125
193,2019-11-07 00:00:00-05:00,106.47730255126953
194,2019-11-08 00:00:00-05:00,106.64600372314453
195,2019-11-11 00:00:00-05:00,104.84356689453125
196,2019-11-12 00:00:00-05:00,105.67819213867188
197,2019-11-13 00:00:00-05:00,105.14544677734375
198,2019-11-14 00:00:00-05:00,104.3907470703125
199,2019-11-15 00:00:00-05:00,104.77252960205078
200,2019-11-18 00:00:00-05:00,104.67486572265625
201,2019-11-19 00:00:00-05:00,104.6304702758789
202,2019-11-20 00:00:00-05:00,103.20096588134766
203,2019-11-21 00:00:00-05:00,103.08550262451172
204,2019-11-22 00:00:00-05:00,103.89350128173828
205,2019-11-25 00:00:00-05:00,105.66932678222656
206,2019-11-26 00:00:00-05:00,105.77587127685547
207,2019-11-27 00:00:00-05:00,108.08441925048828
208,2019-11-29 00:00:00-05:00,106.73480987548828
209,2019-12-02 00:00:00-05:00,105.47398376464844
210,2019-12-03 00:00:00-05:00,104.5505599975586
211,2019-12-04 00:00:00-05:00,106.79695129394531
212,2019-12-05 00:00:00-05:00,107.20539855957031
213,2019-12-06 00:00:00-05:00,108.65267944335938
214,2019-12-09 00:00:00-05:00,108.32414245605469
215,2019-12-10 00:00:00-05:00,107.76477813720703
216,2019-12-11 00:00:00-05:00,109.85134887695312
217,2019-12-12 00:00:00-05:00,111.93791961669922
218,2019-12-13 00:00:00-05:00,112.44401550292969
219,2019-12-16 00:00:00-05:00,112.82581329345703
220,2019-12-17 00:00:00-05:00,112.84357452392578
221,2019-12-18 00:00:00-05:00,112.18651580810547
222,2019-12-19 00:00:00-05:00,112.23091888427734
223,2019-12-20 00:00:00-05:00,114.49508666992188
224,2019-12-23 00:00:00-05:00,114.13990783691406
225,2019-12-24 00:00:00-05:00,114.12214660644531
226,2019-12-26 00:00:00-05:00,114.07775115966797
227,2019-12-27 00:00:00-05:00,114.15768432617188
228,2019-12-30 00:00:00-05:00,113.34968566894531
229,2019-12-31 00:00:00-05:00,113.9090347290039
230,2020-01-02 00:00:00-05:00,115.04557037353516
231,2020-01-03 00:00:00-05:00,113.51837921142578
232,2020-01-06 00:00:00-05:00,112.72813415527344
233,2020-01-07 00:00:00-05:00,114.90350341796875
234,2020-01-08 00:00:00-05:00,115.21427917480469
235,2020-01-09 00:00:00-05:00,116.60830688476562
236,2020-01-10 00:00:00-05:00,115.4273681640625
237,2020-01-13 00:00:00-05:00,115.38296508789062
238,2020-01-14 00:00:00-05:00,116.02225494384766
239,2020-01-15 00:00:00-05:00,114.6904067993164
240,2020-01-16 00:00:00-05:00,115.5694351196289
241,2020-01-17 00:00:00-05:00,116.9367904663086
242,2020-01-21 00:00:00-05:00,116.19095611572266
243,2020-01-22 00:00:00-05:00,118.39295196533203
244,2020-01-23 00:00:00-05:00,119.20092010498047
245,2020-01-24 00:00:00-05:00,115.88906860351562
246,2020-01-27 00:00:00-05:00,112.15101623535156
247,2020-01-28 00:00:00-05:00,113.68708038330078
248,2020-01-29 00:00:00-05:00,111.42292022705078
249,2020-01-30 00:00:00-05:00,111.2708969116211
250,2020-01-31 00:00:00-05:00,107.89932250976562
251,2020-02-03 00:00:00-05:00,110.35869598388672
252,2020-02-04 00:00:00-05:00,113.10424041748047
253,2020-02-05 00:00:00-05:00,118.44331359863281
254,2020-02-06 00:00:00-05:00,118.51486206054688
255,2020-02-07 00:00:00-05:00,115.09857177734375
256,2020-02-10 00:00:00-05:00,115.94816589355469
257,2020-02-11 00:00:00-05:00,116.88719177246094
258,2020-02-12 00:00:00-05:00,118.4254150390625
259,2020-02-13 00:00:00-05:00,118.77420806884766
260,2020-02-14 00:00:00-05:00,118.23762512207031
261,2020-02-18 00:00:00-05:00,117.3701400756836
262,2020-02-19 00:00:00-05:00,119.0604019165039
263,2020-02-20 00:00:00-05:00,117.57581329345703
264,2020-02-21 00:00:00-05:00,114.93760681152344
265,2020-02-24 00:00:00-05:00,108.6058578491211
266,2020-02-25 00:00:00-05:00,105.86921691894531
267,2020-02-26 00:00:00-05:00,106.23588562011719
268,2020-02-27 00:00:00-05:00,101.17406463623047
269,2020-02-28 00:00:00-05:00,102.07730865478516
270,2020-03-02 00:00:00-05:00,106.3968734741211
271,2020-03-03 00:00:00-05:00,101.78218841552734
272,2020-03-04 00:00:00-05:00,106.46842193603516
273,2020-03-05 00:00:00-05:00,102.59601593017578
274,2020-03-06 00:00:00-05:00,101.20088195800781
275,2020-03-09 00:00:00-04:00,93.93903350830078
276,2020-03-10 00:00:00-04:00,100.27079010009766
277,2020-03-11 00:00:00-04:00,95.24473571777344
278,2020-03-12 00:00:00-04:00,87.22270965576172
279,2020-03-13 00:00:00-04:00,94.8333511352539
280,2020-03-16 00:00:00-04:00,83.61861419677734
281,2020-03-17 00:00:00-04:00,94.9317398071289
282,2020-03-18 00:00:00-04:00,89.43165588378906
283,2020-03-19 00:00:00-04:00,90.83575439453125
284,2020-03-20 00:00:00-04:00,87.28532409667969
285,2020-03-23 00:00:00-04:00,88.03655242919922
286,2020-03-24 00:00:00-04:00,94.22521209716797
287,2020-03-25 00:00:00-04:00,88.68045043945312
288,2020-03-26 00:00:00-04:00,96.37158203125
289,2020-03-27 00:00:00-04:00,89.87883758544922
290,2020-03-30 00:00:00-04:00,91.2381820678711
291,2020-03-31 00:00:00-04:00,89.36907958984375
292,2020-04-01 00:00:00-04:00,86.65035247802734
293,2020-04-02 00:00:00-04:00,91.2381820678711
294,2020-04-03 00:00:00-04:00,89.41378784179688
295,2020-04-06 00:00:00-04:00,97.44475555419922
296,2020-04-07 00:00:00-04:00,95.03009033203125
297,2020-04-08 00:00:00-04:00,98.5268783569336
298,2020-04-09 00:00:00-04:00,96.30897521972656
299,2020-04-13 00:00:00-04:00,96.29109191894531
300,2020-04-14 00:00:00-04:00,99.22443389892578
301,2020-04-15 00:00:00-04:00,96.56831359863281
302,2020-04-16 00:00:00-04:00,99.6179428100586
303,2020-04-17 00:00:00-04:00,101.54965209960938
304,2020-04-20 00:00:00-04:00,99.74314880371094
305,2020-04-21 00:00:00-04:00,95.54878997802734
306,2020-04-22 00:00:00-04:00,100.14559173583984
307,2020-04-23 00:00:00-04:00,98.78622436523438
308,2020-04-24 00:00:00-04:00,101.8895034790039
309,2020-04-27 00:00:00-04:00,103.54399108886719
310,2020-04-28 00:00:00-04:00,102.16675567626953
311,2020-04-29 00:00:00-04:00,106.78142547607422
312,2020-04-30 00:00:00-04:00,103.80335235595703
313,2020-05-01 00:00:00-04:00,98.8822250366211
314,2020-05-04 00:00:00-04:00,99.5942611694336
315,2020-05-05 00:00:00-04:00,100.53160858154297
316,2020-05-06 00:00:00-04:00,101.32476806640625
317,2020-05-07 00:00:00-04:00,102.43335723876953
318,2020-05-08 00:00:00-04:00,103.65013122558594
319,2020-05-11 00:00:00-04:00,103.54196166992188
320,2020-05-12 00:00:00-04:00,100.66682434082031
321,2020-05-13 00:00:00-04:00,98.30538940429688
322,2020-05-14 00:00:00-04:00,99.45905303955078
323,2020-05-15 00:00:00-04:00,97.55731201171875
324,2020-05-18 00:00:00-04:00,103.12738037109375
325,2020-05-19 00:00:00-04:00,101.55908203125
326,2020-05-20 00:00:00-04:00,105.8853759765625
327,2020-05-21 00:00:00-04:00,102.26211547851562
328,2020-05-22 00:00:00-04:00,102.23507690429688
329,2020-05-26 00:00:00-04:00,104.3080825805664
330,2020-05-27 00:00:00-04:00,106.19180297851562
331,2020-05-28 00:00:00-04:00,104.43425750732422
332,2020-05-29 00:00:00-04:00,107.02101135253906
333,2020-06-01 00:00:00-04:00,106.2278823852539
334,2020-06-02 00:00:00-04:00,110.5631332397461
335,2020-06-03 00:00:00-04:00,114.65508270263672
336,2020-06-04 00:00:00-04:00,115.8898696899414
337,2020-06-05 00:00:00-04:00,118.46759033203125
338,2020-06-08 00:00:00-04:00,119.7474594116211
339,2020-06-09 00:00:00-04:00,119.0804672241211
340,2020-06-10 00:00:00-04:00,118.43154907226562
341,2020-06-11 00:00:00-04:00,112.3116683959961
342,2020-06-12 00:00:00-04:00,111.73484802246094
343,2020-06-15 00:00:00-04:00,111.96916961669922
344,2020-06-16 00:00:00-04:00,113.66365051269531
345,2020-06-17 00:00:00-04:00,113.76277160644531
346,2020-06-18 00:00:00-04:00,113.54645538330078
347,2020-06-19 00:00:00-04:00,112.56404876708984
348,2020-06-22 00:00:00-04:00,112.8704833984375
349,2020-06-23 00:00:00-04:00,114.12329864501953
350,2020-06-24 00:00:00-04:00,111.75285339355469
351,2020-06-25 00:00:00-04:00,112.7172622680664
352,2020-06-26 00:00:00-04:00,111.19405364990234
353,2020-06-29 00:00:00-04:00,112.45588684082031
354,2020-06-30 00:00:00-04:00,114.43875885009766
355,2020-07-01 00:00:00-04:00,112.48292541503906
356,2020-07-02 00:00:00-04:00,113.39322662353516
357,2020-07-06 00:00:00-04:00,116.7461166381836
358,2020-07-07 00:00:00-04:00,115.90789794921875
359,2020-07-08 00:00:00-04:00,116.50274658203125
360,2020-07-09 00:00:00-04:00,117.55726623535156
361,2020-07-10 00:00:00-04:00,117.64740753173828
362,2020-07-13 00:00:00-04:00,116.10618591308594
363,2020-07-14 00:00:00-04:00,118.8731918334961
364,2020-07-15 00:00:00-04:00,119.10752868652344
365,2020-07-16 00:00:00-04:00,119.13456726074219
366,2020-07-17 00:00:00-04:00,120.6758041381836
367,2020-07-20 00:00:00-04:00,123.10032653808594
368,2020-07-21 00:00:00-04:00,122.10885620117188
369,2020-07-22 00:00:00-04:00,119.44999694824219
370,2020-07-23 00:00:00-04:00,116.30445861816406
371,2020-07-24 00:00:00-04:00,116.83622741699219
372,2020-07-27 00:00:00-04:00,119.0804672241211
373,2020-07-28 00:00:00-04:00,117.2868881225586
374,2020-07-29 00:00:00-04:00,118.64784240722656
375,2020-07-30 00:00:00-04:00,116.96896362304688
376,2020-07-31 00:00:00-04:00,115.7529067993164
377,2020-08-03 00:00:00-04:00,117.35919189453125
378,2020-08-04 00:00:00-04:00,120.00003814697266
379,2020-08-05 00:00:00-04:00,120.42655944824219
380,2020-08-06 00:00:00-04:00,121.37039947509766
381,2020-08-07 00:00:00-04:00,121.20704650878906
382,2020-08-10 00:00:00-04:00,122.88593292236328
383,2020-08-11 00:00:00-04:00,123.45764923095703
384,2020-08-12 00:00:00-04:00,125.81718444824219
385,2020-08-13 00:00:00-04:00,124.46498107910156
386,2020-08-14 00:00:00-04:00,124.64649200439453
387,2020-08-17 00:00:00-04:00,125.49046325683594
388,2020-08-18 00:00:00-04:00,126.42520141601562
389,2020-08-19 00:00:00-04:00,125.67198181152344
390,2020-08-20 00:00:00-04:00,125.75366973876953
391,2020-08-21 00:00:00-04:00,127.35084533691406
392,2020-08-24 00:00:00-04:00,127.97709655761719
393,2020-08-25 00:00:00-04:00,128.557861328125
394,2020-08-26 00:00:00-04:00,129.2747802734375
395,2020-08-27 00:00:00-04:00,128.40354919433594
396,2020-08-28 00:00:00-04:00,130.21861267089844
397,2020-08-31 00:00:00-04:00,129.00253295898438
398,2020-09-01 00:00:00-04:00,131.55264282226562
399,2020-09-02 00:00:00-04:00,133.9847412109375
400,2020-09-03 00:00:00-04:00,128.56692504882812
401,2020-09-04 00:00:00-04:00,127.47794342041016
402,2020-09-08 00:00:00-04:00,123.45764923095703
403,2020-09-09 00:00:00-04:00,126.760986328125
404,2020-09-10 00:00:00-04:00,124.50128936767578
405,2020-09-11 00:00:00-04:00,123.75716400146484
406,2020-09-14 00:00:00-04:00,125.71733856201172
407,2020-09-15 00:00:00-04:00,127.63219451904297
408,2020-09-16 00:00:00-04:00,126.760986328125
409,2020-09-17 00:00:00-04:00,127.41441345214844
410,2020-09-18 00:00:00-04:00,125.83534240722656
411,2020-09-21 00:00:00-04:00,124.31069946289062
412,2020-09-22 00:00:00-04:00,125.82624816894531
413,2020-09-23 00:00:00-04:00,122.65904998779297
414,2020-09-24 00:00:00-04:00,124.04753112792969
415,2020-09-25 00:00:00-04:00,125.52677917480469
416,2020-09-28 00:00:00-04:00,128.81198120117188
417,2020-09-29 00:00:00-04:00,128.4126739501953
418,2020-09-30 00:00:00-04:00,129.5833740234375
419,2020-10-01 00:00:00-04:00,131.5072784423828
420,2020-10-02 00:00:00-04:00,128.0405731201172
421,2020-10-05 00:00:00-04:00,130.7540283203125
422,2020-10-06 00:00:00-04:00,130.54530334472656
423,2020-10-07 00:00:00-04:00,133.1770782470703
424,2020-10-08 00:00:00-04:00,134.3659210205078
425,2020-10-09 00:00:00-04:00,136.95233154296875
426,2020-10-12 00:00:00-04:00,140.5732879638672
427,2020-10-13 00:00:00-04:00,140.2012176513672
428,2020-10-14 00:00:00-04:00,138.64028930664062
429,2020-10-15 00:00:00-04:00,138.44064331054688
430,2020-10-16 00:00:00-04:00,138.95790100097656
431,2020-10-19 00:00:00-04:00,136.8162078857422
432,2020-10-20 00:00:00-04:00,136.87973022460938
433,2020-10-21 00:00:00-04:00,132.61444091796875
434,2020-10-22 00:00:00-04:00,134.51113891601562
435,2020-10-23 00:00:00-04:00,136.09022521972656
436,2020-10-26 00:00:00-04:00,132.45106506347656
437,2020-10-27 00:00:00-04:00,133.5128631591797
438,2020-10-28 00:00:00-04:00,129.77392578125
439,2020-10-29 00:00:00-04:00,133.62200927734375
440,2020-10-30 00:00:00-04:00,132.15956115722656
441,2020-11-02 00:00:00-05:00,133.0827178955078
442,2020-11-03 00:00:00-05:00,134.63656616210938
443,2020-11-04 00:00:00-05:00,138.95989990234375
444,2020-11-05 00:00:00-05:00,142.18641662597656
445,2020-11-06 00:00:00-05:00,144.17904663085938
446,2020-11-09 00:00:00-05:00,142.78970336914062
447,2020-11-10 00:00:00-05:00,138.4663543701172
448,2020-11-11 00:00:00-05:00,142.31439208984375
449,2020-11-12 00:00:00-05:00,141.2175750732422
450,2020-11-13 00:00:00-05:00,143.1827392578125
451,2020-11-16 00:00:00-05:00,144.7000274658203
452,2020-11-17 00:00:00-05:00,142.131591796875
453,2020-11-18 00:00:00-05:00,140.3492431640625
454,2020-11-19 00:00:00-05:00,143.7494659423828
455,2020-11-20 00:00:00-05:00,143.338134765625
456,2020-11-23 00:00:00-05:00,143.8865509033203
457,2020-11-24 00:00:00-05:00,145.65061950683594
458,2020-11-25 00:00:00-05:00,144.05108642578125
459,2020-11-27 00:00:00-05:00,145.32159423828125
460,2020-11-30 00:00:00-05:00,147.3872833251953
461,2020-12-01 00:00:00-05:00,149.43470764160156
462,2020-12-02 00:00:00-05:00,148.7308807373047
463,2020-12-03 00:00:00-05:00,148.0545196533203
464,2020-12-04 00:00:00-05:00,152.2042236328125
465,2020-12-07 00:00:00-05:00,151.99395751953125
466,2020-12-08 00:00:00-05:00,152.35044860839844
467,2020-12-09 00:00:00-05:00,148.76747131347656
468,2020-12-10 00:00:00-05:00,148.07278442382812
469,2020-12-11 00:00:00-05:00,146.80230712890625
470,2020-12-14 00:00:00-05:00,146.35443115234375
471,2020-12-15 00:00:00-05:00,148.42013549804688
472,2020-12-16 00:00:00-05:00,148.1824951171875
473,2020-12-17 00:00:00-05:00,148.70350646972656
474,2020-12-18 00:00:00-05:00,149.96484375
475,2020-12-21 00:00:00-05:00,148.46580505371094
476,2020-12-22 00:00:00-05:00,148.54808044433594
477,2020-12-23 00:00:00-05:00,147.14047241210938
478,2020-12-24 00:00:00-05:00,147.74375915527344
479,2020-12-28 00:00:00-05:00,147.58834838867188
480,2020-12-29 00:00:00-05:00,147.32327270507812
481,2020-12-30 00:00:00-05:00,148.71263122558594
482,2020-12-31 00:00:00-05:00,150.01966857910156
483,2021-01-04 00:00:00-05:00,148.27389526367188
484,2021-01-05 00:00:00-05:00,149.36158752441406
485,2021-01-06 00:00:00-05:00,150.10194396972656
486,2021-01-07 00:00:00-05:00,153.50213623046875
487,2021-01-08 00:00:00-05:00,156.4453125
488,2021-01-11 00:00:00-05:00,156.5823974609375
489,2021-01-12 00:00:00-05:00,157.48731994628906
490,2021-01-13 00:00:00-05:00,156.673828125
491,2021-01-14 00:00:00-05:00,156.9480438232422
492,2021-01-15 00:00:00-05:00,154.64468383789062
493,2021-01-19 00:00:00-05:00,159.21481323242188
494,2021-01-20 00:00:00-05:00,158.42874145507812
495,2021-01-21 00:00:00-05:00,160.04661560058594
496,2021-01-22 00:00:00-05:00,157.95347595214844
497,2021-01-25 00:00:00-05:00,158.0540008544922
498,2021-01-26 00:00:00-05:00,156.7286376953125
499,2021-01-27 00:00:00-05:00,148.92283630371094
500,2021-01-28 00:00:00-05:00,154.68121337890625
501,2021-01-29 00:00:00-05:00,152.3638916015625
502,2021-02-01 00:00:00-05:00,158.5894317626953
503,2021-02-02 00:00:00-05:00,160.6952362060547
504,2021-02-03 00:00:00-05:00,155.02146911621094
505,2021-02-04 00:00:00-05:00,158.16641235351562
506,2021-02-05 00:00:00-05:00,156.2628936767578
507,2021-02-08 00:00:00-05:00,161.03546142578125
508,2021-02-09 00:00:00-05:00,159.72048950195312
509,2021-02-10 00:00:00-05:00,160.33660888671875
510,2021-02-11 00:00:00-05:00,164.8057098388672
511,2021-02-12 00:00:00-05:00,165.19192504882812
512,2021-02-16 00:00:00-05:00,166.2218475341797
513,2021-02-17 00:00:00-05:00,164.17120361328125
514,2021-02-18 00:00:00-05:00,162.31369018554688
515,2021-02-19 00:00:00-05:00,164.00570678710938
516,2021-02-22 00:00:00-05:00,159.16873168945312
517,2021-02-23 00:00:00-05:00,158.9480438232422
518,2021-02-24 00:00:00-05:00,164.9620819091797
519,2021-02-25 00:00:00-05:00,156.81463623046875
520,2021-02-26 00:00:00-05:00,158.41470336914062
521,2021-03-01 00:00:00-05:00,163.38038635253906
522,2021-03-02 00:00:00-05:00,160.82394409179688
523,2021-03-03 00:00:00-05:00,156.86978149414062
524,2021-03-04 00:00:00-05:00,150.1201629638672
525,2021-03-05 00:00:00-05:00,154.43295288085938
526,2021-03-08 00:00:00-05:00,149.07183837890625
527,2021-03-09 00:00:00-05:00,156.65830993652344
528,2021-03-10 00:00:00-05:00,155.79393005371094
529,2021-03-11 00:00:00-05:00,160.879150390625
530,2021-03-12 00:00:00-05:00,159.61012268066406
531,2021-03-15 00:00:00-04:00,160.84237670898438
532,2021-03-16 00:00:00-04:00,162.8929901123047
533,2021-03-17 00:00:00-04:00,164.92526245117188
534,2021-03-18 00:00:00-04:00,160.33660888671875
535,2021-03-19 00:00:00-04:00,161.82630920410156
536,2021-03-22 00:00:00-04:00,165.61497497558594
537,2021-03-23 00:00:00-04:00,164.40110778808594
538,2021-03-24 00:00:00-04:00,164.511474609375
539,2021-03-25 00:00:00-04:00,164.13442993164062
540,2021-03-26 00:00:00-04:00,173.0634765625
541,2021-03-29 00:00:00-04:00,171.2059326171875
542,2021-03-30 00:00:00-04:00,170.9852294921875
543,2021-03-31 00:00:00-04:00,173.7899627685547
544,2021-04-01 00:00:00-04:00,176.61302185058594
545,2021-04-05 00:00:00-04:00,181.09133911132812
546,2021-04-06 00:00:00-04:00,178.93954467773438
547,2021-04-07 00:00:00-04:00,177.56019592285156
548,2021-04-08 00:00:00-04:00,179.50050354003906
549,2021-04-09 00:00:00-04:00,179.7119903564453
550,2021-04-12 00:00:00-04:00,176.95327758789062
551,2021-04-13 00:00:00-04:00,175.85897827148438
552,2021-04-14 00:00:00-04:00,175.0221710205078
553,2021-04-15 00:00:00-04:00,177.63375854492188
554,2021-04-16 00:00:00-04:00,176.4934539794922
555,2021-04-19 00:00:00-04:00,172.01516723632812
556,2021-04-20 00:00:00-04:00,170.36912536621094
557,2021-04-21 00:00:00-04:00,173.70716857910156
558,2021-04-22 00:00:00-04:00,170.8565216064453
559,2021-04-23 00:00:00-04:00,173.63363647460938
560,2021-04-26 00:00:00-04:00,175.96932983398438
561,2021-04-27 00:00:00-04:00,174.91184997558594
562,2021-04-28 00:00:00-04:00,167.19659423828125
563,2021-04-29 00:00:00-04:00,170.8749237060547
564,2021-04-30 00:00:00-04:00,166.9081268310547
565,2021-05-03 00:00:00-04:00,165.32701110839844
566,2021-05-04 00:00:00-04:00,165.5396728515625
567,2021-05-05 00:00:00-04:00,167.96224975585938
568,2021-05-06 00:00:00-04:00,170.38482666015625
569,2021-05-07 00:00:00-04:00,173.61184692382812
570,2021-05-10 00:00:00-04:00,168.3321075439453
571,2021-05-11 00:00:00-04:00,169.3954620361328
572,2021-05-12 00:00:00-04:00,163.29281616210938
573,2021-05-13 00:00:00-04:00,165.50270080566406
574,2021-05-14 00:00:00-04:00,169.460205078125
575,2021-05-17 00:00:00-04:00,167.2040557861328
576,2021-05-18 00:00:00-04:00,165.39170837402344
577,2021-05-19 00:00:00-04:00,168.02696228027344
578,2021-05-20 00:00:00-04:00,171.33721923828125
579,2021-05-21 00:00:00-04:00,171.06906127929688
580,2021-05-24 00:00:00-04:00,174.47177124023438
581,2021-05-25 00:00:00-04:00,174.4810333251953
582,2021-05-26 00:00:00-04:00,174.16665649414062
583,2021-05-27 00:00:00-04:00,174.8786163330078
584,2021-05-28 00:00:00-04:00,175.51663208007812
585,2021-06-01 00:00:00-04:00,174.75839233398438
586,2021-06-02 00:00:00-04:00,176.37655639648438
587,2021-06-03 00:00:00-04:00,171.98448181152344
588,2021-06-04 00:00:00-04:00,175.747802734375
589,2021-06-07 00:00:00-04:00,174.34231567382812
590,2021-06-08 00:00:00-04:00,172.8444061279297
591,2021-06-09 00:00:00-04:00,172.4005584716797
592,2021-06-10 00:00:00-04:00,173.8337860107422
593,2021-06-11 00:00:00-04:00,174.4532928466797
594,2021-06-14 00:00:00-04:00,175.92347717285156
595,2021-06-15 00:00:00-04:00,174.39781188964844
596,2021-06-16 00:00:00-04:00,173.58412170410156
597,2021-06-17 00:00:00-04:00,173.51011657714844
598,2021-06-18 00:00:00-04:00,169.27525329589844
599,2021-06-21 00:00:00-04:00,172.08619689941406
600,2021-06-22 00:00:00-04:00,172.94610595703125
601,2021-06-23 00:00:00-04:00,172.07693481445312
602,2021-06-24 00:00:00-04:00,174.39781188964844
603,2021-06-25 00:00:00-04:00,173.99095153808594
604,2021-06-28 00:00:00-04:00,177.0977783203125
605,2021-06-29 00:00:00-04:00,178.34605407714844
606,2021-06-30 00:00:00-04:00,177.8097686767578
607,2021-07-01 00:00:00-04:00,176.45977783203125
608,2021-07-02 00:00:00-04:00,177.7265167236328
609,2021-07-06 00:00:00-04:00,176.79261779785156
610,2021-07-07 00:00:00-04:00,175.47964477539062
611,2021-07-08 00:00:00-04:00,174.05567932128906
612,2021-07-09 00:00:00-04:00,175.9326934814453
613,2021-07-12 00:00:00-04:00,177.4583740234375
614,2021-07-13 00:00:00-04:00,176.79261779785156
615,2021-07-14 00:00:00-04:00,176.86659240722656
616,2021-07-15 00:00:00-04:00,174.07420349121094
617,2021-07-16 00:00:00-04:00,172.0954132080078
618,2021-07-19 00:00:00-04:00,172.20639038085938
619,2021-07-20 00:00:00-04:00,173.62110900878906
620,2021-07-21 00:00:00-04:00,179.6035614013672
621,2021-07-22 00:00:00-04:00,170.05194091796875
622,2021-07-23 00:00:00-04:00,173.73397827148438
623,2021-07-26 00:00:00-04:00,175.0449981689453
624,2021-07-27 00:00:00-04:00,172.1347198486328
625,2021-07-28 00:00:00-04:00,173.73397827148438
626,2021-07-29 00:00:00-04:00,176.5048370361328
627,2021-07-30 00:00:00-04:00,177.2393341064453
628,2021-08-02 00:00:00-04:00,177.3323516845703
629,2021-08-03 00:00:00-04:00,176.04920959472656
630,2021-08-04 00:00:00-04:00,178.8758087158203
631,2021-08-05 00:00:00-04:00,179.60107421875
632,2021-08-06 00:00:00-04:00,179.4151153564453
633,2021-08-09 00:00:00-04:00,177.08128356933594
634,2021-08-10 00:00:00-04:00,176.33743286132812
635,2021-08-11 00:00:00-04:00,176.19798278808594
636,2021-08-12 00:00:00-04:00,174.68238830566406
637,2021-08-13 00:00:00-04:00,175.45413208007812
638,2021-08-16 00:00:00-04:00,176.52337646484375
639,2021-08-17 00:00:00-04:00,173.24119567871094
640,2021-08-18 00:00:00-04:00,170.8980712890625
641,2021-08-19 00:00:00-04:00,172.05105590820312
642,2021-08-20 00:00:00-04:00,171.9859619140625
643,2021-08-23 00:00:00-04:00,174.66380310058594
644,2021-08-24 00:00:00-04:00,174.6359100341797
645,2021-08-25 00:00:00-04:00,174.886962890625
646,2021-08-26 00:00:00-04:00,174.77537536621094
647,2021-08-27 00:00:00-04:00,177.14639282226562
648,2021-08-30 00:00:00-04:00,177.9924774169922
649,2021-08-31 00:00:00-04:00,177.5089874267578
650,2021-09-01 00:00:00-04:00,175.12869262695312
651,2021-09-02 00:00:00-04:00,176.11428833007812
652,2021-09-03 00:00:00-04:00,176.5513153076172
653,2021-09-07 00:00:00-04:00,176.1607666015625
654,2021-09-08 00:00:00-04:00,175.54708862304688
655,2021-09-09 00:00:00-04:00,175.2402801513672
656,2021-09-10 00:00:00-04:00,177.26722717285156
657,2021-09-13 00:00:00-04:00,180.3634796142578
658,2021-09-14 00:00:00-04:00,181.41416931152344
659,2021-09-15 00:00:00-04:00,183.6363983154297
660,2021-09-16 00:00:00-04:00,183.004150390625
661,2021-09-17 00:00:00-04:00,182.47413635253906
662,2021-09-20 00:00:00-04:00,179.07106018066406
663,2021-09-21 00:00:00-04:00,179.4151153564453
664,2021-09-22 00:00:00-04:00,182.1673126220703
665,2021-09-23 00:00:00-04:00,184.72427368164062
666,2021-09-24 00:00:00-04:00,186.56527709960938
667,2021-09-27 00:00:00-04:00,186.26773071289062
668,2021-09-28 00:00:00-04:00,181.20962524414062
669,2021-09-29 00:00:00-04:00,179.51739501953125
670,2021-09-30 00:00:00-04:00,178.71774291992188
671,2021-10-01 00:00:00-04:00,180.18682861328125
672,2021-10-04 00:00:00-04:00,177.03480529785156
673,2021-10-05 00:00:00-04:00,180.27053833007812
674,2021-10-06 00:00:00-04:00,180.74472045898438
675,2021-10-07 00:00:00-04:00,181.6001434326172
676,2021-10-08 00:00:00-04:00,181.53504943847656
677,2021-10-11 00:00:00-04:00,179.79632568359375
678,2021-10-12 00:00:00-04:00,175.2495574951172
679,2021-10-13 00:00:00-04:00,173.96644592285156
680,2021-10-14 00:00:00-04:00,178.9780731201172
681,2021-10-15 00:00:00-04:00,180.80052185058594
682,2021-10-18 00:00:00-04:00,181.22821044921875
683,2021-10-19 00:00:00-04:00,184.31517028808594
684,2021-10-20 00:00:00-04:00,185.38442993164062
685,2021-10-21 00:00:00-04:00,187.16033935546875
686,2021-10-22 00:00:00-04:00,185.09619140625
687,2021-10-25 00:00:00-04:00,186.14686584472656
688,2021-10-26 00:00:00-04:00,183.1529083251953
689,2021-10-27 00:00:00-04:00,173.96644592285156
690,2021-10-28 00:00:00-04:00,174.68238830566406
691,2021-10-29 00:00:00-04:00,175.3933868408203
692,2021-11-01 00:00:00-04:00,175.384033203125
693,2021-11-02 00:00:00-04:00,177.1334991455078
694,2021-11-03 00:00:00-04:00,176.9931640625
695,2021-11-04 00:00:00-04:00,178.7893829345703
696,2021-11-05 00:00:00-04:00,180.93174743652344
697,2021-11-08 00:00:00-05:00,179.95880126953125
698,2021-11-09 00:00:00-05:00,178.49000549316406
699,2021-11-10 00:00:00-05:00,174.9630584716797
700,2021-11-11 00:00:00-05:00,176.44117736816406
701,2021-11-12 00:00:00-05:00,177.82577514648438
702,2021-11-15 00:00:00-05:00,177.03057861328125
703,2021-11-16 00:00:00-05:00,176.3663330078125
704,2021-11-17 00:00:00-05:00,177.34866333007812
705,2021-11-18 00:00:00-05:00,180.99722290039062
706,2021-11-19 00:00:00-05:00,182.57830810546875
707,2021-11-22 00:00:00-05:00,180.0897674560547
708,2021-11-23 00:00:00-05:00,180.2207489013672
709,2021-11-24 00:00:00-05:00,181.11886596679688
710,2021-11-26 00:00:00-05:00,176.12310791015625
711,2021-11-29 00:00:00-05:00,181.84854125976562
712,2021-11-30 00:00:00-05:00,179.96812438964844
713,2021-12-01 00:00:00-05:00,179.39747619628906
714,2021-12-02 00:00:00-05:00,181.10012817382812
715,2021-12-03 00:00:00-05:00,180.91302490234375
716,2021-12-06 00:00:00-05:00,182.06373596191406
717,2021-12-07 00:00:00-05:00,186.1987762451172
718,2021-12-08 00:00:00-05:00,183.7289581298828
719,2021-12-09 00:00:00-05:00,180.93174743652344
720,2021-12-10 00:00:00-05:00,183.36410522460938
721,2021-12-13 00:00:00-05:00,180.78204345703125
722,2021-12-14 00:00:00-05:00,178.00352478027344
723,2021-12-15 00:00:00-05:00,180.96913146972656
724,2021-12-16 00:00:00-05:00,176.10438537597656
725,2021-12-17 00:00:00-05:00,174.2894744873047
726,2021-12-20 00:00:00-05:00,172.36228942871094
727,2021-12-21 00:00:00-05:00,174.35494995117188
728,2021-12-22 00:00:00-05:00,174.87884521484375
729,2021-12-23 00:00:00-05:00,175.3185577392578
730,2021-12-27 00:00:00-05:00,179.47232055664062
731,2021-12-28 00:00:00-05:00,178.780029296875
732,2021-12-29 00:00:00-05:00,178.50869750976562
733,2021-12-30 00:00:00-05:00,177.198974609375
734,2021-12-31 00:00:00-05:00,176.31956481933594
735,2022-01-03 00:00:00-05:00,178.312255859375
736,2022-01-04 00:00:00-05:00,178.49937438964844
737,2022-01-05 00:00:00-05:00,174.7759552001953
738,2022-01-06 00:00:00-05:00,174.71981811523438
739,2022-01-07 00:00:00-05:00,167.87173461914062
740,2022-01-10 00:00:00-05:00,171.16481018066406
741,2022-01-11 00:00:00-05:00,172.7364959716797
742,2022-01-12 00:00:00-05:00,174.036865234375
743,2022-01-13 00:00:00-05:00,172.27804565429688
744,2022-01-14 00:00:00-05:00,174.95370483398438
745,2022-01-18 00:00:00-05:00,170.5286407470703
746,2022-01-19 00:00:00-05:00,166.80520629882812
747,2022-01-20 00:00:00-05:00,162.26791381835938
748,2022-01-21 00:00:00-05:00,164.31671142578125
749,2022-01-24 00:00:00-05:00,166.84263610839844
750,2022-01-25 00:00:00-05:00,162.74501037597656
751,2022-01-26 00:00:00-05:00,166.8332977294922
752,2022-01-27 00:00:00-05:00,163.54022216796875
753,2022-01-28 00:00:00-05:00,166.95867919921875
754,2022-01-31 00:00:00-05:00,169.03050231933594
755,2022-02-01 00:00:00-05:00,170.7255859375
756,2022-02-02 00:00:00-05:00,176.89389038085938
757,2022-02-03 00:00:00-05:00,165.35775756835938
758,2022-02-04 00:00:00-05:00,161.4307403564453
759,2022-02-07 00:00:00-05:00,160.04640197753906
760,2022-02-08 00:00:00-05:00,162.57025146484375
761,2022-02-09 00:00:00-05:00,166.41249084472656
762,2022-02-10 00:00:00-05:00,160.71502685546875
763,2022-02-11 00:00:00-05:00,154.81980895996094
764,2022-02-14 00:00:00-05:00,153.0022735595703
765,2022-02-15 00:00:00-05:00,156.4866943359375
766,2022-02-16 00:00:00-05:00,158.43606567382812
767,2022-02-17 00:00:00-05:00,155.0552520751953
768,2022-02-18 00:00:00-05:00,157.02346801757812
769,2022-02-22 00:00:00-05:00,156.97637939453125
770,2022-02-23 00:00:00-05:00,155.98757934570312
771,2022-02-24 00:00:00-05:00,159.70738220214844
772,2022-02-25 00:00:00-05:00,160.86570739746094
773,2022-02-28 00:00:00-05:00,160.08409118652344
774,2022-03-01 00:00:00-05:00,157.54139709472656
775,2022-03-02 00:00:00-05:00,160.1876678466797
776,2022-03-03 00:00:00-05:00,161.03518676757812
777,2022-03-04 00:00:00-05:00,160.07467651367188
778,2022-03-07 00:00:00-05:00,155.28126525878906
779,2022-03-08 00:00:00-05:00,157.5885009765625
780,2022-03-09 00:00:00-05:00,162.41014099121094
781,2022-03-10 00:00:00-05:00,162.68325805664062
782,2022-03-11 00:00:00-05:00,160.43251037597656
783,2022-03-14 00:00:00-04:00,157.004638671875
784,2022-03-15 00:00:00-04:00,162.27828979492188
785,2022-03-16 00:00:00-04:00,166.0546112060547
786,2022-03-17 00:00:00-04:00,168.06991577148438
787,2022-03-18 00:00:00-04:00,169.6049346923828
788,2022-03-21 00:00:00-04:00,169.94395446777344
789,2022-03-22 00:00:00-04:00,171.7238311767578
790,2022-03-23 00:00:00-04:00,168.64437866210938
791,2022-03-24 00:00:00-04:00,173.47544860839844
792,2022-03-25 00:00:00-04:00,174.125244140625
793,2022-03-28 00:00:00-04:00,174.85977172851562
794,2022-03-29 00:00:00-04:00,179.87916564941406
795,2022-03-30 00:00:00-04:00,176.526611328125
796,2022-03-31 00:00:00-04:00,172.78797912597656
797,2022-04-01 00:00:00-04:00,171.4695587158203
798,2022-04-04 00:00:00-04:00,172.06285095214844
799,2022-04-05 00:00:00-04:00,166.8550567626953
800,2022-04-06 00:00:00-04:00,166.92100524902344
801,2022-04-07 00:00:00-04:00,167.2506103515625
802,2022-04-08 00:00:00-04:00,163.9639892578125
803,2022-04-11 00:00:00-04:00,161.9204559326172
804,2022-04-12 00:00:00-04:00,162.91868591308594
805,2022-04-13 00:00:00-04:00,164.9057159423828
806,2022-04-14 00:00:00-04:00,163.54022216796875
807,2022-04-18 00:00:00-04:00,166.27120971679688
808,2022-04-19 00:00:00-04:00,168.6255340576172
809,2022-04-20 00:00:00-04:00,168.96456909179688
810,2022-04-21 00:00:00-04:00,166.9021759033203
811,2022-04-22 00:00:00-04:00,163.2106170654297
812,2022-04-25 00:00:00-04:00,163.775634765625
813,2022-04-26 00:00:00-04:00,158.62440490722656
814,2022-04-27 00:00:00-04:00,159.51904296875
815,2022-04-28 00:00:00-04:00,165.6025848388672
816,2022-04-29 00:00:00-04:00,160.32894897460938
817,2022-05-02 00:00:00-04:00,163.86038208007812
818,2022-05-03 00:00:00-04:00,162.4854736328125
819,2022-05-04 00:00:00-04:00,165.96046447753906
820,2022-05-05 00:00:00-04:00,160.35716247558594
821,2022-05-06 00:00:00-04:00,158.7643280029297
822,2022-05-09 00:00:00-04:00,156.38450622558594
823,2022-05-10 00:00:00-04:00,159.51333618164062
824,2022-05-11 00:00:00-04:00,156.14747619628906
825,2022-05-12 00:00:00-04:00,157.29469299316406
826,2022-05-13 00:00:00-04:00,160.93553161621094
827,2022-05-16 00:00:00-04:00,159.75987243652344
828,2022-05-17 00:00:00-04:00,165.90374755859375
829,2022-05-18 00:00:00-04:00,161.4665069580078
830,2022-05-19 00:00:00-04:00,158.92550659179688
831,2022-05-20 00:00:00-04:00,161.0019073486328
832,2022-05-23 00:00:00-04:00,161.11566162109375
833,2022-05-24 00:00:00-04:00,159.15304565429688
834,2022-05-25 00:00:00-04:00,161.19151306152344
835,2022-05-26 00:00:00-04:00,165.09783935546875
836,2022-05-27 00:00:00-04:00,168.73866271972656
837,2022-05-31 00:00:00-04:00,167.59140014648438
838,2022-06-01 00:00:00-04:00,165.37277221679688
839,2022-06-02 00:00:00-04:00,167.55348205566406
840,2022-06-03 00:00:00-04:00,163.39120483398438
841,2022-06-06 00:00:00-04:00,159.05824279785156
842,2022-06-07 00:00:00-04:00,161.0398406982422
843,2022-06-08 00:00:00-04:00,156.79220581054688
844,2022-06-09 00:00:00-04:00,153.19882202148438
845,2022-06-10 00:00:00-04:00,149.5959014892578
846,2022-06-13 00:00:00-04:00,145.5663604736328
847,2022-06-14 00:00:00-04:00,146.08782958984375
848,2022-06-15 00:00:00-04:00,147.83236694335938
849,2022-06-16 00:00:00-04:00,143.51837158203125
850,2022-06-17 00:00:00-04:00,142.4090576171875
851,2022-06-21 00:00:00-04:00,145.49998474121094
852,2022-06-22 00:00:00-04:00,144.68458557128906
853,2022-06-23 00:00:00-04:00,143.30032348632812
854,2022-06-24 00:00:00-04:00,147.86082458496094
855,2022-06-27 00:00:00-04:00,147.54794311523438
856,2022-06-28 00:00:00-04:00,146.16366577148438
857,2022-06-29 00:00:00-04:00,144.8552703857422
858,2022-06-30 00:00:00-04:00,145.6801300048828
859,2022-07-01 00:00:00-04:00,140.83517456054688
860,2022-07-05 00:00:00-04:00,141.36614990234375
861,2022-07-06 00:00:00-04:00,142.98744201660156
862,2022-07-07 00:00:00-04:00,146.6661834716797
863,2022-07-08 00:00:00-04:00,147.46258544921875
864,2022-07-11 00:00:00-04:00,145.59478759765625
865,2022-07-12 00:00:00-04:00,146.4481201171875
866,2022-07-13 00:00:00-04:00,146.28692626953125
867,2022-07-14 00:00:00-04:00,149.6622772216797
868,2022-07-15 00:00:00-04:00,152.21273803710938
869,2022-07-18 00:00:00-04:00,151.3878631591797
870,2022-07-19 00:00:00-04:00,156.10006713867188
871,2022-07-20 00:00:00-04:00,156.75428771972656
872,2022-07-21 00:00:00-04:00,157.90150451660156
873,2022-07-22 00:00:00-04:00,155.39846801757812
874,2022-07-25 00:00:00-04:00,154.73475646972656
875,2022-07-26 00:00:00-04:00,152.49717712402344
876,2022-07-27 00:00:00-04:00,162.64215087890625
877,2022-07-28 00:00:00-04:00,166.63377380371094
878,2022-07-29 00:00:00-04:00,170.72805786132812
879,2022-08-01 00:00:00-04:00,170.64218139648438
880,2022-08-02 00:00:00-04:00,169.13427734375
881,2022-08-03 00:00:00-04:00,175.09910583496094
882,2022-08-04 00:00:00-04:00,176.473388671875
883,2022-08-05 00:00:00-04:00,175.89122009277344
884,2022-08-08 00:00:00-04:00,174.4596710205078
885,2022-08-09 00:00:00-04:00,169.60191345214844
886,2022-08-10 00:00:00-04:00,174.7650604248047
887,2022-08-11 00:00:00-04:00,173.75343322753906
888,2022-08-12 00:00:00-04:00,176.92198181152344
889,2022-08-15 00:00:00-04:00,176.9410400390625
890,2022-08-16 00:00:00-04:00,174.994140625
891,2022-08-17 00:00:00-04:00,168.64752197265625
892,2022-08-18 00:00:00-04:00,170.3176727294922
893,2022-08-19 00:00:00-04:00,168.39938354492188
894,2022-08-22 00:00:00-04:00,163.61798095703125
895,2022-08-23 00:00:00-04:00,164.648681640625
896,2022-08-24 00:00:00-04:00,164.333740234375
897,2022-08-25 00:00:00-04:00,169.22015380859375
898,2022-08-26 00:00:00-04:00,161.7569580078125
899,2022-08-29 00:00:00-04:00,160.2776641845703
900,2022-08-30 00:00:00-04:00,159.13243103027344
901,2022-08-31 00:00:00-04:00,157.6722412109375
902,2022-09-01 00:00:00-04:00,158.57887268066406
903,2022-09-02 00:00:00-04:00,155.5630340576172
904,2022-09-06 00:00:00-04:00,155.65850830078125
905,2022-09-07 00:00:00-04:00,158.25440979003906
906,2022-09-08 00:00:00-04:00,160.7262420654297
907,2022-09-09 00:00:00-04:00,162.94993591308594
908,2022-09-12 00:00:00-04:00,162.79722595214844
909,2022-09-13 00:00:00-04:00,155.22901916503906
910,2022-09-14 00:00:00-04:00,157.7199249267578
911,2022-09-15 00:00:00-04:00,155.24810791015625
912,2022-09-16 00:00:00-04:00,157.7199249267578
913,2022-09-19 00:00:00-04:00,158.66476440429688
914,2022-09-20 00:00:00-04:00,158.48342895507812
915,2022-09-21 00:00:00-04:00,155.84938049316406
916,2022-09-22 00:00:00-04:00,155.2003936767578
917,2022-09-23 00:00:00-04:00,153.93109130859375
918,2022-09-26 00:00:00-04:00,153.13893127441406
919,2022-09-27 00:00:00-04:00,153.37754821777344
920,2022-09-28 00:00:00-04:00,155.37217712402344
921,2022-09-29 00:00:00-04:00,151.2206573486328
922,2022-09-30 00:00:00-04:00,147.7180938720703
923,2022-10-03 00:00:00-04:00,152.5472412109375
924,2022-10-04 00:00:00-04:00,157.6149444580078
925,2022-10-05 00:00:00-04:00,160.14405822753906
926,2022-10-06 00:00:00-04:00,158.9415283203125
927,2022-10-07 00:00:00-04:00,152.0127716064453
928,2022-10-10 00:00:00-04:00,149.63638305664062
929,2022-10-11 00:00:00-04:00,146.44876098632812
930,2022-10-12 00:00:00-04:00,144.63546752929688
931,2022-10-13 00:00:00-04:00,147.2981719970703
932,2022-10-14 00:00:00-04:00,141.57191467285156
933,2022-10-17 00:00:00-04:00,144.10101318359375
934,2022-10-18 00:00:00-04:00,144.5972900390625
935,2022-10-19 00:00:00-04:00,145.68527221679688
936,2022-10-20 00:00:00-04:00,146.70643615722656
937,2022-10-21 00:00:00-04:00,152.43272399902344
938,2022-10-24 00:00:00-04:00,154.27462768554688
939,2022-10-25 00:00:00-04:00,154.76138305664062
940,2022-10-26 00:00:00-04:00,150.6671142578125
941,2022-10-27 00:00:00-04:00,149.6077423095703
942,2022-10-28 00:00:00-04:00,155.22573852539062
943,2022-10-31 00:00:00-04:00,154.52349853515625
944,2022-11-01 00:00:00-04:00,156.7071990966797
945,2022-11-02 00:00:00-04:00,152.46485900878906
946,2022-11-03 00:00:00-04:00,150.5697479248047
947,2022-11-04 00:00:00-04:00,156.46670532226562
948,2022-11-07 00:00:00-05:00,159.39112854003906
949,2022-11-08 00:00:00-05:00,161.71913146972656
950,2022-11-09 00:00:00-05:00,158.71775817871094
951,2022-11-10 00:00:00-05:00,168.0489959716797
952,2022-11-11 00:00:00-05:00,172.66650390625
953,2022-11-14 00:00:00-05:00,170.69444274902344
954,2022-11-15 00:00:00-05:00,170.81951904296875
955,2022-11-16 00:00:00-05:00,166.8657684326172
956,2022-11-17 00:00:00-05:00,168.69351196289062
957,2022-11-18 00:00:00-05:00,168.52037048339844
958,2022-11-21 00:00:00-05:00,165.84603881835938
959,2022-11-22 00:00:00-05:00,170.4827880859375
960,2022-11-23 00:00:00-05:00,172.1759033203125
961,2022-11-25 00:00:00-05:00,170.33851623535156
962,2022-11-28 00:00:00-05:00,166.42323303222656
963,2022-11-29 00:00:00-05:00,166.40399169921875
964,2022-11-30 00:00:00-05:00,173.59967041015625
965,2022-12-01 00:00:00-05:00,170.75218200683594
966,2022-12-02 00:00:00-05:00,170.90606689453125
967,2022-12-05 00:00:00-05:00,170.64634704589844
968,2022-12-06 00:00:00-05:00,167.71229553222656
969,2022-12-07 00:00:00-05:00,167.1447296142578
970,2022-12-08 00:00:00-05:00,169.65550231933594
971,2022-12-09 00:00:00-05:00,167.6353302001953
972,2022-12-12 00:00:00-05:00,170.73291015625
973,2022-12-13 00:00:00-05:00,170.75218200683594
974,2022-12-14 00:00:00-05:00,169.13604736328125
975,2022-12-15 00:00:00-05:00,163.54690551757812
976,2022-12-16 00:00:00-05:00,163.10440063476562
977,2022-12-19 00:00:00-05:00,161.23814392089844
978,2022-12-20 00:00:00-05:00,159.7759246826172
979,2022-12-21 00:00:00-05:00,162.31556701660156
980,2022-12-22 00:00:00-05:00,158.4387664794922
981,2022-12-23 00:00:00-05:00,158.13096618652344
982,2022-12-27 00:00:00-05:00,157.5537567138672
983,2022-12-28 00:00:00-05:00,155.06222534179688
984,2022-12-29 00:00:00-05:00,158.7466278076172
985,2022-12-30 00:00:00-05:00,158.93902587890625
986,2023-01-03 00:00:00-05:00,157.00540161132812
987,2023-01-04 00:00:00-05:00,162.73883056640625
988,2023-01-05 00:00:00-05:00,160.583984375
989,2023-01-06 00:00:00-05:00,168.50112915039062
990,2023-01-09 00:00:00-05:00,169.9633331298828
991,2023-01-10 00:00:00-05:00,171.61795043945312
992,2023-01-11 00:00:00-05:00,172.070068359375
993,2023-01-12 00:00:00-05:00,171.3582305908203
994,2023-01-13 00:00:00-05:00,172.20477294921875
995,2023-01-17 00:00:00-05:00,168.73199462890625
996,2023-01-18 00:00:00-05:00,167.1543426513672
997,2023-01-19 00:00:00-05:00,164.4319305419922
998,2023-01-20 00:00:00-05:00,166.42323303222656
999,2023-01-23 00:00:00-05:00,171.39669799804688
1000,2023-01-24 00:00:00-05:00,170.30963134765625
1001,2023-01-25 00:00:00-05:00,168.38568115234375
1002,2023-01-26 00:00:00-05:00,167.48141479492188
1003,2023-01-27 00:00:00-05:00,168.5780792236328
1004,2023-01-30 00:00:00-05:00,167.73519897460938
1005,2023-01-31 00:00:00-05:00,171.6880645751953
1006,2023-02-01 00:00:00-05:00,176.42567443847656
1007,2023-02-02 00:00:00-05:00,178.96405029296875
1008,2023-02-03 00:00:00-05:00,176.60975646972656
1009,2023-02-06 00:00:00-05:00,175.35995483398438
1010,2023-02-07 00:00:00-05:00,177.7723846435547
1011,2023-02-08 00:00:00-05:00,171.0001983642578
1012,2023-02-09 00:00:00-05:00,169.53724670410156
1013,2023-02-10 00:00:00-05:00,170.31231689453125
1014,2023-02-13 00:00:00-05:00,171.20364379882812
1015,2023-02-14 00:00:00-05:00,170.84515380859375
1016,2023-02-15 00:00:00-05:00,172.9378662109375
1017,2023-02-16 00:00:00-05:00,170.59326171875
1018,2023-02-17 00:00:00-05:00,169.85694885253906
1019,2023-02-21 00:00:00-05:00,165.4390411376953
1020,2023-02-22 00:00:00-05:00,164.5089569091797
1021,2023-02-23 00:00:00-05:00,166.4660186767578
1022,2023-02-24 00:00:00-05:00,163.86952209472656
1023,2023-02-27 00:00:00-05:00,165.41966247558594
1024,2023-02-28 00:00:00-05:00,166.1075439453125
1025,2023-03-01 00:00:00-05:00,166.80508422851562
1026,2023-03-02 00:00:00-05:00,168.65557861328125
1027,2023-03-03 00:00:00-05:00,170.2057342529297
1028,2023-03-06 00:00:00-05:00,167.65769958496094
1029,2023-03-07 00:00:00-05:00,166.6985321044922
1030,2023-03-08 00:00:00-05:00,170.72891235351562
1031,2023-03-09 00:00:00-05:00,168.03553771972656
1032,2023-03-10 00:00:00-05:00,166.2916259765625
1033,2023-03-13 00:00:00-04:00,168.4715118408203
1034,2023-03-14 00:00:00-04:00,170.25416564941406
1035,2023-03-15 00:00:00-04:00,168.9559326171875
1036,2023-03-16 00:00:00-04:00,171.6105499267578
1037,2023-03-17 00:00:00-04:00,170.2347869873047
1038,2023-03-20 00:00:00-04:00,173.57728576660156
1039,2023-03-21 00:00:00-04:00,172.85067749023438
1040,2023-03-22 00:00:00-04:00,170.82579040527344
1041,2023-03-23 00:00:00-04:00,174.6623992919922
1042,2023-03-24 00:00:00-04:00,173.9163818359375
1043,2023-03-27 00:00:00-04:00,171.5330352783203
1044,2023-03-28 00:00:00-04:00,171.95933532714844
1045,2023-03-29 00:00:00-04:00,175.39869689941406
1046,2023-03-30 00:00:00-04:00,178.49899291992188
1047,2023-03-31 00:00:00-04:00,180.21383666992188
1048,2023-04-03 00:00:00-04:00,178.42149353027344
1049,2023-04-04 00:00:00-04:00,174.77865600585938
1050,2023-04-05 00:00:00-04:00,171.67835998535156
1051,2023-04-06 00:00:00-04:00,172.5697021484375
1052,2023-04-10 00:00:00-04:00,173.82919311523438
1053,2023-04-11 00:00:00-04:00,174.26516723632812
1054,2023-04-12 00:00:00-04:00,172.01747131347656
1055,2023-04-13 00:00:00-04:00,173.5288543701172
1056,2023-04-14 00:00:00-04:00,173.4029083251953
1057,2023-04-17 00:00:00-04:00,174.4395751953125
1058,2023-04-18 00:00:00-04:00,174.701171875
1059,2023-04-19 00:00:00-04:00,171.56211853027344
1060,2023-04-20 00:00:00-04:00,171.11643981933594
1061,2023-04-21 00:00:00-04:00,171.5039825439453
1062,2023-04-24 00:00:00-04:00,170.4188690185547
1063,2023-04-25 00:00:00-04:00,164.1117401123047
1064,2023-04-26 00:00:00-04:00,159.3353729248047
1065,2023-04-27 00:00:00-04:00,160.12013244628906
1066,2023-04-28 00:00:00-04:00,161.98997497558594
1067,2023-05-01 00:00:00-04:00,161.48619079589844
1068,2023-05-02 00:00:00-04:00,158.83157348632812
1069,2023-05-03 00:00:00-04:00,158.25994873046875
1070,2023-05-04 00:00:00-04:00,157.24267578125
1071,2023-05-05 00:00:00-04:00,161.8898468017578
1072,2023-05-08 00:00:00-04:00,160.32777404785156
1073,2023-05-09 00:00:00-04:00,159.13668823242188
1074,2023-05-10 00:00:00-04:00,159.18548583984375
1075,2023-05-11 00:00:00-04:00,157.3500518798828
1076,2023-05-12 00:00:00-04:00,158.04322814941406
1077,2023-05-15 00:00:00-04:00,161.34312438964844
1078,2023-05-16 00:00:00-04:00,159.5076904296875
1079,2023-05-17 00:00:00-04:00,161.4212188720703
1080,2023-05-18 00:00:00-04:00,165.78526306152344
1081,2023-05-19 00:00:00-04:00,166.0781707763672
1082,2023-05-22 00:00:00-04:00,166.8103790283203
1083,2023-05-23 00:00:00-04:00,165.71694946289062
1084,2023-05-24 00:00:00-04:00,163.11021423339844
1085,2023-05-25 00:00:00-04:00,165.5997772216797
1086,2023-05-26 00:00:00-04:00,172.1116943359375
1087,2023-05-30 00:00:00-04:00,172.3655242919922
1088,2023-05-31 00:00:00-04:00,169.75880432128906
1089,2023-06-01 00:00:00-04:00,171.64308166503906
1090,2023-06-02 00:00:00-04:00,171.07681274414062
1091,2023-06-05 00:00:00-04:00,166.224609375
1092,2023-06-06 00:00:00-04:00,166.32225036621094
1093,2023-06-07 00:00:00-04:00,167.9233856201172
1094,2023-06-08 00:00:00-04:00,168.14791870117188
1095,2023-06-09 00:00:00-04:00,166.54678344726562
1096,2023-06-12 00:00:00-04:00,169.91500854492188
1097,2023-06-13 00:00:00-04:00,173.20513916015625
1098,2023-06-14 00:00:00-04:00,172.92202758789062
1099,2023-06-15 00:00:00-04:00,173.8690185546875
1100,2023-06-16 00:00:00-04:00,172.570556640625
1101,2023-06-20 00:00:00-04:00,170.22744750976562
1102,2023-06-21 00:00:00-04:00,166.43939208984375
1103,2023-06-22 00:00:00-04:00,168.5384521484375
1104,2023-06-23 00:00:00-04:00,163.70574951171875
1105,2023-06-26 00:00:00-04:00,164.75039672851562
1106,2023-06-27 00:00:00-04:00,172.13121032714844
1107,2023-06-28 00:00:00-04:00,170.813232421875
1108,2023-06-29 00:00:00-04:00,172.59982299804688
1109,2023-06-30 00:00:00-04:00,175.75328063964844
1110,2023-07-03 00:00:00-04:00,175.4994354248047
1111,2023-07-05 00:00:00-04:00,172.34600830078125
1112,2023-07-06 00:00:00-04:00,170.67654418945312
1113,2023-07-07 00:00:00-04:00,169.58306884765625
1114,2023-07-10 00:00:00-04:00,175.18704223632812
1115,2023-07-11 00:00:00-04:00,174.5817413330078
1116,2023-07-12 00:00:00-04:00,178.04759216308594
1117,2023-07-13 00:00:00-04:00,178.77980041503906
1118,2023-07-14 00:00:00-04:00,176.56361389160156
1119,2023-07-17 00:00:00-04:00,179.0531768798828
1120,2023-07-18 00:00:00-04:00,179.3265380859375
1121,2023-07-19 00:00:00-04:00,179.3167724609375
1122,2023-07-20 00:00:00-04:00,175.65565490722656
1123,2023-07-21 00:00:00-04:00,179.95138549804688
1124,2023-07-24 00:00:00-04:00,179.53155517578125
1125,2023-07-25 00:00:00-04:00,181.66966247558594
1126,2023-07-26 00:00:00-04:00,171.82855224609375
1127,2023-07-27 00:00:00-04:00,173.50779724121094
1128,2023-07-28 00:00:00-04:00,175.365966796875
1129,2023-07-31 00:00:00-04:00,176.968505859375
1130,2023-08-01 00:00:00-04:00,175.365966796875
1131,2023-08-02 00:00:00-04:00,169.5358428955078
1132,2023-08-03 00:00:00-04:00,168.90663146972656
1133,2023-08-04 00:00:00-04:00,165.60321044921875
1134,2023-08-07 00:00:00-04:00,166.1144561767578
1135,2023-08-08 00:00:00-04:00,163.9219970703125
1136,2023-08-09 00:00:00-04:00,164.45291137695312
1137,2023-08-10 00:00:00-04:00,164.73802185058594
1138,2023-08-11 00:00:00-04:00,163.4009246826172
1139,2023-08-14 00:00:00-04:00,167.6088409423828
1140,2023-08-15 00:00:00-04:00,165.3279266357422
1141,2023-08-16 00:00:00-04:00,162.92901611328125
1142,2023-08-17 00:00:00-04:00,162.9683380126953
1143,2023-08-18 00:00:00-04:00,163.68605041503906
1144,2023-08-21 00:00:00-04:00,165.1214599609375
1145,2023-08-22 00:00:00-04:00,164.2956085205078
1146,2023-08-23 00:00:00-04:00,166.96978759765625
1147,2023-08-24 00:00:00-04:00,162.8011932373047
1148,2023-08-25 00:00:00-04:00,164.9838104248047
1149,2023-08-28 00:00:00-04:00,165.85882568359375
1150,2023-08-29 00:00:00-04:00,167.8153076171875
1151,2023-08-30 00:00:00-04:00,166.37989807128906
1152,2023-08-31 00:00:00-04:00,165.22959899902344
1153,2023-09-01 00:00:00-04:00,166.96978759765625
1154,2023-09-05 00:00:00-04:00,166.88131713867188
1155,2023-09-06 00:00:00-04:00,165.2197723388672
1156,2023-09-07 00:00:00-04:00,161.93601989746094
1157,2023-09-08 00:00:00-04:00,161.88687133789062
1158,2023-09-11 00:00:00-04:00,163.0469970703125
1159,2023-09-12 00:00:00-04:00,160.736572265625
1160,2023-09-13 00:00:00-04:00,161.5919189453125
1161,2023-09-14 00:00:00-04:00,163.2534637451172
1162,2023-09-15 00:00:00-04:00,159.88121032714844
1163,2023-09-18 00:00:00-04:00,160.08767700195312
1164,2023-09-19 00:00:00-04:00,160.39247131347656
1165,2023-09-20 00:00:00-04:00,159.36997985839844
1166,2023-09-21 00:00:00-04:00,157.6986083984375
1167,2023-09-22 00:00:00-04:00,157.61012268066406
1168,2023-09-25 00:00:00-04:00,158.190185546875
1169,2023-09-26 00:00:00-04:00,155.29969787597656
1170,2023-09-27 00:00:00-04:00,155.47666931152344
1171,2023-09-28 00:00:00-04:00,156.41067504882812
1172,2023-09-29 00:00:00-04:00,156.33201599121094
1173,2023-10-02 00:00:00-04:00,157.25619506835938
1174,2023-10-03 00:00:00-04:00,154.60165405273438
1175,2023-10-04 00:00:00-04:00,155.3095245361328
1176,2023-10-05 00:00:00-04:00,152.49771118164062
1177,2023-10-06 00:00:00-04:00,154.3558807373047
1178,2023-10-09 00:00:00-04:00,154.08059692382812
1179,2023-10-10 00:00:00-04:00,155.0047607421875
1180,2023-10-11 00:00:00-04:00,154.68031311035156
1181,2023-10-12 00:00:00-04:00,152.38954162597656
1182,2023-10-13 00:00:00-04:00,150.1774444580078
1183,2023-10-16 00:00:00-04:00,151.7013397216797
1184,2023-10-17 00:00:00-04:00,151.66201782226562
1185,2023-10-18 00:00:00-04:00,149.2631072998047
1186,2023-10-19 00:00:00-04:00,148.39793395996094
1187,2023-10-20 00:00:00-04:00,145.3206329345703
1188,2023-10-23 00:00:00-04:00,143.85574340820312
1189,2023-10-24 00:00:00-04:00,144.4456329345703
1190,2023-10-25 00:00:00-04:00,139.4020233154297
1191,2023-10-26 00:00:00-04:00,141.5846405029297
1192,2023-10-27 00:00:00-04:00,140.70962524414062
1193,2023-10-30 00:00:00-04:00,139.39996337890625
1194,2023-10-31 00:00:00-04:00,140.89813232421875
1195,2023-11-01 00:00:00-04:00,142.04905700683594
1196,2023-11-02 00:00:00-04:00,146.15664672851562
1197,2023-11-03 00:00:00-04:00,149.0537872314453
1198,2023-11-06 00:00:00-05:00,146.34515380859375
1199,2023-11-07 00:00:00-05:00,145.44227600097656
1200,2023-11-08 00:00:00-05:00,144.0830078125
1201,2023-11-09 00:00:00-05:00,142.14828491210938
1202,2023-11-10 00:00:00-05:00,146.03758239746094
1203,2023-11-13 00:00:00-05:00,144.72792053222656
1204,2023-11-14 00:00:00-05:00,148.75613403320312
1205,2023-11-15 00:00:00-05:00,150.68093872070312
1206,2023-11-16 00:00:00-05:00,150.70079040527344
1207,2023-11-17 00:00:00-05:00,153.40940856933594
1208,2023-11-20 00:00:00-05:00,154.32220458984375
1209,2023-11-21 00:00:00-05:00,152.22872924804688
1210,2023-11-22 00:00:00-05:00,152.7248077392578
1211,2023-11-24 00:00:00-05:00,152.38748168945312
1212,2023-11-27 00:00:00-05:00,151.40524291992188
1213,2023-11-28 00:00:00-05:00,151.702880859375
1214,2023-11-29 00:00:00-05:00,152.0005340576172
1215,2023-11-30 00:00:00-05:00,151.51437377929688
1216,2023-12-01 00:00:00-05:00,153.9947967529297
1217,2023-12-04 00:00:00-05:00,156.18748474121094
1218,2023-12-05 00:00:00-05:00,156.01882934570312
1219,2023-12-06 00:00:00-05:00,154.82821655273438
1220,2023-12-07 00:00:00-05:00,156.44544982910156
1221,2023-12-08 00:00:00-05:00,155.800537109375
1222,2023-12-11 00:00:00-05:00,158.717529296875
1223,2023-12-12 00:00:00-05:00,156.68357849121094
1224,2023-12-13 00:00:00-05:00,160.54312133789062
1225,2023-12-14 00:00:00-05:00,167.4585418701172
1226,2023-12-15 00:00:00-05:00,167.31964111328125
1227,2023-12-18 00:00:00-05:00,166.10919189453125
1228,2023-12-19 00:00:00-05:00,167.1807403564453
1229,2023-12-20 00:00:00-05:00,163.88673400878906
1230,2023-12-21 00:00:00-05:00,165.50396728515625
1231,2023-12-22 00:00:00-05:00,166.9227752685547
1232,2023-12-26 00:00:00-05:00,169.47265625
1233,2023-12-27 00:00:00-05:00,169.8893585205078
1234,2023-12-28 00:00:00-05:00,170.3755340576172
1235,2023-12-29 00:00:00-05:00,169.12539672851562
1236,2024-01-02 00:00:00-05:00,167.93478393554688
1237,2024-01-03 00:00:00-05:00,165.4345245361328
1238,2024-01-04 00:00:00-05:00,163.1822967529297
1239,2024-01-05 00:00:00-05:00,163.807373046875
1240,2024-01-08 00:00:00-05:00,167.22042846679688
1241,2024-01-09 00:00:00-05:00,167.30972290039062
1242,2024-01-10 00:00:00-05:00,165.94052124023438
1243,2024-01-11 00:00:00-05:00,164.30345153808594
1244,2024-01-12 00:00:00-05:00,163.57916259765625
1245,2024-01-16 00:00:00-05:00,162.596923828125
1246,2024-01-17 00:00:00-05:00,161.14834594726562
1247,2024-01-18 00:00:00-05:00,165.6031951904297
1248,2024-01-19 00:00:00-05:00,172.29042053222656
1249,2024-01-22 00:00:00-05:00,173.461181640625
1250,2024-01-23 00:00:00-05:00,172.9750213623047
1251,2024-01-24 00:00:00-05:00,168.7384490966797
1252,2024-01-25 00:00:00-05:00,166.10919189453125
1253,2024-01-26 00:00:00-05:00,162.80526733398438
1254,2024-01-29 00:00:00-05:00,164.739990234375
1255,2024-01-30 00:00:00-05:00,162.0500030517578
1256,2024-01-31 00:00:00-05:00,160.1199951171875
1257,2024-02-01 00:00:00-05:00,159.69000244140625
1258,2024-02-02 00:00:00-05:00,159.1999969482422
