,Unnamed: 0,Date,ULTA
0,0,2019-02-05,294.0400085449219
1,1,2019-02-06,293.45001220703125
2,2,2019-02-07,293.6400146484375
3,3,2019-02-08,296.0599975585937
4,4,2019-02-11,298.1000061035156
5,5,2019-02-12,302.5
6,6,2019-02-13,303.95001220703125
7,7,2019-02-14,305.0
8,8,2019-02-15,306.3599853515625
9,9,2019-02-19,304.6499938964844
10,10,2019-02-20,306.3099975585937
11,11,2019-02-21,308.0199890136719
12,12,2019-02-22,310.7200012207031
13,13,2019-02-25,309.04998779296875
14,14,2019-02-26,310.0
15,15,2019-02-27,307.1099853515625
16,16,2019-02-28,312.489990234375
17,17,2019-03-01,315.29998779296875
18,18,2019-03-04,311.5
19,19,2019-03-05,312.239990234375
20,20,2019-03-06,312.510009765625
21,21,2019-03-07,305.45001220703125
22,22,2019-03-08,306.3900146484375
23,23,2019-03-11,309.75
24,24,2019-03-12,311.4100036621094
25,25,2019-03-13,315.44000244140625
26,26,2019-03-14,312.510009765625
27,27,2019-03-15,338.4100036621094
28,28,2019-03-18,342.2200012207031
29,29,2019-03-19,334.45001220703125
30,30,2019-03-20,330.7900085449219
31,31,2019-03-21,335.1300048828125
32,32,2019-03-22,330.5199890136719
33,33,2019-03-25,336.6700134277344
34,34,2019-03-26,342.8999938964844
35,35,2019-03-27,346.04998779296875
36,36,2019-03-28,345.2300109863281
37,37,2019-03-29,348.7300109863281
38,38,2019-04-01,352.54998779296875
39,39,2019-04-02,347.29998779296875
40,40,2019-04-03,350.5299987792969
41,41,2019-04-04,350.1400146484375
42,42,2019-04-05,353.6300048828125
43,43,2019-04-08,354.4700012207031
44,44,2019-04-09,348.20001220703125
45,45,2019-04-10,350.2799987792969
46,46,2019-04-11,350.2200012207031
47,47,2019-04-12,344.8299865722656
48,48,2019-04-15,353.94000244140625
49,49,2019-04-16,355.0799865722656
50,50,2019-04-17,354.3299865722656
51,51,2019-04-18,350.8800048828125
52,52,2019-04-22,347.4100036621094
53,53,2019-04-23,351.6300048828125
54,54,2019-04-24,355.8399963378906
55,55,2019-04-25,353.70001220703125
56,56,2019-04-26,357.94000244140625
57,57,2019-04-29,350.8999938964844
58,58,2019-04-30,348.9800109863281
59,59,2019-05-01,334.94000244140625
60,60,2019-05-02,343.67999267578125
61,61,2019-05-03,341.9599914550781
62,62,2019-05-06,346.67999267578125
63,63,2019-05-07,342.3599853515625
64,64,2019-05-08,348.1499938964844
65,65,2019-05-09,348.04998779296875
66,66,2019-05-10,343.239990234375
67,67,2019-05-13,330.2300109863281
68,68,2019-05-14,335.32000732421875
69,69,2019-05-15,340.70001220703125
70,70,2019-05-16,343.239990234375
71,71,2019-05-17,342.45001220703125
72,72,2019-05-20,347.8900146484375
73,73,2019-05-21,353.1600036621094
74,74,2019-05-22,349.0899963378906
75,75,2019-05-23,337.8299865722656
76,76,2019-05-24,335.0899963378906
77,77,2019-05-28,334.8500061035156
78,78,2019-05-29,322.07000732421875
79,79,2019-05-30,328.4599914550781
80,80,2019-05-31,333.3800048828125
81,81,2019-06-03,330.6000061035156
82,82,2019-06-04,335.5299987792969
83,83,2019-06-05,337.4800109863281
84,84,2019-06-06,340.3299865722656
85,85,2019-06-07,338.1600036621094
86,86,2019-06-10,337.04998779296875
87,87,2019-06-11,340.010009765625
88,88,2019-06-12,342.82000732421875
89,89,2019-06-13,349.8099975585937
90,90,2019-06-14,354.6199951171875
91,91,2019-06-17,350.19000244140625
92,92,2019-06-18,347.2099914550781
93,93,2019-06-19,357.8399963378906
94,94,2019-06-20,358.3399963378906
95,95,2019-06-21,355.8099975585937
96,96,2019-06-24,346.5400085449219
97,97,2019-06-25,348.69000244140625
98,98,2019-06-26,344.82000732421875
99,99,2019-06-27,344.2200012207031
100,100,2019-06-28,346.8900146484375
101,101,2019-07-01,340.3800048828125
102,102,2019-07-02,341.3299865722656
103,103,2019-07-03,345.42999267578125
104,104,2019-07-05,344.95001220703125
105,105,2019-07-08,352.69000244140625
106,106,2019-07-09,348.4800109863281
107,107,2019-07-10,347.20001220703125
108,108,2019-07-11,346.9800109863281
109,109,2019-07-12,356.3900146484375
110,110,2019-07-15,355.67999267578125
111,111,2019-07-16,360.5400085449219
112,112,2019-07-17,366.3900146484375
113,113,2019-07-18,366.2099914550781
114,114,2019-07-19,357.0
115,115,2019-07-22,352.95001220703125
116,116,2019-07-23,351.989990234375
117,117,2019-07-24,352.94000244140625
118,118,2019-07-25,354.6199951171875
119,119,2019-07-26,353.8800048828125
120,120,2019-07-29,346.1300048828125
121,121,2019-07-30,348.6300048828125
122,122,2019-07-31,349.25
123,123,2019-08-01,345.510009765625
124,124,2019-08-02,337.0199890136719
125,125,2019-08-05,330.1400146484375
126,126,2019-08-06,340.2799987792969
127,127,2019-08-07,343.67999267578125
128,128,2019-08-08,353.0400085449219
129,129,2019-08-09,346.70001220703125
130,130,2019-08-12,336.510009765625
131,131,2019-08-13,341.20001220703125
132,132,2019-08-14,321.0
133,133,2019-08-15,320.44000244140625
134,134,2019-08-16,322.0299987792969
135,135,2019-08-19,325.25
136,136,2019-08-20,323.0799865722656
137,137,2019-08-21,328.1199951171875
138,138,2019-08-22,334.8599853515625
139,139,2019-08-23,322.1000061035156
140,140,2019-08-26,330.2200012207031
141,141,2019-08-27,323.7699890136719
142,142,2019-08-28,330.3800048828125
143,143,2019-08-29,337.45001220703125
144,144,2019-08-30,237.72999572753903
145,145,2019-09-03,237.41000366210935
146,146,2019-09-04,228.75999450683597
147,147,2019-09-05,236.7100067138672
148,148,2019-09-06,233.1000061035156
149,149,2019-09-09,226.16000366210935
150,150,2019-09-10,231.4199981689453
151,151,2019-09-11,228.1499938964844
152,152,2019-09-12,226.16000366210935
153,153,2019-09-13,226.8600006103516
154,154,2019-09-16,225.4499969482422
155,155,2019-09-17,233.8500061035156
156,156,2019-09-18,229.33999633789065
157,157,2019-09-19,230.07000732421875
158,158,2019-09-20,228.75
159,159,2019-09-23,237.30999755859372
160,160,2019-09-24,239.47999572753903
161,161,2019-09-25,235.5399932861328
162,162,2019-09-26,236.30999755859372
163,163,2019-09-27,244.3999938964844
164,164,2019-09-30,250.6499938964844
165,165,2019-10-01,265.989990234375
166,166,2019-10-02,262.7900085449219
167,167,2019-10-03,257.42999267578125
168,168,2019-10-04,250.6000061035156
169,169,2019-10-07,242.75
170,170,2019-10-08,237.02999877929688
171,171,2019-10-09,238.0399932861328
172,172,2019-10-10,241.75
173,173,2019-10-11,248.4600067138672
174,174,2019-10-14,246.57000732421875
175,175,2019-10-15,245.3999938964844
176,176,2019-10-16,244.97999572753903
177,177,2019-10-17,248.1000061035156
178,178,2019-10-18,239.9199981689453
179,179,2019-10-21,235.3000030517578
180,180,2019-10-22,236.91000366210935
181,181,2019-10-23,237.8699951171875
182,182,2019-10-24,238.92999267578125
183,183,2019-10-25,240.8999938964844
184,184,2019-10-28,241.7400054931641
185,185,2019-10-29,242.1100006103516
186,186,2019-10-30,240.25
187,187,2019-10-31,233.1499938964844
188,188,2019-11-01,233.1100006103516
189,189,2019-11-04,237.19000244140625
190,190,2019-11-05,245.4199981689453
191,191,2019-11-06,243.9900054931641
192,192,2019-11-07,243.7700042724609
193,193,2019-11-08,239.2899932861328
194,194,2019-11-11,241.9600067138672
195,195,2019-11-12,243.97000122070312
196,196,2019-11-13,244.0399932861328
197,197,2019-11-14,242.8699951171875
198,198,2019-11-15,246.3000030517578
199,199,2019-11-18,244.3300018310547
200,200,2019-11-19,239.6000061035156
201,201,2019-11-20,234.2899932861328
202,202,2019-11-21,228.4900054931641
203,203,2019-11-22,228.8600006103516
204,204,2019-11-25,231.2100067138672
205,205,2019-11-26,235.97000122070312
206,206,2019-11-27,233.97999572753903
207,207,2019-11-29,233.8600006103516
208,208,2019-12-02,236.2700042724609
209,209,2019-12-03,237.1000061035156
210,210,2019-12-04,239.42999267578125
211,211,2019-12-05,236.0200042724609
212,212,2019-12-06,262.20001220703125
213,213,2019-12-09,252.63999938964844
214,214,2019-12-10,250.3699951171875
215,215,2019-12-11,251.63999938964844
216,216,2019-12-12,258.8699951171875
217,217,2019-12-13,253.5
218,218,2019-12-16,249.1000061035156
219,219,2019-12-17,255.9600067138672
220,220,2019-12-18,250.07000732421875
221,221,2019-12-19,250.69000244140625
222,222,2019-12-20,250.5
223,223,2019-12-23,253.0200042724609
224,224,2019-12-24,252.4900054931641
225,225,2019-12-26,251.3300018310547
226,226,2019-12-27,253.1699981689453
227,227,2019-12-30,251.3500061035156
228,228,2019-12-31,253.13999938964844
229,229,2020-01-02,254.5500030517578
230,230,2020-01-03,250.1699981689453
231,231,2020-01-06,250.9499969482422
232,232,2020-01-07,253.08999633789065
233,233,2020-01-08,258.0
234,234,2020-01-09,263.5
235,235,2020-01-10,267.2799987792969
236,236,2020-01-13,275.70001220703125
237,237,2020-01-14,282.6199951171875
238,238,2020-01-15,276.20001220703125
239,239,2020-01-16,277.0
240,240,2020-01-17,272.8900146484375
241,241,2020-01-21,272.010009765625
242,242,2020-01-22,273.9700012207031
243,243,2020-01-23,272.20001220703125
244,244,2020-01-24,272.9800109863281
245,245,2020-01-27,273.70001220703125
246,246,2020-01-28,273.8699951171875
247,247,2020-01-29,273.9800109863281
248,248,2020-01-30,274.489990234375
249,249,2020-01-31,267.9100036621094
250,250,2020-02-03,274.9599914550781
251,251,2020-02-04,273.5199890136719
252,252,2020-02-05,278.17999267578125
253,253,2020-02-06,293.04998779296875
254,254,2020-02-07,295.9599914550781
255,255,2020-02-10,293.25
256,256,2020-02-11,293.7799987792969
257,257,2020-02-12,299.29998779296875
258,258,2020-02-13,297.0899963378906
259,259,2020-02-14,294.57000732421875
260,260,2020-02-18,298.7099914550781
261,261,2020-02-19,296.8599853515625
262,262,2020-02-20,301.3399963378906
263,263,2020-02-21,299.3999938964844
264,264,2020-02-24,285.57000732421875
265,265,2020-02-25,277.989990234375
266,266,2020-02-26,272.760009765625
267,267,2020-02-27,265.3800048828125
268,268,2020-02-28,257.0899963378906
269,269,2020-03-02,260.989990234375
270,270,2020-03-03,256.70001220703125
271,271,2020-03-04,268.8399963378906
272,272,2020-03-05,257.1400146484375
273,273,2020-03-06,256.5799865722656
274,274,2020-03-09,235.6999969482422
275,275,2020-03-10,239.05999755859372
276,276,2020-03-11,221.2100067138672
277,277,2020-03-12,198.5399932861328
278,278,2020-03-13,207.05999755859372
279,279,2020-03-16,161.5399932861328
280,280,2020-03-17,154.60000610351562
281,281,2020-03-18,128.52000427246094
282,282,2020-03-19,146.99000549316406
283,283,2020-03-20,148.05999755859375
284,284,2020-03-23,143.24000549316406
285,285,2020-03-24,177.58999633789062
286,286,2020-03-25,191.8800048828125
287,287,2020-03-26,188.8300018310547
288,288,2020-03-27,174.4499969482422
289,289,2020-03-30,179.7100067138672
290,290,2020-03-31,175.6999969482422
291,291,2020-04-01,161.5
292,292,2020-04-02,161.35000610351562
293,293,2020-04-03,156.74000549316406
294,294,2020-04-06,188.67999267578125
295,295,2020-04-07,187.5500030517578
296,296,2020-04-08,200.57000732421875
297,297,2020-04-09,202.47999572753903
298,298,2020-04-13,202.6000061035156
299,299,2020-04-14,205.0
300,300,2020-04-15,201.5200042724609
301,301,2020-04-16,208.9199981689453
302,302,2020-04-17,215.50999450683597
303,303,2020-04-20,208.07000732421875
304,304,2020-04-21,201.57000732421875
305,305,2020-04-22,208.7100067138672
306,306,2020-04-23,210.67999267578125
307,307,2020-04-24,210.5200042724609
308,308,2020-04-27,208.08999633789065
309,309,2020-04-28,218.67999267578125
310,310,2020-04-29,226.16000366210935
311,311,2020-04-30,217.9199981689453
312,312,2020-05-01,214.27999877929688
313,313,2020-05-04,215.47999572753903
314,314,2020-05-05,218.2100067138672
315,315,2020-05-06,218.2700042724609
316,316,2020-05-07,222.16000366210935
317,317,2020-05-08,230.07000732421875
318,318,2020-05-11,230.3600006103516
319,319,2020-05-12,211.8999938964844
320,320,2020-05-13,197.6100006103516
321,321,2020-05-14,200.97000122070312
322,322,2020-05-15,200.4499969482422
323,323,2020-05-18,212.57000732421875
324,324,2020-05-19,210.22000122070312
325,325,2020-05-20,213.47999572753903
326,326,2020-05-21,222.75999450683597
327,327,2020-05-22,220.6199951171875
328,328,2020-05-26,237.97999572753903
329,329,2020-05-27,251.6300048828125
330,330,2020-05-28,243.30999755859372
331,331,2020-05-29,244.00999450683597
332,332,2020-06-01,239.08999633789065
333,333,2020-06-02,241.22000122070312
334,334,2020-06-03,252.3000030517578
335,335,2020-06-04,247.97999572753903
336,336,2020-06-05,252.0800018310547
337,337,2020-06-08,254.57000732421875
338,338,2020-06-09,244.67999267578125
339,339,2020-06-10,238.41000366210935
340,340,2020-06-11,225.8800048828125
341,341,2020-06-12,226.6300048828125
342,342,2020-06-15,225.4900054931641
343,343,2020-06-16,225.8999938964844
344,344,2020-06-17,223.6499938964844
345,345,2020-06-18,218.97000122070312
346,346,2020-06-19,212.19000244140625
347,347,2020-06-22,205.4900054931641
348,348,2020-06-23,206.6999969482422
349,349,2020-06-24,200.0
350,350,2020-06-25,194.1999969482422
351,351,2020-06-26,189.9900054931641
352,352,2020-06-29,198.6300048828125
353,353,2020-06-30,203.4199981689453
354,354,2020-07-01,203.57000732421875
355,355,2020-07-02,203.58999633789065
356,356,2020-07-06,209.0
357,357,2020-07-07,202.92999267578125
358,358,2020-07-08,202.0200042724609
359,359,2020-07-09,192.3000030517578
360,360,2020-07-10,195.9900054931641
361,361,2020-07-13,192.7100067138672
362,362,2020-07-14,191.94000244140625
363,363,2020-07-15,203.80999755859372
364,364,2020-07-16,203.17999267578125
365,365,2020-07-17,203.0
366,366,2020-07-20,200.05999755859372
367,367,2020-07-21,201.9600067138672
368,368,2020-07-22,205.44000244140625
369,369,2020-07-23,205.63999938964844
370,370,2020-07-24,203.7100067138672
371,371,2020-07-27,198.83999633789065
372,372,2020-07-28,197.55999755859372
373,373,2020-07-29,203.0200042724609
374,374,2020-07-30,198.6100006103516
375,375,2020-07-31,192.9900054931641
376,376,2020-08-03,191.2899932861328
377,377,2020-08-04,198.4900054931641
378,378,2020-08-05,201.9600067138672
379,379,2020-08-06,204.00999450683597
380,380,2020-08-07,203.8800048828125
381,381,2020-08-10,219.1199951171875
382,382,2020-08-11,216.19000244140625
383,383,2020-08-12,217.77999877929688
384,384,2020-08-13,222.4199981689453
385,385,2020-08-14,225.4199981689453
386,386,2020-08-17,224.0800018310547
387,387,2020-08-18,216.2400054931641
388,388,2020-08-19,213.3600006103516
389,389,2020-08-20,205.3999938964844
390,390,2020-08-21,214.0
391,391,2020-08-24,222.5
392,392,2020-08-25,219.77999877929688
393,393,2020-08-26,220.75999450683597
394,394,2020-08-27,223.9499969482422
395,395,2020-08-28,237.0200042724609
396,396,2020-08-31,232.17999267578125
397,397,2020-09-01,232.8800048828125
398,398,2020-09-02,237.66000366210935
399,399,2020-09-03,238.0399932861328
400,400,2020-09-04,240.50999450683597
401,401,2020-09-08,233.25
402,402,2020-09-09,235.3999938964844
403,403,2020-09-10,232.1000061035156
404,404,2020-09-11,228.8999938964844
405,405,2020-09-14,234.13999938964844
406,406,2020-09-15,237.32000732421875
407,407,2020-09-16,239.94000244140625
408,408,2020-09-17,234.72999572753903
409,409,2020-09-18,231.7400054931641
410,410,2020-09-21,225.8800048828125
411,411,2020-09-22,223.9600067138672
412,412,2020-09-23,217.0399932861328
413,413,2020-09-24,215.58999633789065
414,414,2020-09-25,216.8300018310547
415,415,2020-09-28,225.7400054931641
416,416,2020-09-29,222.8800048828125
417,417,2020-09-30,223.97999572753903
418,418,2020-10-01,228.6300048828125
419,419,2020-10-02,228.67999267578125
420,420,2020-10-05,233.77999877929688
421,421,2020-10-06,225.5800018310547
422,422,2020-10-07,229.4900054931641
423,423,2020-10-08,237.4199981689453
424,424,2020-10-09,233.5500030517578
425,425,2020-10-12,237.8999938964844
426,426,2020-10-13,238.3999938964844
427,427,2020-10-14,239.6699981689453
428,428,2020-10-15,238.94000244140625
429,429,2020-10-16,242.0
430,430,2020-10-19,235.4499969482422
431,431,2020-10-20,232.72999572753903
432,432,2020-10-21,232.8500061035156
433,433,2020-10-22,236.0
434,434,2020-10-23,235.1100006103516
435,435,2020-10-26,220.97000122070312
436,436,2020-10-27,213.3800048828125
437,437,2020-10-28,201.42999267578125
438,438,2020-10-29,205.6199951171875
439,439,2020-10-30,206.7700042724609
440,440,2020-11-02,210.77999877929688
441,441,2020-11-03,217.52999877929688
442,442,2020-11-04,217.32000732421875
443,443,2020-11-05,214.25999450683597
444,444,2020-11-06,215.0200042724609
445,445,2020-11-09,247.1999969482422
446,446,2020-11-10,265.489990234375
447,447,2020-11-11,255.4199981689453
448,448,2020-11-12,248.0800018310547
449,449,2020-11-13,262.3500061035156
450,450,2020-11-16,275.2900085449219
451,451,2020-11-17,276.20001220703125
452,452,2020-11-18,274.2099914550781
453,453,2020-11-19,274.8599853515625
454,454,2020-11-20,273.6499938964844
455,455,2020-11-23,282.8699951171875
456,456,2020-11-24,284.7099914550781
457,457,2020-11-25,279.5400085449219
458,458,2020-11-27,281.2900085449219
459,459,2020-11-30,275.3999938964844
460,460,2020-12-01,279.5299987792969
461,461,2020-12-02,282.0
462,462,2020-12-03,289.5299987792969
463,463,2020-12-04,279.5400085449219
464,464,2020-12-07,273.260009765625
465,465,2020-12-08,272.0
466,466,2020-12-09,275.6600036621094
467,467,2020-12-10,272.1300048828125
468,468,2020-12-11,265.3900146484375
469,469,2020-12-14,265.7900085449219
470,470,2020-12-15,267.54998779296875
471,471,2020-12-16,269.9200134277344
472,472,2020-12-17,272.7799987792969
473,473,2020-12-18,268.42999267578125
474,474,2020-12-21,268.1400146484375
475,475,2020-12-22,265.0899963378906
476,476,2020-12-23,268.4599914550781
477,477,2020-12-24,264.6400146484375
478,478,2020-12-28,278.1700134277344
479,479,2020-12-29,277.3399963378906
480,480,2020-12-30,282.9800109863281
481,481,2020-12-31,287.1600036621094
482,482,2021-01-04,282.4700012207031
483,483,2021-01-05,280.3599853515625
484,484,2021-01-06,291.19000244140625
485,485,2021-01-07,292.4200134277344
486,486,2021-01-08,294.260009765625
487,487,2021-01-11,290.17999267578125
488,488,2021-01-12,294.2200012207031
489,489,2021-01-13,294.010009765625
490,490,2021-01-14,301.7900085449219
491,491,2021-01-15,301.8500061035156
492,492,2021-01-19,293.1700134277344
493,493,2021-01-20,295.3999938964844
494,494,2021-01-21,300.239990234375
495,495,2021-01-22,299.9200134277344
496,496,2021-01-25,295.739990234375
497,497,2021-01-26,295.7200012207031
498,498,2021-01-27,287.44000244140625
499,499,2021-01-28,290.82000732421875
500,500,2021-01-29,279.760009765625
501,501,2021-02-01,282.2099914550781
502,502,2021-02-02,287.1499938964844
503,503,2021-02-03,288.9800109863281
504,504,2021-02-04,295.5899963378906
505,505,2021-02-05,302.0299987792969
506,506,2021-02-08,315.95001220703125
507,507,2021-02-09,319.0799865722656
508,508,2021-02-10,315.70001220703125
509,509,2021-02-11,320.8500061035156
510,510,2021-02-12,319.8800048828125
511,511,2021-02-16,327.7699890136719
512,512,2021-02-17,324.54998779296875
513,513,2021-02-18,318.9700012207031
514,514,2021-02-19,321.7900085449219
515,515,2021-02-22,327.9100036621094
516,516,2021-02-23,328.0599975585937
517,517,2021-02-24,334.0799865722656
518,518,2021-02-25,327.67999267578125
519,519,2021-02-26,322.3299865722656
520,520,2021-03-01,337.4200134277344
521,521,2021-03-02,336.82000732421875
522,522,2021-03-03,334.3900146484375
523,523,2021-03-04,324.3999938964844
524,524,2021-03-05,333.3699951171875
525,525,2021-03-08,345.7699890136719
526,526,2021-03-09,339.04998779296875
527,527,2021-03-10,343.1400146484375
528,528,2021-03-11,347.5
529,529,2021-03-12,318.1499938964844
530,530,2021-03-15,322.489990234375
531,531,2021-03-16,312.260009765625
532,532,2021-03-17,319.0
533,533,2021-03-18,319.2300109863281
534,534,2021-03-19,321.8399963378906
535,535,2021-03-22,315.0899963378906
536,536,2021-03-23,309.5299987792969
537,537,2021-03-24,301.0
538,538,2021-03-25,306.5899963378906
539,539,2021-03-26,303.0
540,540,2021-03-29,306.17999267578125
541,541,2021-03-30,308.0
542,542,2021-03-31,309.1700134277344
543,543,2021-04-01,313.6199951171875
544,544,2021-04-05,319.7699890136719
545,545,2021-04-06,315.4700012207031
546,546,2021-04-07,316.1099853515625
547,547,2021-04-08,320.0299987792969
548,548,2021-04-09,322.2200012207031
549,549,2021-04-12,327.7900085449219
550,550,2021-04-13,332.07000732421875
551,551,2021-04-14,329.04998779296875
552,552,2021-04-15,326.32000732421875
553,553,2021-04-16,330.7099914550781
554,554,2021-04-19,328.260009765625
555,555,2021-04-20,316.94000244140625
556,556,2021-04-21,322.6300048828125
557,557,2021-04-22,323.8099975585937
558,558,2021-04-23,328.44000244140625
559,559,2021-04-26,328.2900085449219
560,560,2021-04-27,329.1499938964844
561,561,2021-04-28,326.8599853515625
562,562,2021-04-29,328.8999938964844
563,563,2021-04-30,329.3500061035156
564,564,2021-05-03,324.2799987792969
565,565,2021-05-04,320.8099975585937
566,566,2021-05-05,318.94000244140625
567,567,2021-05-06,316.9599914550781
568,568,2021-05-07,322.739990234375
569,569,2021-05-10,322.3399963378906
570,570,2021-05-11,312.29998779296875
571,571,2021-05-12,302.260009765625
572,572,2021-05-13,311.6600036621094
573,573,2021-05-14,324.2799987792969
574,574,2021-05-17,329.8099975585937
575,575,2021-05-18,326.8800048828125
576,576,2021-05-19,319.3299865722656
577,577,2021-05-20,318.6199951171875
578,578,2021-05-21,316.0799865722656
579,579,2021-05-24,315.82000732421875
580,580,2021-05-25,320.989990234375
581,581,2021-05-26,327.489990234375
582,582,2021-05-27,328.3599853515625
583,583,2021-05-28,345.3599853515625
584,584,2021-06-01,343.17999267578125
585,585,2021-06-02,336.7900085449219
586,586,2021-06-03,332.95001220703125
587,587,2021-06-04,326.6199951171875
588,588,2021-06-07,332.79998779296875
589,589,2021-06-08,341.3299865722656
590,590,2021-06-09,332.67999267578125
591,591,2021-06-10,332.010009765625
592,592,2021-06-11,338.4599914550781
593,593,2021-06-14,336.7900085449219
594,594,2021-06-15,332.6499938964844
595,595,2021-06-16,331.8299865722656
596,596,2021-06-17,328.3399963378906
597,597,2021-06-18,327.19000244140625
598,598,2021-06-21,334.8999938964844
599,599,2021-06-22,335.6700134277344
600,600,2021-06-23,341.17999267578125
601,601,2021-06-24,351.8500061035156
602,602,2021-06-25,348.8599853515625
603,603,2021-06-28,343.1199951171875
604,604,2021-06-29,343.7699890136719
605,605,2021-06-30,345.7699890136719
606,606,2021-07-01,348.9800109863281
607,607,2021-07-02,351.8999938964844
608,608,2021-07-06,351.9700012207031
609,609,2021-07-07,340.79998779296875
610,610,2021-07-08,335.3299865722656
611,611,2021-07-09,343.6499938964844
612,612,2021-07-12,342.8399963378906
613,613,2021-07-13,339.3099975585937
614,614,2021-07-14,342.2799987792969
615,615,2021-07-15,340.9700012207031
616,616,2021-07-16,332.1199951171875
617,617,2021-07-19,323.6700134277344
618,618,2021-07-20,334.5
619,619,2021-07-21,341.6499938964844
620,620,2021-07-22,340.32000732421875
621,621,2021-07-23,341.5799865722656
622,622,2021-07-26,344.2699890136719
623,623,2021-07-27,337.5199890136719
624,624,2021-07-28,333.9700012207031
625,625,2021-07-29,334.6099853515625
626,626,2021-07-30,335.79998779296875
627,627,2021-08-02,336.760009765625
628,628,2021-08-03,346.6600036621094
629,629,2021-08-04,342.57000732421875
630,630,2021-08-05,351.6499938964844
631,631,2021-08-06,352.989990234375
632,632,2021-08-09,352.6499938964844
633,633,2021-08-10,361.739990234375
634,634,2021-08-11,366.8299865722656
635,635,2021-08-12,371.9100036621094
636,636,2021-08-13,371.8500061035156
637,637,2021-08-16,369.6700134277344
638,638,2021-08-17,360.739990234375
639,639,2021-08-18,361.7200012207031
640,640,2021-08-19,360.8599853515625
641,641,2021-08-20,366.7699890136719
642,642,2021-08-23,370.0
643,643,2021-08-24,373.8500061035156
644,644,2021-08-25,389.8999938964844
645,645,2021-08-26,388.6799926757813
646,646,2021-08-27,387.2300109863281
647,647,2021-08-30,383.1700134277344
648,648,2021-08-31,387.30999755859375
649,649,2021-09-01,387.4599914550781
650,650,2021-09-02,381.2099914550781
651,651,2021-09-03,382.1099853515625
652,652,2021-09-07,379.3299865722656
653,653,2021-09-08,376.2999877929688
654,654,2021-09-09,382.0799865722656
655,655,2021-09-10,374.8200073242188
656,656,2021-09-13,372.2900085449219
657,657,2021-09-14,373.7300109863281
658,658,2021-09-15,375.9299926757813
659,659,2021-09-16,382.3200073242188
660,660,2021-09-17,379.0499877929688
661,661,2021-09-20,369.739990234375
662,662,2021-09-21,369.8399963378906
663,663,2021-09-22,375.8500061035156
664,664,2021-09-23,380.760009765625
665,665,2021-09-24,382.1300048828125
666,666,2021-09-27,381.1300048828125
667,667,2021-09-28,378.1400146484375
668,668,2021-09-29,378.3500061035156
669,669,2021-09-30,360.9200134277344
670,670,2021-10-01,368.0299987792969
671,671,2021-10-04,369.9200134277344
672,672,2021-10-05,373.7699890136719
673,673,2021-10-06,368.2099914550781
674,674,2021-10-07,375.0299987792969
675,675,2021-10-08,378.3699951171875
676,676,2021-10-11,380.8699951171875
677,677,2021-10-12,386.9200134277344
678,678,2021-10-13,395.30999755859375
679,679,2021-10-14,403.9100036621094
680,680,2021-10-15,405.7200012207031
681,681,2021-10-18,406.3500061035156
682,682,2021-10-19,363.3500061035156
683,683,2021-10-20,358.1499938964844
684,684,2021-10-21,371.8800048828125
685,685,2021-10-22,371.4500122070313
686,686,2021-10-25,371.0
687,687,2021-10-26,366.05999755859375
688,688,2021-10-27,369.7900085449219
689,689,2021-10-28,370.3900146484375
690,690,2021-10-29,367.3599853515625
691,691,2021-11-01,365.1300048828125
692,692,2021-11-02,371.8599853515625
693,693,2021-11-03,381.7799987792969
694,694,2021-11-04,381.0700073242188
695,695,2021-11-05,391.8500061035156
696,696,2021-11-08,388.1099853515625
697,697,2021-11-09,395.1099853515625
698,698,2021-11-10,391.3399963378906
699,699,2021-11-11,395.5700073242188
700,700,2021-11-12,396.5
701,701,2021-11-15,401.7300109863281
702,702,2021-11-16,413.8599853515625
703,703,2021-11-17,402.2099914550781
704,704,2021-11-18,405.6499938964844
705,705,2021-11-19,407.7099914550781
706,706,2021-11-22,411.7699890136719
707,707,2021-11-23,408.9299926757813
708,708,2021-11-24,409.55999755859375
709,709,2021-11-26,399.5299987792969
710,710,2021-11-29,401.4200134277344
711,711,2021-11-30,383.9500122070313
712,712,2021-12-01,370.0199890136719
713,713,2021-12-02,383.6400146484375
714,714,2021-12-03,378.80999755859375
715,715,2021-12-06,390.0199890136719
716,716,2021-12-07,407.7000122070313
717,717,2021-12-08,412.0899963378906
718,718,2021-12-09,404.4100036621094
719,719,2021-12-10,403.489990234375
720,720,2021-12-13,388.2900085449219
721,721,2021-12-14,389.6499938964844
722,722,2021-12-15,394.6099853515625
723,723,2021-12-16,385.1700134277344
724,724,2021-12-17,380.9400024414063
725,725,2021-12-20,365.8200073242188
726,726,2021-12-21,378.2699890136719
727,727,2021-12-22,387.9100036621094
728,728,2021-12-23,392.3699951171875
729,729,2021-12-27,403.8399963378906
730,730,2021-12-28,398.80999755859375
731,731,2021-12-29,405.2999877929688
732,732,2021-12-30,404.7900085449219
733,733,2021-12-31,412.3399963378906
734,734,2022-01-03,413.2300109863281
735,735,2022-01-04,418.739990234375
736,736,2022-01-05,401.489990234375
737,737,2022-01-06,400.489990234375
738,738,2022-01-07,397.1000061035156
739,739,2022-01-10,381.0400085449219
740,740,2022-01-11,384.4400024414063
741,741,2022-01-12,384.1600036621094
742,742,2022-01-13,378.1499938964844
743,743,2022-01-14,374.4800109863281
744,744,2022-01-18,372.9700012207031
745,745,2022-01-19,371.6799926757813
746,746,2022-01-20,359.1099853515625
747,747,2022-01-21,349.4200134277344
748,748,2022-01-24,364.8399963378906
749,749,2022-01-25,352.739990234375
750,750,2022-01-26,353.8099975585937
751,751,2022-01-27,351.5799865722656
752,752,2022-01-28,358.8299865722656
753,753,2022-01-31,363.739990234375
754,754,2022-02-01,372.3200073242188
755,755,2022-02-02,371.6900024414063
756,756,2022-02-03,364.760009765625
757,757,2022-02-04,365.7300109863281
758,758,2022-02-07,364.260009765625
759,759,2022-02-08,364.2300109863281
760,760,2022-02-09,376.0400085449219
761,761,2022-02-10,374.010009765625
762,762,2022-02-11,362.1700134277344
763,763,2022-02-14,362.6499938964844
764,764,2022-02-15,379.6499938964844
765,765,2022-02-16,381.6000061035156
766,766,2022-02-17,369.1199951171875
767,767,2022-02-18,375.8299865722656
768,768,2022-02-22,368.1300048828125
769,769,2022-02-23,355.07000732421875
770,770,2022-02-24,373.0899963378906
771,771,2022-02-25,378.0700073242188
772,772,2022-02-28,374.5
773,773,2022-03-01,369.010009765625
774,774,2022-03-02,381.5
775,775,2022-03-03,373.6900024414063
776,776,2022-03-04,366.760009765625
777,777,2022-03-07,350.8399963378906
778,778,2022-03-08,359.0199890136719
779,779,2022-03-09,373.30999755859375
780,780,2022-03-10,379.3699951171875
781,781,2022-03-11,368.510009765625
782,782,2022-03-14,357.5199890136719
783,783,2022-03-15,371.3800048828125
784,784,2022-03-16,385.510009765625
785,785,2022-03-17,387.30999755859375
786,786,2022-03-18,391.2300109863281
787,787,2022-03-21,385.6700134277344
788,788,2022-03-22,389.75
789,789,2022-03-23,389.7900085449219
790,790,2022-03-24,395.8399963378906
791,791,2022-03-25,395.0700073242188
792,792,2022-03-28,395.4800109863281
793,793,2022-03-29,406.5
794,794,2022-03-30,401.75
795,795,2022-03-31,398.2200012207031
796,796,2022-04-01,388.2200012207031
797,797,2022-04-04,398.6199951171875
798,798,2022-04-05,398.3500061035156
799,799,2022-04-06,391.2099914550781
800,800,2022-04-07,398.7799987792969
801,801,2022-04-08,401.5499877929688
802,802,2022-04-11,403.7799987792969
803,803,2022-04-12,405.8999938964844
804,804,2022-04-13,415.5
805,805,2022-04-14,415.6499938964844
806,806,2022-04-18,415.8399963378906
807,807,2022-04-19,428.3699951171875
808,808,2022-04-20,431.3800048828125
809,809,2022-04-21,421.4299926757813
810,810,2022-04-22,406.510009765625
811,811,2022-04-25,418.1400146484375
812,812,2022-04-26,407.3299865722656
813,813,2022-04-27,402.7799987792969
814,814,2022-04-28,417.4200134277344
815,815,2022-04-29,396.7999877929688
816,816,2022-05-02,405.5499877929688
817,817,2022-05-03,401.2300109863281
818,818,2022-05-04,408.6400146484375
819,819,2022-05-05,396.6300048828125
820,820,2022-05-06,389.4299926757813
821,821,2022-05-09,381.0899963378906
822,822,2022-05-10,380.8699951171875
823,823,2022-05-11,375.9500122070313
824,824,2022-05-12,377.8500061035156
825,825,2022-05-13,395.8900146484375
826,826,2022-05-16,393.1600036621094
827,827,2022-05-17,393.010009765625
828,828,2022-05-18,350.45001220703125
829,829,2022-05-19,351.3099975585937
830,830,2022-05-20,343.04998779296875
831,831,2022-05-23,346.6499938964844
832,832,2022-05-24,342.0799865722656
833,833,2022-05-25,352.95001220703125
834,834,2022-05-26,377.9599914550781
835,835,2022-05-27,425.0799865722656
836,836,2022-05-31,423.1000061035156
837,837,2022-06-01,407.3200073242188
838,838,2022-06-02,416.5400085449219
839,839,2022-06-03,404.4100036621094
840,840,2022-06-06,413.7300109863281
841,841,2022-06-07,421.0199890136719
842,842,2022-06-08,425.3900146484375
843,843,2022-06-09,422.3500061035156
844,844,2022-06-10,407.7200012207031
845,845,2022-06-13,391.7699890136719
846,846,2022-06-14,392.6700134277344
847,847,2022-06-15,405.6099853515625
848,848,2022-06-16,390.4700012207031
849,849,2022-06-17,395.8299865722656
850,850,2022-06-21,401.260009765625
851,851,2022-06-22,396.2200012207031
852,852,2022-06-23,395.9100036621094
853,853,2022-06-24,410.5400085449219
854,854,2022-06-27,400.489990234375
855,855,2022-06-28,385.8999938964844
856,856,2022-06-29,391.6400146484375
857,857,2022-06-30,385.4800109863281
858,858,2022-07-01,382.8500061035156
859,859,2022-07-05,378.4700012207031
860,860,2022-07-06,381.760009765625
861,861,2022-07-07,383.6400146484375
862,862,2022-07-08,381.4400024414063
863,863,2022-07-11,383.2699890136719
864,864,2022-07-12,377.05999755859375
865,865,2022-07-13,382.739990234375
866,866,2022-07-14,385.5799865722656
867,867,2022-07-15,397.239990234375
868,868,2022-07-18,393.5899963378906
869,869,2022-07-19,402.3599853515625
870,870,2022-07-20,408.3599853515625
871,871,2022-07-21,411.2699890136719
872,872,2022-07-22,406.3999938964844
873,873,2022-07-25,401.260009765625
874,874,2022-07-26,384.7900085449219
875,875,2022-07-27,395.4400024414063
876,876,2022-07-28,400.760009765625
877,877,2022-07-29,388.9100036621094
878,878,2022-08-01,394.2799987792969
879,879,2022-08-02,392.8999938964844
880,880,2022-08-03,372.8999938964844
881,881,2022-08-04,372.3500061035156
882,882,2022-08-05,377.7999877929688
883,883,2022-08-08,379.3900146484375
884,884,2022-08-09,375.7799987792969
885,885,2022-08-10,381.4800109863281
886,886,2022-08-11,390.0299987792969
887,887,2022-08-12,395.4700012207031
888,888,2022-08-15,405.3399963378906
889,889,2022-08-16,407.260009765625
890,890,2022-08-17,404.3500061035156
891,891,2022-08-18,409.25
892,892,2022-08-19,403.25
893,893,2022-08-22,397.4500122070313
894,894,2022-08-23,401.30999755859375
895,895,2022-08-24,412.0199890136719
896,896,2022-08-25,419.25
897,897,2022-08-26,411.4700012207031
898,898,2022-08-29,417.6199951171875
899,899,2022-08-30,416.7900085449219
900,900,2022-08-31,419.8699951171875
901,901,2022-09-01,424.25
902,902,2022-09-02,423.0799865722656
903,903,2022-09-06,427.8200073242188
904,904,2022-09-07,444.010009765625
905,905,2022-09-08,445.3399963378906
906,906,2022-09-09,442.8999938964844
907,907,2022-09-12,446.1400146484375
908,908,2022-09-13,430.05999755859375
909,909,2022-09-14,426.1499938964844
910,910,2022-09-15,422.6700134277344
911,911,2022-09-16,418.6600036621094
912,912,2022-09-19,421.4700012207031
913,913,2022-09-20,416.6199951171875
914,914,2022-09-21,410.8200073242188
915,915,2022-09-22,401.6700134277344
916,916,2022-09-23,392.2999877929688
917,917,2022-09-26,387.6600036621094
918,918,2022-09-27,394.1099853515625
919,919,2022-09-28,409.2099914550781
920,920,2022-09-29,404.760009765625
921,921,2022-09-30,401.1900024414063
922,922,2022-10-03,404.75
923,923,2022-10-04,403.9500122070313
924,924,2022-10-05,395.989990234375
925,925,2022-10-06,392.0799865722656
926,926,2022-10-07,387.9800109863281
927,927,2022-10-10,390.2999877929688
928,928,2022-10-11,396.7999877929688
929,929,2022-10-12,398.0199890136719
930,930,2022-10-13,398.8900146484375
931,931,2022-10-14,394.239990234375
932,932,2022-10-17,402.5400085449219
933,933,2022-10-18,404.9800109863281
934,934,2022-10-19,386.260009765625
935,935,2022-10-20,381.5899963378906
936,936,2022-10-21,382.80999755859375
937,937,2022-10-24,384.6300048828125
938,938,2022-10-25,395.3999938964844
939,939,2022-10-26,399.2699890136719
940,940,2022-10-27,402.239990234375
941,941,2022-10-28,416.1400146484375
942,942,2022-10-31,419.3699951171875
943,943,2022-11-01,422.0
944,944,2022-11-02,406.7699890136719
945,945,2022-11-03,415.6400146484375
946,946,2022-11-04,418.3200073242188
947,947,2022-11-07,419.3500061035156
948,948,2022-11-08,423.1199951171875
949,949,2022-11-09,413.4700012207031
950,950,2022-11-10,423.5799865722656
951,951,2022-11-11,430.2699890136719
952,952,2022-11-14,422.6199951171875
953,953,2022-11-15,436.2699890136719
954,954,2022-11-16,435.5799865722656
955,955,2022-11-17,434.7000122070313
956,956,2022-11-18,440.5
957,957,2022-11-21,442.010009765625
958,958,2022-11-22,450.0400085449219
959,959,2022-11-23,447.3699951171875
960,960,2022-11-25,448.3500061035156
961,961,2022-11-28,457.239990234375
962,962,2022-11-29,449.8800048828125
963,963,2022-11-30,464.8399963378906
964,964,2022-12-01,472.5299987792969
965,965,2022-12-02,471.3299865722656
966,966,2022-12-05,472.5199890136719
967,967,2022-12-06,465.5799865722656
968,968,2022-12-07,480.0499877929688
969,969,2022-12-08,481.6499938964844
970,970,2022-12-09,471.6300048828125
971,971,2022-12-12,471.9599914550781
972,972,2022-12-13,464.4100036621094
973,973,2022-12-14,462.8500061035156
974,974,2022-12-15,455.0199890136719
975,975,2022-12-16,451.1199951171875
976,976,2022-12-19,440.510009765625
977,977,2022-12-20,439.2000122070313
978,978,2022-12-21,452.2900085449219
979,979,2022-12-22,457.0499877929688
980,980,2022-12-23,456.3999938964844
981,981,2022-12-27,464.0
982,982,2022-12-28,463.5199890136719
983,983,2022-12-29,464.8299865722656
984,984,2022-12-30,469.0700073242188
985,985,2023-01-03,471.6300048828125
986,986,2023-01-04,483.5199890136719
987,987,2023-01-05,488.9400024414063
988,988,2023-01-06,486.1900024414063
989,989,2023-01-09,484.760009765625
990,990,2023-01-10,488.6199951171875
991,991,2023-01-11,493.5499877929688
992,992,2023-01-12,491.8299865722656
993,993,2023-01-13,490.989990234375
994,994,2023-01-17,494.5899963378906
995,995,2023-01-18,500.0799865722656
996,996,2023-01-19,488.1199951171875
997,997,2023-01-20,491.25
998,998,2023-01-23,500.4700012207031
999,999,2023-01-24,501.5299987792969
1000,1000,2023-01-25,502.6300048828125
1001,1001,2023-01-26,506.8200073242188
1002,1002,2023-01-27,505.6700134277344
1003,1003,2023-01-30,507.9700012207031
1004,1004,2023-01-31,513.9600219726562
1005,1005,2023-02-01,523.5900268554688
1006,1006,2023-02-02,520.8300170898438
1007,1007,2023-02-03,520.760009765625
1008,1008,2023-02-06,518.0
1009,1009,2023-02-07,524.9600219726562
1010,1010,2023-02-08,523.219970703125
1011,1011,2023-02-09,522.0800170898438
1012,1012,2023-02-10,515.75
1013,1013,2023-02-13,520.1799926757812
1014,1014,2023-02-14,524.6500244140625
1015,1015,2023-02-15,526.5599975585938
1016,1016,2023-02-16,531.5599975585938
1017,1017,2023-02-17,530.0
1018,1018,2023-02-21,524.9400024414062
1019,1019,2023-02-22,531.1099853515625
1020,1020,2023-02-23,531.469970703125
1021,1021,2023-02-24,519.989990234375
1022,1022,2023-02-27,523.1500244140625
1023,1023,2023-02-28,518.7999877929688
1024,1024,2023-03-01,516.02001953125
1025,1025,2023-03-02,521.1199951171875
1026,1026,2023-03-03,522.0599975585938
1027,1027,2023-03-06,523.4000244140625
1028,1028,2023-03-07,526.0399780273438
1029,1029,2023-03-08,524.0999755859375
1030,1030,2023-03-09,519.9299926757812
1031,1031,2023-03-10,521.1799926757812
1032,1032,2023-03-13,513.6799926757812
1033,1033,2023-03-14,518.4199829101562
1034,1034,2023-03-15,524.1799926757812
1035,1035,2023-03-16,513.8400268554688
1036,1036,2023-03-17,506.4599914550781
1037,1037,2023-03-20,510.2300109863281
1038,1038,2023-03-21,515.9099731445312
1039,1039,2023-03-22,510.0
1040,1040,2023-03-23,515.739990234375
1041,1041,2023-03-24,513.97998046875
1042,1042,2023-03-27,520.4500122070312
1043,1043,2023-03-28,531.7899780273438
1044,1044,2023-03-29,526.3300170898438
1045,1045,2023-03-30,536.3699951171875
1046,1046,2023-03-31,545.6699829101562
1047,1047,2023-04-03,551.1900024414062
1048,1048,2023-04-04,546.1699829101562
1049,1049,2023-04-05,534.1199951171875
1050,1050,2023-04-06,520.9500122070312
1051,1051,2023-04-10,529.4600219726562
1052,1052,2023-04-11,526.75
1053,1053,2023-04-12,523.1300048828125
1054,1054,2023-04-13,528.4000244140625
1055,1055,2023-04-14,534.6599731445312
1056,1056,2023-04-17,534.3300170898438
1057,1057,2023-04-18,541.52001953125
1058,1058,2023-04-19,542.030029296875
1059,1059,2023-04-20,545.0499877929688
1060,1060,2023-04-21,541.3699951171875
1061,1061,2023-04-24,547.4000244140625
1062,1062,2023-04-25,541.8599853515625
1063,1063,2023-04-26,547.4500122070312
1064,1064,2023-04-27,547.77001953125
1065,1065,2023-04-28,551.4299926757812
1066,1066,2023-05-01,532.8800048828125
1067,1067,2023-05-02,530.9400024414062
1068,1068,2023-05-03,523.1699829101562
1069,1069,2023-05-04,514.0
1070,1070,2023-05-05,520.0499877929688
1071,1071,2023-05-08,515.72998046875
1072,1072,2023-05-09,509.0899963378906
1073,1073,2023-05-10,504.510009765625
1074,1074,2023-05-11,512.1099853515625
1075,1075,2023-05-12,513.8800048828125
1076,1076,2023-05-15,515.969970703125
1077,1077,2023-05-16,498.989990234375
1078,1078,2023-05-17,503.9500122070313
1079,1079,2023-05-18,513.6099853515625
1080,1080,2023-05-19,491.0499877929688
1081,1081,2023-05-22,480.6799926757813
1082,1082,2023-05-23,480.6099853515625
1083,1083,2023-05-24,481.4299926757813
1084,1084,2023-05-25,485.1199951171875
1085,1085,2023-05-26,420.2699890136719
1086,1086,2023-05-30,412.2000122070313
1087,1087,2023-05-31,409.8299865722656
1088,1088,2023-06-01,403.8299865722656
1089,1089,2023-06-02,422.3999938964844
1090,1090,2023-06-05,421.010009765625
1091,1091,2023-06-06,417.489990234375
1092,1092,2023-06-07,415.5499877929688
1093,1093,2023-06-08,418.9400024414063
1094,1094,2023-06-09,423.6199951171875
1095,1095,2023-06-12,424.9100036621094
1096,1096,2023-06-13,443.760009765625
1097,1097,2023-06-14,443.5799865722656
1098,1098,2023-06-15,451.1400146484375
1099,1099,2023-06-16,447.9100036621094
1100,1100,2023-06-20,447.0899963378906
1101,1101,2023-06-21,450.1900024414063
1102,1102,2023-06-22,455.7099914550781
1103,1103,2023-06-23,453.4500122070313
1104,1104,2023-06-26,463.5700073242188
1105,1105,2023-06-27,462.4299926757813
1106,1106,2023-06-28,462.0799865722656
1107,1107,2023-06-29,465.2799987792969
1108,1108,2023-06-30,470.6000061035156
1109,1109,2023-07-03,477.3500061035156
1110,1110,2023-07-05,479.8299865722656
1111,1111,2023-07-06,470.5499877929688
1112,1112,2023-07-07,471.6300048828125
1113,1113,2023-07-10,478.0
1114,1114,2023-07-11,483.239990234375
1115,1115,2023-07-12,484.0400085449219
1116,1116,2023-07-13,472.5899963378906
1117,1117,2023-07-14,472.6499938964844
1118,1118,2023-07-17,472.7200012207031
1119,1119,2023-07-18,472.4100036621094
1120,1120,2023-07-19,471.2099914550781
1121,1121,2023-07-20,462.3500061035156
1122,1122,2023-07-21,460.1099853515625
1123,1123,2023-07-24,454.6700134277344
1124,1124,2023-07-25,451.6400146484375
1125,1125,2023-07-26,454.739990234375
1126,1126,2023-07-27,448.4500122070313
1127,1127,2023-07-28,445.3900146484375
1128,1128,2023-07-31,444.7999877929688
1129,1129,2023-08-01,442.25
1130,1130,2023-08-02,438.239990234375
1131,1131,2023-08-03,435.739990234375
1132,1132,2023-08-04,438.3200073242188
1133,1133,2023-08-07,439.9500122070313
1134,1134,2023-08-08,438.1700134277344
1135,1135,2023-08-09,446.6499938964844
1136,1136,2023-08-10,447.4599914550781
1137,1137,2023-08-11,443.8500061035156
1138,1138,2023-08-14,458.55999755859375
1139,1139,2023-08-15,456.2000122070313
1140,1140,2023-08-16,457.4599914550781
1141,1141,2023-08-17,446.6700134277344
1142,1142,2023-08-18,452.9299926757813
1143,1143,2023-08-21,447.9100036621094
1144,1144,2023-08-22,430.5799865722656
1145,1145,2023-08-23,437.9599914550781
1146,1146,2023-08-24,422.739990234375
1147,1147,2023-08-25,407.1499938964844
1148,1148,2023-08-28,410.8399963378906
1149,1149,2023-08-29,415.1099853515625
1150,1150,2023-08-30,422.8999938964844
1151,1151,2023-08-31,415.0299987792969
1152,1152,2023-09-01,416.010009765625
1153,1153,2023-09-05,415.489990234375
1154,1154,2023-09-06,408.489990234375
1155,1155,2023-09-07,416.9400024414063
1156,1156,2023-09-08,413.7099914550781
1157,1157,2023-09-11,418.3800048828125
1158,1158,2023-09-12,414.4299926757813
1159,1159,2023-09-13,414.2000122070313
1160,1160,2023-09-14,415.8299865722656
1161,1161,2023-09-15,413.5700073242188
1162,1162,2023-09-18,407.8900146484375
1163,1163,2023-09-19,411.7799987792969
1164,1164,2023-09-20,411.30999755859375
1165,1165,2023-09-21,404.25
1166,1166,2023-09-22,398.7300109863281
1167,1167,2023-09-25,398.3900146484375
1168,1168,2023-09-26,389.7200012207031
1169,1169,2023-09-27,392.4400024414063
1170,1170,2023-09-28,398.9100036621094
1171,1171,2023-09-29,399.4500122070313
1172,1172,2023-10-02,402.9500122070313
1173,1173,2023-10-03,394.239990234375
1174,1174,2023-10-04,395.9100036621094
1175,1175,2023-10-05,388.8200073242188
1176,1176,2023-10-06,389.6400146484375
1177,1177,2023-10-09,388.4599914550781
1178,1178,2023-10-10,393.0199890136719
1179,1179,2023-10-11,391.2999877929688
1180,1180,2023-10-12,382.7300109863281
1181,1181,2023-10-13,379.4299926757813
1182,1182,2023-10-16,387.260009765625
1183,1183,2023-10-17,383.6600036621094
1184,1184,2023-10-18,372.5
1185,1185,2023-10-19,372.8599853515625
1186,1186,2023-10-20,371.8500061035156
1187,1187,2023-10-23,373.0799865722656
1188,1188,2023-10-24,379.1099853515625
1189,1189,2023-10-25,377.9800109863281
1190,1190,2023-10-26,379.9599914550781
1191,1191,2023-10-27,379.8699951171875
1192,1192,2023-10-30,379.239990234375
1193,1193,2023-10-31,381.30999755859375
1194,1194,2023-11-01,375.4599914550781
1195,1195,2023-11-02,380.3200073242188
1196,1196,2023-11-03,385.8800048828125
1197,1197,2023-11-06,385.9800109863281
1198,1198,2023-11-07,395.5799865722656
1199,1199,2023-11-08,392.7799987792969
1200,1200,2023-11-09,388.8500061035156
1201,1201,2023-11-10,389.7099914550781
1202,1202,2023-11-13,390.5
1203,1203,2023-11-14,397.9299926757813
1204,1204,2023-11-15,415.3299865722656
1205,1205,2023-11-16,405.5499877929688
1206,1206,2023-11-17,409.2699890136719
1207,1207,2023-11-20,405.6099853515625
1208,1208,2023-11-21,404.9200134277344
1209,1209,2023-11-22,409.489990234375
1210,1210,2023-11-24,414.7200012207031
1211,1211,2023-11-27,414.75
1212,1212,2023-11-28,417.9599914550781
1213,1213,2023-11-29,420.010009765625
1214,1214,2023-11-30,425.989990234375
1215,1215,2023-12-01,472.0299987792969
1216,1216,2023-12-04,486.760009765625
1217,1217,2023-12-05,481.4200134277344
1218,1218,2023-12-06,494.510009765625
1219,1219,2023-12-07,489.8500061035156
1220,1220,2023-12-08,482.1600036621094
1221,1221,2023-12-11,482.6400146484375
1222,1222,2023-12-12,493.0299987792969
1223,1223,2023-12-13,493.1199951171875
1224,1224,2023-12-14,494.6300048828125
1225,1225,2023-12-15,490.6300048828125
1226,1226,2023-12-18,488.4800109863281
1227,1227,2023-12-19,489.4299926757813
1228,1228,2023-12-20,477.5700073242188
1229,1229,2023-12-21,477.4700012207031
1230,1230,2023-12-22,471.3599853515625
1231,1231,2023-12-26,477.3800048828125
1232,1232,2023-12-27,483.260009765625
1233,1233,2023-12-28,486.8399963378906
1234,1234,2023-12-29,489.989990234375
1235,1235,2024-01-02,486.6099853515625
1236,1236,2024-01-03,473.8200073242188
1237,1237,2024-01-04,468.9200134277344
1238,1238,2024-01-05,471.1199951171875
1239,1239,2024-01-08,482.9599914550781
1240,1240,2024-01-09,485.05999755859375
1241,1241,2024-01-10,480.9100036621094
1242,1242,2024-01-11,482.8299865722656
1243,1243,2024-01-12,482.0799865722656
1244,1244,2024-01-16,476.010009765625
1245,1245,2024-01-17,472.760009765625
1246,1246,2024-01-18,475.5
1247,1247,2024-01-19,472.5700073242188
1248,1248,2024-01-22,476.8999938964844
1249,1249,2024-01-23,479.8999938964844
1250,1250,2024-01-24,478.7699890136719
1251,1251,2024-01-25,493.2200012207031
1252,1252,2024-01-26,493.5899963378906
1253,1253,2024-01-29,507.989990234375
1254,1254,2024-01-30,508.739990234375
1255,1255,2024-01-31,502.0499877929688
1256,1256,2024-02-01,503.5199890136719
1257,1257,2024-02-02,505.3299865722656
1258,1258,2024-02-05,497.9299926757813
