,Unnamed: 0.1,Unnamed: 0,Date,UPS,UPS_6m,UPS_12m
0,0,0,2019-02-05,91.73667907714844,,
1,1,1,2019-02-06,92.72509765625,,
2,2,2,2019-02-07,91.97525024414062,,
3,3,3,2019-02-08,92.111572265625,,
4,4,4,2019-02-11,92.81881713867188,,
5,5,5,2019-02-12,94.29296875,,
6,6,6,2019-02-13,95.44327545166016,91.73667907714844,
7,7,7,2019-02-14,95.26431274414062,92.72509765625,
8,8,8,2019-02-15,94.47190856933594,91.97525024414062,
9,9,9,2019-02-19,94.38665008544922,92.111572265625,
10,10,10,2019-02-20,94.64232635498048,92.81881713867188,
11,11,11,2019-02-21,95.2302703857422,94.29296875,
12,12,12,2019-02-22,94.03731536865234,95.44327545166016,91.73667907714844
13,13,13,2019-02-25,95.29228973388672,95.26431274414062,92.72509765625
14,14,14,2019-02-26,95.44701385498048,94.47190856933594,91.97525024414062
15,15,15,2019-02-27,95.5243911743164,94.38665008544922,92.111572265625
16,16,16,2019-02-28,94.72498321533205,94.64232635498048,92.81881713867188
17,17,17,2019-03-01,96.38396453857422,95.2302703857422,94.29296875
18,18,18,2019-03-04,94.96566772460938,94.03731536865234,95.44327545166016
19,19,19,2019-03-05,94.5272979736328,95.29228973388672,95.26431274414062
20,20,20,2019-03-06,93.56455993652344,95.44701385498048,94.47190856933594
21,21,21,2019-03-07,91.85400390625,95.5243911743164,94.38665008544922
22,22,22,2019-03-08,91.69928741455078,94.72498321533205,94.64232635498048
23,23,23,2019-03-11,93.54737091064452,96.38396453857422,95.2302703857422
24,24,24,2019-03-12,93.70209503173828,94.96566772460938,94.03731536865234
25,25,25,2019-03-13,95.29228973388672,94.5272979736328,95.29228973388672
26,26,26,2019-03-14,95.30947875976562,93.56455993652344,95.44701385498048
27,27,27,2019-03-15,94.14044952392578,91.85400390625,95.5243911743164
28,28,28,2019-03-18,95.14616394042967,91.69928741455078,94.72498321533205
29,29,29,2019-03-19,94.85392761230467,93.54737091064452,96.38396453857422
30,30,30,2019-03-20,92.76515197753906,93.70209503173828,94.96566772460938
31,31,31,2019-03-21,94.38116455078124,95.29228973388672,94.5272979736328
32,32,32,2019-03-22,92.2751922607422,95.30947875976562,93.56455993652344
33,33,33,2019-03-25,91.88838958740234,94.14044952392578,91.85400390625
34,34,34,2019-03-26,93.18635559082033,95.14616394042967,91.69928741455078
35,35,35,2019-03-27,93.67630004882812,94.85392761230467,93.54737091064452
36,36,36,2019-03-28,94.8109359741211,92.76515197753906,93.70209503173828
37,37,37,2019-03-29,96.0487289428711,94.38116455078124,95.29228973388672
38,38,38,2019-04-01,98.36096954345705,92.2751922607422,95.30947875976562
39,39,39,2019-04-02,97.7162857055664,91.88838958740234,94.14044952392578
40,40,40,2019-04-03,98.29219818115234,93.18635559082033,95.14616394042967
41,41,41,2019-04-04,97.965576171875,93.67630004882812,94.85392761230467
42,42,42,2019-04-05,98.27501678466795,94.8109359741211,92.76515197753906
43,43,43,2019-04-08,97.965576171875,96.0487289428711,94.38116455078124
44,44,44,2019-04-09,97.054443359375,98.36096954345705,92.2751922607422
45,45,45,2019-04-10,97.20053100585938,97.7162857055664,91.88838958740234
46,46,46,2019-04-11,97.55297088623048,98.29219818115234,93.18635559082033
47,47,47,2019-04-12,98.3867645263672,97.965576171875,93.67630004882812
48,48,48,2019-04-15,97.68190002441406,98.27501678466795,94.8109359741211
49,49,49,2019-04-16,97.93978118896484,97.965576171875,96.0487289428711
50,50,50,2019-04-17,98.41255950927734,97.054443359375,98.36096954345705
51,51,51,2019-04-18,98.12030029296876,97.20053100585938,97.7162857055664
52,52,52,2019-04-22,97.66472625732422,97.55297088623048,98.29219818115234
53,53,53,2019-04-23,97.64751434326172,98.3867645263672,97.965576171875
54,54,54,2019-04-24,98.36096954345705,97.68190002441406,98.27501678466795
55,55,55,2019-04-25,90.36692810058594,97.93978118896484,97.965576171875
56,56,56,2019-04-26,89.3526382446289,98.41255950927734,97.054443359375
57,57,57,2019-04-29,90.1176528930664,98.12030029296876,97.20053100585938
58,58,58,2019-04-30,91.30388641357422,97.66472625732422,97.55297088623048
59,59,59,2019-05-01,89.92855072021484,97.64751434326172,98.3867645263672
60,60,60,2019-05-02,90.69359588623048,98.36096954345705,97.68190002441406
61,61,61,2019-05-03,91.6734848022461,90.36692810058594,97.93978118896484
62,62,62,2019-05-06,89.92855072021484,89.3526382446289,98.41255950927734
63,63,63,2019-05-07,87.75382232666016,90.1176528930664,98.12030029296876
64,64,64,2019-05-08,87.54753875732422,91.30388641357422,97.66472625732422
65,65,65,2019-05-09,86.6020278930664,89.92855072021484,97.64751434326172
66,66,66,2019-05-10,86.49885559082031,90.69359588623048,98.36096954345705
67,67,67,2019-05-13,85.39859771728516,91.6734848022461,90.36692810058594
68,68,68,2019-05-14,85.75102996826172,89.92855072021484,89.3526382446289
69,69,69,2019-05-15,87.28108215332031,87.75382232666016,90.1176528930664
70,70,70,2019-05-16,87.0833740234375,87.54753875732422,91.30388641357422
71,71,71,2019-05-17,86.25897216796875,86.6020278930664,89.92855072021484
72,72,72,2019-05-20,85.49530029296875,86.49885559082031,90.69359588623048
73,73,73,2019-05-21,86.26764678955078,85.39859771728516,91.6734848022461
74,74,74,2019-05-22,84.61015319824219,85.75102996826172,89.92855072021484
75,75,75,2019-05-23,83.45600128173828,87.28108215332031,87.75382232666016
76,76,76,2019-05-24,83.17828369140625,87.0833740234375,87.54753875732422
77,77,77,2019-05-28,81.63361358642578,86.25897216796875,86.6020278930664
78,78,78,2019-05-29,82.24107360839844,85.49530029296875,86.49885559082031
79,79,79,2019-05-30,83.09152221679688,86.26764678955078,85.39859771728516
80,80,80,2019-05-31,80.6356430053711,84.61015319824219,85.75102996826172
81,81,81,2019-06-03,81.68567657470703,83.45600128173828,87.28108215332031
82,82,82,2019-06-04,84.74900817871094,83.17828369140625,87.0833740234375
83,83,83,2019-06-05,85.22628021240234,81.63361358642578,86.25897216796875
84,84,84,2019-06-06,85.0440444946289,82.24107360839844,85.49530029296875
85,85,85,2019-06-07,85.24365997314453,83.09152221679688,86.26764678955078
86,86,86,2019-06-10,86.85773468017578,80.6356430053711,84.61015319824219
87,87,87,2019-06-11,86.78832244873047,81.68567657470703,83.45600128173828
88,88,88,2019-06-12,87.12674713134766,84.74900817871094,83.17828369140625
89,89,89,2019-06-13,88.53258514404297,85.22628021240234,81.63361358642578
90,90,90,2019-06-14,88.18547821044922,85.0440444946289,82.24107360839844
91,91,91,2019-06-17,87.99456024169922,85.24365997314453,83.09152221679688
92,92,92,2019-06-18,88.64541625976562,86.85773468017578,80.6356430053711
93,93,93,2019-06-19,88.1333999633789,86.78832244873047,81.68567657470703
94,94,94,2019-06-20,89.73014831542969,87.12674713134766,84.74900817871094
95,95,95,2019-06-21,88.66276550292969,88.53258514404297,85.22628021240234
96,96,96,2019-06-24,86.53667449951172,88.18547821044922,85.0440444946289
97,97,97,2019-06-25,84.2890625,87.99456024169922,85.24365997314453
98,98,98,2019-06-26,86.75363159179688,88.64541625976562,86.85773468017578
99,99,99,2019-06-27,88.2549057006836,88.1333999633789,86.78832244873047
100,100,100,2019-06-28,89.61734008789062,89.73014831542969,87.12674713134766
101,101,101,2019-07-01,89.35699462890625,88.66276550292969,88.53258514404297
102,102,102,2019-07-02,88.51524353027344,86.53667449951172,88.18547821044922
103,103,103,2019-07-03,89.55661010742188,84.2890625,87.99456024169922
104,104,104,2019-07-05,88.87972259521484,86.75363159179688,88.64541625976562
105,105,105,2019-07-08,88.44580841064453,88.2549057006836,88.1333999633789
106,106,106,2019-07-09,88.28095245361328,89.61734008789062,89.73014831542969
107,107,107,2019-07-10,88.18547821044922,89.35699462890625,88.66276550292969
108,108,108,2019-07-11,89.66940307617188,88.51524353027344,86.53667449951172
109,109,109,2019-07-12,91.90831756591795,89.55661010742188,84.2890625
110,110,110,2019-07-15,91.80419158935548,88.87972259521484,86.75363159179688
111,111,111,2019-07-16,91.64798736572266,88.44580841064453,88.2549057006836
112,112,112,2019-07-17,88.71483612060547,88.28095245361328,89.61734008789062
113,113,113,2019-07-18,89.20948028564453,88.18547821044922,89.35699462890625
114,114,114,2019-07-19,89.65203857421875,89.66940307617188,88.51524353027344
115,115,115,2019-07-22,90.25951385498048,91.90831756591795,89.55661010742188
116,116,116,2019-07-23,91.35293579101562,91.80419158935548,88.87972259521484
117,117,117,2019-07-24,99.26725006103516,91.64798736572266,88.44580841064453
118,118,118,2019-07-25,102.61692810058594,88.71483612060547,88.28095245361328
119,119,119,2019-07-26,104.6388931274414,89.20948028564453,88.18547821044922
120,120,120,2019-07-29,103.05084991455078,89.65203857421875,89.66940307617188
121,121,121,2019-07-30,103.97069549560548,90.25951385498048,91.90831756591795
122,122,122,2019-07-31,103.6756362915039,91.35293579101562,91.80419158935548
123,123,123,2019-08-01,101.5148468017578,99.26725006103516,91.64798736572266
124,124,124,2019-08-02,101.70575714111328,102.61692810058594,88.71483612060547
125,125,125,2019-08-05,99.66641235351562,104.6388931274414,89.20948028564453
126,126,126,2019-08-06,99.79657745361328,103.05084991455078,89.65203857421875
127,127,127,2019-08-07,100.15240478515624,103.97069549560548,90.25951385498048
128,128,128,2019-08-08,102.00948333740234,103.6756362915039,91.35293579101562
129,129,129,2019-08-09,100.44742584228516,101.5148468017578,99.26725006103516
130,130,130,2019-08-12,99.70113372802734,101.70575714111328,102.61692810058594
131,131,131,2019-08-13,100.5168685913086,99.66641235351562,104.6388931274414
132,132,132,2019-08-14,98.96350860595705,99.79657745361328,103.05084991455078
133,133,133,2019-08-15,98.8420181274414,100.15240478515624,103.97069549560548
134,134,134,2019-08-16,100.90741729736328,102.00948333740234,103.6756362915039
135,135,135,2019-08-19,102.21141815185548,100.44742584228516,101.5148468017578
136,136,136,2019-08-20,100.67987823486328,99.70113372802734,101.70575714111328
137,137,137,2019-08-21,101.4587860107422,100.5168685913086,99.66641235351562
138,138,138,2019-08-22,100.83740997314452,98.96350860595705,99.79657745361328
139,139,139,2019-08-23,97.38922882080078,98.8420181274414,100.15240478515624
140,140,140,2019-08-26,100.08477020263672,100.90741729736328,102.00948333740234
141,141,141,2019-08-27,99.88346862792967,102.21141815185548,100.44742584228516
142,142,142,2019-08-28,101.8088607788086,100.67987823486328,99.70113372802734
143,143,143,2019-08-29,103.5942153930664,101.4587860107422,100.5168685913086
144,144,144,2019-08-30,103.8480224609375,100.83740997314452,98.96350860595705
145,145,145,2019-09-03,102.68404388427734,97.38922882080078,98.8420181274414
146,146,146,2019-09-04,104.55689239501952,100.08477020263672,100.90741729736328
147,147,147,2019-09-05,106.07093811035156,99.88346862792967,102.21141815185548
148,148,148,2019-09-06,105.09075927734376,101.8088607788086,100.67987823486328
149,149,149,2019-09-09,106.47352600097656,103.5942153930664,101.4587860107422
150,150,150,2019-09-10,107.12117004394533,103.8480224609375,100.83740997314452
151,151,151,2019-09-11,107.51496124267578,102.68404388427734,97.38922882080078
152,152,152,2019-09-12,107.26117706298828,104.55689239501952,100.08477020263672
153,153,153,2019-09-13,107.35745239257812,106.07093811035156,99.88346862792967
154,154,154,2019-09-16,107.26992797851562,105.09075927734376,101.8088607788086
155,155,155,2019-09-17,107.11239624023438,106.47352600097656,103.5942153930664
156,156,156,2019-09-18,105.93091583251952,107.12117004394533,103.8480224609375
157,157,157,2019-09-19,104.2505874633789,107.51496124267578,102.68404388427734
158,158,158,2019-09-20,105.6333465576172,107.26117706298828,104.55689239501952
159,159,159,2019-09-23,104.18933868408205,107.35745239257812,106.07093811035156
160,160,160,2019-09-24,103.26162719726562,107.26992797851562,105.09075927734376
161,161,161,2019-09-25,104.18933868408205,107.11239624023438,106.47352600097656
162,162,162,2019-09-26,103.66422271728516,105.93091583251952,107.12117004394533
163,163,163,2019-09-27,104.101806640625,104.2505874633789,107.51496124267578
164,164,164,2019-09-30,104.86319732666016,105.6333465576172,107.26117706298828
165,165,165,2019-10-01,101.35375213623048,104.18933868408205,107.35745239257812
166,166,166,2019-10-02,100.85491943359376,103.26162719726562,107.26992797851562
167,167,167,2019-10-03,101.43251037597656,104.18933868408205,107.11239624023438
168,168,168,2019-10-04,102.82405853271484,103.66422271728516,105.93091583251952
169,169,169,2019-10-07,101.14371490478516,104.101806640625,104.2505874633789
170,170,170,2019-10-08,98.66699981689452,104.86319732666016,105.6333465576172
171,171,171,2019-10-09,99.64717864990234,101.35375213623048,104.18933868408205
172,172,172,2019-10-10,100.8899154663086,100.85491943359376,103.26162719726562
173,173,173,2019-10-11,101.53754425048828,101.43251037597656,104.18933868408205
174,174,174,2019-10-14,101.40628051757812,102.82405853271484,103.66422271728516
175,175,175,2019-10-15,101.94013214111328,101.14371490478516,104.101806640625
176,176,176,2019-10-16,102.83280181884766,98.66699981689452,104.86319732666016
177,177,177,2019-10-17,103.61172485351562,99.64717864990234,101.35375213623048
178,178,178,2019-10-18,102.7015380859375,100.8899154663086,100.85491943359376
179,179,179,2019-10-21,103.72547912597656,101.53754425048828,101.43251037597656
180,180,180,2019-10-22,101.60753631591795,101.40628051757812,102.82405853271484
181,181,181,2019-10-23,100.77615356445312,101.94013214111328,101.14371490478516
182,182,182,2019-10-24,99.7784423828125,102.83280181884766,98.66699981689452
183,183,183,2019-10-25,101.2750015258789,103.61172485351562,99.64717864990234
184,184,184,2019-10-28,101.73883056640624,102.7015380859375,100.8899154663086
185,185,185,2019-10-29,102.31644439697266,103.72547912597656,101.53754425048828
186,186,186,2019-10-30,102.29019165039062,101.60753631591795,101.40628051757812
187,187,187,2019-10-31,100.7936553955078,100.77615356445312,101.94013214111328
188,188,188,2019-11-01,104.59188842773438,99.7784423828125,102.83280181884766
189,189,189,2019-11-04,107.66376495361328,101.2750015258789,103.61172485351562
190,190,190,2019-11-05,106.2372055053711,101.73883056640624,102.7015380859375
191,191,191,2019-11-06,106.7273178100586,102.31644439697266,103.72547912597656
192,192,192,2019-11-07,108.07508087158205,102.29019165039062,101.60753631591795
193,193,193,2019-11-08,108.7839813232422,100.7936553955078,100.77615356445312
194,194,194,2019-11-11,107.76878356933594,104.59188842773438,99.7784423828125
195,195,195,2019-11-12,107.65501403808594,107.66376495361328,101.2750015258789
196,196,196,2019-11-13,107.66376495361328,106.2372055053711,101.73883056640624
197,197,197,2019-11-14,108.59146118164062,106.7273178100586,102.31644439697266
198,198,198,2019-11-15,109.12944793701172,108.07508087158205,102.29019165039062
199,199,199,2019-11-18,108.28274536132812,108.7839813232422,100.7936553955078
200,200,200,2019-11-19,106.3158950805664,107.76878356933594,104.59188842773438
201,201,201,2019-11-20,104.9664306640625,107.65501403808594,107.66376495361328
202,202,202,2019-11-21,105.41625213623048,107.66376495361328,106.2372055053711
203,203,203,2019-11-22,105.2398452758789,108.59146118164062,106.7273178100586
204,204,204,2019-11-25,106.10420989990234,109.12944793701172,108.07508087158205
205,205,205,2019-11-26,106.89800262451172,108.28274536132812,108.7839813232422
206,206,206,2019-11-27,105.72494506835938,106.3158950805664,107.76878356933594
207,207,207,2019-11-29,105.60147094726562,104.9664306640625,107.65501403808594
208,208,208,2019-12-02,104.26964569091795,105.41625213623048,107.66376495361328
209,209,209,2019-12-03,103.13186645507812,105.2398452758789,108.59146118164062
210,210,210,2019-12-04,102.72615814208984,106.10420989990234,109.12944793701172
211,211,211,2019-12-05,101.43846893310548,106.89800262451172,108.28274536132812
212,212,212,2019-12-06,103.66109466552734,105.72494506835938,106.3158950805664
213,213,213,2019-12-09,104.19908905029295,105.60147094726562,104.9664306640625
214,214,214,2019-12-10,104.55189514160156,104.26964569091795,105.41625213623048
215,215,215,2019-12-11,103.0083999633789,103.13186645507812,105.2398452758789
216,216,216,2019-12-12,103.14952087402344,102.72615814208984,106.10420989990234
217,217,217,2019-12-13,104.62244415283205,101.43846893310548,106.89800262451172
218,218,218,2019-12-16,105.06344604492188,103.66109466552734,105.72494506835938
219,219,219,2019-12-17,106.09539031982422,104.19908905029295,105.60147094726562
220,220,220,2019-12-18,104.03150939941406,104.55189514160156,104.26964569091795
221,221,221,2019-12-19,104.56952667236328,103.0083999633789,103.13186645507812
222,222,222,2019-12-20,103.5464324951172,103.14952087402344,102.72615814208984
223,223,223,2019-12-23,104.90469360351562,104.62244415283205,101.43846893310548
224,224,224,2019-12-24,104.36666107177734,105.06344604492188,103.66109466552734
225,225,225,2019-12-26,104.9928970336914,106.09539031982422,104.19908905029295
226,226,226,2019-12-27,104.90469360351562,104.03150939941406,104.55189514160156
227,227,227,2019-12-30,102.69969177246094,104.56952667236328,103.0083999633789
228,228,228,2019-12-31,103.2465362548828,103.5464324951172,103.14952087402344
229,229,229,2020-01-02,103.0083999633789,104.90469360351562,104.62244415283205
230,230,230,2020-01-03,102.94666290283205,104.36666107177734,105.06344604492188
231,231,231,2020-01-06,102.4880142211914,104.9928970336914,106.09539031982422
232,232,232,2020-01-07,102.31163024902344,104.90469360351562,104.03150939941406
233,233,233,2020-01-08,102.8937530517578,102.69969177246094,104.56952667236328
234,234,234,2020-01-09,103.13186645507812,103.2465362548828,103.5464324951172
235,235,235,2020-01-10,102.19696044921876,103.0083999633789,104.90469360351562
236,236,236,2020-01-13,102.97311401367188,102.94666290283205,104.36666107177734
237,237,237,2020-01-14,103.43173217773438,102.4880142211914,104.9928970336914
238,238,238,2020-01-15,104.01388549804688,102.31163024902344,104.90469360351562
239,239,239,2020-01-16,104.61363983154295,102.8937530517578,102.69969177246094
240,240,240,2020-01-17,104.60481262207033,103.13186645507812,103.2465362548828
241,241,241,2020-01-21,103.53759765625,102.19696044921876,103.0083999633789
242,242,242,2020-01-22,103.42294311523438,102.97311401367188,102.94666290283205
243,243,243,2020-01-23,103.13186645507812,103.43173217773438,102.4880142211914
244,244,244,2020-01-24,102.8937530517578,104.01388549804688,102.31163024902344
245,245,245,2020-01-27,101.35906982421876,104.61363983154295,102.8937530517578
246,246,246,2020-01-28,101.75597381591795,104.60481262207033,103.13186645507812
247,247,247,2020-01-29,102.09992980957033,103.53759765625,102.19696044921876
248,248,248,2020-01-30,95.2556610107422,103.42294311523438,102.97311401367188
249,249,249,2020-01-31,91.3042984008789,103.13186645507812,103.43173217773438
250,250,250,2020-02-03,89.9901351928711,102.8937530517578,104.01388549804688
251,251,251,2020-02-04,91.18083953857422,101.35906982421876,104.61363983154295
252,252,252,2020-02-05,93.52693176269533,101.75597381591795,104.60481262207033
253,253,253,2020-02-06,93.94148254394533,102.09992980957033,103.53759765625
254,254,254,2020-02-07,90.9515151977539,95.2556610107422,103.42294311523438
255,255,255,2020-02-10,90.90739440917967,91.3042984008789,103.13186645507812
256,256,256,2020-02-11,92.49500274658205,89.9901351928711,102.8937530517578
257,257,257,2020-02-12,93.08592987060548,91.18083953857422,101.35906982421876
258,258,258,2020-02-13,92.82134246826172,93.52693176269533,101.75597381591795
259,259,259,2020-02-14,93.4475555419922,93.94148254394533,102.09992980957033
260,260,260,2020-02-18,93.86209869384766,90.9515151977539,95.2556610107422
261,261,261,2020-02-19,94.16197204589844,90.90739440917967,91.3042984008789
262,262,262,2020-02-20,93.91500854492188,92.49500274658205,89.9901351928711
263,263,263,2020-02-21,90.79273986816406,93.08592987060548,91.18083953857422
264,264,264,2020-02-24,87.7286148071289,92.82134246826172,93.52693176269533
265,265,265,2020-02-25,83.64012908935547,93.4475555419922,93.94148254394533
266,266,266,2020-02-26,83.48870086669922,93.86209869384766,90.9515151977539
267,267,267,2020-02-27,80.38002014160156,94.16197204589844,90.90739440917967
268,268,268,2020-02-28,80.60271453857422,93.91500854492188,92.49500274658205
269,269,269,2020-03-02,82.61578369140625,90.79273986816406,93.08592987060548
270,270,270,2020-03-03,81.32421875,87.7286148071289,92.82134246826172
271,271,271,2020-03-04,85.35034942626953,83.64012908935547,93.4475555419922
272,272,272,2020-03-05,82.82955169677734,83.48870086669922,93.86209869384766
273,273,273,2020-03-06,83.72920227050781,80.38002014160156,94.16197204589844
274,274,274,2020-03-09,77.65437316894531,80.60271453857422,93.91500854492188
275,275,275,2020-03-10,82.67813110351562,82.61578369140625,90.79273986816406
276,276,276,2020-03-11,78.37586212158203,81.32421875,87.7286148071289
277,277,277,2020-03-12,76.7547378540039,85.35034942626953,83.64012908935547
278,278,278,2020-03-13,83.93407440185547,82.82955169677734,83.48870086669922
279,279,279,2020-03-16,77.54750061035156,83.72920227050781,80.38002014160156
280,280,280,2020-03-17,86.21437072753906,77.65437316894531,80.60271453857422
281,281,281,2020-03-18,88.41447448730469,82.67813110351562,82.61578369140625
282,282,282,2020-03-19,85.73335266113281,78.37586212158203,81.32421875
283,283,283,2020-03-20,83.24822235107422,76.7547378540039,85.35034942626953
284,284,284,2020-03-23,81.8586654663086,83.93407440185547,82.82955169677734
285,285,285,2020-03-24,84.8515396118164,77.54750061035156,83.72920227050781
286,286,286,2020-03-25,84.17455291748047,86.21437072753906,77.65437316894531
287,287,287,2020-03-26,88.8776626586914,88.41447448730469,82.67813110351562
288,288,288,2020-03-27,86.86459350585938,85.73335266113281,78.37586212158203
289,289,289,2020-03-30,87.14962005615234,83.24822235107422,76.7547378540039
290,290,290,2020-03-31,83.21258544921875,81.8586654663086,83.93407440185547
291,291,291,2020-04-01,80.5136489868164,84.8515396118164,77.54750061035156
292,292,292,2020-04-02,82.87409210205078,84.17455291748047,86.21437072753906
293,293,293,2020-04-03,80.166259765625,88.8776626586914,88.41447448730469
294,294,294,2020-04-06,85.22563934326172,86.86459350585938,85.73335266113281
295,295,295,2020-04-07,82.75830841064453,87.14962005615234,83.24822235107422
296,296,296,2020-04-08,87.99584197998047,83.21258544921875,81.8586654663086
297,297,297,2020-04-09,87.9067611694336,80.5136489868164,84.8515396118164
298,298,298,2020-04-13,87.66625213623047,82.87409210205078,84.17455291748047
299,299,299,2020-04-14,90.32064819335938,80.166259765625,88.8776626586914
300,300,300,2020-04-15,89.00235748291016,85.22563934326172,86.86459350585938
301,301,301,2020-04-16,91.05104064941406,82.75830841064453,87.14962005615234
302,302,302,2020-04-17,91.52315521240234,87.99584197998047,83.21258544921875
303,303,303,2020-04-20,90.14250183105467,87.9067611694336,80.5136489868164
304,304,304,2020-04-21,89.62588500976562,87.66625213623047,82.87409210205078
305,305,305,2020-04-22,86.94475555419922,90.32064819335938,80.166259765625
306,306,306,2020-04-23,88.58370971679688,89.00235748291016,85.22563934326172
307,307,307,2020-04-24,89.23394775390625,91.05104064941406,82.75830841064453
308,308,308,2020-04-27,91.34500122070312,91.52315521240234,87.99584197998047
309,309,309,2020-04-28,85.89370727539062,90.14250183105467,87.9067611694336
310,310,310,2020-04-29,85.60865020751953,89.62588500976562,87.66625213623047
311,311,311,2020-04-30,84.31710815429688,86.94475555419922,90.32064819335938
312,312,312,2020-05-01,81.8586654663086,88.58370971679688,89.00235748291016
313,313,313,2020-05-04,80.55819702148438,89.23394775390625,91.05104064941406
314,314,314,2020-05-05,82.58014678955078,91.34500122070312,91.52315521240234
315,315,315,2020-05-06,82.77611541748047,85.89370727539062,90.14250183105467
316,316,316,2020-05-07,82.68704986572266,85.60865020751953,89.62588500976562
317,317,317,2020-05-08,84.468505859375,84.31710815429688,86.94475555419922
318,318,318,2020-05-11,83.64904022216797,81.8586654663086,88.58370971679688
319,319,319,2020-05-12,82.70487213134766,80.55819702148438,89.23394775390625
320,320,320,2020-05-13,80.82540130615234,82.58014678955078,91.34500122070312
321,321,321,2020-05-14,81.67159271240234,82.77611541748047,85.89370727539062
322,322,322,2020-05-15,81.0837173461914,82.68704986572266,85.60865020751953
323,323,323,2020-05-18,85.59974670410156,84.468505859375,84.31710815429688
324,324,324,2020-05-19,85.89370727539062,83.64904022216797,81.8586654663086
325,325,325,2020-05-20,86.56173706054688,82.70487213134766,80.55819702148438
326,326,326,2020-05-21,86.67755889892578,80.82540130615234,82.58014678955078
327,327,327,2020-05-22,87.0555648803711,81.67159271240234,82.77611541748047
328,328,328,2020-05-26,87.37059783935547,81.0837173461914,82.68704986572266
329,329,329,2020-05-27,89.66580963134766,85.59974670410156,84.468505859375
330,330,330,2020-05-28,89.75582122802734,85.89370727539062,83.64904022216797
331,331,331,2020-05-29,89.7468032836914,86.56173706054688,82.70487213134766
332,332,332,2020-06-01,89.35977935791016,86.67755889892578,80.82540130615234
333,333,333,2020-06-02,91.06092834472656,87.0555648803711,81.67159271240234
334,334,334,2020-06-03,93.29312133789062,87.37059783935547,81.0837173461914
335,335,335,2020-06-04,92.88807678222656,89.66580963134766,85.59974670410156
336,336,336,2020-06-05,95.99335479736328,89.75582122802734,85.89370727539062
337,337,337,2020-06-08,99.41365814208984,89.7468032836914,86.56173706054688
338,338,338,2020-06-09,97.05543518066406,89.35977935791016,86.67755889892578
339,339,339,2020-06-10,95.97534942626952,91.06092834472656,87.0555648803711
340,340,340,2020-06-11,90.43085479736328,93.29312133789062,87.37059783935547
341,341,341,2020-06-12,91.33993530273438,92.88807678222656,89.66580963134766
342,342,342,2020-06-15,95.08428192138672,95.99335479736328,89.75582122802734
343,343,343,2020-06-16,95.25528717041016,99.41365814208984,89.7468032836914
344,344,344,2020-06-17,96.29938507080078,97.05543518066406,89.35977935791016
345,345,345,2020-06-18,96.83042907714844,95.97534942626952,91.06092834472656
346,346,346,2020-06-19,97.00143432617188,90.43085479736328,93.29312133789062
347,347,347,2020-06-22,96.21837615966795,91.33993530273438,92.88807678222656
348,348,348,2020-06-23,99.55765533447266,95.08428192138672,95.99335479736328
349,349,349,2020-06-24,98.55856323242188,95.25528717041016,99.41365814208984
350,350,350,2020-06-25,99.47665405273438,96.29938507080078,97.05543518066406
351,351,351,2020-06-26,96.5963897705078,96.83042907714844,95.97534942626952
352,352,352,2020-06-29,98.54055786132812,97.00143432617188,90.43085479736328
353,353,353,2020-06-30,100.07070922851562,96.21837615966795,91.33993530273438
354,354,354,2020-07-01,102.9869613647461,99.55765533447266,95.08428192138672
355,355,355,2020-07-02,102.9329605102539,98.55856323242188,95.25528717041016
356,356,356,2020-07-06,103.83304595947266,99.47665405273438,96.29938507080078
357,357,357,2020-07-07,103.0139617919922,96.5963897705078,96.83042907714844
358,358,358,2020-07-08,103.03196716308594,98.54055786132812,97.00143432617188
359,359,359,2020-07-09,103.0139617919922,100.07070922851562,96.21837615966795
360,360,360,2020-07-10,103.57201385498048,102.9869613647461,99.55765533447266
361,361,361,2020-07-13,102.39289855957033,102.9329605102539,98.55856323242188
362,362,362,2020-07-14,103.80603790283205,103.83304595947266,99.47665405273438
363,363,363,2020-07-15,107.29834747314452,103.0139617919922,96.5963897705078
364,364,364,2020-07-16,107.7753677368164,103.03196716308594,98.54055786132812
365,365,365,2020-07-17,106.70429229736328,103.0139617919922,100.07070922851562
366,366,366,2020-07-20,106.5242691040039,103.57201385498048,102.9869613647461
367,367,367,2020-07-21,107.14531707763672,102.39289855957033,102.9329605102539
368,368,368,2020-07-22,106.8572998046875,103.80603790283205,103.83304595947266
369,369,369,2020-07-23,106.33525848388672,107.29834747314452,103.0139617919922
370,370,370,2020-07-24,106.5242691040039,107.7753677368164,103.03196716308594
371,371,371,2020-07-27,108.91848754882812,106.70429229736328,103.0139617919922
372,372,372,2020-07-28,107.66738891601562,106.5242691040039,103.57201385498048
373,373,373,2020-07-29,111.32168579101562,107.14531707763672,102.39289855957033
374,374,374,2020-07-30,127.32508087158205,106.8572998046875,103.80603790283205
375,375,375,2020-07-31,128.49517822265625,106.33525848388672,107.29834747314452
376,376,376,2020-08-03,127.9730987548828,106.5242691040039,107.7753677368164
377,377,377,2020-08-04,130.2593231201172,108.91848754882812,106.70429229736328
378,378,378,2020-08-05,130.5833740234375,107.66738891601562,106.5242691040039
379,379,379,2020-08-06,130.93441772460938,111.32168579101562,107.14531707763672
380,380,380,2020-08-07,141.22227478027344,127.32508087158205,106.8572998046875
381,381,381,2020-08-10,143.64349365234375,128.49517822265625,106.33525848388672
382,382,382,2020-08-11,140.27723693847656,127.9730987548828,106.5242691040039
383,383,383,2020-08-12,142.02333068847656,130.2593231201172,108.91848754882812
384,384,384,2020-08-13,143.3734588623047,130.5833740234375,107.66738891601562
385,385,385,2020-08-14,144.67857360839844,130.93441772460938,111.32168579101562
386,386,386,2020-08-17,144.28256225585938,141.22227478027344,127.32508087158205
387,387,387,2020-08-18,144.00350952148438,143.64349365234375,128.49517822265625
388,388,388,2020-08-19,144.31858825683594,140.27723693847656,127.9730987548828
389,389,389,2020-08-20,143.60748291015625,142.02333068847656,130.2593231201172
390,390,390,2020-08-21,144.05133056640625,143.3734588623047,130.5833740234375
391,391,391,2020-08-24,145.2469940185547,144.67857360839844,130.93441772460938
392,392,392,2020-08-25,144.0603790283203,144.28256225585938,141.22227478027344
393,393,393,2020-08-26,143.93359375,144.00350952148438,143.64349365234375
394,394,394,2020-08-27,145.1202392578125,144.31858825683594,140.27723693847656
395,395,395,2020-08-28,147.0677032470703,143.60748291015625,142.02333068847656
396,396,396,2020-08-31,148.2090301513672,144.05133056640625,143.3734588623047
397,397,397,2020-09-01,147.3303680419922,145.2469940185547,144.67857360839844
398,398,398,2020-09-02,150.1655731201172,144.0603790283203,144.28256225585938
399,399,399,2020-09-03,143.13644409179688,143.93359375,144.00350952148438
400,400,400,2020-09-04,145.63650512695312,145.1202392578125,144.31858825683594
401,401,401,2020-09-08,141.71435546875,147.0677032470703,143.60748291015625
402,402,402,2020-09-09,144.7488250732422,148.2090301513672,144.05133056640625
403,403,403,2020-09-10,143.01870727539062,147.3303680419922,145.2469940185547
404,404,404,2020-09-11,143.90640258789062,150.1655731201172,144.0603790283203
405,405,405,2020-09-14,145.0568084716797,143.13644409179688,143.93359375
406,406,406,2020-09-15,146.31588745117188,145.63650512695312,145.1202392578125
407,407,407,2020-09-16,144.8122100830078,141.71435546875,147.0677032470703
408,408,408,2020-09-17,144.70352172851562,144.7488250732422,148.2090301513672
409,409,409,2020-09-18,144.6219940185547,143.01870727539062,147.3303680419922
410,410,410,2020-09-21,145.89015197753906,143.90640258789062,150.1655731201172
411,411,411,2020-09-22,146.64195251464844,145.0568084716797,143.13644409179688
412,412,412,2020-09-23,146.333984375,146.31588745117188,145.63650512695312
413,413,413,2020-09-24,145.3013458251953,144.8122100830078,141.71435546875
414,414,414,2020-09-25,150.47354125976562,144.70352172851562,144.7488250732422
415,415,415,2020-09-28,152.99171447753906,144.6219940185547,143.01870727539062
416,416,416,2020-09-29,152.62936401367188,145.89015197753906,143.90640258789062
417,417,417,2020-09-30,150.93553161621094,146.64195251464844,145.0568084716797
418,418,418,2020-10-01,151.85943603515625,146.333984375,146.31588745117188
419,419,419,2020-10-02,151.23443603515625,145.3013458251953,144.8122100830078
420,420,420,2020-10-05,153.2272186279297,150.47354125976562,144.70352172851562
421,421,421,2020-10-06,153.39935302734375,152.99171447753906,144.6219940185547
422,422,422,2020-10-07,158.5081329345703,152.62936401367188,145.89015197753906
423,423,423,2020-10-08,157.80157470703125,150.93553161621094,146.64195251464844
424,424,424,2020-10-09,158.23638916015625,151.85943603515625,146.333984375
425,425,425,2020-10-12,159.91212463378906,151.23443603515625,145.3013458251953
426,426,426,2020-10-13,158.8160858154297,153.2272186279297,150.47354125976562
427,427,427,2020-10-14,157.95558166503906,153.39935302734375,152.99171447753906
428,428,428,2020-10-15,157.64756774902344,158.5081329345703,152.62936401367188
429,429,429,2020-10-16,158.00990295410156,157.80157470703125,150.93553161621094
430,430,430,2020-10-19,155.89028930664062,158.23638916015625,151.85943603515625
431,431,431,2020-10-20,158.40850830078125,159.91212463378906,151.23443603515625
432,432,432,2020-10-21,156.46099853515625,158.8160858154297,153.2272186279297
433,433,433,2020-10-22,156.6964874267578,157.95558166503906,153.39935302734375
434,434,434,2020-10-23,155.7091522216797,157.64756774902344,158.5081329345703
435,435,435,2020-10-26,152.176513671875,158.00990295410156,157.80157470703125
436,436,436,2020-10-27,154.74899291992188,155.89028930664062,158.23638916015625
437,437,437,2020-10-28,141.10745239257812,158.40850830078125,159.91212463378906
438,438,438,2020-10-29,146.16189575195312,156.46099853515625,158.8160858154297
439,439,439,2020-10-30,142.3121795654297,156.6964874267578,157.95558166503906
440,440,440,2020-11-02,144.52235412597656,155.7091522216797,157.64756774902344
441,441,441,2020-11-03,148.0821990966797,152.176513671875,158.00990295410156
442,442,442,2020-11-04,147.26699829101562,154.74899291992188,155.89028930664062
443,443,443,2020-11-05,148.1546630859375,141.10745239257812,158.40850830078125
444,444,444,2020-11-06,151.8866424560547,146.16189575195312,156.46099853515625
445,445,445,2020-11-09,147.8466796875,142.3121795654297,156.6964874267578
446,446,446,2020-11-10,149.21444702148438,144.52235412597656,155.7091522216797
447,447,447,2020-11-11,150.94456481933594,148.0821990966797,152.176513671875
448,448,448,2020-11-12,148.6480255126953,147.26699829101562,154.74899291992188
449,449,449,2020-11-13,149.15835571289062,148.1546630859375,141.10745239257812
450,450,450,2020-11-16,153.50543212890625,151.8866424560547,146.16189575195312
451,451,451,2020-11-17,153.90643310546875,147.8466796875,142.3121795654297
452,452,452,2020-11-18,153.51455688476562,149.21444702148438,144.52235412597656
453,453,453,2020-11-19,151.7191925048828,150.94456481933594,148.0821990966797
454,454,454,2020-11-20,149.24038696289062,148.6480255126953,147.26699829101562
455,455,455,2020-11-23,151.82858276367188,149.15835571289062,148.1546630859375
456,456,456,2020-11-24,157.3785858154297,153.50543212890625,151.8866424560547
457,457,457,2020-11-25,155.38278198242188,153.90643310546875,147.8466796875
458,458,458,2020-11-27,153.91552734375,153.51455688476562,149.21444702148438
459,459,459,2020-11-30,155.90225219726562,151.7191925048828,150.94456481933594
460,460,460,2020-12-01,153.06800842285156,149.24038696289062,148.6480255126953
461,461,461,2020-12-02,153.8608856201172,151.82858276367188,149.15835571289062
462,462,462,2020-12-03,152.9495086669922,157.3785858154297,153.50543212890625
463,463,463,2020-12-04,152.42091369628906,155.38278198242188,153.90643310546875
464,464,464,2020-12-07,152.62144470214844,153.91552734375,153.51455688476562
465,465,465,2020-12-08,151.6371612548828,155.90225219726562,151.7191925048828
466,466,466,2020-12-09,154.17979431152344,153.06800842285156,149.24038696289062
467,467,467,2020-12-10,149.67779541015625,153.8608856201172,151.82858276367188
468,468,468,2020-12-11,153.46896362304688,152.9495086669922,157.3785858154297
469,469,469,2020-12-14,151.84681701660156,152.42091369628906,155.38278198242188
470,470,470,2020-12-15,152.3480224609375,152.62144470214844,153.91552734375
471,471,471,2020-12-16,155.04556274414062,151.6371612548828,155.90225219726562
472,472,472,2020-12-17,159.0189971923828,154.17979431152344,153.06800842285156
473,473,473,2020-12-18,159.64781188964844,149.67779541015625,153.8608856201172
474,474,474,2020-12-21,157.2874755859375,153.46896362304688,152.9495086669922
475,475,475,2020-12-22,159.0828094482422,151.84681701660156,152.42091369628906
476,476,476,2020-12-23,157.3330535888672,152.3480224609375,152.62144470214844
477,477,477,2020-12-24,156.9229278564453,155.04556274414062,151.6371612548828
478,478,478,2020-12-28,156.16653442382812,159.0189971923828,154.17979431152344
479,479,479,2020-12-29,154.04312133789062,159.64781188964844,149.67779541015625
480,480,480,2020-12-30,151.4913787841797,157.2874755859375,153.46896362304688
481,481,481,2020-12-31,153.46896362304688,159.0828094482422,151.84681701660156
482,482,482,2021-01-04,149.27684020996094,157.3330535888672,152.3480224609375
483,483,483,2021-01-05,147.19900512695312,156.9229278564453,155.04556274414062
484,484,484,2021-01-06,146.7615203857422,156.16653442382812,159.0189971923828
485,485,485,2021-01-07,144.9024200439453,154.04312133789062,159.64781188964844
486,486,486,2021-01-08,144.34649658203125,151.4913787841797,157.2874755859375
487,487,487,2021-01-11,147.5088348388672,153.46896362304688,159.0828094482422
488,488,488,2021-01-12,149.3770751953125,149.27684020996094,157.3330535888672
489,489,489,2021-01-13,148.6480255126953,147.19900512695312,156.9229278564453
490,490,490,2021-01-14,148.97608947753906,146.7615203857422,156.16653442382812
491,491,491,2021-01-15,144.81129455566406,144.9024200439453,154.04312133789062
492,492,492,2021-01-19,142.423583984375,144.34649658203125,151.4913787841797
493,493,493,2021-01-20,145.66793823242188,147.5088348388672,153.46896362304688
494,494,494,2021-01-21,145.90489196777344,149.3770751953125,149.27684020996094
495,495,495,2021-01-22,144.893310546875,148.6480255126953,147.19900512695312
496,496,496,2021-01-25,147.40858459472656,148.97608947753906,146.7615203857422
497,497,497,2021-01-26,147.116943359375,144.81129455566406,144.9024200439453
498,498,498,2021-01-27,143.67208862304688,142.423583984375,144.34649658203125
499,499,499,2021-01-28,143.32579040527344,145.66793823242188,147.5088348388672
500,500,500,2021-01-29,141.25706481933594,145.90489196777344,149.3770751953125
501,501,501,2021-02-01,142.40536499023438,144.893310546875,148.6480255126953
502,502,502,2021-02-02,146.07801818847656,147.40858459472656,148.97608947753906
503,503,503,2021-02-03,145.5494842529297,147.116943359375,144.81129455566406
504,504,504,2021-02-04,147.87338256835938,143.67208862304688,142.423583984375
505,505,505,2021-02-05,149.80543518066406,143.32579040527344,145.66793823242188
506,506,506,2021-02-08,148.95787048339844,141.25706481933594,145.90489196777344
507,507,507,2021-02-09,152.12020874023438,142.40536499023438,144.893310546875
508,508,508,2021-02-10,150.97189331054688,146.07801818847656,147.40858459472656
509,509,509,2021-02-11,147.97361755371094,145.5494842529297,147.116943359375
510,510,510,2021-02-12,148.90316772460938,147.87338256835938,143.67208862304688
511,511,511,2021-02-16,147.40858459472656,149.80543518066406,143.32579040527344
512,512,512,2021-02-17,146.72509765625,148.95787048339844,141.25706481933594
513,513,513,2021-02-18,147.74578857421875,152.12020874023438,142.40536499023438
514,514,514,2021-02-19,147.23219299316406,150.97189331054688,146.07801818847656
515,515,515,2021-02-22,148.204345703125,147.97361755371094,145.5494842529297
516,516,516,2021-02-23,147.47982788085938,148.90316772460938,147.87338256835938
517,517,517,2021-02-24,146.80117797851562,147.40858459472656,149.80543518066406
518,518,518,2021-02-25,144.45335388183594,146.72509765625,148.95787048339844
519,519,519,2021-02-26,144.74684143066406,147.74578857421875,152.12020874023438
520,520,520,2021-03-01,148.08509826660156,147.23219299316406,150.97189331054688
521,521,521,2021-03-02,147.993408203125,148.204345703125,147.97361755371094
522,522,522,2021-03-03,147.13131713867188,147.47982788085938,148.90316772460938
523,523,523,2021-03-04,146.23255920410156,146.80117797851562,147.40858459472656
524,524,524,2021-03-05,150.77220153808594,144.45335388183594,146.72509765625
525,525,525,2021-03-08,147.53485107421875,144.74684143066406,147.74578857421875
526,526,526,2021-03-09,149.7359161376953,148.08509826660156,147.23219299316406
527,527,527,2021-03-10,151.533447265625,147.993408203125,148.204345703125
528,528,528,2021-03-11,153.3768310546875,147.13131713867188,147.47982788085938
529,529,529,2021-03-12,153.78952026367188,146.23255920410156,146.80117797851562
530,530,530,2021-03-15,149.1581268310547,150.77220153808594,144.45335388183594
531,531,531,2021-03-16,149.32321166992188,147.53485107421875,144.74684143066406
532,532,532,2021-03-17,147.33306884765625,149.7359161376953,148.08509826660156
533,533,533,2021-03-18,146.92039489746094,151.533447265625,147.993408203125
534,534,534,2021-03-19,146.0858154296875,153.3768310546875,147.13131713867188
535,535,535,2021-03-22,147.70907592773438,153.78952026367188,146.23255920410156
536,536,536,2021-03-23,146.60858154296875,149.1581268310547,150.77220153808594
537,537,537,2021-03-24,146.6544189453125,149.32321166992188,147.53485107421875
538,538,538,2021-03-25,149.7175750732422,147.33306884765625,149.7359161376953
539,539,539,2021-03-26,154.0554656982422,146.92039489746094,151.533447265625
540,540,540,2021-03-29,154.20220947265625,146.0858154296875,153.3768310546875
541,541,541,2021-03-30,154.66075134277344,147.70907592773438,153.78952026367188
542,542,542,2021-03-31,155.8988800048828,146.60858154296875,149.1581268310547
543,543,543,2021-04-01,157.08192443847656,146.6544189453125,149.32321166992188
544,544,544,2021-04-05,157.69638061523438,149.7175750732422,147.33306884765625
545,545,545,2021-04-06,158.6318359375,154.0554656982422,146.92039489746094
546,546,546,2021-04-07,157.69638061523438,154.20220947265625,146.0858154296875
547,547,547,2021-04-08,158.67767333984375,154.66075134277344,147.70907592773438
548,548,548,2021-04-09,161.35565185546875,155.8988800048828,146.60858154296875
549,549,549,2021-04-12,163.7768096923828,157.08192443847656,146.6544189453125
550,550,550,2021-04-13,164.5471649169922,157.69638061523438,149.7175750732422
551,551,551,2021-04-14,161.60325622558594,158.6318359375,154.0554656982422
552,552,552,2021-04-15,164.74893188476562,157.69638061523438,154.20220947265625
553,553,553,2021-04-16,164.81314086914062,158.67767333984375,154.66075134277344
554,554,554,2021-04-19,163.29989624023438,161.35565185546875,155.8988800048828
555,555,555,2021-04-20,164.7947998046875,163.7768096923828,157.08192443847656
556,556,556,2021-04-21,163.7676239013672,164.5471649169922,157.69638061523438
557,557,557,2021-04-22,162.7954864501953,161.60325622558594,158.6318359375
558,558,558,2021-04-23,164.12530517578125,164.74893188476562,157.69638061523438
559,559,559,2021-04-26,161.23641967773438,164.81314086914062,158.67767333984375
560,560,560,2021-04-27,178.0377960205078,163.29989624023438,161.35565185546875
561,561,561,2021-04-28,181.9263153076172,164.7947998046875,163.7768096923828
562,562,562,2021-04-29,186.83287048339844,163.7676239013672,164.5471649169922
563,563,563,2021-04-30,186.9612274169922,162.7954864501953,161.60325622558594
564,564,564,2021-05-03,194.6099090576172,164.12530517578125,164.74893188476562
565,565,565,2021-05-04,196.5449981689453,161.23641967773438,164.81314086914062
566,566,566,2021-05-05,196.7375946044922,178.0377960205078,163.29989624023438
567,567,567,2021-05-06,196.9760131835937,181.9263153076172,164.7947998046875
568,568,568,2021-05-07,199.47056579589844,186.83287048339844,163.7676239013672
569,569,569,2021-05-10,198.2141571044922,186.9612274169922,162.7954864501953
570,570,570,2021-05-11,196.56333923339844,194.6099090576172,164.12530517578125
571,571,571,2021-05-12,193.2342529296875,196.5449981689453,161.23641967773438
572,572,572,2021-05-13,197.79226684570312,196.7375946044922,178.0377960205078
573,573,573,2021-05-14,198.4434051513672,196.9760131835937,181.9263153076172
574,574,574,2021-05-17,198.36087036132807,199.47056579589844,186.83287048339844
575,575,575,2021-05-18,196.2515563964844,198.2141571044922,186.9612274169922
576,576,576,2021-05-19,196.5816802978516,196.56333923339844,194.6099090576172
577,577,577,2021-05-20,196.20567321777344,193.2342529296875,196.5449981689453
578,578,578,2021-05-21,195.23809814453125,197.79226684570312,196.7375946044922
579,579,579,2021-05-24,196.67562866210932,198.4434051513672,196.9760131835937
580,580,580,2021-05-25,194.887939453125,198.36087036132807,199.47056579589844
581,581,581,2021-05-26,197.0258026123047,196.2515563964844,198.2141571044922
582,582,582,2021-05-27,196.0950927734375,196.5816802978516,196.56333923339844
583,583,583,2021-05-28,197.75379943847656,196.20567321777344,193.2342529296875
584,584,584,2021-06-01,196.546615600586,195.23809814453125,197.79226684570312
585,585,585,2021-06-02,195.2749481201172,196.67562866210932,198.4434051513672
586,586,586,2021-06-03,195.3394470214844,194.887939453125,198.36087036132807
587,587,587,2021-06-04,194.095443725586,197.0258026123047,196.2515563964844
588,588,588,2021-06-07,196.2056427001953,196.0950927734375,196.5816802978516
589,589,589,2021-06-08,193.293701171875,197.75379943847656,196.20567321777344
590,590,590,2021-06-09,185.27671813964844,196.546615600586,195.23809814453125
591,591,591,2021-06-10,187.24868774414065,195.2749481201172,196.67562866210932
592,592,592,2021-06-11,187.24868774414065,195.3394470214844,194.887939453125
593,593,593,2021-06-14,185.3043365478516,194.095443725586,197.0258026123047
594,594,594,2021-06-15,186.4562225341797,196.2056427001953,196.0950927734375
595,595,595,2021-06-16,184.6869201660156,193.293701171875,197.75379943847656
596,596,596,2021-06-17,182.50296020507807,185.27671813964844,196.546615600586
597,597,597,2021-06-18,182.24496459960932,187.24868774414065,195.2749481201172
598,598,598,2021-06-21,187.3592834472656,187.24868774414065,195.3394470214844
599,599,599,2021-06-22,189.27598571777344,185.3043365478516,194.095443725586
600,600,600,2021-06-23,188.0043334960937,186.4562225341797,196.2056427001953
601,601,601,2021-06-24,189.92105102539065,184.6869201660156,193.293701171875
602,602,602,2021-06-25,189.46951293945312,182.50296020507807,185.27671813964844
603,603,603,2021-06-28,189.1193389892578,182.24496459960932,187.24868774414065
604,604,604,2021-06-29,191.31251525878903,187.3592834472656,187.24868774414065
605,605,605,2021-06-30,191.64425659179688,189.27598571777344,185.3043365478516
606,606,606,2021-07-01,193.7176055908203,188.0043334960937,186.4562225341797
607,607,607,2021-07-02,194.9247589111328,189.92105102539065,184.6869201660156
608,608,608,2021-07-06,194.70362854003903,189.46951293945312,182.50296020507807
609,609,609,2021-07-07,197.4404754638672,189.1193389892578,182.24496459960932
610,610,610,2021-07-08,195.42239379882807,191.31251525878903,187.3592834472656
611,611,611,2021-07-09,197.1271514892578,191.64425659179688,189.27598571777344
612,612,612,2021-07-12,196.5834808349609,193.7176055908203,188.0043334960937
613,613,613,2021-07-13,194.68521118164065,194.9247589111328,189.92105102539065
614,614,614,2021-07-14,194.9247589111328,194.70362854003903,189.46951293945312
615,615,615,2021-07-15,196.150390625,197.4404754638672,189.1193389892578
616,616,616,2021-07-16,194.04014587402344,195.42239379882807,191.31251525878903
617,617,617,2021-07-19,194.8142242431641,197.1271514892578,191.64425659179688
618,618,618,2021-07-20,195.78179931640625,196.5834808349609,193.7176055908203
619,619,619,2021-07-21,195.7725524902344,194.68521118164065,194.9247589111328
620,620,620,2021-07-22,196.49131774902344,194.9247589111328,194.70362854003903
621,621,621,2021-07-23,195.0261688232422,196.150390625,197.4404754638672
622,622,622,2021-07-26,193.38589477539065,194.04014587402344,195.42239379882807
623,623,623,2021-07-27,179.8674774169922,194.8142242431641,197.1271514892578
624,624,624,2021-07-28,176.9647674560547,195.78179931640625,196.5834808349609
625,625,625,2021-07-29,176.75283813476562,195.7725524902344,194.68521118164065
626,626,626,2021-07-30,176.33815002441406,196.49131774902344,194.9247589111328
627,627,627,2021-08-02,176.8726043701172,195.0261688232422,196.150390625
628,628,628,2021-08-03,178.9091339111328,193.38589477539065,194.04014587402344
629,629,629,2021-08-04,175.81288146972656,179.8674774169922,194.8142242431641
630,630,630,2021-08-05,175.47193908691406,176.9647674560547,195.78179931640625
631,631,631,2021-08-06,177.48081970214844,176.75283813476562,195.7725524902344
632,632,632,2021-08-09,175.98794555664062,176.33815002441406,196.49131774902344
633,633,633,2021-08-10,175.6470489501953,176.8726043701172,195.0261688232422
634,634,634,2021-08-11,177.2965087890625,178.9091339111328,193.38589477539065
635,635,635,2021-08-12,178.4391632080078,175.81288146972656,179.8674774169922
636,636,636,2021-08-13,178.75247192382812,175.47193908691406,176.9647674560547
637,637,637,2021-08-16,181.5998992919922,177.48081970214844,176.75283813476562
638,638,638,2021-08-17,182.23573303222656,175.98794555664062,176.33815002441406
639,639,639,2021-08-18,179.5081024169922,175.6470489501953,176.8726043701172
640,640,640,2021-08-19,178.82620239257812,177.2965087890625,178.9091339111328
641,641,641,2021-08-20,179.011474609375,178.4391632080078,175.81288146972656
642,642,642,2021-08-23,178.78915405273438,178.75247192382812,175.47193908691406
643,643,643,2021-08-24,179.03927612304688,181.5998992919922,177.48081970214844
644,644,644,2021-08-25,178.66871643066406,182.23573303222656,175.98794555664062
645,645,645,2021-08-26,178.19625854492188,179.5081024169922,175.6470489501953
646,646,646,2021-08-27,179.06704711914062,178.82620239257812,177.2965087890625
647,647,647,2021-08-30,179.7247772216797,179.011474609375,178.4391632080078
648,648,648,2021-08-31,181.2254943847656,178.78915405273438,178.75247192382812
649,649,649,2021-09-01,181.93878173828125,179.03927612304688,181.5998992919922
650,650,650,2021-09-02,183.59695434570312,178.66871643066406,182.23573303222656
651,651,651,2021-09-03,182.8095550537109,178.19625854492188,179.5081024169922
652,652,652,2021-09-07,181.16067504882807,179.06704711914062,178.82620239257812
653,653,653,2021-09-08,180.24354553222656,179.7247772216797,179.011474609375
654,654,654,2021-09-09,175.09291076660156,181.2254943847656,178.78915405273438
655,655,655,2021-09-10,179.02999877929688,181.93878173828125,179.03927612304688
656,656,656,2021-09-13,180.07679748535156,183.59695434570312,178.66871643066406
657,657,657,2021-09-14,176.94566345214844,182.8095550537109,178.19625854492188
658,658,658,2021-09-15,179.11337280273438,181.16067504882807,179.06704711914062
659,659,659,2021-09-16,178.76133728027344,180.24354553222656,179.7247772216797
660,660,660,2021-09-17,176.03781127929688,175.09291076660156,181.2254943847656
661,661,661,2021-09-20,175.44496154785156,179.02999877929688,181.93878173828125
662,662,662,2021-09-21,175.75990295410156,180.07679748535156,183.59695434570312
663,663,663,2021-09-22,171.65611267089844,176.94566345214844,182.8095550537109
664,664,664,2021-09-23,173.03636169433594,179.11337280273438,181.16067504882807
665,665,665,2021-09-24,174.1758270263672,178.76133728027344,180.24354553222656
666,666,666,2021-09-27,173.0826873779297,176.03781127929688,175.09291076660156
667,667,667,2021-09-28,173.00860595703125,175.44496154785156,179.02999877929688
668,668,668,2021-09-29,171.13734436035156,175.75990295410156,180.07679748535156
669,669,669,2021-09-30,168.6917266845703,171.65611267089844,176.94566345214844
670,670,670,2021-10-01,168.1266326904297,173.03636169433594,179.11337280273438
671,671,671,2021-10-04,165.28268432617188,174.1758270263672,178.76133728027344
672,672,672,2021-10-05,166.44064331054688,173.0826873779297,176.03781127929688
673,673,673,2021-10-06,167.39483642578125,173.00860595703125,175.44496154785156
674,674,674,2021-10-07,168.2285614013672,171.13734436035156,175.75990295410156
675,675,675,2021-10-08,169.9793701171875,168.6917266845703,171.65611267089844
676,676,676,2021-10-11,168.3582305908203,168.1266326904297,173.03636169433594
677,677,677,2021-10-12,168.58981323242188,165.28268432617188,174.1758270263672
678,678,678,2021-10-13,170.50741577148438,166.44064331054688,173.0826873779297
679,679,679,2021-10-14,177.3254852294922,167.39483642578125,173.00860595703125
680,680,680,2021-10-15,179.48391723632812,168.2285614013672,171.13734436035156
681,681,681,2021-10-18,179.15042114257812,169.9793701171875,168.6917266845703
682,682,682,2021-10-19,179.52096557617188,168.3582305908203,168.1266326904297
683,683,683,2021-10-20,180.8919982910156,168.58981323242188,165.28268432617188
684,684,684,2021-10-21,184.7549591064453,170.50741577148438,166.44064331054688
685,685,685,2021-10-22,188.8032073974609,177.3254852294922,167.39483642578125
686,686,686,2021-10-25,188.8865509033203,179.48391723632812,168.2285614013672
687,687,687,2021-10-26,202.01321411132807,179.15042114257812,169.9793701171875
688,688,688,2021-10-27,196.58468627929688,179.52096557617188,168.3582305908203
689,689,689,2021-10-28,198.15025329589844,180.8919982910156,168.58981323242188
690,690,690,2021-10-29,197.7518920898437,184.7549591064453,170.50741577148438
691,691,691,2021-11-01,195.37112426757807,188.8032073974609,177.3254852294922
692,692,692,2021-11-02,193.74075317382807,188.8865509033203,179.48391723632812
693,693,693,2021-11-03,197.0756683349609,202.01321411132807,179.15042114257812
694,694,694,2021-11-04,195.20437622070312,196.58468627929688,179.52096557617188
695,695,695,2021-11-05,192.88848876953125,198.15025329589844,180.8919982910156
696,696,696,2021-11-08,193.8889312744141,197.7518920898437,184.7549591064453
697,697,697,2021-11-09,194.5003662109375,195.37112426757807,188.8032073974609
698,698,698,2021-11-10,196.056640625,193.74075317382807,188.8865509033203
699,699,699,2021-11-11,197.5851593017578,197.0756683349609,202.01321411132807
700,700,700,2021-11-12,197.49252319335932,195.20437622070312,196.58468627929688
701,701,701,2021-11-15,195.94549560546875,192.88848876953125,198.15025329589844
702,702,702,2021-11-16,196.2696990966797,193.8889312744141,197.7518920898437
703,703,703,2021-11-17,192.54574584960932,194.5003662109375,195.37112426757807
704,704,704,2021-11-18,192.1936798095703,196.056640625,193.74075317382807
705,705,705,2021-11-19,194.07418823242188,197.5851593017578,197.0756683349609
706,706,706,2021-11-22,196.3177947998047,197.49252319335932,195.20437622070312
707,707,707,2021-11-23,197.18356323242188,195.94549560546875,192.88848876953125
708,708,708,2021-11-24,194.07418823242188,196.2696990966797,193.8889312744141
709,709,709,2021-11-26,191.1231231689453,192.54574584960932,194.5003662109375
710,710,710,2021-11-29,190.50868225097656,192.1936798095703,196.056640625
711,711,711,2021-11-30,184.6716461181641,194.07418823242188,197.5851593017578
712,712,712,2021-12-01,180.74305725097656,196.3177947998047,197.49252319335932
713,713,713,2021-12-02,186.09597778320312,197.18356323242188,195.94549560546875
714,714,714,2021-12-03,186.86868286132807,194.07418823242188,196.2696990966797
715,715,715,2021-12-06,188.10682678222656,191.1231231689453,192.54574584960932
716,716,716,2021-12-07,191.20689392089844,190.50868225097656,192.1936798095703
717,717,717,2021-12-08,190.5831756591797,184.6716461181641,194.07418823242188
718,718,718,2021-12-09,192.2774658203125,180.74305725097656,196.3177947998047
719,719,719,2021-12-10,194.6700134277344,186.09597778320312,197.18356323242188
720,720,720,2021-12-13,192.06336975097656,186.86868286132807,194.07418823242188
721,721,721,2021-12-14,189.6708221435547,188.10682678222656,191.1231231689453
722,722,722,2021-12-15,191.56065368652344,191.20689392089844,190.50868225097656
723,723,723,2021-12-16,193.60873413085932,190.5831756591797,184.6716461181641
724,724,724,2021-12-17,192.3240203857422,192.2774658203125,180.74305725097656
725,725,725,2021-12-20,188.45127868652344,194.6700134277344,186.09597778320312
726,726,726,2021-12-21,192.7988128662109,192.06336975097656,186.86868286132807
727,727,727,2021-12-22,194.04627990722656,189.6708221435547,188.10682678222656
728,728,728,2021-12-23,197.53732299804688,191.56065368652344,191.20689392089844
729,729,729,2021-12-27,200.25567626953125,193.60873413085932,190.5831756591797
730,730,730,2021-12-28,199.85536193847656,192.3240203857422,192.2774658203125
731,731,731,2021-12-29,199.7808990478516,188.45127868652344,194.6700134277344
732,732,732,2021-12-30,199.12921142578125,192.7988128662109,192.06336975097656
733,733,733,2021-12-31,199.5388336181641,194.04627990722656,189.6708221435547
734,734,734,2022-01-03,198.7568359375,197.53732299804688,191.56065368652344
735,735,735,2022-01-04,202.2851104736328,200.25567626953125,193.60873413085932
736,736,736,2022-01-05,199.74365234375,199.85536193847656,192.3240203857422
737,737,737,2022-01-06,201.68002319335932,199.7808990478516,188.45127868652344
738,738,738,2022-01-07,203.09507751464844,199.12921142578125,192.7988128662109
739,739,739,2022-01-10,197.1090850830078,199.5388336181641,194.04627990722656
740,740,740,2022-01-11,196.68084716796875,198.7568359375,197.53732299804688
741,741,741,2022-01-12,196.63430786132807,202.2851104736328,200.25567626953125
742,742,742,2022-01-13,195.93609619140625,199.74365234375,199.85536193847656
743,743,743,2022-01-14,192.2774658203125,201.68002319335932,199.7808990478516
744,744,744,2022-01-18,191.39306640625,203.09507751464844,199.12921142578125
745,745,745,2022-01-19,189.689453125,197.1090850830078,199.5388336181641
746,746,746,2022-01-20,188.3209686279297,196.68084716796875,198.7568359375
747,747,747,2022-01-21,188.0044403076172,196.63430786132807,202.2851104736328
748,748,748,2022-01-24,190.03390502929688,195.93609619140625,199.74365234375
749,749,749,2022-01-25,187.99513244628903,192.2774658203125,201.68002319335932
750,750,750,2022-01-26,185.2581329345703,191.39306640625,203.09507751464844
751,751,751,2022-01-27,181.37608337402344,189.689453125,197.1090850830078
752,752,752,2022-01-28,184.5599365234375,188.3209686279297,196.68084716796875
753,753,753,2022-01-31,188.24647521972656,188.0044403076172,196.63430786132807
754,754,754,2022-02-01,214.75979614257807,190.03390502929688,195.93609619140625
755,755,755,2022-02-02,216.0817413330078,187.99513244628903,192.2774658203125
756,756,756,2022-02-03,212.8979339599609,185.2581329345703,191.39306640625
757,757,757,2022-02-04,209.2672271728516,181.37608337402344,189.689453125
758,758,758,2022-02-07,209.5186004638672,184.5599365234375,188.3209686279297
759,759,759,2022-02-08,209.64892578125,188.24647521972656,188.0044403076172
760,760,760,2022-02-09,209.5278778076172,214.75979614257807,190.03390502929688
761,761,761,2022-02-10,205.44102478027344,216.0817413330078,187.99513244628903
762,762,762,2022-02-11,198.74755859375,212.8979339599609,185.2581329345703
763,763,763,2022-02-14,199.2130279541016,209.2672271728516,181.37608337402344
764,764,764,2022-02-15,202.2572021484375,209.5186004638672,184.5599365234375
765,765,765,2022-02-16,200.44186401367188,209.64892578125,188.24647521972656
766,766,766,2022-02-17,196.15951538085932,209.5278778076172,214.75979614257807
767,767,767,2022-02-18,196.3189239501953,205.44102478027344,216.0817413330078
768,768,768,2022-02-22,195.9532165527344,198.74755859375,212.8979339599609
769,769,769,2022-02-23,191.742904663086,199.2130279541016,209.2672271728516
770,770,770,2022-02-24,194.2841033935547,202.2572021484375,209.5186004638672
771,771,771,2022-02-25,196.8721618652344,200.44186401367188,209.64892578125
772,772,772,2022-02-28,197.3128967285156,196.15951538085932,209.5278778076172
773,773,773,2022-03-01,192.7743988037109,196.3189239501953,205.44102478027344
774,774,774,2022-03-02,198.2881317138672,195.9532165527344,198.74755859375
775,775,775,2022-03-03,199.1977081298828,191.742904663086,199.2130279541016
776,776,776,2022-03-04,197.28477478027344,194.2841033935547,202.2572021484375
777,777,777,2022-03-07,188.64846801757807,196.8721618652344,200.44186401367188
778,778,778,2022-03-08,190.73956298828125,197.3128967285156,196.15951538085932
779,779,779,2022-03-09,193.899642944336,192.7743988037109,196.3189239501953
780,780,780,2022-03-10,194.27471923828125,198.2881317138672,195.9532165527344
781,781,781,2022-03-11,191.19903564453125,199.1977081298828,191.742904663086
782,782,782,2022-03-14,191.5741271972656,197.28477478027344,194.2841033935547
783,783,783,2022-03-15,197.4160614013672,188.64846801757807,196.8721618652344
784,784,784,2022-03-16,204.3269805908203,190.73956298828125,197.3128967285156
785,785,785,2022-03-17,208.4716644287109,193.899642944336,192.7743988037109
786,786,786,2022-03-18,206.0898895263672,194.27471923828125,198.2881317138672
787,787,787,2022-03-21,204.94586181640625,191.19903564453125,199.1977081298828
788,788,788,2022-03-22,204.8145904541016,191.5741271972656,197.28477478027344
789,789,789,2022-03-23,201.2137756347656,197.4160614013672,188.64846801757807
790,790,790,2022-03-24,201.288803100586,204.3269805908203,190.73956298828125
791,791,791,2022-03-25,201.93582153320312,208.4716644287109,193.899642944336
792,792,792,2022-03-28,205.8742218017578,206.0898895263672,194.27471923828125
793,793,793,2022-03-29,208.5935516357422,204.94586181640625,191.19903564453125
794,794,794,2022-03-30,206.48370361328125,204.8145904541016,191.5741271972656
795,795,795,2022-03-31,201.10125732421875,201.2137756347656,197.4160614013672
796,796,796,2022-04-01,193.76837158203125,201.288803100586,204.3269805908203
797,797,797,2022-04-04,192.4274444580078,201.93582153320312,208.4716644287109
798,798,798,2022-04-05,184.92578125,205.8742218017578,206.0898895263672
799,799,799,2022-04-06,182.28143310546875,208.5935516357422,204.94586181640625
800,800,800,2022-04-07,180.6966857910156,206.48370361328125,204.8145904541016
801,801,801,2022-04-08,179.07444763183594,201.10125732421875,201.2137756347656
802,802,802,2022-04-11,178.95252990722656,193.76837158203125,201.288803100586
803,803,803,2022-04-12,176.18629455566406,192.4274444580078,201.93582153320312
804,804,804,2022-04-13,177.10525512695312,184.92578125,205.8742218017578
805,805,805,2022-04-14,176.30819702148438,182.28143310546875,208.5935516357422
806,806,806,2022-04-18,175.50177001953125,180.6966857910156,206.48370361328125
807,807,807,2022-04-19,178.81187438964844,179.07444763183594,201.10125732421875
808,808,808,2022-04-20,178.56805419921875,178.95252990722656,193.76837158203125
809,809,809,2022-04-21,177.0396270751953,176.18629455566406,192.4274444580078
810,810,810,2022-04-22,175.4923858642578,177.10525512695312,184.92578125
811,811,811,2022-04-25,177.82730102539062,176.30819702148438,182.28143310546875
812,812,812,2022-04-26,171.6477813720703,175.50177001953125,180.6966857910156
813,813,813,2022-04-27,174.7891082763672,178.81187438964844,179.07444763183594
814,814,814,2022-04-28,178.31491088867188,178.56805419921875,178.95252990722656
815,815,815,2022-04-29,168.7689971923828,177.0396270751953,176.18629455566406
816,816,816,2022-05-02,167.45623779296875,175.4923858642578,177.10525512695312
817,817,817,2022-05-03,167.02487182617188,177.82730102539062,176.30819702148438
818,818,818,2022-05-04,172.35105895996094,171.6477813720703,175.50177001953125
819,819,819,2022-05-05,168.59083557128906,174.7891082763672,178.81187438964844
820,820,820,2022-05-06,168.71273803710938,178.31491088867188,178.56805419921875
821,821,821,2022-05-09,170.1287078857422,168.7689971923828,177.0396270751953
822,822,822,2022-05-10,170.6725616455078,167.45623779296875,175.4923858642578
823,823,823,2022-05-11,166.40599060058594,167.02487182617188,177.82730102539062
824,824,824,2022-05-12,167.5218505859375,172.35105895996094,171.6477813720703
825,825,825,2022-05-13,168.3824920654297,168.59083557128906,174.7891082763672
826,826,826,2022-05-16,170.01866149902344,168.71273803710938,178.31491088867188
827,827,827,2022-05-17,173.2058563232422,170.1287078857422,168.7689971923828
828,828,828,2022-05-18,162.8876495361328,170.6725616455078,167.45623779296875
829,829,829,2022-05-19,158.31021118164062,166.40599060058594,167.02487182617188
830,830,830,2022-05-20,161.76220703125,167.5218505859375,172.35105895996094
831,831,831,2022-05-23,164.93048095703125,168.3824920654297,168.59083557128906
832,832,832,2022-05-24,164.66566467285156,170.01866149902344,168.71273803710938
833,833,833,2022-05-25,164.42926025390625,173.2058563232422,170.1287078857422
834,834,834,2022-05-26,168.70407104492188,162.8876495361328,170.6725616455078
835,835,835,2022-05-27,172.62893676757812,158.31021118164062,166.40599060058594
836,836,836,2022-05-31,172.36412048339844,161.76220703125,167.5218505859375
837,837,837,2022-06-01,170.45372009277344,164.93048095703125,168.3824920654297
838,838,838,2022-06-02,174.08541870117188,164.66566467285156,170.01866149902344
839,839,839,2022-06-03,175.4283905029297,164.42926025390625,173.2058563232422
840,840,840,2022-06-06,176.96051025390625,168.70407104492188,162.8876495361328
841,841,841,2022-06-07,175.44729614257812,172.62893676757812,158.31021118164062
842,842,842,2022-06-08,169.70655822753906,172.36412048339844,161.76220703125
843,843,843,2022-06-09,166.97332763671875,170.45372009277344,164.93048095703125
844,844,844,2022-06-10,163.66319274902344,174.08541870117188,164.66566467285156
845,845,845,2022-06-13,163.35108947753906,175.4283905029297,164.42926025390625
846,846,846,2022-06-14,164.7129669189453,176.96051025390625,168.70407104492188
847,847,847,2022-06-15,166.3396759033203,175.44729614257812,172.62893676757812
848,848,848,2022-06-16,162.84982299804688,169.70655822753906,172.36412048339844
849,849,849,2022-06-17,161.79058837890625,166.97332763671875,170.45372009277344
850,850,850,2022-06-21,165.03451538085938,163.66319274902344,174.08541870117188
851,851,851,2022-06-22,166.59503173828125,163.35108947753906,175.4283905029297
852,852,852,2022-06-23,168.94052124023438,164.7129669189453,176.96051025390625
853,853,853,2022-06-24,173.357177734375,166.3396759033203,175.44729614257812
854,854,854,2022-06-27,171.94801330566406,162.84982299804688,169.70655822753906
855,855,855,2022-06-28,170.16050720214844,161.79058837890625,166.97332763671875
856,856,856,2022-06-29,171.30490112304688,165.03451538085938,163.66319274902344
857,857,857,2022-06-30,172.6383819580078,166.59503173828125,163.35108947753906
858,858,858,2022-07-01,174.9555206298828,168.94052124023438,164.7129669189453
859,859,859,2022-07-05,174.61505126953125,173.357177734375,166.3396759033203
860,860,860,2022-07-06,175.12574768066406,171.94801330566406,162.84982299804688
861,861,861,2022-07-07,176.09042358398438,170.16050720214844,161.79058837890625
862,862,862,2022-07-08,175.34327697753906,171.30490112304688,165.03451538085938
863,863,863,2022-07-11,174.62449645996094,172.6383819580078,166.59503173828125
864,864,864,2022-07-12,169.64035034179688,174.9555206298828,168.94052124023438
865,865,865,2022-07-13,168.26901245117188,174.61505126953125,173.357177734375
866,866,866,2022-07-14,168.60948181152344,175.12574768066406,171.94801330566406
867,867,867,2022-07-15,172.68568420410156,176.09042358398438,170.16050720214844
868,868,868,2022-07-18,170.31185913085938,175.34327697753906,171.30490112304688
869,869,869,2022-07-19,175.7310333251953,174.62449645996094,172.6383819580078
870,870,870,2022-07-20,176.71461486816406,169.64035034179688,174.9555206298828
871,871,871,2022-07-21,176.8659210205078,168.26901245117188,174.61505126953125
872,872,872,2022-07-22,177.7833251953125,168.60948181152344,175.12574768066406
873,873,873,2022-07-25,177.71713256835938,172.68568420410156,176.09042358398438
874,874,874,2022-07-26,171.68319702148438,170.31185913085938,175.34327697753906
875,875,875,2022-07-27,173.92462158203125,175.7310333251953,174.62449645996094
876,876,876,2022-07-28,178.02923583984375,176.71461486816406,169.64035034179688
877,877,877,2022-07-29,184.3184967041016,176.8659210205078,168.26901245117188
878,878,878,2022-08-01,184.7440795898437,177.7833251953125,168.60948181152344
879,879,879,2022-08-02,183.0322723388672,177.71713256835938,172.68568420410156
880,880,880,2022-08-03,182.92823791503903,171.68319702148438,170.31185913085938
881,881,881,2022-08-04,183.96856689453125,173.92462158203125,175.7310333251953
882,882,882,2022-08-05,186.0870819091797,178.02923583984375,176.71461486816406
883,883,883,2022-08-08,185.45339965820312,184.3184967041016,176.8659210205078
884,884,884,2022-08-09,185.9830322265625,184.7440795898437,177.7833251953125
885,885,885,2022-08-10,191.39276123046875,183.0322723388672,177.71713256835938
886,886,886,2022-08-11,193.34103393554688,182.92823791503903,171.68319702148438
887,887,887,2022-08-12,195.22764587402344,183.96856689453125,173.92462158203125
888,888,888,2022-08-15,196.1709747314453,186.0870819091797,178.02923583984375
889,889,889,2022-08-16,196.61880493164065,185.45339965820312,184.3184967041016
890,890,890,2022-08-17,195.3133850097656,185.9830322265625,184.7440795898437
891,891,891,2022-08-18,198.23863220214844,191.39276123046875,183.0322723388672
892,892,892,2022-08-19,198.6007080078125,193.34103393554688,182.92823791503903
893,893,893,2022-08-22,196.6664276123047,195.22764587402344,183.96856689453125
894,894,894,2022-08-23,195.58973693847656,196.1709747314453,186.0870819091797
895,895,895,2022-08-24,193.46487426757807,196.61880493164065,185.45339965820312
896,896,896,2022-08-25,195.3324584960937,195.3133850097656,185.9830322265625
897,897,897,2022-08-26,189.5487060546875,198.23863220214844,191.39276123046875
898,898,898,2022-08-29,187.9669952392578,198.6007080078125,193.34103393554688
899,899,899,2022-08-30,185.8516998291016,196.6664276123047,195.22764587402344
900,900,900,2022-08-31,185.337158203125,195.58973693847656,196.1709747314453
901,901,901,2022-09-01,187.338134765625,193.46487426757807,196.61880493164065
902,902,902,2022-09-02,186.80453491210932,195.3324584960937,195.3133850097656
903,903,903,2022-09-06,186.71878051757807,189.5487060546875,198.23863220214844
904,904,904,2022-09-07,187.03321838378903,187.9669952392578,198.6007080078125
905,905,905,2022-09-08,186.8807678222656,185.8516998291016,196.6664276123047
906,906,906,2022-09-09,189.32003784179688,185.337158203125,195.58973693847656
907,907,907,2022-09-12,190.7302398681641,187.338134765625,193.46487426757807
908,908,908,2022-09-13,183.62203979492188,186.80453491210932,195.3324584960937
909,909,909,2022-09-14,181.9545745849609,186.71878051757807,189.5487060546875
910,910,910,2022-09-15,176.27561950683594,187.03321838378903,187.9669952392578
911,911,911,2022-09-16,168.3765869140625,186.8807678222656,185.8516998291016
912,912,912,2022-09-19,171.54002380371094,189.32003784179688,185.337158203125
913,913,913,2022-09-20,167.3951416015625,190.7302398681641,187.338134765625
914,914,914,2022-09-21,165.63238525390625,183.62203979492188,186.80453491210932
915,915,915,2022-09-22,159.94393920898438,181.9545745849609,186.71878051757807
916,916,916,2022-09-23,156.5803985595703,176.27561950683594,187.03321838378903
917,917,917,2022-09-26,154.1220703125,168.3765869140625,186.8807678222656
918,918,918,2022-09-27,156.99966430664062,171.54002380371094,189.32003784179688
919,919,919,2022-09-28,159.2388458251953,167.3951416015625,190.7302398681641
920,920,920,2022-09-29,157.52371215820312,165.63238525390625,183.62203979492188
921,921,921,2022-09-30,153.92196655273438,159.94393920898438,181.9545745849609
922,922,922,2022-10-03,155.3988800048828,156.5803985595703,176.27561950683594
923,923,923,2022-10-04,160.92535400390625,154.1220703125,168.3765869140625
924,924,924,2022-10-05,160.0106201171875,156.99966430664062,171.54002380371094
925,925,925,2022-10-06,157.79051208496094,159.2388458251953,167.3951416015625
926,926,926,2022-10-07,151.63514709472656,157.52371215820312,165.63238525390625
927,927,927,2022-10-10,152.20687866210938,153.92196655273438,159.94393920898438
928,928,928,2022-10-11,151.89242553710938,155.3988800048828,156.5803985595703
929,929,929,2022-10-12,151.95912170410156,160.92535400390625,154.1220703125
930,930,930,2022-10-13,155.9420166015625,160.0106201171875,156.99966430664062
931,931,931,2022-10-14,154.0553741455078,157.79051208496094,159.2388458251953
932,932,932,2022-10-17,156.95201110839844,151.63514709472656,157.52371215820312
933,933,933,2022-10-18,159.11495971679688,152.20687866210938,153.92196655273438
934,934,934,2022-10-19,157.97152709960938,151.89242553710938,155.3988800048828
935,935,935,2022-10-20,153.3883819580078,151.95912170410156,160.92535400390625
936,936,936,2022-10-21,157.74285888671875,155.9420166015625,160.0106201171875
937,937,937,2022-10-24,159.64854431152344,154.0553741455078,157.79051208496094
938,938,938,2022-10-25,159.12448120117188,156.95201110839844,151.63514709472656
939,939,939,2022-10-26,161.02064514160156,159.11495971679688,152.20687866210938
940,940,940,2022-10-27,158.6385498046875,157.97152709960938,151.89242553710938
941,941,941,2022-10-28,159.28646850585938,153.3883819580078,151.95912170410156
942,942,942,2022-10-31,159.85818481445312,157.74285888671875,155.9420166015625
943,943,943,2022-11-01,159.505615234375,159.64854431152344,154.0553741455078
944,944,944,2022-11-02,156.81861877441406,159.12448120117188,156.95201110839844
945,945,945,2022-11-03,156.27548217773438,161.02064514160156,159.11495971679688
946,946,946,2022-11-04,157.8762664794922,158.6385498046875,157.97152709960938
947,947,947,2022-11-07,161.15406799316406,159.28646850585938,153.3883819580078
948,948,948,2022-11-08,160.83006286621094,159.85818481445312,157.74285888671875
949,949,949,2022-11-09,156.27548217773438,159.505615234375,159.64854431152344
950,950,950,2022-11-10,165.7295684814453,156.81861877441406,159.12448120117188
951,951,951,2022-11-11,171.3750457763672,156.27548217773438,161.02064514160156
952,952,952,2022-11-14,170.99034118652344,157.8762664794922,158.6385498046875
953,953,953,2022-11-15,174.52960205078125,161.15406799316406,159.28646850585938
954,954,954,2022-11-16,170.2882537841797,160.83006286621094,159.85818481445312
955,955,955,2022-11-17,169.32650756835938,156.27548217773438,159.505615234375
956,956,956,2022-11-18,172.12521362304688,165.7295684814453,156.81861877441406
957,957,957,2022-11-21,173.70248413085938,171.3750457763672,156.27548217773438
958,958,958,2022-11-22,175.7510223388672,170.99034118652344,157.8762664794922
959,959,959,2022-11-23,175.8472137451172,174.52960205078125,161.15406799316406
960,960,960,2022-11-25,175.53944396972656,170.2882537841797,160.83006286621094
961,961,961,2022-11-28,173.0292510986328,169.32650756835938,156.27548217773438
962,962,962,2022-11-29,177.81881713867188,172.12521362304688,165.7295684814453
963,963,963,2022-11-30,182.47369384765625,173.70248413085938,171.3750457763672
964,964,964,2022-12-01,182.9160919189453,175.7510223388672,170.99034118652344
965,965,965,2022-12-02,182.1466827392578,175.8472137451172,174.52960205078125
966,966,966,2022-12-05,174.23146057128906,175.53944396972656,170.2882537841797
967,967,967,2022-12-06,168.40322875976562,173.0292510986328,169.32650756835938
968,968,968,2022-12-07,167.9896697998047,177.81881713867188,172.12521362304688
969,969,969,2022-12-08,172.75997924804688,182.47369384765625,173.70248413085938
970,970,970,2022-12-09,170.84608459472656,182.9160919189453,175.7510223388672
971,971,971,2022-12-12,175.54905700683594,182.1466827392578,175.8472137451172
972,972,972,2022-12-13,176.81858825683594,174.23146057128906,175.53944396972656
973,973,973,2022-12-14,177.26097106933594,168.40322875976562,173.0292510986328
974,974,974,2022-12-15,174.27955627441406,167.9896697998047,177.81881713867188
975,975,975,2022-12-16,171.38465881347656,172.75997924804688,182.47369384765625
976,976,976,2022-12-19,171.6058807373047,170.84608459472656,182.9160919189453
977,977,977,2022-12-20,166.98944091796875,175.54905700683594,182.1466827392578
978,978,978,2022-12-21,169.92279052734375,176.81858825683594,174.23146057128906
979,979,979,2022-12-22,168.89370727539062,177.26097106933594,168.40322875976562
980,980,980,2022-12-23,170.24017333984375,174.27955627441406,167.9896697998047
981,981,981,2022-12-27,170.16322326660156,171.38465881347656,172.75997924804688
982,982,982,2022-12-28,166.97023010253906,171.6058807373047,170.84608459472656
983,983,983,2022-12-29,169.0283660888672,166.98944091796875,175.54905700683594
984,984,984,2022-12-30,167.19139099121094,169.92279052734375,176.81858825683594
985,985,985,2023-01-03,168.5763397216797,168.89370727539062,177.26097106933594
986,986,986,2023-01-04,170.33636474609375,170.24017333984375,174.27955627441406
987,987,987,2023-01-05,167.19139099121094,170.16322326660156,171.38465881347656
988,988,988,2023-01-06,172.10597229003906,166.97023010253906,171.6058807373047
989,989,989,2023-01-09,174.7411651611328,169.0283660888672,166.98944091796875
990,990,990,2023-01-10,171.93284606933594,167.19139099121094,169.92279052734375
991,991,991,2023-01-11,175.26052856445312,168.5763397216797,168.89370727539062
992,992,992,2023-01-12,175.9530029296875,170.33636474609375,170.24017333984375
993,993,993,2023-01-13,175.18359375,167.19139099121094,170.16322326660156
994,994,994,2023-01-17,172.15406799316406,172.10597229003906,166.97023010253906
995,995,995,2023-01-18,169.9612579345703,174.7411651611328,169.0283660888672
996,996,996,2023-01-19,169.41307067871094,171.93284606933594,167.19139099121094
997,997,997,2023-01-20,171.31735229492188,175.26052856445312,168.5763397216797
998,998,998,2023-01-23,173.5774688720703,175.9530029296875,170.33636474609375
999,999,999,2023-01-24,173.10621643066406,175.18359375,167.19139099121094
1000,1000,1000,2023-01-25,170.6729736328125,172.15406799316406,172.10597229003906
1001,1001,1001,2023-01-26,172.82728576660156,169.9612579345703,174.7411651611328
1002,1002,1002,2023-01-27,175.1259002685547,169.41307067871094,171.93284606933594
1003,1003,1003,2023-01-30,170.20169067382812,171.31735229492188,175.26052856445312
1004,1004,1004,2023-01-31,178.1457977294922,173.5774688720703,175.9530029296875
1005,1005,1005,2023-02-01,177.9053497314453,173.10621643066406,175.18359375
1006,1006,1006,2023-02-02,183.9740295410156,170.6729736328125,172.15406799316406
1007,1007,1007,2023-02-03,184.3298797607422,172.82728576660156,169.9612579345703
1008,1008,1008,2023-02-06,181.540771484375,175.1259002685547,169.41307067871094
1009,1009,1009,2023-02-07,181.08876037597656,170.20169067382812,171.31735229492188
1010,1010,1010,2023-02-08,179.2325897216797,178.1457977294922,173.5774688720703
1011,1011,1011,2023-02-09,177.6841583251953,177.9053497314453,173.10621643066406
1012,1012,1012,2023-02-10,178.1361846923828,183.9740295410156,170.6729736328125
1013,1013,1013,2023-02-13,180.242431640625,184.3298797607422,172.82728576660156
1014,1014,1014,2023-02-14,179.6269073486328,181.540771484375,175.1259002685547
1015,1015,1015,2023-02-15,179.69422912597656,181.08876037597656,170.20169067382812
1016,1016,1016,2023-02-16,178.4535675048828,179.2325897216797,178.1457977294922
1017,1017,1017,2023-02-17,177.75498962402344,177.6841583251953,177.9053497314453
1018,1018,1018,2023-02-21,173.14645385742188,178.1361846923828,183.9740295410156
1019,1019,1019,2023-02-22,171.35153198242188,180.242431640625,184.3298797607422
1020,1020,1020,2023-02-23,174.58236694335938,179.6269073486328,181.540771484375
1021,1021,1021,2023-02-24,174.78611755371094,179.69422912597656,181.08876037597656
1022,1022,1022,2023-02-27,176.80418395996094,178.4535675048828,179.2325897216797
1023,1023,1023,2023-02-28,177.05642700195312,177.75498962402344,177.6841583251953
1024,1024,1024,2023-03-01,177.6288604736328,173.14645385742188,178.1361846923828
1025,1025,1025,2023-03-02,179.1812286376953,171.35153198242188,180.242431640625
1026,1026,1026,2023-03-03,180.1514434814453,174.58236694335938,179.6269073486328
1027,1027,1027,2023-03-06,180.9567413330078,174.78611755371094,179.69422912597656
1028,1028,1028,2023-03-07,177.81321716308594,176.80418395996094,178.4535675048828
1029,1029,1029,2023-03-08,178.8125457763672,177.05642700195312,177.75498962402344
1030,1030,1030,2023-03-09,177.43482971191406,177.6288604736328,173.14645385742188
1031,1031,1031,2023-03-10,176.1347198486328,179.1812286376953,171.35153198242188
1032,1032,1032,2023-03-13,176.80418395996094,180.1514434814453,174.58236694335938
1033,1033,1033,2023-03-14,179.54991149902344,180.9567413330078,174.78611755371094
1034,1034,1034,2023-03-15,178.87075805664062,177.81321716308594,176.80418395996094
1035,1035,1035,2023-03-16,182.3247528076172,178.8125457763672,177.05642700195312
1036,1036,1036,2023-03-17,181.22840881347656,177.43482971191406,177.6288604736328
1037,1037,1037,2023-03-20,178.02667236328125,176.1347198486328,179.1812286376953
1038,1038,1038,2023-03-21,181.22840881347656,176.80418395996094,180.1514434814453
1039,1039,1039,2023-03-22,180.015625,179.54991149902344,180.9567413330078
1040,1040,1040,2023-03-23,179.7730712890625,178.87075805664062,177.81321716308594
1041,1041,1041,2023-03-24,180.52984619140625,182.3247528076172,178.8125457763672
1042,1042,1042,2023-03-27,181.7426300048828,181.22840881347656,177.43482971191406
1043,1043,1043,2023-03-28,182.14041137695312,178.02667236328125,176.1347198486328
1044,1044,1044,2023-03-29,185.76907348632807,181.22840881347656,176.80418395996094
1045,1045,1045,2023-03-30,185.4003753662109,180.015625,179.54991149902344
1046,1046,1046,2023-03-31,188.2140350341797,179.7730712890625,178.87075805664062
1047,1047,1047,2023-04-03,187.9520721435547,180.52984619140625,182.3247528076172
1048,1048,1048,2023-04-04,184.9346618652344,181.7426300048828,181.22840881347656
1049,1049,1049,2023-04-05,183.7606964111328,182.14041137695312,178.02667236328125
1050,1050,1050,2023-04-06,182.9651031494141,185.76907348632807,181.22840881347656
1051,1051,1051,2023-04-10,184.59507751464844,185.4003753662109,180.015625
1052,1052,1052,2023-04-11,186.71987915039065,188.2140350341797,179.7730712890625
1053,1053,1053,2023-04-12,184.19729614257807,187.9520721435547,180.52984619140625
1054,1054,1054,2023-04-13,185.3130645751953,184.9346618652344,181.7426300048828
1055,1055,1055,2023-04-14,187.1273803710937,183.7606964111328,182.14041137695312
1056,1056,1056,2023-04-17,187.5348663330078,182.9651031494141,185.76907348632807
1057,1057,1057,2023-04-18,188.3401641845703,184.59507751464844,185.4003753662109
1058,1058,1058,2023-04-19,190.1932830810547,186.71987915039065,188.2140350341797
1059,1059,1059,2023-04-20,189.174545288086,184.19729614257807,187.9520721435547
1060,1060,1060,2023-04-21,189.3977203369141,185.3130645751953,184.9346618652344
1061,1061,1061,2023-04-24,190.01866149902344,187.1273803710937,183.7606964111328
1062,1062,1062,2023-04-25,171.04103088378906,187.5348663330078,182.9651031494141
1063,1063,1063,2023-04-26,167.4318084716797,188.3401641845703,184.59507751464844
1064,1064,1064,2023-04-27,172.46726989746094,190.1932830810547,186.71987915039065
1065,1065,1065,2023-04-28,174.45623779296875,189.174545288086,184.19729614257807
1066,1066,1066,2023-05-01,176.77505493164062,189.3977203369141,185.3130645751953
1067,1067,1067,2023-05-02,172.54489135742188,190.01866149902344,187.1273803710937
1068,1068,1068,2023-05-03,170.59474182128906,171.04103088378906,187.5348663330078
1069,1069,1069,2023-05-04,168.13035583496094,167.4318084716797,188.3401641845703
1070,1070,1070,2023-05-05,170.50741577148438,172.46726989746094,190.1932830810547
1071,1071,1071,2023-05-08,169.19761657714844,174.45623779296875,189.174545288086
1072,1072,1072,2023-05-09,167.85870361328125,176.77505493164062,189.3977203369141
1073,1073,1073,2023-05-10,166.4615936279297,172.54489135742188,190.01866149902344
1074,1074,1074,2023-05-11,165.16148376464844,170.59474182128906,171.04103088378906
1075,1075,1075,2023-05-12,165.05372619628906,168.13035583496094,167.4318084716797
1076,1076,1076,2023-05-15,165.3965606689453,170.50741577148438,172.46726989746094
1077,1077,1077,2023-05-16,163.20237731933594,169.19761657714844,174.45623779296875
1078,1078,1078,2023-05-17,167.855224609375,167.85870361328125,176.77505493164062
1079,1079,1079,2023-05-18,167.54176330566406,166.4615936279297,172.54489135742188
1080,1080,1080,2023-05-19,167.43402099609375,165.16148376464844,170.59474182128906
1081,1081,1081,2023-05-22,168.00216674804688,165.05372619628906,168.13035583496094
1082,1082,1082,2023-05-23,166.31732177734375,165.3965606689453,170.50741577148438
1083,1083,1083,2023-05-24,164.28968811035156,163.20237731933594,169.19761657714844
1084,1084,1084,2023-05-25,167.72789001464844,167.855224609375,167.85870361328125
1085,1085,1085,2023-05-26,168.06094360351562,167.54176330566406,166.4615936279297
1086,1086,1086,2023-05-30,166.28794860839844,167.43402099609375,165.16148376464844
1087,1087,1087,2023-05-31,163.58441162109375,168.00216674804688,165.05372619628906
1088,1088,1088,2023-06-01,164.39743041992188,166.31732177734375,165.3965606689453
1089,1089,1089,2023-06-02,166.66018676757812,164.28968811035156,163.20237731933594
1090,1090,1090,2023-06-05,164.41702270507812,167.72789001464844,167.855224609375
1091,1091,1091,2023-06-06,164.16232299804688,168.06094360351562,167.54176330566406
1092,1092,1092,2023-06-07,167.99237060546875,166.28794860839844,167.43402099609375
1093,1093,1093,2023-06-08,167.97276306152344,163.58441162109375,168.00216674804688
1094,1094,1094,2023-06-09,167.00302124023438,164.39743041992188,166.31732177734375
1095,1095,1095,2023-06-12,167.99237060546875,166.66018676757812,164.28968811035156
1096,1096,1096,2023-06-13,169.35394287109375,164.41702270507812,167.72789001464844
1097,1097,1097,2023-06-14,171.30323791503906,164.16232299804688,168.06094360351562
1098,1098,1098,2023-06-15,175.33897399902344,167.99237060546875,166.28794860839844
1099,1099,1099,2023-06-16,174.9275665283203,167.97276306152344,163.58441162109375
1100,1100,1100,2023-06-20,173.6443634033203,167.00302124023438,164.39743041992188
1101,1101,1101,2023-06-21,170.07879638671875,167.99237060546875,166.66018676757812
1102,1102,1102,2023-06-22,167.87481689453125,169.35394287109375,164.41702270507812
1103,1103,1103,2023-06-23,165.8275604248047,171.30323791503906,164.16232299804688
1104,1104,1104,2023-06-26,169.216796875,175.33897399902344,167.99237060546875
1105,1105,1105,2023-06-27,171.09751892089844,174.9275665283203,167.97276306152344
1106,1106,1106,2023-06-28,172.06727600097656,173.6443634033203,167.00302124023438
1107,1107,1107,2023-06-29,172.44931030273438,170.07879638671875,167.99237060546875
1108,1108,1108,2023-06-30,175.5838623046875,167.87481689453125,169.35394287109375
1109,1109,1109,2023-07-03,180.01141357421875,165.8275604248047,171.30323791503906
1110,1110,1110,2023-07-05,176.2891387939453,169.216796875,175.33897399902344
1111,1111,1111,2023-07-06,175.6132354736328,171.09751892089844,174.9275665283203
1112,1112,1112,2023-07-07,176.0834197998047,172.06727600097656,173.6443634033203
1113,1113,1113,2023-07-10,177.62132263183594,172.44931030273438,170.07879638671875
1114,1114,1114,2023-07-11,181.45135498046875,175.5838623046875,167.87481689453125
1115,1115,1115,2023-07-12,182.67578125,180.01141357421875,165.8275604248047
1116,1116,1116,2023-07-13,181.5688934326172,176.2891387939453,169.216796875
1117,1117,1117,2023-07-14,181.470947265625,175.6132354736328,171.09751892089844
1118,1118,1118,2023-07-17,179.0024871826172,176.0834197998047,172.06727600097656
1119,1119,1119,2023-07-18,180.7950592041016,177.62132263183594,172.44931030273438
1120,1120,1120,2023-07-19,182.21539306640625,181.45135498046875,175.5838623046875
1121,1121,1121,2023-07-20,183.1165771484375,182.67578125,180.01141357421875
1122,1122,1122,2023-07-21,183.4692230224609,181.5688934326172,176.2891387939453
1123,1123,1123,2023-07-24,184.48794555664065,181.470947265625,175.6132354736328
1124,1124,1124,2023-07-25,180.91259765625,179.0024871826172,176.0834197998047
1125,1125,1125,2023-07-26,180.6187438964844,180.7950592041016,177.62132263183594
1126,1126,1126,2023-07-27,182.7051696777344,182.21539306640625,181.45135498046875
1127,1127,1127,2023-07-28,184.0471343994141,183.1165771484375,182.67578125
1128,1128,1128,2023-07-31,183.30270385742188,183.4692230224609,181.5688934326172
1129,1129,1129,2023-08-01,181.7060394287109,184.48794555664065,181.470947265625
1130,1130,1130,2023-08-02,179.6000213623047,180.91259765625,179.0024871826172
1131,1131,1131,2023-08-03,177.787841796875,180.6187438964844,180.7950592041016
1132,1132,1132,2023-08-04,177.2393035888672,182.7051696777344,182.21539306640625
1133,1133,1133,2023-08-07,178.42454528808594,184.0471343994141,183.1165771484375
1134,1134,1134,2023-08-08,176.85728454589844,183.30270385742188,183.4692230224609
1135,1135,1135,2023-08-09,175.70140075683594,181.7060394287109,184.48794555664065
1136,1136,1136,2023-08-10,176.69076538085938,179.6000213623047,180.91259765625
1137,1137,1137,2023-08-11,174.5755157470703,177.787841796875,180.6187438964844
1138,1138,1138,2023-08-14,173.47836303710938,177.2393035888672,182.7051696777344
1139,1139,1139,2023-08-15,171.25440979003906,178.42454528808594,184.0471343994141
1140,1140,1140,2023-08-16,168.7635955810547,176.85728454589844,183.30270385742188
1141,1141,1141,2023-08-17,168.7635955810547,175.70140075683594,181.7060394287109
1142,1142,1142,2023-08-18,169.25779724121094,176.69076538085938,179.6000213623047
1143,1143,1143,2023-08-21,166.53964233398438,174.5755157470703,177.787841796875
1144,1144,1144,2023-08-22,164.92849731445312,173.47836303710938,177.2393035888672
1145,1145,1145,2023-08-23,166.9251251220703,171.25440979003906,178.42454528808594
1146,1146,1146,2023-08-24,165.06687927246094,168.7635955810547,176.85728454589844
1147,1147,1147,2023-08-25,166.91522216796875,168.7635955810547,175.70140075683594
1148,1148,1148,2023-08-28,166.8855743408203,169.25779724121094,176.69076538085938
1149,1149,1149,2023-08-29,169.7618865966797,166.53964233398438,174.5755157470703
1150,1150,1150,2023-08-30,170.0188751220703,164.92849731445312,173.47836303710938
1151,1151,1151,2023-08-31,167.4390869140625,166.9251251220703,171.25440979003906
1152,1152,1152,2023-09-01,166.0552978515625,165.06687927246094,168.7635955810547
1153,1153,1153,2023-09-05,162.07196044921875,166.91522216796875,168.7635955810547
1154,1154,1154,2023-09-06,160.43116760253906,166.8855743408203,169.25779724121094
1155,1155,1155,2023-09-07,160.3619842529297,169.7618865966797,166.53964233398438
1156,1156,1156,2023-09-08,159.1758575439453,170.0188751220703,164.92849731445312
1157,1157,1157,2023-09-11,159.02760314941406,167.4390869140625,166.9251251220703
1158,1158,1158,2023-09-12,154.7576141357422,166.0552978515625,165.06687927246094
1159,1159,1159,2023-09-13,156.01290893554688,162.07196044921875,166.91522216796875
1160,1160,1160,2023-09-14,158.86944580078125,160.43116760253906,166.8855743408203
1161,1161,1161,2023-09-15,158.6322479248047,160.3619842529297,169.7618865966797
1162,1162,1162,2023-09-18,156.60597229003906,159.1758575439453,170.0188751220703
1163,1163,1163,2023-09-19,156.18093872070312,159.02760314941406,167.4390869140625
1164,1164,1164,2023-09-20,155.8152313232422,154.7576141357422,166.0552978515625
1165,1165,1165,2023-09-21,153.63079833984375,156.01290893554688,162.07196044921875
1166,1166,1166,2023-09-22,151.99990844726562,158.86944580078125,160.43116760253906
1167,1167,1167,2023-09-25,152.52377319335938,158.6322479248047,160.3619842529297
1168,1168,1168,2023-09-26,150.14166259765625,156.60597229003906,159.1758575439453
1169,1169,1169,2023-09-27,150.64576721191406,156.18093872070312,159.02760314941406
1170,1170,1170,2023-09-28,153.6999969482422,155.8152313232422,154.7576141357422
1171,1171,1171,2023-09-29,154.06570434570312,153.63079833984375,156.01290893554688
1172,1172,1172,2023-10-02,153.2848663330078,151.99990844726562,158.86944580078125
1173,1173,1173,2023-10-03,151.9702606201172,152.52377319335938,158.6322479248047
1174,1174,1174,2023-10-04,151.9405975341797,150.14166259765625,156.60597229003906
1175,1175,1175,2023-10-05,151.6045379638672,150.64576721191406,156.18093872070312
1176,1176,1176,2023-10-06,152.48423767089844,153.6999969482422,155.8152313232422
1177,1177,1177,2023-10-09,152.5534210205078,154.06570434570312,153.63079833984375
1178,1178,1178,2023-10-10,153.74942016601562,153.2848663330078,151.99990844726562
1179,1179,1179,2023-10-11,153.5023193359375,151.9702606201172,152.52377319335938
1180,1180,1180,2023-10-12,153.58139038085938,151.9405975341797,150.14166259765625
1181,1181,1181,2023-10-13,153.2848663330078,151.6045379638672,150.64576721191406
1182,1182,1182,2023-10-16,154.83668518066406,152.48423767089844,153.6999969482422
1183,1183,1183,2023-10-17,155.3605499267578,152.5534210205078,154.06570434570312
1184,1184,1184,2023-10-18,152.03944396972656,153.74942016601562,153.2848663330078
1185,1185,1185,2023-10-19,150.29981994628906,153.5023193359375,151.9702606201172
1186,1186,1186,2023-10-20,150.20098876953125,153.58139038085938,151.9405975341797
1187,1187,1187,2023-10-23,146.44496154785156,153.2848663330078,151.6045379638672
1188,1188,1188,2023-10-24,147.59153747558594,154.83668518066406,152.48423767089844
1189,1189,1189,2023-10-25,145.22918701171875,155.3605499267578,152.5534210205078
1190,1190,1190,2023-10-26,136.6101531982422,152.03944396972656,153.74942016601562
1191,1191,1191,2023-10-27,133.26927185058594,150.29981994628906,153.5023193359375
1192,1192,1192,2023-10-30,137.1735382080078,150.20098876953125,153.58139038085938
1193,1193,1193,2023-10-31,139.6149444580078,146.44496154785156,153.2848663330078
1194,1194,1194,2023-11-01,138.18173217773438,147.59153747558594,154.83668518066406
1195,1195,1195,2023-11-02,140.3463897705078,145.22918701171875,155.3605499267578
1196,1196,1196,2023-11-03,141.20631408691406,136.6101531982422,152.03944396972656
1197,1197,1197,2023-11-06,140.62315368652344,133.26927185058594,150.29981994628906
1198,1198,1198,2023-11-07,140.2080078125,137.1735382080078,150.20098876953125
1199,1199,1199,2023-11-08,140.3068389892578,139.6149444580078,146.44496154785156
1200,1200,1200,2023-11-09,138.3300018310547,138.18173217773438,147.59153747558594
1201,1201,1201,2023-11-10,138.11000061035156,140.3463897705078,145.22918701171875
1202,1202,1202,2023-11-13,138.1699981689453,141.20631408691406,136.6101531982422
1203,1203,1203,2023-11-14,143.1699981689453,140.62315368652344,133.26927185058594
1204,1204,1204,2023-11-15,147.1699981689453,140.2080078125,137.1735382080078
1205,1205,1205,2023-11-16,146.91000366210938,140.3068389892578,139.6149444580078
1206,1206,1206,2023-11-17,147.97999572753906,138.3300018310547,138.18173217773438
1207,1207,1207,2023-11-20,149.57000732421875,138.11000061035156,140.3463897705078
1208,1208,1208,2023-11-21,149.77000427246094,138.1699981689453,141.20631408691406
1209,1209,1209,2023-11-22,150.75,143.1699981689453,140.62315368652344
1210,1210,1210,2023-11-24,152.02999877929688,147.1699981689453,140.2080078125
1211,1211,1211,2023-11-27,149.58999633789062,146.91000366210938,140.3068389892578
1212,1212,1212,2023-11-28,150.74000549316406,147.97999572753906,138.3300018310547
1213,1213,1213,2023-11-29,152.2899932861328,149.57000732421875,138.11000061035156
1214,1214,1214,2023-11-30,151.61000061035156,149.77000427246094,138.1699981689453
1215,1215,1215,2023-12-01,154.91000366210938,150.75,143.1699981689453
1216,1216,1216,2023-12-04,155.9199981689453,152.02999877929688,147.1699981689453
1217,1217,1217,2023-12-05,154.16000366210938,149.58999633789062,146.91000366210938
1218,1218,1218,2023-12-06,155.2899932861328,150.74000549316406,147.97999572753906
1219,1219,1219,2023-12-07,156.5,152.2899932861328,149.57000732421875
1220,1220,1220,2023-12-08,156.3000030517578,151.61000061035156,149.77000427246094
1221,1221,1221,2023-12-11,155.77999877929688,154.91000366210938,150.75
1222,1222,1222,2023-12-12,155.3699951171875,155.9199981689453,152.02999877929688
1223,1223,1223,2023-12-13,157.25,154.16000366210938,149.58999633789062
1224,1224,1224,2023-12-14,162.36000061035156,155.2899932861328,150.74000549316406
1225,1225,1225,2023-12-15,162.94000244140625,156.5,152.2899932861328
1226,1226,1226,2023-12-18,161.57000732421875,156.3000030517578,151.61000061035156
1227,1227,1227,2023-12-19,161.6199951171875,155.77999877929688,154.91000366210938
1228,1228,1228,2023-12-20,156.9600067138672,155.3699951171875,155.9199981689453
1229,1229,1229,2023-12-21,157.16000366210938,157.25,154.16000366210938
1230,1230,1230,2023-12-22,158.25,162.36000061035156,155.2899932861328
1231,1231,1231,2023-12-26,158.02999877929688,162.94000244140625,156.5
1232,1232,1232,2023-12-27,156.83999633789062,161.57000732421875,156.3000030517578
1233,1233,1233,2023-12-28,157.30999755859375,161.6199951171875,155.77999877929688
1234,1234,1234,2023-12-29,157.22999572753906,156.9600067138672,155.3699951171875
1235,1235,1235,2024-01-02,158.33999633789062,157.16000366210938,157.25
1236,1236,1236,2024-01-03,157.5399932861328,158.25,162.36000061035156
1237,1237,1237,2024-01-04,156.99000549316406,158.02999877929688,162.94000244140625
1238,1238,1238,2024-01-05,158.72000122070312,156.83999633789062,161.57000732421875
1239,1239,1239,2024-01-08,159.9199981689453,157.30999755859375,161.6199951171875
1240,1240,1240,2024-01-09,159.94000244140625,157.22999572753906,156.9600067138672
1241,1241,1241,2024-01-10,161.22000122070312,158.33999633789062,157.16000366210938
1242,1242,1242,2024-01-11,159.25,157.5399932861328,158.25
1243,1243,1243,2024-01-12,158.30999755859375,156.99000549316406,158.02999877929688
1244,1244,1244,2024-01-16,155.3300018310547,158.72000122070312,156.83999633789062
1245,1245,1245,2024-01-17,154.55999755859375,159.9199981689453,157.30999755859375
1246,1246,1246,2024-01-18,156.52999877929688,159.94000244140625,157.22999572753906
1247,1247,1247,2024-01-19,156.88999938964844,161.22000122070312,158.33999633789062
1248,1248,1248,2024-01-22,158.60000610351562,159.25,157.5399932861328
1249,1249,1249,2024-01-23,160.05999755859375,158.30999755859375,156.99000549316406
1250,1250,1250,2024-01-24,156.5800018310547,155.3300018310547,158.72000122070312
1251,1251,1251,2024-01-25,159.7100067138672,154.55999755859375,159.9199981689453
1252,1252,1252,2024-01-26,159.3000030517578,156.52999877929688,159.94000244140625
1253,1253,1253,2024-01-29,158.02000427246094,156.88999938964844,161.22000122070312
1254,1254,1254,2024-01-30,145.05999755859375,158.60000610351562,159.25
1255,1255,1255,2024-01-31,141.89999389648438,160.05999755859375,158.30999755859375
1256,1256,1256,2024-02-01,142.41000366210938,156.5800018310547,155.3300018310547
1257,1257,1257,2024-02-02,141.85000610351562,159.7100067138672,154.55999755859375
1258,1258,1258,2024-02-05,139.9698944091797,159.3000030517578,156.52999877929688
