,Date,VFC
0,2019-02-04 00:00:00-05:00,67.3998794555664
1,2019-02-05 00:00:00-05:00,67.9386978149414
2,2019-02-06 00:00:00-05:00,68.51714324951172
3,2019-02-07 00:00:00-05:00,68.1764144897461
4,2019-02-08 00:00:00-05:00,67.97039794921875
5,2019-02-11 00:00:00-05:00,67.74061584472656
6,2019-02-12 00:00:00-05:00,68.65184783935547
7,2019-02-13 00:00:00-05:00,68.52506256103516
8,2019-02-14 00:00:00-05:00,68.12095642089844
9,2019-02-15 00:00:00-05:00,68.85787200927734
10,2019-02-19 00:00:00-05:00,68.7231674194336
11,2019-02-20 00:00:00-05:00,68.43790435791016
12,2019-02-21 00:00:00-05:00,67.98625183105469
13,2019-02-22 00:00:00-05:00,68.5409164428711
14,2019-02-25 00:00:00-05:00,68.91332244873047
15,2019-02-26 00:00:00-05:00,69.1985855102539
16,2019-02-27 00:00:00-05:00,69.51553344726562
17,2019-02-28 00:00:00-05:00,69.22235107421875
18,2019-03-01 00:00:00-05:00,69.15895080566406
19,2019-03-04 00:00:00-05:00,68.02588653564453
20,2019-03-05 00:00:00-05:00,67.75647735595703
21,2019-03-06 00:00:00-05:00,67.66930389404297
22,2019-03-07 00:00:00-05:00,67.75697326660156
23,2019-03-08 00:00:00-05:00,67.12723541259766
24,2019-03-11 00:00:00-04:00,67.85263061523438
25,2019-03-12 00:00:00-04:00,67.58161163330078
26,2019-03-13 00:00:00-04:00,67.79682159423828
27,2019-03-14 00:00:00-04:00,67.70915222167969
28,2019-03-15 00:00:00-04:00,67.58161163330078
29,2019-03-18 00:00:00-04:00,68.60194396972656
30,2019-03-19 00:00:00-04:00,68.9606704711914
31,2019-03-20 00:00:00-04:00,67.69320678710938
32,2019-03-21 00:00:00-04:00,68.42657470703125
33,2019-03-22 00:00:00-04:00,66.73663330078125
34,2019-03-25 00:00:00-04:00,67.36637115478516
35,2019-03-26 00:00:00-04:00,67.76495361328125
36,2019-03-27 00:00:00-04:00,68.01205444335938
37,2019-03-28 00:00:00-04:00,69.47879028320312
38,2019-03-29 00:00:00-04:00,69.27950286865234
39,2019-04-01 00:00:00-04:00,69.61431884765625
40,2019-04-02 00:00:00-04:00,69.18386840820312
41,2019-04-03 00:00:00-04:00,69.70997619628906
42,2019-04-04 00:00:00-04:00,71.38397216796875
43,2019-04-05 00:00:00-04:00,71.08106231689453
44,2019-04-08 00:00:00-04:00,71.6071548461914
45,2019-04-09 00:00:00-04:00,70.69841003417969
46,2019-04-10 00:00:00-04:00,71.22454833984375
47,2019-04-11 00:00:00-04:00,71.18467712402344
48,2019-04-12 00:00:00-04:00,72.30865478515625
49,2019-04-15 00:00:00-04:00,72.69924926757812
50,2019-04-16 00:00:00-04:00,74.38916778564453
51,2019-04-17 00:00:00-04:00,76.12694549560547
52,2019-04-18 00:00:00-04:00,76.16681671142578
53,2019-04-22 00:00:00-04:00,75.60881042480469
54,2019-04-23 00:00:00-04:00,75.40155792236328
55,2019-04-24 00:00:00-04:00,75.5131607055664
56,2019-04-25 00:00:00-04:00,74.93921661376953
57,2019-04-26 00:00:00-04:00,75.34576416015625
58,2019-04-29 00:00:00-04:00,75.32186126708984
59,2019-04-30 00:00:00-04:00,75.2580795288086
60,2019-05-01 00:00:00-04:00,74.14207458496094
61,2019-05-02 00:00:00-04:00,74.84355926513672
62,2019-05-03 00:00:00-04:00,76.02336120605469
63,2019-05-06 00:00:00-04:00,74.81964874267578
64,2019-05-07 00:00:00-04:00,74.64427185058594
65,2019-05-08 00:00:00-04:00,74.70805358886719
66,2019-05-09 00:00:00-04:00,74.963134765625
67,2019-05-10 00:00:00-04:00,74.06236267089844
68,2019-05-13 00:00:00-04:00,71.83834075927734
69,2019-05-14 00:00:00-04:00,72.02168273925781
70,2019-05-15 00:00:00-04:00,72.30068969726562
71,2019-05-16 00:00:00-04:00,72.77897644042969
72,2019-05-17 00:00:00-04:00,72.38040161132812
73,2019-05-20 00:00:00-04:00,72.22895050048828
74,2019-05-21 00:00:00-04:00,73.41669464111328
75,2019-05-22 00:00:00-04:00,72.0057373046875
76,2019-05-23 00:00:00-04:00,71.18753051757812
77,2019-05-24 00:00:00-04:00,71.14521789550781
78,2019-05-28 00:00:00-04:00,70.05316162109375
79,2019-05-29 00:00:00-04:00,69.61293029785156
80,2019-05-30 00:00:00-04:00,70.03620147705078
81,2019-05-31 00:00:00-04:00,69.31661987304688
82,2019-06-03 00:00:00-04:00,70.23090362548828
83,2019-06-04 00:00:00-04:00,72.04256439208984
84,2019-06-05 00:00:00-04:00,72.5843734741211
85,2019-06-06 00:00:00-04:00,71.50077819824219
86,2019-06-07 00:00:00-04:00,72.14805603027344
87,2019-06-10 00:00:00-04:00,72.98272705078125
88,2019-06-11 00:00:00-04:00,72.80389404296875
89,2019-06-12 00:00:00-04:00,72.19916534423828
90,2019-06-13 00:00:00-04:00,73.95368957519531
91,2019-06-14 00:00:00-04:00,74.3199234008789
92,2019-06-17 00:00:00-04:00,74.25177764892578
93,2019-06-18 00:00:00-04:00,75.2056884765625
94,2019-06-19 00:00:00-04:00,75.24827575683594
95,2019-06-20 00:00:00-04:00,75.46971893310547
96,2019-06-21 00:00:00-04:00,75.26528930664062
97,2019-06-24 00:00:00-04:00,74.82242584228516
98,2019-06-25 00:00:00-04:00,72.74427032470703
99,2019-06-26 00:00:00-04:00,72.99124145507812
100,2019-06-27 00:00:00-04:00,73.84296417236328
101,2019-06-28 00:00:00-04:00,74.39656829833984
102,2019-07-01 00:00:00-04:00,75.23125457763672
103,2019-07-02 00:00:00-04:00,73.86000061035156
104,2019-07-03 00:00:00-04:00,74.8990707397461
105,2019-07-05 00:00:00-04:00,74.7883529663086
106,2019-07-08 00:00:00-04:00,75.25678253173828
107,2019-07-09 00:00:00-04:00,73.89408111572266
108,2019-07-10 00:00:00-04:00,73.96219635009766
109,2019-07-11 00:00:00-04:00,74.83946228027344
110,2019-07-12 00:00:00-04:00,75.69966888427734
111,2019-07-15 00:00:00-04:00,75.324951171875
112,2019-07-16 00:00:00-04:00,75.21420288085938
113,2019-07-17 00:00:00-04:00,73.62152862548828
114,2019-07-18 00:00:00-04:00,74.23474884033203
115,2019-07-19 00:00:00-04:00,74.38805389404297
116,2019-07-22 00:00:00-04:00,73.96219635009766
117,2019-07-23 00:00:00-04:00,75.18014526367188
118,2019-07-24 00:00:00-04:00,76.08294677734375
119,2019-07-25 00:00:00-04:00,76.09146118164062
120,2019-07-26 00:00:00-04:00,75.46971893310547
121,2019-07-29 00:00:00-04:00,75.23125457763672
122,2019-07-30 00:00:00-04:00,75.08646392822266
123,2019-07-31 00:00:00-04:00,74.43062591552734
124,2019-08-01 00:00:00-04:00,71.00679016113281
125,2019-08-02 00:00:00-04:00,70.5042724609375
126,2019-08-05 00:00:00-04:00,68.52831268310547
127,2019-08-06 00:00:00-04:00,69.53331756591797
128,2019-08-07 00:00:00-04:00,69.6099853515625
129,2019-08-08 00:00:00-04:00,71.2452621459961
130,2019-08-09 00:00:00-04:00,70.47019958496094
131,2019-08-12 00:00:00-04:00,69.78031158447266
132,2019-08-13 00:00:00-04:00,70.5042724609375
133,2019-08-14 00:00:00-04:00,67.62549591064453
134,2019-08-15 00:00:00-04:00,65.99022674560547
135,2019-08-16 00:00:00-04:00,67.09745025634766
136,2019-08-19 00:00:00-04:00,68.12801361083984
137,2019-08-20 00:00:00-04:00,68.05134582519531
138,2019-08-21 00:00:00-04:00,68.99676513671875
139,2019-08-22 00:00:00-04:00,68.99676513671875
140,2019-08-23 00:00:00-04:00,66.73121643066406
141,2019-08-26 00:00:00-04:00,67.87250518798828
142,2019-08-27 00:00:00-04:00,67.76177978515625
143,2019-08-28 00:00:00-04:00,69.16709899902344
144,2019-08-29 00:00:00-04:00,70.9471664428711
145,2019-08-30 00:00:00-04:00,69.79735565185547
146,2019-09-03 00:00:00-04:00,68.9456558227539
147,2019-09-04 00:00:00-04:00,69.93362426757812
148,2019-09-05 00:00:00-04:00,73.68114471435547
149,2019-09-06 00:00:00-04:00,74.61800384521484
150,2019-09-09 00:00:00-04:00,76.7149887084961
151,2019-09-10 00:00:00-04:00,76.87761688232422
152,2019-09-11 00:00:00-04:00,77.7335205078125
153,2019-09-12 00:00:00-04:00,77.33125305175781
154,2019-09-13 00:00:00-04:00,77.2884521484375
155,2019-09-16 00:00:00-04:00,75.6793441772461
156,2019-09-17 00:00:00-04:00,75.25138092041016
157,2019-09-18 00:00:00-04:00,74.96893310546875
158,2019-09-19 00:00:00-04:00,74.51531219482422
159,2019-09-20 00:00:00-04:00,73.32559204101562
160,2019-09-23 00:00:00-04:00,74.97750854492188
161,2019-09-24 00:00:00-04:00,73.98464965820312
162,2019-09-25 00:00:00-04:00,74.48107147216797
163,2019-09-26 00:00:00-04:00,75.3797836303711
164,2019-09-27 00:00:00-04:00,75.99602508544922
165,2019-09-30 00:00:00-04:00,76.1672134399414
166,2019-10-01 00:00:00-04:00,76.18434143066406
167,2019-10-02 00:00:00-04:00,74.21574401855469
168,2019-10-03 00:00:00-04:00,74.60945892333984
169,2019-10-04 00:00:00-04:00,75.91043090820312
170,2019-10-07 00:00:00-04:00,75.5766372680664
171,2019-10-08 00:00:00-04:00,74.43826293945312
172,2019-10-09 00:00:00-04:00,75.70500946044922
173,2019-10-10 00:00:00-04:00,75.85052490234375
174,2019-10-11 00:00:00-04:00,77.79341888427734
175,2019-10-14 00:00:00-04:00,77.83622741699219
176,2019-10-15 00:00:00-04:00,78.3326416015625
177,2019-10-16 00:00:00-04:00,78.19570922851562
178,2019-10-17 00:00:00-04:00,78.34976196289062
179,2019-10-18 00:00:00-04:00,79.14576721191406
180,2019-10-21 00:00:00-04:00,79.9588851928711
181,2019-10-22 00:00:00-04:00,79.73634338378906
182,2019-10-23 00:00:00-04:00,78.3069839477539
183,2019-10-24 00:00:00-04:00,77.7335205078125
184,2019-10-25 00:00:00-04:00,72.02462005615234
185,2019-10-28 00:00:00-04:00,71.42547607421875
186,2019-10-29 00:00:00-04:00,69.48258209228516
187,2019-10-30 00:00:00-04:00,70.46686553955078
188,2019-10-31 00:00:00-04:00,70.4326171875
189,2019-11-01 00:00:00-04:00,70.94615936279297
190,2019-11-04 00:00:00-05:00,72.58094787597656
191,2019-11-05 00:00:00-05:00,73.77921295166016
192,2019-11-06 00:00:00-05:00,73.70220184326172
193,2019-11-07 00:00:00-05:00,73.95897674560547
194,2019-11-08 00:00:00-05:00,74.52387237548828
195,2019-11-11 00:00:00-05:00,73.95040130615234
196,2019-11-12 00:00:00-05:00,72.51248168945312
197,2019-11-13 00:00:00-05:00,73.40262603759766
198,2019-11-14 00:00:00-05:00,73.47109985351562
199,2019-11-15 00:00:00-05:00,74.36125183105469
200,2019-11-18 00:00:00-05:00,74.66936492919922
201,2019-11-19 00:00:00-05:00,73.8905029296875
202,2019-11-20 00:00:00-05:00,73.18009185791016
203,2019-11-21 00:00:00-05:00,72.58094787597656
204,2019-11-22 00:00:00-05:00,74.04456329345703
205,2019-11-25 00:00:00-05:00,74.07878112792969
206,2019-11-26 00:00:00-05:00,75.0202865600586
207,2019-11-27 00:00:00-05:00,76.21856689453125
208,2019-11-29 00:00:00-05:00,75.78205108642578
209,2019-12-02 00:00:00-05:00,75.31130981445312
210,2019-12-03 00:00:00-05:00,73.5994873046875
211,2019-12-04 00:00:00-05:00,75.35409545898438
212,2019-12-05 00:00:00-05:00,76.33839416503906
213,2019-12-06 00:00:00-05:00,77.39116668701172
214,2019-12-09 00:00:00-05:00,78.1741943359375
215,2019-12-10 00:00:00-05:00,77.67510986328125
216,2019-12-11 00:00:00-05:00,78.8711929321289
217,2019-12-12 00:00:00-05:00,80.33397674560547
218,2019-12-13 00:00:00-05:00,80.15328216552734
219,2019-12-16 00:00:00-05:00,80.91910552978516
220,2019-12-17 00:00:00-05:00,81.76237487792969
221,2019-12-18 00:00:00-05:00,83.035888671875
222,2019-12-19 00:00:00-05:00,83.38006591796875
223,2019-12-20 00:00:00-05:00,83.67262268066406
224,2019-12-23 00:00:00-05:00,84.62774658203125
225,2019-12-24 00:00:00-05:00,85.10102081298828
226,2019-12-26 00:00:00-05:00,85.53126525878906
227,2019-12-27 00:00:00-05:00,86.01310729980469
228,2019-12-30 00:00:00-05:00,85.66893768310547
229,2019-12-31 00:00:00-05:00,85.75499725341797
230,2020-01-02 00:00:00-05:00,86.2454605102539
231,2020-01-03 00:00:00-05:00,85.70333862304688
232,2020-01-06 00:00:00-05:00,85.36776733398438
233,2020-01-07 00:00:00-05:00,84.94613647460938
234,2020-01-08 00:00:00-05:00,83.50054931640625
235,2020-01-09 00:00:00-05:00,82.41631317138672
236,2020-01-10 00:00:00-05:00,81.79679870605469
237,2020-01-13 00:00:00-05:00,82.54540252685547
238,2020-01-14 00:00:00-05:00,83.06168365478516
239,2020-01-15 00:00:00-05:00,82.3561019897461
240,2020-01-16 00:00:00-05:00,81.85700988769531
241,2020-01-17 00:00:00-05:00,81.11700439453125
242,2020-01-21 00:00:00-05:00,81.4267807006836
243,2020-01-22 00:00:00-05:00,81.37516784667969
244,2020-01-23 00:00:00-05:00,73.49319458007812
245,2020-01-24 00:00:00-05:00,72.73597717285156
246,2020-01-27 00:00:00-05:00,70.99783325195312
247,2020-01-28 00:00:00-05:00,71.96156311035156
248,2020-01-29 00:00:00-05:00,72.33155822753906
249,2020-01-30 00:00:00-05:00,72.76180267333984
250,2020-01-31 00:00:00-05:00,71.39364624023438
251,2020-02-03 00:00:00-05:00,71.3420181274414
252,2020-02-04 00:00:00-05:00,72.23692321777344
253,2020-02-05 00:00:00-05:00,72.79622650146484
254,2020-02-06 00:00:00-05:00,72.3487777709961
255,2020-02-07 00:00:00-05:00,71.38504791259766
256,2020-02-10 00:00:00-05:00,71.70342254638672
257,2020-02-11 00:00:00-05:00,71.38504791259766
258,2020-02-12 00:00:00-05:00,72.21971893310547
259,2020-02-13 00:00:00-05:00,72.32295227050781
260,2020-02-14 00:00:00-05:00,71.98737335205078
261,2020-02-18 00:00:00-05:00,71.135498046875
262,2020-02-19 00:00:00-05:00,71.7636489868164
263,2020-02-20 00:00:00-05:00,72.27132415771484
264,2020-02-21 00:00:00-05:00,72.03898620605469
265,2020-02-24 00:00:00-05:00,70.41270446777344
266,2020-02-25 00:00:00-05:00,66.46312713623047
267,2020-02-26 00:00:00-05:00,65.73170471191406
268,2020-02-27 00:00:00-05:00,62.98680114746094
269,2020-02-28 00:00:00-05:00,61.95423126220703
270,2020-03-02 00:00:00-05:00,64.23448944091797
271,2020-03-03 00:00:00-05:00,61.532588958740234
272,2020-03-04 00:00:00-05:00,63.94192886352539
273,2020-03-05 00:00:00-05:00,61.58422088623047
274,2020-03-06 00:00:00-05:00,60.34513473510742
275,2020-03-09 00:00:00-04:00,54.05503845214844
276,2020-03-10 00:00:00-04:00,56.454978942871094
277,2020-03-11 00:00:00-04:00,54.340946197509766
278,2020-03-12 00:00:00-04:00,47.955543518066406
279,2020-03-13 00:00:00-04:00,51.585784912109375
280,2020-03-16 00:00:00-04:00,48.2761116027832
281,2020-03-17 00:00:00-04:00,52.573490142822266
282,2020-03-18 00:00:00-04:00,49.6450309753418
283,2020-03-19 00:00:00-04:00,49.45442199707031
284,2020-03-20 00:00:00-04:00,45.7288818359375
285,2020-03-23 00:00:00-04:00,39.84599304199219
286,2020-03-24 00:00:00-04:00,45.4256477355957
287,2020-03-25 00:00:00-04:00,50.29483413696289
288,2020-03-26 00:00:00-04:00,53.656494140625
289,2020-03-27 00:00:00-04:00,50.0695686340332
290,2020-03-30 00:00:00-04:00,51.767723083496094
291,2020-03-31 00:00:00-04:00,46.85520935058594
292,2020-04-01 00:00:00-04:00,42.1766242980957
293,2020-04-02 00:00:00-04:00,42.55784225463867
294,2020-04-03 00:00:00-04:00,42.34989547729492
295,2020-04-06 00:00:00-04:00,47.36638641357422
296,2020-04-07 00:00:00-04:00,48.81328582763672
297,2020-04-08 00:00:00-04:00,50.24285125732422
298,2020-04-09 00:00:00-04:00,51.29986572265625
299,2020-04-13 00:00:00-04:00,49.81830978393555
300,2020-04-14 00:00:00-04:00,51.61177444458008
301,2020-04-15 00:00:00-04:00,48.38874816894531
302,2020-04-16 00:00:00-04:00,47.522335052490234
303,2020-04-17 00:00:00-04:00,49.81830978393555
304,2020-04-20 00:00:00-04:00,48.37141799926758
305,2020-04-21 00:00:00-04:00,46.21406173706055
306,2020-04-22 00:00:00-04:00,47.01982498168945
307,2020-04-23 00:00:00-04:00,47.08913803100586
308,2020-04-24 00:00:00-04:00,47.279747009277344
309,2020-04-27 00:00:00-04:00,50.00025939941406
310,2020-04-28 00:00:00-04:00,51.551124572753906
311,2020-04-29 00:00:00-04:00,52.22691345214844
312,2020-04-30 00:00:00-04:00,50.33815383911133
313,2020-05-01 00:00:00-04:00,48.02485275268555
314,2020-05-04 00:00:00-04:00,48.2761116027832
315,2020-05-05 00:00:00-04:00,48.224124908447266
316,2020-05-06 00:00:00-04:00,48.53602981567383
317,2020-05-07 00:00:00-04:00,49.62770080566406
318,2020-05-08 00:00:00-04:00,50.45079803466797
319,2020-05-11 00:00:00-04:00,49.6450309753418
320,2020-05-12 00:00:00-04:00,48.336761474609375
321,2020-05-13 00:00:00-04:00,45.711551666259766
322,2020-05-14 00:00:00-04:00,48.03351593017578
323,2020-05-15 00:00:00-04:00,45.01841735839844
324,2020-05-18 00:00:00-04:00,48.908592224121094
325,2020-05-19 00:00:00-04:00,47.51367950439453
326,2020-05-20 00:00:00-04:00,48.501380920410156
327,2020-05-21 00:00:00-04:00,48.76996994018555
328,2020-05-22 00:00:00-04:00,48.20680618286133
329,2020-05-26 00:00:00-04:00,51.8283805847168
330,2020-05-27 00:00:00-04:00,53.87309265136719
331,2020-05-28 00:00:00-04:00,50.935977935791016
332,2020-05-29 00:00:00-04:00,48.605350494384766
333,2020-06-01 00:00:00-04:00,50.312171936035156
334,2020-06-02 00:00:00-04:00,51.421165466308594
335,2020-06-03 00:00:00-04:00,55.44994354248047
336,2020-06-04 00:00:00-04:00,55.527931213378906
337,2020-06-05 00:00:00-04:00,59.184165954589844
338,2020-06-08 00:00:00-04:00,58.97621154785156
339,2020-06-09 00:00:00-04:00,56.236385345458984
340,2020-06-10 00:00:00-04:00,55.47726058959961
341,2020-06-11 00:00:00-04:00,52.178993225097656
342,2020-06-12 00:00:00-04:00,53.44419860839844
343,2020-06-15 00:00:00-04:00,55.07588195800781
344,2020-06-16 00:00:00-04:00,57.562679290771484
345,2020-06-17 00:00:00-04:00,55.503440856933594
346,2020-06-18 00:00:00-04:00,55.40746307373047
347,2020-06-19 00:00:00-04:00,55.22422790527344
348,2020-06-22 00:00:00-04:00,54.622154235839844
349,2020-06-23 00:00:00-04:00,54.70068359375
350,2020-06-24 00:00:00-04:00,51.50712203979492
351,2020-06-25 00:00:00-04:00,52.187721252441406
352,2020-06-26 00:00:00-04:00,49.85798263549805
353,2020-06-29 00:00:00-04:00,52.667633056640625
354,2020-06-30 00:00:00-04:00,53.1737060546875
355,2020-07-01 00:00:00-04:00,52.87704086303711
356,2020-07-02 00:00:00-04:00,53.732154846191406
357,2020-07-06 00:00:00-04:00,54.96245193481445
358,2020-07-07 00:00:00-04:00,52.205162048339844
359,2020-07-08 00:00:00-04:00,52.94684982299805
360,2020-07-09 00:00:00-04:00,50.84397506713867
361,2020-07-10 00:00:00-04:00,52.99919509887695
362,2020-07-13 00:00:00-04:00,52.397132873535156
363,2020-07-14 00:00:00-04:00,52.562923431396484
364,2020-07-15 00:00:00-04:00,54.67451095581055
365,2020-07-16 00:00:00-04:00,54.377830505371094
366,2020-07-17 00:00:00-04:00,52.109195709228516
367,2020-07-20 00:00:00-04:00,50.54730987548828
368,2020-07-21 00:00:00-04:00,52.06555938720703
369,2020-07-22 00:00:00-04:00,52.0830078125
370,2020-07-23 00:00:00-04:00,52.47566604614258
371,2020-07-24 00:00:00-04:00,52.2662467956543
372,2020-07-27 00:00:00-04:00,53.06900405883789
373,2020-07-28 00:00:00-04:00,53.060279846191406
374,2020-07-29 00:00:00-04:00,54.02009201049805
375,2020-07-30 00:00:00-04:00,52.7897834777832
376,2020-07-31 00:00:00-04:00,52.667633056640625
377,2020-08-03 00:00:00-04:00,52.187721252441406
378,2020-08-04 00:00:00-04:00,51.89977264404297
379,2020-08-05 00:00:00-04:00,54.0462646484375
380,2020-08-06 00:00:00-04:00,52.336055755615234
381,2020-08-07 00:00:00-04:00,53.47037887573242
382,2020-08-10 00:00:00-04:00,55.85246276855469
383,2020-08-11 00:00:00-04:00,56.245113372802734
384,2020-08-12 00:00:00-04:00,55.599422454833984
385,2020-08-13 00:00:00-04:00,55.69540786743164
386,2020-08-14 00:00:00-04:00,56.05315017700195
387,2020-08-17 00:00:00-04:00,55.07588195800781
388,2020-08-18 00:00:00-04:00,54.133522033691406
389,2020-08-19 00:00:00-04:00,53.5750846862793
390,2020-08-20 00:00:00-04:00,53.22606658935547
391,2020-08-21 00:00:00-04:00,53.80195236206055
392,2020-08-24 00:00:00-04:00,57.571414947509766
393,2020-08-25 00:00:00-04:00,56.22766876220703
394,2020-08-26 00:00:00-04:00,55.89608383178711
395,2020-08-27 00:00:00-04:00,58.12984085083008
396,2020-08-28 00:00:00-04:00,59.281612396240234
397,2020-08-31 00:00:00-04:00,57.37071228027344
398,2020-09-01 00:00:00-04:00,58.077491760253906
399,2020-09-02 00:00:00-04:00,59.69172668457031
400,2020-09-03 00:00:00-04:00,59.80516052246094
401,2020-09-04 00:00:00-04:00,59.52593994140625
402,2020-09-08 00:00:00-04:00,59.6655387878418
403,2020-09-09 00:00:00-04:00,59.753421783447266
404,2020-09-10 00:00:00-04:00,60.096107482910156
405,2020-09-11 00:00:00-04:00,61.537235260009766
406,2020-09-14 00:00:00-04:00,64.33157348632812
407,2020-09-15 00:00:00-04:00,65.719970703125
408,2020-09-16 00:00:00-04:00,67.16987609863281
409,2020-09-17 00:00:00-04:00,65.54422760009766
410,2020-09-18 00:00:00-04:00,63.382545471191406
411,2020-09-21 00:00:00-04:00,60.3597412109375
412,2020-09-22 00:00:00-04:00,60.87818908691406
413,2020-09-23 00:00:00-04:00,60.69365692138672
414,2020-09-24 00:00:00-04:00,60.957275390625
415,2020-09-25 00:00:00-04:00,61.98537826538086
416,2020-09-28 00:00:00-04:00,62.556549072265625
417,2020-09-29 00:00:00-04:00,61.21210861206055
418,2020-09-30 00:00:00-04:00,61.730552673339844
419,2020-10-01 00:00:00-04:00,62.89926528930664
420,2020-10-02 00:00:00-04:00,63.73405075073242
421,2020-10-05 00:00:00-04:00,65.82540130615234
422,2020-10-06 00:00:00-04:00,65.60574340820312
423,2020-10-07 00:00:00-04:00,67.62681579589844
424,2020-10-08 00:00:00-04:00,68.83065795898438
425,2020-10-09 00:00:00-04:00,68.19796752929688
426,2020-10-12 00:00:00-04:00,68.42645263671875
427,2020-10-13 00:00:00-04:00,67.50377655029297
428,2020-10-14 00:00:00-04:00,66.55474853515625
429,2020-10-15 00:00:00-04:00,68.31221008300781
430,2020-10-16 00:00:00-04:00,66.62505340576172
431,2020-10-19 00:00:00-04:00,63.74283218383789
432,2020-10-20 00:00:00-04:00,63.59345626831055
433,2020-10-21 00:00:00-04:00,63.92736053466797
434,2020-10-22 00:00:00-04:00,64.99063873291016
435,2020-10-23 00:00:00-04:00,65.75511932373047
436,2020-10-26 00:00:00-04:00,64.80610656738281
437,2020-10-27 00:00:00-04:00,63.60223388671875
438,2020-10-28 00:00:00-04:00,60.096107482910156
439,2020-10-29 00:00:00-04:00,60.50912094116211
440,2020-10-30 00:00:00-04:00,59.05043029785156
441,2020-11-02 00:00:00-05:00,60.43003463745117
442,2020-11-03 00:00:00-05:00,62.16990661621094
443,2020-11-04 00:00:00-05:00,61.14180374145508
444,2020-11-05 00:00:00-05:00,62.7762336730957
445,2020-11-06 00:00:00-05:00,61.519657135009766
446,2020-11-09 00:00:00-05:00,68.37371826171875
447,2020-11-10 00:00:00-05:00,68.12769317626953
448,2020-11-11 00:00:00-05:00,67.65316009521484
449,2020-11-12 00:00:00-05:00,66.92382049560547
450,2020-11-13 00:00:00-05:00,69.8675537109375
451,2020-11-16 00:00:00-05:00,72.30162811279297
452,2020-11-17 00:00:00-05:00,74.78844451904297
453,2020-11-18 00:00:00-05:00,75.18384552001953
454,2020-11-19 00:00:00-05:00,74.65660858154297
455,2020-11-20 00:00:00-05:00,74.57754516601562
456,2020-11-23 00:00:00-05:00,76.05380249023438
457,2020-11-24 00:00:00-05:00,77.98699951171875
458,2020-11-25 00:00:00-05:00,76.95008850097656
459,2020-11-27 00:00:00-05:00,75.32444763183594
460,2020-11-30 00:00:00-05:00,73.28582000732422
461,2020-12-01 00:00:00-05:00,74.52481079101562
462,2020-12-02 00:00:00-05:00,75.11356353759766
463,2020-12-03 00:00:00-05:00,75.76380920410156
464,2020-12-04 00:00:00-05:00,78.33849334716797
465,2020-12-07 00:00:00-05:00,77.59156036376953
466,2020-12-08 00:00:00-05:00,78.4351577758789
467,2020-12-09 00:00:00-05:00,77.86965942382812
468,2020-12-10 00:00:00-05:00,76.78286743164062
469,2020-12-11 00:00:00-05:00,76.57080078125
470,2020-12-14 00:00:00-05:00,75.76673126220703
471,2020-12-15 00:00:00-05:00,77.09210968017578
472,2020-12-16 00:00:00-05:00,76.31456756591797
473,2020-12-17 00:00:00-05:00,76.4736099243164
474,2020-12-18 00:00:00-05:00,74.99801635742188
475,2020-12-21 00:00:00-05:00,75.0422134399414
476,2020-12-22 00:00:00-05:00,73.23087310791016
477,2020-12-23 00:00:00-05:00,74.45905303955078
478,2020-12-24 00:00:00-05:00,74.13211822509766
479,2020-12-28 00:00:00-05:00,75.50167083740234
480,2020-12-29 00:00:00-05:00,74.89199829101562
481,2020-12-30 00:00:00-05:00,76.12016296386719
482,2020-12-31 00:00:00-05:00,75.4663314819336
483,2021-01-04 00:00:00-05:00,75.21009063720703
484,2021-01-05 00:00:00-05:00,75.39563751220703
485,2021-01-06 00:00:00-05:00,77.29531860351562
486,2021-01-07 00:00:00-05:00,78.00220489501953
487,2021-01-08 00:00:00-05:00,77.62225341796875
488,2021-01-11 00:00:00-05:00,76.94190979003906
489,2021-01-12 00:00:00-05:00,77.3572006225586
490,2021-01-13 00:00:00-05:00,75.60769653320312
491,2021-01-14 00:00:00-05:00,75.44865417480469
492,2021-01-15 00:00:00-05:00,74.1409683227539
493,2021-01-19 00:00:00-05:00,72.40914154052734
494,2021-01-20 00:00:00-05:00,72.74491119384766
495,2021-01-21 00:00:00-05:00,74.37068939208984
496,2021-01-22 00:00:00-05:00,74.0967788696289
497,2021-01-25 00:00:00-05:00,74.9361801147461
498,2021-01-26 00:00:00-05:00,75.21892547607422
499,2021-01-27 00:00:00-05:00,69.93512725830078
500,2021-01-28 00:00:00-05:00,70.12952423095703
501,2021-01-29 00:00:00-05:00,67.92057037353516
502,2021-02-01 00:00:00-05:00,69.46683502197266
503,2021-02-02 00:00:00-05:00,70.92474365234375
504,2021-02-03 00:00:00-05:00,69.84678649902344
505,2021-02-04 00:00:00-05:00,71.8878173828125
506,2021-02-05 00:00:00-05:00,72.32963562011719
507,2021-02-08 00:00:00-05:00,72.18824768066406
508,2021-02-09 00:00:00-05:00,71.61392974853516
509,2021-02-10 00:00:00-05:00,71.50788879394531
510,2021-02-11 00:00:00-05:00,71.11912536621094
511,2021-02-12 00:00:00-05:00,70.25320434570312
512,2021-02-16 00:00:00-05:00,71.46370697021484
513,2021-02-17 00:00:00-05:00,70.26205444335938
514,2021-02-18 00:00:00-05:00,70.32390594482422
515,2021-02-19 00:00:00-05:00,71.03961944580078
516,2021-02-22 00:00:00-05:00,71.40186309814453
517,2021-02-23 00:00:00-05:00,70.43876647949219
518,2021-02-24 00:00:00-05:00,72.4179916381836
519,2021-02-25 00:00:00-05:00,70.74803161621094
520,2021-02-26 00:00:00-05:00,69.91746520996094
521,2021-03-01 00:00:00-05:00,71.71996307373047
522,2021-03-02 00:00:00-05:00,72.62120819091797
523,2021-03-03 00:00:00-05:00,71.74647521972656
524,2021-03-04 00:00:00-05:00,68.65393829345703
525,2021-03-05 00:00:00-05:00,69.599365234375
526,2021-03-08 00:00:00-05:00,72.01154327392578
527,2021-03-09 00:00:00-05:00,70.66926574707031
528,2021-03-10 00:00:00-05:00,70.82038116455078
529,2021-03-11 00:00:00-05:00,70.66926574707031
530,2021-03-12 00:00:00-05:00,70.30480194091797
531,2021-03-15 00:00:00-04:00,70.90928649902344
532,2021-03-16 00:00:00-04:00,67.48693084716797
533,2021-03-17 00:00:00-04:00,69.64701080322266
534,2021-03-18 00:00:00-04:00,70.49148559570312
535,2021-03-19 00:00:00-04:00,70.78482818603516
536,2021-03-22 00:00:00-04:00,70.9537124633789
537,2021-03-23 00:00:00-04:00,67.9669418334961
538,2021-03-24 00:00:00-04:00,68.14472961425781
539,2021-03-25 00:00:00-04:00,69.43367004394531
540,2021-03-26 00:00:00-04:00,71.30039978027344
541,2021-03-29 00:00:00-04:00,70.02923583984375
542,2021-03-30 00:00:00-04:00,71.22928619384766
543,2021-03-31 00:00:00-04:00,71.04263305664062
544,2021-04-01 00:00:00-04:00,70.6603775024414
545,2021-04-05 00:00:00-04:00,73.87826538085938
546,2021-04-06 00:00:00-04:00,74.38495635986328
547,2021-04-07 00:00:00-04:00,74.65164184570312
548,2021-04-08 00:00:00-04:00,73.87826538085938
549,2021-04-09 00:00:00-04:00,75.50498962402344
550,2021-04-12 00:00:00-04:00,75.91390991210938
551,2021-04-13 00:00:00-04:00,74.52718353271484
552,2021-04-14 00:00:00-04:00,74.65164184570312
553,2021-04-15 00:00:00-04:00,74.67829895019531
554,2021-04-16 00:00:00-04:00,75.32721710205078
555,2021-04-19 00:00:00-04:00,74.65164184570312
556,2021-04-20 00:00:00-04:00,75.15831756591797
557,2021-04-21 00:00:00-04:00,77.33617401123047
558,2021-04-22 00:00:00-04:00,76.7939453125
559,2021-04-23 00:00:00-04:00,78.5628890991211
560,2021-04-26 00:00:00-04:00,78.04731750488281
561,2021-04-27 00:00:00-04:00,79.23847198486328
562,2021-04-28 00:00:00-04:00,79.39849090576172
563,2021-04-29 00:00:00-04:00,78.9273452758789
564,2021-04-30 00:00:00-04:00,77.9228744506836
565,2021-05-03 00:00:00-04:00,79.85182189941406
566,2021-05-04 00:00:00-04:00,80.04740142822266
567,2021-05-05 00:00:00-04:00,78.68734741210938
568,2021-05-06 00:00:00-04:00,79.35401153564453
569,2021-05-07 00:00:00-04:00,79.89627838134766
570,2021-05-10 00:00:00-04:00,77.28284454345703
571,2021-05-11 00:00:00-04:00,75.82501983642578
572,2021-05-12 00:00:00-04:00,74.34940338134766
573,2021-05-13 00:00:00-04:00,74.69608306884766
574,2021-05-14 00:00:00-04:00,75.94945526123047
575,2021-05-17 00:00:00-04:00,77.02505493164062
576,2021-05-18 00:00:00-04:00,76.89170837402344
577,2021-05-19 00:00:00-04:00,75.29165649414062
578,2021-05-20 00:00:00-04:00,75.3983383178711
579,2021-05-21 00:00:00-04:00,68.66030883789062
580,2021-05-24 00:00:00-04:00,68.10030364990234
581,2021-05-25 00:00:00-04:00,69.48700714111328
582,2021-05-26 00:00:00-04:00,70.42037200927734
583,2021-05-27 00:00:00-04:00,70.75816345214844
584,2021-05-28 00:00:00-04:00,70.86482238769531
585,2021-06-01 00:00:00-04:00,70.9892807006836
586,2021-06-02 00:00:00-04:00,70.40258026123047
587,2021-06-03 00:00:00-04:00,70.47370147705078
588,2021-06-04 00:00:00-04:00,70.25147247314453
589,2021-06-07 00:00:00-04:00,70.46479797363281
590,2021-06-08 00:00:00-04:00,70.90928649902344
591,2021-06-09 00:00:00-04:00,70.17584991455078
592,2021-06-10 00:00:00-04:00,70.25635528564453
593,2021-06-11 00:00:00-04:00,73.45835876464844
594,2021-06-14 00:00:00-04:00,72.76966094970703
595,2021-06-15 00:00:00-04:00,73.31526947021484
596,2021-06-16 00:00:00-04:00,72.8680419921875
597,2021-06-17 00:00:00-04:00,72.13462829589844
598,2021-06-18 00:00:00-04:00,71.25810241699219
599,2021-06-21 00:00:00-04:00,72.08988952636719
600,2021-06-22 00:00:00-04:00,72.63550567626953
601,2021-06-23 00:00:00-04:00,73.23475646972656
602,2021-06-24 00:00:00-04:00,72.77861022949219
603,2021-06-25 00:00:00-04:00,74.1291732788086
604,2021-06-28 00:00:00-04:00,71.7052993774414
605,2021-06-29 00:00:00-04:00,72.49240112304688
606,2021-06-30 00:00:00-04:00,73.37787628173828
607,2021-07-01 00:00:00-04:00,74.49588775634766
608,2021-07-02 00:00:00-04:00,75.52446746826172
609,2021-07-06 00:00:00-04:00,73.66409301757812
610,2021-07-07 00:00:00-04:00,73.35102844238281
611,2021-07-08 00:00:00-04:00,72.32246398925781
612,2021-07-09 00:00:00-04:00,74.29911041259766
613,2021-07-12 00:00:00-04:00,74.04867553710938
614,2021-07-13 00:00:00-04:00,73.13638305664062
615,2021-07-14 00:00:00-04:00,71.82157897949219
616,2021-07-15 00:00:00-04:00,71.3386001586914
617,2021-07-16 00:00:00-04:00,69.24565887451172
618,2021-07-19 00:00:00-04:00,67.49261474609375
619,2021-07-20 00:00:00-04:00,69.9164810180664
620,2021-07-21 00:00:00-04:00,71.49063873291016
621,2021-07-22 00:00:00-04:00,71.9020767211914
622,2021-07-23 00:00:00-04:00,74.30805969238281
623,2021-07-26 00:00:00-04:00,74.46009826660156
624,2021-07-27 00:00:00-04:00,74.5584945678711
625,2021-07-28 00:00:00-04:00,74.05762481689453
626,2021-07-29 00:00:00-04:00,75.62285614013672
627,2021-07-30 00:00:00-04:00,71.73213958740234
628,2021-08-02 00:00:00-04:00,73.1900405883789
629,2021-08-03 00:00:00-04:00,72.95748901367188
630,2021-08-04 00:00:00-04:00,70.90032958984375
631,2021-08-05 00:00:00-04:00,72.05413055419922
632,2021-08-06 00:00:00-04:00,72.10780334472656
633,2021-08-09 00:00:00-04:00,71.26705169677734
634,2021-08-10 00:00:00-04:00,72.22406005859375
635,2021-08-11 00:00:00-04:00,72.74283599853516
636,2021-08-12 00:00:00-04:00,72.0094223022461
637,2021-08-13 00:00:00-04:00,72.27772521972656
638,2021-08-16 00:00:00-04:00,71.32071685791016
639,2021-08-17 00:00:00-04:00,68.91474151611328
640,2021-08-18 00:00:00-04:00,68.10975646972656
641,2021-08-19 00:00:00-04:00,67.91299438476562
642,2021-08-20 00:00:00-04:00,68.36019897460938
643,2021-08-23 00:00:00-04:00,68.70005798339844
644,2021-08-24 00:00:00-04:00,68.85212707519531
645,2021-08-25 00:00:00-04:00,68.92367553710938
646,2021-08-26 00:00:00-04:00,68.42280578613281
647,2021-08-27 00:00:00-04:00,68.53907012939453
648,2021-08-30 00:00:00-04:00,68.85212707519531
649,2021-08-31 00:00:00-04:00,68.3959732055664
650,2021-09-01 00:00:00-04:00,68.24392700195312
651,2021-09-02 00:00:00-04:00,67.82354736328125
652,2021-09-03 00:00:00-04:00,68.18132019042969
653,2021-09-07 00:00:00-04:00,64.27271270751953
654,2021-09-08 00:00:00-04:00,63.69133758544922
655,2021-09-09 00:00:00-04:00,64.9792251586914
656,2021-09-10 00:00:00-04:00,63.89847183227539
657,2021-09-13 00:00:00-04:00,64.62797546386719
658,2021-09-14 00:00:00-04:00,63.466190338134766
659,2021-09-15 00:00:00-04:00,62.39447021484375
660,2021-09-16 00:00:00-04:00,62.27738571166992
661,2021-09-17 00:00:00-04:00,62.63762664794922
662,2021-09-20 00:00:00-04:00,61.01652145385742
663,2021-09-21 00:00:00-04:00,59.66559982299805
664,2021-09-22 00:00:00-04:00,59.485477447509766
665,2021-09-23 00:00:00-04:00,60.665287017822266
666,2021-09-24 00:00:00-04:00,61.205650329589844
667,2021-09-27 00:00:00-04:00,61.394775390625
668,2021-09-28 00:00:00-04:00,61.232669830322266
669,2021-09-29 00:00:00-04:00,61.72800827026367
670,2021-09-30 00:00:00-04:00,60.332054138183594
671,2021-10-01 00:00:00-04:00,61.42179489135742
672,2021-10-04 00:00:00-04:00,61.94414138793945
673,2021-10-05 00:00:00-04:00,60.755340576171875
674,2021-10-06 00:00:00-04:00,60.323055267333984
675,2021-10-07 00:00:00-04:00,61.601924896240234
676,2021-10-08 00:00:00-04:00,61.241676330566406
677,2021-10-11 00:00:00-04:00,62.47551345825195
678,2021-10-12 00:00:00-04:00,65.11431884765625
679,2021-10-13 00:00:00-04:00,65.11431884765625
680,2021-10-14 00:00:00-04:00,66.2400894165039
681,2021-10-15 00:00:00-04:00,66.2400894165039
682,2021-10-18 00:00:00-04:00,65.68169403076172
683,2021-10-19 00:00:00-04:00,66.20404815673828
684,2021-10-20 00:00:00-04:00,66.58231353759766
685,2021-10-21 00:00:00-04:00,66.7083969116211
686,2021-10-22 00:00:00-04:00,63.70935821533203
687,2021-10-25 00:00:00-04:00,63.700355529785156
688,2021-10-26 00:00:00-04:00,65.08728790283203
689,2021-10-27 00:00:00-04:00,63.79041290283203
690,2021-10-28 00:00:00-04:00,65.53758239746094
691,2021-10-29 00:00:00-04:00,65.63667297363281
692,2021-11-01 00:00:00-04:00,65.86182403564453
693,2021-11-02 00:00:00-04:00,64.90717315673828
694,2021-11-03 00:00:00-04:00,66.99658966064453
695,2021-11-04 00:00:00-04:00,66.07796478271484
696,2021-11-05 00:00:00-04:00,66.68138122558594
697,2021-11-08 00:00:00-05:00,67.34783935546875
698,2021-11-09 00:00:00-05:00,67.70807647705078
699,2021-11-10 00:00:00-05:00,68.02328491210938
700,2021-11-11 00:00:00-05:00,68.20341491699219
701,2021-11-12 00:00:00-05:00,69.07701110839844
702,2021-11-15 00:00:00-05:00,69.58135986328125
703,2021-11-16 00:00:00-05:00,70.25682067871094
704,2021-11-17 00:00:00-05:00,68.9059066772461
705,2021-11-18 00:00:00-05:00,68.78881072998047
706,2021-11-19 00:00:00-05:00,68.43756103515625
707,2021-11-22 00:00:00-05:00,68.67173767089844
708,2021-11-23 00:00:00-05:00,68.68074035644531
709,2021-11-24 00:00:00-05:00,68.0863265991211
710,2021-11-26 00:00:00-05:00,66.6273422241211
711,2021-11-29 00:00:00-05:00,66.40219116210938
712,2021-11-30 00:00:00-05:00,64.6009521484375
713,2021-12-01 00:00:00-05:00,63.79041290283203
714,2021-12-02 00:00:00-05:00,66.7083969116211
715,2021-12-03 00:00:00-05:00,67.10466766357422
716,2021-12-06 00:00:00-05:00,68.03231048583984
717,2021-12-07 00:00:00-05:00,69.22110748291016
718,2021-12-08 00:00:00-05:00,69.45526885986328
719,2021-12-09 00:00:00-05:00,68.9204330444336
720,2021-12-10 00:00:00-05:00,68.87511444091797
721,2021-12-13 00:00:00-05:00,67.79638671875
722,2021-12-14 00:00:00-05:00,66.69047546386719
723,2021-12-15 00:00:00-05:00,66.89896392822266
724,2021-12-16 00:00:00-05:00,65.61175537109375
725,2021-12-17 00:00:00-05:00,64.34265899658203
726,2021-12-20 00:00:00-05:00,61.722900390625
727,2021-12-21 00:00:00-05:00,63.381778717041016
728,2021-12-22 00:00:00-05:00,62.97385787963867
729,2021-12-23 00:00:00-05:00,62.955718994140625
730,2021-12-27 00:00:00-05:00,64.43331146240234
731,2021-12-28 00:00:00-05:00,64.99532318115234
732,2021-12-29 00:00:00-05:00,65.62081146240234
733,2021-12-30 00:00:00-05:00,66.34600067138672
734,2021-12-31 00:00:00-05:00,66.3731918334961
735,2022-01-03 00:00:00-05:00,66.81737518310547
736,2022-01-04 00:00:00-05:00,68.67567443847656
737,2022-01-05 00:00:00-05:00,67.25250244140625
738,2022-01-06 00:00:00-05:00,65.14037322998047
739,2022-01-07 00:00:00-05:00,65.71145629882812
740,2022-01-10 00:00:00-05:00,64.39704895019531
741,2022-01-11 00:00:00-05:00,65.13130950927734
742,2022-01-12 00:00:00-05:00,65.09505462646484
743,2022-01-13 00:00:00-05:00,65.48484802246094
744,2022-01-14 00:00:00-05:00,65.49391174316406
745,2022-01-18 00:00:00-05:00,64.46050262451172
746,2022-01-19 00:00:00-05:00,63.825965881347656
747,2022-01-20 00:00:00-05:00,60.3994255065918
748,2022-01-21 00:00:00-05:00,61.641319274902344
749,2022-01-24 00:00:00-05:00,61.641319274902344
750,2022-01-25 00:00:00-05:00,60.290645599365234
751,2022-01-26 00:00:00-05:00,60.281585693359375
752,2022-01-27 00:00:00-05:00,61.05210494995117
753,2022-01-28 00:00:00-05:00,57.072608947753906
754,2022-01-31 00:00:00-05:00,59.11220932006836
755,2022-02-01 00:00:00-05:00,59.801143646240234
756,2022-02-02 00:00:00-05:00,59.23005294799805
757,2022-02-03 00:00:00-05:00,57.707157135009766
758,2022-02-04 00:00:00-05:00,57.217647552490234
759,2022-02-07 00:00:00-05:00,56.9366340637207
760,2022-02-08 00:00:00-05:00,57.09980010986328
761,2022-02-09 00:00:00-05:00,58.35076141357422
762,2022-02-10 00:00:00-05:00,56.728145599365234
763,2022-02-11 00:00:00-05:00,55.06019973754883
764,2022-02-14 00:00:00-05:00,54.28968811035156
765,2022-02-15 00:00:00-05:00,55.81258773803711
766,2022-02-16 00:00:00-05:00,55.25056076049805
767,2022-02-17 00:00:00-05:00,53.6188850402832
768,2022-02-18 00:00:00-05:00,53.63700866699219
769,2022-02-22 00:00:00-05:00,52.721458435058594
770,2022-02-23 00:00:00-05:00,51.77870559692383
771,2022-02-24 00:00:00-05:00,52.25008773803711
772,2022-02-25 00:00:00-05:00,53.156578063964844
773,2022-02-28 00:00:00-05:00,52.594547271728516
774,2022-03-01 00:00:00-05:00,50.31925582885742
775,2022-03-02 00:00:00-05:00,51.83309555053711
776,2022-03-03 00:00:00-05:00,50.935672760009766
777,2022-03-04 00:00:00-05:00,49.79349136352539
778,2022-03-07 00:00:00-05:00,46.93804931640625
779,2022-03-08 00:00:00-05:00,47.09215545654297
780,2022-03-09 00:00:00-05:00,48.95936584472656
781,2022-03-10 00:00:00-05:00,48.895294189453125
782,2022-03-11 00:00:00-05:00,48.9685173034668
783,2022-03-14 00:00:00-04:00,49.34379196166992
784,2022-03-15 00:00:00-04:00,50.368927001953125
785,2022-03-16 00:00:00-04:00,51.85171127319336
786,2022-03-17 00:00:00-04:00,52.38258361816406
787,2022-03-18 00:00:00-04:00,52.62056350708008
788,2022-03-21 00:00:00-04:00,51.67780303955078
789,2022-03-22 00:00:00-04:00,51.90663528442383
790,2022-03-23 00:00:00-04:00,50.9272575378418
791,2022-03-24 00:00:00-04:00,51.476444244384766
792,2022-03-25 00:00:00-04:00,52.51072692871094
793,2022-03-28 00:00:00-04:00,52.574798583984375
794,2022-03-29 00:00:00-04:00,54.57014846801758
795,2022-03-30 00:00:00-04:00,53.46263885498047
796,2022-03-31 00:00:00-04:00,52.04392623901367
797,2022-04-01 00:00:00-04:00,51.751033782958984
798,2022-04-04 00:00:00-04:00,52.108001708984375
799,2022-04-05 00:00:00-04:00,51.01879119873047
800,2022-04-06 00:00:00-04:00,51.0279426574707
801,2022-04-07 00:00:00-04:00,51.35745620727539
802,2022-04-08 00:00:00-04:00,51.83340835571289
803,2022-04-11 00:00:00-04:00,50.616058349609375
804,2022-04-12 00:00:00-04:00,50.716739654541016
805,2022-04-13 00:00:00-04:00,51.20185089111328
806,2022-04-14 00:00:00-04:00,51.43982696533203
807,2022-04-18 00:00:00-04:00,50.982181549072266
808,2022-04-19 00:00:00-04:00,52.51072692871094
809,2022-04-20 00:00:00-04:00,52.794471740722656
810,2022-04-21 00:00:00-04:00,51.705265045166016
811,2022-04-22 00:00:00-04:00,49.9570426940918
812,2022-04-25 00:00:00-04:00,49.70991134643555
813,2022-04-26 00:00:00-04:00,47.97999954223633
814,2022-04-27 00:00:00-04:00,48.034912109375
815,2022-04-28 00:00:00-04:00,48.72138595581055
816,2022-04-29 00:00:00-04:00,47.5955696105957
817,2022-05-02 00:00:00-04:00,47.76947784423828
818,2022-05-03 00:00:00-04:00,47.5498046875
819,2022-05-04 00:00:00-04:00,47.641334533691406
820,2022-05-05 00:00:00-04:00,44.93204879760742
821,2022-05-06 00:00:00-04:00,43.57741165161133
822,2022-05-09 00:00:00-04:00,43.48587417602539
823,2022-05-10 00:00:00-04:00,42.51565933227539
824,2022-05-11 00:00:00-04:00,41.536293029785156
825,2022-05-12 00:00:00-04:00,43.247894287109375
826,2022-05-13 00:00:00-04:00,43.55909729003906
827,2022-05-16 00:00:00-04:00,42.99161148071289
828,2022-05-17 00:00:00-04:00,44.14488983154297
829,2022-05-18 00:00:00-04:00,42.076316833496094
830,2022-05-19 00:00:00-04:00,40.83150863647461
831,2022-05-20 00:00:00-04:00,43.311973571777344
832,2022-05-23 00:00:00-04:00,42.53396224975586
833,2022-05-24 00:00:00-04:00,41.63697052001953
834,2022-05-25 00:00:00-04:00,43.128910064697266
835,2022-05-26 00:00:00-04:00,44.730682373046875
836,2022-05-27 00:00:00-04:00,45.929725646972656
837,2022-05-31 00:00:00-04:00,46.186012268066406
838,2022-06-01 00:00:00-04:00,45.609375
839,2022-06-02 00:00:00-04:00,46.99147415161133
840,2022-06-03 00:00:00-04:00,45.83819580078125
841,2022-06-06 00:00:00-04:00,45.73751449584961
842,2022-06-07 00:00:00-04:00,45.75581359863281
843,2022-06-08 00:00:00-04:00,45.591068267822266
844,2022-06-09 00:00:00-04:00,44.777435302734375
845,2022-06-10 00:00:00-04:00,43.73265838623047
846,2022-06-13 00:00:00-04:00,42.32729721069336
847,2022-06-14 00:00:00-04:00,41.994449615478516
848,2022-06-15 00:00:00-04:00,43.17790985107422
849,2022-06-16 00:00:00-04:00,41.143829345703125
850,2022-06-17 00:00:00-04:00,42.25333023071289
851,2022-06-21 00:00:00-04:00,42.88204574584961
852,2022-06-22 00:00:00-04:00,42.29031753540039
853,2022-06-23 00:00:00-04:00,43.214900970458984
854,2022-06-24 00:00:00-04:00,44.38910675048828
855,2022-06-27 00:00:00-04:00,43.945308685302734
856,2022-06-28 00:00:00-04:00,42.586177825927734
857,2022-06-29 00:00:00-04:00,41.735565185546875
858,2022-06-30 00:00:00-04:00,40.83871841430664
859,2022-07-01 00:00:00-04:00,40.80173873901367
860,2022-07-05 00:00:00-04:00,41.41196060180664
861,2022-07-06 00:00:00-04:00,41.3287467956543
862,2022-07-07 00:00:00-04:00,42.3735237121582
863,2022-07-08 00:00:00-04:00,42.3735237121582
864,2022-07-11 00:00:00-04:00,41.34723663330078
865,2022-07-12 00:00:00-04:00,41.828025817871094
866,2022-07-13 00:00:00-04:00,42.068416595458984
867,2022-07-14 00:00:00-04:00,41.53215789794922
868,2022-07-15 00:00:00-04:00,42.02218246459961
869,2022-07-18 00:00:00-04:00,42.12388610839844
870,2022-07-19 00:00:00-04:00,44.167213439941406
871,2022-07-20 00:00:00-04:00,44.35212707519531
872,2022-07-21 00:00:00-04:00,43.73265838623047
873,2022-07-22 00:00:00-04:00,43.88058853149414
874,2022-07-25 00:00:00-04:00,43.89908218383789
875,2022-07-26 00:00:00-04:00,41.90198516845703
876,2022-07-27 00:00:00-04:00,43.325843811035156
877,2022-07-28 00:00:00-04:00,44.90687561035156
878,2022-07-29 00:00:00-04:00,41.31025695800781
879,2022-08-01 00:00:00-04:00,42.068416595458984
880,2022-08-02 00:00:00-04:00,40.98665237426758
881,2022-08-03 00:00:00-04:00,41.402713775634766
882,2022-08-04 00:00:00-04:00,41.744808197021484
883,2022-08-05 00:00:00-04:00,42.225589752197266
884,2022-08-08 00:00:00-04:00,42.14237976074219
885,2022-08-09 00:00:00-04:00,41.91123962402344
886,2022-08-10 00:00:00-04:00,42.66939163208008
887,2022-08-11 00:00:00-04:00,43.612457275390625
888,2022-08-12 00:00:00-04:00,43.56623458862305
889,2022-08-15 00:00:00-04:00,43.39056396484375
890,2022-08-16 00:00:00-04:00,44.30589294433594
891,2022-08-17 00:00:00-04:00,43.57548141479492
892,2022-08-18 00:00:00-04:00,43.113189697265625
893,2022-08-19 00:00:00-04:00,42.11463928222656
894,2022-08-22 00:00:00-04:00,39.88640213012695
895,2022-08-23 00:00:00-04:00,40.13603591918945
896,2022-08-24 00:00:00-04:00,40.14528274536133
897,2022-08-25 00:00:00-04:00,40.7277717590332
898,2022-08-26 00:00:00-04:00,38.05573272705078
899,2022-08-29 00:00:00-04:00,38.30537033081055
900,2022-08-30 00:00:00-04:00,38.7584114074707
901,2022-08-31 00:00:00-04:00,38.32386779785156
902,2022-09-01 00:00:00-04:00,38.2868766784668
903,2022-09-02 00:00:00-04:00,37.67665481567383
904,2022-09-06 00:00:00-04:00,37.2143669128418
905,2022-09-07 00:00:00-04:00,39.18372344970703
906,2022-09-08 00:00:00-04:00,39.516571044921875
907,2022-09-09 00:00:00-04:00,40.564361572265625
908,2022-09-12 00:00:00-04:00,41.209869384765625
909,2022-09-13 00:00:00-04:00,39.07687759399414
910,2022-09-14 00:00:00-04:00,38.44071960449219
911,2022-09-15 00:00:00-04:00,37.96360397338867
912,2022-09-16 00:00:00-04:00,37.233890533447266
913,2022-09-19 00:00:00-04:00,37.89811325073242
914,2022-09-20 00:00:00-04:00,35.914798736572266
915,2022-09-21 00:00:00-04:00,34.76410675048828
916,2022-09-22 00:00:00-04:00,34.08116912841797
917,2022-09-23 00:00:00-04:00,33.47307586669922
918,2022-09-26 00:00:00-04:00,32.762081146240234
919,2022-09-27 00:00:00-04:00,32.808860778808594
920,2022-09-28 00:00:00-04:00,30.554241180419922
921,2022-09-29 00:00:00-04:00,28.767391204833984
922,2022-09-30 00:00:00-04:00,27.981548309326172
923,2022-10-03 00:00:00-04:00,29.263219833374023
924,2022-10-04 00:00:00-04:00,29.712270736694336
925,2022-10-05 00:00:00-04:00,29.843244552612305
926,2022-10-06 00:00:00-04:00,28.346403121948242
927,2022-10-07 00:00:00-04:00,27.008607864379883
928,2022-10-10 00:00:00-04:00,26.512773513793945
929,2022-10-11 00:00:00-04:00,27.092798233032227
930,2022-10-12 00:00:00-04:00,27.176998138427734
931,2022-10-13 00:00:00-04:00,27.289262771606445
932,2022-10-14 00:00:00-04:00,27.083444595336914
933,2022-10-17 00:00:00-04:00,27.644758224487305
934,2022-10-18 00:00:00-04:00,27.747669219970703
935,2022-10-19 00:00:00-04:00,26.615686416625977
936,2022-10-20 00:00:00-04:00,25.801776885986328
937,2022-10-21 00:00:00-04:00,25.904685974121094
938,2022-10-24 00:00:00-04:00,26.063722610473633
939,2022-10-25 00:00:00-04:00,26.784076690673828
940,2022-10-26 00:00:00-04:00,26.391157150268555
941,2022-10-27 00:00:00-04:00,25.6520938873291
942,2022-10-28 00:00:00-04:00,26.447290420532227
943,2022-10-31 00:00:00-04:00,26.428579330444336
944,2022-11-01 00:00:00-04:00,26.784076690673828
945,2022-11-02 00:00:00-04:00,25.7269344329834
946,2022-11-03 00:00:00-04:00,25.371437072753906
947,2022-11-04 00:00:00-04:00,26.428579330444336
948,2022-11-07 00:00:00-05:00,26.391157150268555
949,2022-11-08 00:00:00-05:00,26.70923614501953
950,2022-11-09 00:00:00-05:00,25.165618896484375
951,2022-11-10 00:00:00-05:00,28.000261306762695
952,2022-11-11 00:00:00-05:00,31.19039535522461
953,2022-11-14 00:00:00-05:00,30.975229263305664
954,2022-11-15 00:00:00-05:00,31.293310165405273
955,2022-11-16 00:00:00-05:00,30.095834732055664
956,2022-11-17 00:00:00-05:00,30.498109817504883
957,2022-11-18 00:00:00-05:00,30.94716453552246
958,2022-11-21 00:00:00-05:00,30.26422882080078
959,2022-11-22 00:00:00-05:00,31.49911880493164
960,2022-11-23 00:00:00-05:00,31.58332061767578
961,2022-11-25 00:00:00-05:00,32.12592315673828
962,2022-11-28 00:00:00-05:00,30.32036018371582
963,2022-11-29 00:00:00-05:00,30.367136001586914
964,2022-11-30 00:00:00-05:00,30.70392417907715
965,2022-12-01 00:00:00-05:00,31.32137107849121
966,2022-12-02 00:00:00-05:00,31.078142166137695
967,2022-12-05 00:00:00-05:00,27.607337951660156
968,2022-12-06 00:00:00-05:00,27.495075225830078
969,2022-12-07 00:00:00-05:00,27.102155685424805
970,2022-12-08 00:00:00-05:00,26.82149887084961
971,2022-12-09 00:00:00-05:00,26.859600067138672
972,2022-12-12 00:00:00-05:00,26.811975479125977
973,2022-12-13 00:00:00-05:00,27.06913948059082
974,2022-12-14 00:00:00-05:00,26.707202911376953
975,2022-12-15 00:00:00-05:00,26.22144317626953
976,2022-12-16 00:00:00-05:00,25.1165828704834
977,2022-12-19 00:00:00-05:00,24.811792373657227
978,2022-12-20 00:00:00-05:00,23.973621368408203
979,2022-12-21 00:00:00-05:00,24.249835968017578
980,2022-12-22 00:00:00-05:00,24.96418571472168
981,2022-12-23 00:00:00-05:00,24.830841064453125
982,2022-12-27 00:00:00-05:00,25.869029998779297
983,2022-12-28 00:00:00-05:00,24.630823135375977
984,2022-12-29 00:00:00-05:00,26.135723114013672
985,2022-12-30 00:00:00-05:00,26.297643661499023
986,2023-01-03 00:00:00-05:00,26.421463012695312
987,2023-01-04 00:00:00-05:00,28.11685562133789
988,2023-01-05 00:00:00-05:00,28.05018424987793
989,2023-01-06 00:00:00-05:00,28.135906219482422
990,2023-01-09 00:00:00-05:00,28.164480209350586
991,2023-01-10 00:00:00-05:00,28.54546546936035
992,2023-01-11 00:00:00-05:00,28.7454833984375
993,2023-01-12 00:00:00-05:00,29.288389205932617
994,2023-01-13 00:00:00-05:00,29.650327682495117
995,2023-01-17 00:00:00-05:00,29.155046463012695
996,2023-01-18 00:00:00-05:00,28.631187438964844
997,2023-01-19 00:00:00-05:00,27.06913948059082
998,2023-01-20 00:00:00-05:00,27.94541358947754
999,2023-01-23 00:00:00-05:00,29.04075050354004
1000,2023-01-24 00:00:00-05:00,28.821683883666992
1001,2023-01-25 00:00:00-05:00,28.469268798828125
1002,2023-01-26 00:00:00-05:00,28.478792190551758
1003,2023-01-27 00:00:00-05:00,29.00265121459961
1004,2023-01-30 00:00:00-05:00,28.688337326049805
1005,2023-01-31 00:00:00-05:00,29.469358444213867
1006,2023-02-01 00:00:00-05:00,30.13608741760254
1007,2023-02-02 00:00:00-05:00,29.659852981567383
1008,2023-02-03 00:00:00-05:00,29.164569854736328
1009,2023-02-06 00:00:00-05:00,27.297733306884766
1010,2023-02-07 00:00:00-05:00,27.16438865661621
1011,2023-02-08 00:00:00-05:00,27.08819007873535
1012,2023-02-09 00:00:00-05:00,24.792743682861328
1013,2023-02-10 00:00:00-05:00,25.021333694458008
1014,2023-02-13 00:00:00-05:00,25.821409225463867
1015,2023-02-14 00:00:00-05:00,26.307167053222656
1016,2023-02-15 00:00:00-05:00,26.51671028137207
1017,2023-02-16 00:00:00-05:00,25.783309936523438
1018,2023-02-17 00:00:00-05:00,25.707111358642578
1019,2023-02-21 00:00:00-05:00,24.316509246826172
1020,2023-02-22 00:00:00-05:00,23.916471481323242
1021,2023-02-23 00:00:00-05:00,23.43071174621582
1022,2023-02-24 00:00:00-05:00,23.030675888061523
1023,2023-02-27 00:00:00-05:00,23.164020538330078
1024,2023-02-28 00:00:00-05:00,23.640254974365234
1025,2023-03-01 00:00:00-05:00,23.897422790527344
1026,2023-03-02 00:00:00-05:00,25.04038429260254
1027,2023-03-03 00:00:00-05:00,25.011810302734375
1028,2023-03-06 00:00:00-05:00,23.6688289642334
1029,2023-03-07 00:00:00-05:00,23.10687255859375
1030,2023-03-08 00:00:00-05:00,22.87828254699707
1031,2023-03-09 00:00:00-05:00,22.193477630615234
1032,2023-03-10 00:00:00-05:00,21.007123947143555
1033,2023-03-13 00:00:00-04:00,20.100479125976562
1034,2023-03-14 00:00:00-04:00,20.004030227661133
1035,2023-03-15 00:00:00-04:00,20.563446044921875
1036,2023-03-16 00:00:00-04:00,20.630964279174805
1037,2023-03-17 00:00:00-04:00,20.65989875793457
1038,2023-03-20 00:00:00-04:00,20.679189682006836
1039,2023-03-21 00:00:00-04:00,20.833511352539062
1040,2023-03-22 00:00:00-04:00,19.907577514648438
1041,2023-03-23 00:00:00-04:00,19.71467399597168
1042,2023-03-24 00:00:00-04:00,19.569997787475586
1043,2023-03-27 00:00:00-04:00,20.100479125976562
1044,2023-03-28 00:00:00-04:00,20.45734977722168
1045,2023-03-29 00:00:00-04:00,20.97818946838379
1046,2023-03-30 00:00:00-04:00,21.431509017944336
1047,2023-03-31 00:00:00-04:00,22.09702491760254
1048,2023-04-03 00:00:00-04:00,21.749799728393555
1049,2023-04-04 00:00:00-04:00,21.5183162689209
1050,2023-04-05 00:00:00-04:00,20.968542098999023
1051,2023-04-06 00:00:00-04:00,20.592382431030273
1052,2023-04-10 00:00:00-04:00,21.026412963867188
1053,2023-04-11 00:00:00-04:00,21.383283615112305
1054,2023-04-12 00:00:00-04:00,20.804574966430664
1055,2023-04-13 00:00:00-04:00,21.045703887939453
1056,2023-04-14 00:00:00-04:00,21.68228530883789
1057,2023-04-17 00:00:00-04:00,21.64370346069336
1058,2023-04-18 00:00:00-04:00,21.97163963317871
1059,2023-04-19 00:00:00-04:00,22.06808853149414
1060,2023-04-20 00:00:00-04:00,21.846250534057617
1061,2023-04-21 00:00:00-04:00,22.06808853149414
1062,2023-04-24 00:00:00-04:00,22.106670379638672
1063,2023-04-25 00:00:00-04:00,21.5183162689209
1064,2023-04-26 00:00:00-04:00,21.470090866088867
1065,2023-04-27 00:00:00-04:00,22.318864822387695
1066,2023-04-28 00:00:00-04:00,22.67573356628418
1067,2023-05-01 00:00:00-04:00,21.952348709106445
1068,2023-05-02 00:00:00-04:00,21.01677131652832
1069,2023-05-03 00:00:00-04:00,21.171092987060547
1070,2023-05-04 00:00:00-04:00,20.235511779785156
1071,2023-05-05 00:00:00-04:00,21.335060119628906
1072,2023-05-08 00:00:00-04:00,21.421865463256836
1073,2023-05-09 00:00:00-04:00,21.228961944580078
1074,2023-05-10 00:00:00-04:00,20.630964279174805
1075,2023-05-11 00:00:00-04:00,20.727413177490234
1076,2023-05-12 00:00:00-04:00,20.534513473510742
1077,2023-05-15 00:00:00-04:00,20.89138412475586
1078,2023-05-16 00:00:00-04:00,19.86899757385254
1079,2023-05-17 00:00:00-04:00,19.94615936279297
1080,2023-05-18 00:00:00-04:00,20.0329647064209
1081,2023-05-19 00:00:00-04:00,18.393291473388672
1082,2023-05-22 00:00:00-04:00,18.865901947021484
1083,2023-05-23 00:00:00-04:00,18.296838760375977
1084,2023-05-24 00:00:00-04:00,17.69883918762207
1085,2023-05-25 00:00:00-04:00,16.830778121948242
1086,2023-05-26 00:00:00-04:00,17.40948486328125
1087,2023-05-30 00:00:00-04:00,16.956161499023438
1088,2023-05-31 00:00:00-04:00,16.608938217163086
1089,2023-06-01 00:00:00-04:00,16.416034698486328
1090,2023-06-02 00:00:00-04:00,17.477001190185547
1091,2023-06-05 00:00:00-04:00,17.28409767150879
1092,2023-06-06 00:00:00-04:00,18.412580490112305
1093,2023-06-07 00:00:00-04:00,18.89483642578125
1094,2023-06-08 00:00:00-04:00,18.914127349853516
1095,2023-06-09 00:00:00-04:00,18.71822738647461
1096,2023-06-12 00:00:00-04:00,18.737815856933594
1097,2023-06-13 00:00:00-04:00,18.669252395629883
1098,2023-06-14 00:00:00-04:00,18.874948501586914
1099,2023-06-15 00:00:00-04:00,18.95330810546875
1100,2023-06-16 00:00:00-04:00,19.110029220581055
1101,2023-06-20 00:00:00-04:00,19.325515747070312
1102,2023-06-21 00:00:00-04:00,18.737815856933594
1103,2023-06-22 00:00:00-04:00,18.551712036132812
1104,2023-06-23 00:00:00-04:00,17.85626792907715
1105,2023-06-26 00:00:00-04:00,18.06196403503418
1106,2023-06-27 00:00:00-04:00,18.737815856933594
1107,2023-06-28 00:00:00-04:00,18.404788970947266
1108,2023-06-29 00:00:00-04:00,18.80638313293457
1109,2023-06-30 00:00:00-04:00,18.698638916015625
1110,2023-07-03 00:00:00-04:00,18.74761199951172
1111,2023-07-05 00:00:00-04:00,18.581098556518555
1112,2023-07-06 00:00:00-04:00,18.199092864990234
1113,2023-07-07 00:00:00-04:00,18.27745246887207
1114,2023-07-10 00:00:00-04:00,18.228479385375977
1115,2023-07-11 00:00:00-04:00,18.874948501586914
1116,2023-07-12 00:00:00-04:00,19.129619598388672
1117,2023-07-13 00:00:00-04:00,19.22756576538086
1118,2023-07-14 00:00:00-04:00,18.796586990356445
1119,2023-07-17 00:00:00-04:00,18.71822738647461
1120,2023-07-18 00:00:00-04:00,19.10023307800293
1121,2023-07-19 00:00:00-04:00,20.040550231933594
1122,2023-07-20 00:00:00-04:00,19.589981079101562
1123,2023-07-21 00:00:00-04:00,18.99248695373535
1124,2023-07-24 00:00:00-04:00,19.119823455810547
1125,2023-07-25 00:00:00-04:00,18.502737045288086
1126,2023-07-26 00:00:00-04:00,19.266746520996094
1127,2023-07-27 00:00:00-04:00,18.914127349853516
1128,2023-07-28 00:00:00-04:00,19.28633689880371
1129,2023-07-31 00:00:00-04:00,19.40387725830078
1130,2023-08-01 00:00:00-04:00,18.99248695373535
1131,2023-08-02 00:00:00-04:00,18.65945816040039
1132,2023-08-03 00:00:00-04:00,18.6496639251709
1133,2023-08-04 00:00:00-04:00,19.002281188964844
1134,2023-08-07 00:00:00-04:00,18.669252395629883
1135,2023-08-08 00:00:00-04:00,19.178592681884766
1136,2023-08-09 00:00:00-04:00,18.865154266357422
1137,2023-08-10 00:00:00-04:00,19.570390701293945
1138,2023-08-11 00:00:00-04:00,20.187477111816406
1139,2023-08-14 00:00:00-04:00,19.9915771484375
1140,2023-08-15 00:00:00-04:00,19.560596466064453
1141,2023-08-16 00:00:00-04:00,20.011167526245117
1142,2023-08-17 00:00:00-04:00,19.88382911682129
1143,2023-08-18 00:00:00-04:00,19.599777221679688
1144,2023-08-21 00:00:00-04:00,19.942602157592773
1145,2023-08-22 00:00:00-04:00,18.57130241394043
1146,2023-08-23 00:00:00-04:00,19.296133041381836
1147,2023-08-24 00:00:00-04:00,18.80638313293457
1148,2023-08-25 00:00:00-04:00,18.4831485748291
1149,2023-08-28 00:00:00-04:00,18.845563888549805
1150,2023-08-29 00:00:00-04:00,19.051258087158203
1151,2023-08-30 00:00:00-04:00,18.982690811157227
1152,2023-08-31 00:00:00-04:00,19.354902267456055
1153,2023-09-01 00:00:00-04:00,20.040550231933594
1154,2023-09-05 00:00:00-04:00,19.08064079284668
1155,2023-09-06 00:00:00-04:00,19.188386917114258
1156,2023-09-07 00:00:00-04:00,18.796586990356445
1157,2023-09-08 00:00:00-04:00,18.707033157348633
1158,2023-09-11 00:00:00-04:00,17.58262062072754
1159,2023-09-12 00:00:00-04:00,18.00054359436035
1160,2023-09-13 00:00:00-04:00,17.632373809814453
1161,2023-09-14 00:00:00-04:00,18.02044677734375
1162,2023-09-15 00:00:00-04:00,18.07019805908203
1163,2023-09-18 00:00:00-04:00,17.24430274963379
1164,2023-09-19 00:00:00-04:00,17.69207763671875
1165,2023-09-20 00:00:00-04:00,17.781633377075195
1166,2023-09-21 00:00:00-04:00,17.562719345092773
1167,2023-09-22 00:00:00-04:00,17.383609771728516
1168,2023-09-25 00:00:00-04:00,17.134845733642578
1169,2023-09-26 00:00:00-04:00,16.99553871154785
1170,2023-09-27 00:00:00-04:00,16.826379776000977
1171,2023-09-28 00:00:00-04:00,16.50796127319336
1172,2023-09-29 00:00:00-04:00,17.58262062072754
1173,2023-10-02 00:00:00-04:00,16.50796127319336
1174,2023-10-03 00:00:00-04:00,16.31890106201172
1175,2023-10-04 00:00:00-04:00,16.50796127319336
1176,2023-10-05 00:00:00-04:00,16.488059997558594
1177,2023-10-06 00:00:00-04:00,16.16964340209961
1178,2023-10-09 00:00:00-04:00,15.572609901428223
1179,2023-10-10 00:00:00-04:00,15.920879364013672
1180,2023-10-11 00:00:00-04:00,16.080087661743164
1181,2023-10-12 00:00:00-04:00,15.22434139251709
1182,2023-10-13 00:00:00-04:00,15.3735990524292
1183,2023-10-16 00:00:00-04:00,16.109939575195312
1184,2023-10-17 00:00:00-04:00,18.3587646484375
1185,2023-10-18 00:00:00-04:00,18.587627410888672
1186,2023-10-19 00:00:00-04:00,18.468219757080078
1187,2023-10-20 00:00:00-04:00,17.930891036987305
1188,2023-10-23 00:00:00-04:00,17.3935604095459
1189,2023-10-24 00:00:00-04:00,17.831384658813477
1190,2023-10-25 00:00:00-04:00,17.861236572265625
1191,2023-10-26 00:00:00-04:00,17.74182891845703
1192,2023-10-27 00:00:00-04:00,16.816429138183594
1193,2023-10-30 00:00:00-04:00,17.035341262817383
1194,2023-10-31 00:00:00-04:00,14.657158851623535
1195,2023-11-01 00:00:00-04:00,13.0352201461792
1196,2023-11-02 00:00:00-04:00,14.736763954162598
1197,2023-11-03 00:00:00-04:00,15.423352241516113
1198,2023-11-06 00:00:00-05:00,15.871126174926758
1199,2023-11-07 00:00:00-05:00,15.910928726196289
1200,2023-11-08 00:00:00-05:00,15.522857666015625
1201,2023-11-09 00:00:00-05:00,15.075081825256348
1202,2023-11-10 00:00:00-05:00,14.826318740844727
1203,2023-11-13 00:00:00-05:00,14.08002758026123
1204,2023-11-14 00:00:00-05:00,15.493005752563477
1205,2023-11-15 00:00:00-05:00,17.682126998901367
1206,2023-11-16 00:00:00-05:00,17.104995727539062
1207,2023-11-17 00:00:00-05:00,17.124895095825195
1208,2023-11-20 00:00:00-05:00,17.035341262817383
1209,2023-11-21 00:00:00-05:00,16.448259353637695
1210,2023-11-22 00:00:00-05:00,16.597517013549805
1211,2023-11-24 00:00:00-05:00,16.50796127319336
1212,2023-11-27 00:00:00-05:00,16.498010635375977
1213,2023-11-28 00:00:00-05:00,16.826379776000977
1214,2023-11-29 00:00:00-05:00,17.045289993286133
1215,2023-11-30 00:00:00-05:00,16.647268295288086
1216,2023-12-01 00:00:00-05:00,18.00054359436035
1217,2023-12-04 00:00:00-05:00,18.697084426879883
1218,2023-12-05 00:00:00-05:00,17.980642318725586
1219,2023-12-06 00:00:00-05:00,18.119949340820312
1220,2023-12-07 00:00:00-05:00,18.110000610351562
1221,2023-12-08 00:00:00-05:00,18.139999389648438
1222,2023-12-11 00:00:00-05:00,18.229999542236328
1223,2023-12-12 00:00:00-05:00,17.760000228881836
1224,2023-12-13 00:00:00-05:00,18.809999465942383
1225,2023-12-14 00:00:00-05:00,20.389999389648438
1226,2023-12-15 00:00:00-05:00,19.90999984741211
1227,2023-12-18 00:00:00-05:00,18.360000610351562
1228,2023-12-19 00:00:00-05:00,18.739999771118164
1229,2023-12-20 00:00:00-05:00,17.940000534057617
1230,2023-12-21 00:00:00-05:00,19.209999084472656
1231,2023-12-22 00:00:00-05:00,18.59000015258789
1232,2023-12-26 00:00:00-05:00,18.719999313354492
1233,2023-12-27 00:00:00-05:00,18.84000015258789
1234,2023-12-28 00:00:00-05:00,19.059999465942383
1235,2023-12-29 00:00:00-05:00,18.799999237060547
1236,2024-01-02 00:00:00-05:00,18.649999618530273
1237,2024-01-03 00:00:00-05:00,17.510000228881836
1238,2024-01-04 00:00:00-05:00,16.940000534057617
1239,2024-01-05 00:00:00-05:00,16.899999618530273
1240,2024-01-08 00:00:00-05:00,17.329999923706055
1241,2024-01-09 00:00:00-05:00,17.15999984741211
1242,2024-01-10 00:00:00-05:00,17.299999237060547
1243,2024-01-11 00:00:00-05:00,16.959999084472656
1244,2024-01-12 00:00:00-05:00,16.209999084472656
1245,2024-01-16 00:00:00-05:00,15.430000305175781
1246,2024-01-17 00:00:00-05:00,15.25
1247,2024-01-18 00:00:00-05:00,15.319999694824219
1248,2024-01-19 00:00:00-05:00,15.710000038146973
1249,2024-01-22 00:00:00-05:00,16.489999771118164
1250,2024-01-23 00:00:00-05:00,16.719999313354492
1251,2024-01-24 00:00:00-05:00,16.809999465942383
1252,2024-01-25 00:00:00-05:00,17.049999237060547
1253,2024-01-26 00:00:00-05:00,17.350000381469727
1254,2024-01-29 00:00:00-05:00,17.530000686645508
1255,2024-01-30 00:00:00-05:00,17.219999313354492
1256,2024-01-31 00:00:00-05:00,16.459999084472656
1257,2024-02-01 00:00:00-05:00,16.829999923706055
1258,2024-02-02 00:00:00-05:00,16.670000076293945
