,Unnamed: 0,Date,VRSN
0,0,2019-02-05,173.77999877929688
1,1,2019-02-06,173.88999938964844
2,2,2019-02-07,173.0500030517578
3,3,2019-02-08,173.08999633789062
4,4,2019-02-11,170.52999877929688
5,5,2019-02-12,174.2899932861328
6,6,2019-02-13,174.27999877929688
7,7,2019-02-14,175.11000061035156
8,8,2019-02-15,175.39999389648438
9,9,2019-02-19,175.67999267578125
10,10,2019-02-20,176.00999450683594
11,11,2019-02-21,176.0
12,12,2019-02-22,178.7899932861328
13,13,2019-02-25,178.0800018310547
14,14,2019-02-26,178.27999877929688
15,15,2019-02-27,177.89999389648438
16,16,2019-02-28,178.0399932861328
17,17,2019-03-01,180.5
18,18,2019-03-04,176.82000732421875
19,19,2019-03-05,177.7899932861328
20,20,2019-03-06,176.74000549316406
21,21,2019-03-07,177.49000549316406
22,22,2019-03-08,177.72999572753906
23,23,2019-03-11,179.07000732421875
24,24,2019-03-12,180.5
25,25,2019-03-13,180.47999572753903
26,26,2019-03-14,181.42999267578125
27,27,2019-03-15,181.6199951171875
28,28,2019-03-18,180.91000366210935
29,29,2019-03-19,182.3000030517578
30,30,2019-03-20,181.8500061035156
31,31,2019-03-21,185.3800048828125
32,32,2019-03-22,181.6699981689453
33,33,2019-03-25,181.2700042724609
34,34,2019-03-26,182.97000122070312
35,35,2019-03-27,180.17999267578125
36,36,2019-03-28,181.0399932861328
37,37,2019-03-29,181.55999755859372
38,38,2019-04-01,185.9600067138672
39,39,2019-04-02,186.8800048828125
40,40,2019-04-03,188.08999633789065
41,41,2019-04-04,186.1300048828125
42,42,2019-04-05,189.2400054931641
43,43,2019-04-08,189.7700042724609
44,44,2019-04-09,189.0200042724609
45,45,2019-04-10,188.97000122070312
46,46,2019-04-11,189.52999877929688
47,47,2019-04-12,189.6000061035156
48,48,2019-04-15,189.0500030517578
49,49,2019-04-16,188.8000030517578
50,50,2019-04-17,186.3000030517578
51,51,2019-04-18,186.6499938964844
52,52,2019-04-22,187.0399932861328
53,53,2019-04-23,189.2899932861328
54,54,2019-04-24,189.3600006103516
55,55,2019-04-25,189.17999267578125
56,56,2019-04-26,199.8600006103516
57,57,2019-04-29,197.47000122070312
58,58,2019-04-30,197.4499969482422
59,59,2019-05-01,194.44000244140625
60,60,2019-05-02,194.97999572753903
61,61,2019-05-03,196.9499969482422
62,62,2019-05-06,197.1300048828125
63,63,2019-05-07,193.17999267578125
64,64,2019-05-08,193.1499938964844
65,65,2019-05-09,193.72999572753903
66,66,2019-05-10,194.63999938964844
67,67,2019-05-13,189.2100067138672
68,68,2019-05-14,191.25
69,69,2019-05-15,193.8800048828125
70,70,2019-05-16,196.8300018310547
71,71,2019-05-17,195.3000030517578
72,72,2019-05-20,194.16000366210935
73,73,2019-05-21,195.55999755859372
74,74,2019-05-22,197.69000244140625
75,75,2019-05-23,194.6300048828125
76,76,2019-05-24,194.72999572753903
77,77,2019-05-28,194.77999877929688
78,78,2019-05-29,194.5200042724609
79,79,2019-05-30,195.9199981689453
80,80,2019-05-31,194.97999572753903
81,81,2019-06-03,189.3300018310547
82,82,2019-06-04,194.2899932861328
83,83,2019-06-05,200.3300018310547
84,84,2019-06-06,203.25999450683597
85,85,2019-06-07,207.08999633789065
86,86,2019-06-10,207.1100006103516
87,87,2019-06-11,206.5800018310547
88,88,2019-06-12,206.5
89,89,2019-06-13,205.3699951171875
90,90,2019-06-14,205.1999969482422
91,91,2019-06-17,203.33999633789065
92,92,2019-06-18,205.92999267578125
93,93,2019-06-19,209.41000366210935
94,94,2019-06-20,211.0200042724609
95,95,2019-06-21,210.75
96,96,2019-06-24,209.57000732421875
97,97,2019-06-25,207.8999938964844
98,98,2019-06-26,205.69000244140625
99,99,2019-06-27,207.2899932861328
100,100,2019-06-28,209.16000366210935
101,101,2019-07-01,211.2899932861328
102,102,2019-07-02,213.82000732421875
103,103,2019-07-03,217.05999755859372
104,104,2019-07-05,217.3300018310547
105,105,2019-07-08,215.63999938964844
106,106,2019-07-09,217.47999572753903
107,107,2019-07-10,218.8699951171875
108,108,2019-07-11,218.58999633789065
109,109,2019-07-12,219.6499938964844
110,110,2019-07-15,221.0399932861328
111,111,2019-07-16,217.5399932861328
112,112,2019-07-17,216.9600067138672
113,113,2019-07-18,214.8000030517578
114,114,2019-07-19,214.2100067138672
115,115,2019-07-22,215.94000244140625
116,116,2019-07-23,215.7400054931641
117,117,2019-07-24,216.83999633789065
118,118,2019-07-25,215.8500061035156
119,119,2019-07-26,216.5800018310547
120,120,2019-07-29,215.5399932861328
121,121,2019-07-30,213.92999267578125
122,122,2019-07-31,211.08999633789065
123,123,2019-08-01,212.8000030517578
124,124,2019-08-02,209.47000122070312
125,125,2019-08-05,200.3000030517578
126,126,2019-08-06,204.3600006103516
127,127,2019-08-07,206.13999938964844
128,128,2019-08-08,211.32000732421875
129,129,2019-08-09,207.82000732421875
130,130,2019-08-12,204.0
131,131,2019-08-13,208.9600067138672
132,132,2019-08-14,201.8800048828125
133,133,2019-08-15,203.3999938964844
134,134,2019-08-16,205.0
135,135,2019-08-19,206.8999938964844
136,136,2019-08-20,206.8800048828125
137,137,2019-08-21,208.07000732421875
138,138,2019-08-22,205.1999969482422
139,139,2019-08-23,200.5200042724609
140,140,2019-08-26,202.9900054931641
141,141,2019-08-27,203.7899932861328
142,142,2019-08-28,203.77999877929688
143,143,2019-08-29,205.9600067138672
144,144,2019-08-30,203.8500061035156
145,145,2019-09-03,202.1499938964844
146,146,2019-09-04,203.52999877929688
147,147,2019-09-05,206.5800018310547
148,148,2019-09-06,207.57000732421875
149,149,2019-09-09,201.8800048828125
150,150,2019-09-10,196.7100067138672
151,151,2019-09-11,190.75
152,152,2019-09-12,191.17999267578125
153,153,2019-09-13,188.7400054931641
154,154,2019-09-16,189.5500030517578
155,155,2019-09-17,191.1999969482422
156,156,2019-09-18,189.8999938964844
157,157,2019-09-19,191.08999633789065
158,158,2019-09-20,190.69000244140625
159,159,2019-09-23,189.82000732421875
160,160,2019-09-24,186.77999877929688
161,161,2019-09-25,189.92999267578125
162,162,2019-09-26,191.19000244140625
163,163,2019-09-27,187.25
164,164,2019-09-30,188.6300048828125
165,165,2019-10-01,183.9499969482422
166,166,2019-10-02,177.9499969482422
167,167,2019-10-03,181.41000366210935
168,168,2019-10-04,184.33999633789065
169,169,2019-10-07,183.44000244140625
170,170,2019-10-08,180.9600067138672
171,171,2019-10-09,184.02999877929688
172,172,2019-10-10,185.5500030517578
173,173,2019-10-11,186.4900054931641
174,174,2019-10-14,185.75
175,175,2019-10-15,186.66000366210935
176,176,2019-10-16,185.33999633789065
177,177,2019-10-17,186.5500030517578
178,178,2019-10-18,185.50999450683597
179,179,2019-10-21,187.44000244140625
180,180,2019-10-22,181.6100006103516
181,181,2019-10-23,182.75999450683597
182,182,2019-10-24,185.72999572753903
183,183,2019-10-25,190.16000366210935
184,184,2019-10-28,190.9199981689453
185,185,2019-10-29,189.4499969482422
186,186,2019-10-30,191.7100067138672
187,187,2019-10-31,190.0200042724609
188,188,2019-11-01,188.07000732421875
189,189,2019-11-04,186.6000061035156
190,190,2019-11-05,186.55999755859372
191,191,2019-11-06,185.66000366210935
192,192,2019-11-07,185.88999938964844
193,193,2019-11-08,183.7899932861328
194,194,2019-11-11,185.7400054931641
195,195,2019-11-12,184.38999938964844
196,196,2019-11-13,185.9600067138672
197,197,2019-11-14,187.25
198,198,2019-11-15,186.80999755859372
199,199,2019-11-18,189.55999755859372
200,200,2019-11-19,193.4600067138672
201,201,2019-11-20,192.5
202,202,2019-11-21,189.1499938964844
203,203,2019-11-22,188.44000244140625
204,204,2019-11-25,188.1300048828125
205,205,2019-11-26,191.6699981689453
206,206,2019-11-27,191.83999633789065
207,207,2019-11-29,190.7400054931641
208,208,2019-12-02,184.9499969482422
209,209,2019-12-03,186.52999877929688
210,210,2019-12-04,186.8000030517578
211,211,2019-12-05,185.57000732421875
212,212,2019-12-06,188.25999450683597
213,213,2019-12-09,188.55999755859372
214,214,2019-12-10,188.13999938964844
215,215,2019-12-11,189.9199981689453
216,216,2019-12-12,189.97000122070312
217,217,2019-12-13,191.4900054931641
218,218,2019-12-16,192.66000366210935
219,219,2019-12-17,190.92999267578125
220,220,2019-12-18,190.1499938964844
221,221,2019-12-19,190.1999969482422
222,222,2019-12-20,192.4499969482422
223,223,2019-12-23,192.42999267578125
224,224,2019-12-24,192.75
225,225,2019-12-26,193.7100067138672
226,226,2019-12-27,194.0500030517578
227,227,2019-12-30,192.3300018310547
228,228,2019-12-31,192.67999267578125
229,229,2020-01-02,196.72999572753903
230,230,2020-01-03,200.8800048828125
231,231,2020-01-06,202.7400054931641
232,232,2020-01-07,203.2100067138672
233,233,2020-01-08,204.1499938964844
234,234,2020-01-09,208.8800048828125
235,235,2020-01-10,209.1199951171875
236,236,2020-01-13,211.75
237,237,2020-01-14,209.3699951171875
238,238,2020-01-15,211.7400054931641
239,239,2020-01-16,213.5399932861328
240,240,2020-01-17,214.0
241,241,2020-01-21,214.44000244140625
242,242,2020-01-22,214.08999633789065
243,243,2020-01-23,215.0200042724609
244,244,2020-01-24,212.75
245,245,2020-01-27,209.7700042724609
246,246,2020-01-28,210.97000122070312
247,247,2020-01-29,212.1300048828125
248,248,2020-01-30,213.33999633789065
249,249,2020-01-31,208.13999938964844
250,250,2020-02-03,210.55999755859372
251,251,2020-02-04,214.47999572753903
252,252,2020-02-05,213.25999450683597
253,253,2020-02-06,216.94000244140625
254,254,2020-02-07,205.07000732421875
255,255,2020-02-10,205.8300018310547
256,256,2020-02-11,204.4600067138672
257,257,2020-02-12,208.2899932861328
258,258,2020-02-13,209.80999755859372
259,259,2020-02-14,209.57000732421875
260,260,2020-02-18,210.47999572753903
261,261,2020-02-19,211.22999572753903
262,262,2020-02-20,209.05999755859372
263,263,2020-02-21,206.1199951171875
264,264,2020-02-24,200.41000366210935
265,265,2020-02-25,193.6499938964844
266,266,2020-02-26,195.8500061035156
267,267,2020-02-27,190.5399932861328
268,268,2020-02-28,189.75
269,269,2020-03-02,196.8500061035156
270,270,2020-03-03,189.0500030517578
271,271,2020-03-04,199.77999877929688
272,272,2020-03-05,192.30999755859372
273,273,2020-03-06,192.00999450683597
274,274,2020-03-09,176.80999755859375
275,275,2020-03-10,186.05999755859372
276,276,2020-03-11,178.02999877929688
277,277,2020-03-12,165.6699981689453
278,278,2020-03-13,182.6199951171875
279,279,2020-03-16,160.27999877929688
280,280,2020-03-17,176.19000244140625
281,281,2020-03-18,164.0
282,282,2020-03-19,164.60000610351562
283,283,2020-03-20,157.1300048828125
284,284,2020-03-23,151.1699981689453
285,285,2020-03-24,170.52999877929688
286,286,2020-03-25,166.97000122070312
287,287,2020-03-26,175.89999389648438
288,288,2020-03-27,173.91000366210938
289,289,2020-03-30,188.5500030517578
290,290,2020-03-31,180.08999633789062
291,291,2020-04-01,175.4600067138672
292,292,2020-04-02,181.8000030517578
293,293,2020-04-03,182.69000244140625
294,294,2020-04-06,195.8500061035156
295,295,2020-04-07,190.9499969482422
296,296,2020-04-08,193.1999969482422
297,297,2020-04-09,196.07000732421875
298,298,2020-04-13,199.0
299,299,2020-04-14,204.33999633789065
300,300,2020-04-15,201.3000030517578
301,301,2020-04-16,206.1199951171875
302,302,2020-04-17,209.92999267578125
303,303,2020-04-20,210.8999938964844
304,304,2020-04-21,206.75
305,305,2020-04-22,215.66000366210935
306,306,2020-04-23,213.0
307,307,2020-04-24,212.1300048828125
308,308,2020-04-27,214.22999572753903
309,309,2020-04-28,211.07000732421875
310,310,2020-04-29,211.38999938964844
311,311,2020-04-30,209.4900054931641
312,312,2020-05-01,205.0200042724609
313,313,2020-05-04,208.83999633789065
314,314,2020-05-05,210.5500030517578
315,315,2020-05-06,212.4199981689453
316,316,2020-05-07,211.77999877929688
317,317,2020-05-08,210.0399932861328
318,318,2020-05-11,212.1499938964844
319,319,2020-05-12,208.8600006103516
320,320,2020-05-13,212.08999633789065
321,321,2020-05-14,214.9600067138672
322,322,2020-05-15,217.25
323,323,2020-05-18,217.0800018310547
324,324,2020-05-19,212.41000366210935
325,325,2020-05-20,215.80999755859372
326,326,2020-05-21,211.05999755859372
327,327,2020-05-22,213.72000122070312
328,328,2020-05-26,208.22000122070312
329,329,2020-05-27,209.97999572753903
330,330,2020-05-28,212.77999877929688
331,331,2020-05-29,219.00999450683597
332,332,2020-06-01,219.02999877929688
333,333,2020-06-02,217.38999938964844
334,334,2020-06-03,213.9600067138672
335,335,2020-06-04,210.22999572753903
336,336,2020-06-05,211.27999877929688
337,337,2020-06-08,214.4499969482422
338,338,2020-06-09,213.42999267578125
339,339,2020-06-10,213.1499938964844
340,340,2020-06-11,204.16000366210935
341,341,2020-06-12,204.1699981689453
342,342,2020-06-15,205.8500061035156
343,343,2020-06-16,207.3999938964844
344,344,2020-06-17,209.0
345,345,2020-06-18,207.22999572753903
346,346,2020-06-19,205.25999450683597
347,347,2020-06-22,205.75
348,348,2020-06-23,207.19000244140625
349,349,2020-06-24,202.72999572753903
350,350,2020-06-25,205.1100006103516
351,351,2020-06-26,203.63999938964844
352,352,2020-06-29,204.1000061035156
353,353,2020-06-30,206.8300018310547
354,354,2020-07-01,210.47999572753903
355,355,2020-07-02,210.80999755859372
356,356,2020-07-06,212.1999969482422
357,357,2020-07-07,211.1100006103516
358,358,2020-07-08,210.8000030517578
359,359,2020-07-09,212.6100006103516
360,360,2020-07-10,209.9900054931641
361,361,2020-07-13,201.0
362,362,2020-07-14,198.6499938964844
363,363,2020-07-15,199.19000244140625
364,364,2020-07-16,198.38999938964844
365,365,2020-07-17,199.6999969482422
366,366,2020-07-20,207.66000366210935
367,367,2020-07-21,205.00999450683597
368,368,2020-07-22,205.80999755859372
369,369,2020-07-23,205.47999572753903
370,370,2020-07-24,208.52999877929688
371,371,2020-07-27,209.7899932861328
372,372,2020-07-28,206.4199981689453
373,373,2020-07-29,208.72999572753903
374,374,2020-07-30,208.47999572753903
375,375,2020-07-31,211.67999267578125
376,376,2020-08-03,212.0500030517578
377,377,2020-08-04,214.3800048828125
378,378,2020-08-05,212.16000366210935
379,379,2020-08-06,211.8000030517578
380,380,2020-08-07,210.3999938964844
381,381,2020-08-10,206.3000030517578
382,382,2020-08-11,201.8000030517578
383,383,2020-08-12,205.22000122070312
384,384,2020-08-13,210.3000030517578
385,385,2020-08-14,207.2899932861328
386,386,2020-08-17,206.75
387,387,2020-08-18,206.9900054931641
388,388,2020-08-19,206.1499938964844
389,389,2020-08-20,208.16000366210935
390,390,2020-08-21,206.72999572753903
391,391,2020-08-24,207.3000030517578
392,392,2020-08-25,205.6999969482422
393,393,2020-08-26,208.50999450683597
394,394,2020-08-27,207.8699951171875
395,395,2020-08-28,208.13999938964844
396,396,2020-08-31,214.8000030517578
397,397,2020-09-01,215.77999877929688
398,398,2020-09-02,219.6999969482422
399,399,2020-09-03,207.77999877929688
400,400,2020-09-04,203.5399932861328
401,401,2020-09-08,196.80999755859372
402,402,2020-09-09,200.3300018310547
403,403,2020-09-10,198.0
404,404,2020-09-11,198.1300048828125
405,405,2020-09-14,202.0
406,406,2020-09-15,204.3300018310547
407,407,2020-09-16,202.9900054931641
408,408,2020-09-17,203.4900054931641
409,409,2020-09-18,204.67999267578125
410,410,2020-09-21,202.88999938964844
411,411,2020-09-22,205.2899932861328
412,412,2020-09-23,200.13999938964844
413,413,2020-09-24,202.00999450683597
414,414,2020-09-25,205.5800018310547
415,415,2020-09-28,204.72000122070312
416,416,2020-09-29,204.91000366210935
417,417,2020-09-30,204.8500061035156
418,418,2020-10-01,207.22000122070312
419,419,2020-10-02,202.16000366210935
420,420,2020-10-05,203.4499969482422
421,421,2020-10-06,202.08999633789065
422,422,2020-10-07,203.82000732421875
423,423,2020-10-08,205.47000122070312
424,424,2020-10-09,209.55999755859372
425,425,2020-10-12,214.1499938964844
426,426,2020-10-13,216.0
427,427,2020-10-14,212.13999938964844
428,428,2020-10-15,208.6000061035156
429,429,2020-10-16,207.33999633789065
430,430,2020-10-19,203.1699981689453
431,431,2020-10-20,203.9600067138672
432,432,2020-10-21,205.55999755859372
433,433,2020-10-22,207.8600006103516
434,434,2020-10-23,200.8000030517578
435,435,2020-10-26,198.5800018310547
436,436,2020-10-27,199.05999755859372
437,437,2020-10-28,189.8300018310547
438,438,2020-10-29,191.58999633789065
439,439,2020-10-30,190.6999969482422
440,440,2020-11-02,189.1999969482422
441,441,2020-11-03,191.50999450683597
442,442,2020-11-04,203.38999938964844
443,443,2020-11-05,208.32000732421875
444,444,2020-11-06,206.6699981689453
445,445,2020-11-09,203.4600067138672
446,446,2020-11-10,199.97999572753903
447,447,2020-11-11,201.8999938964844
448,448,2020-11-12,198.97000122070312
449,449,2020-11-13,198.50999450683597
450,450,2020-11-16,194.8800048828125
451,451,2020-11-17,194.50999450683597
452,452,2020-11-18,194.25999450683597
453,453,2020-11-19,197.44000244140625
454,454,2020-11-20,196.44000244140625
455,455,2020-11-23,196.57000732421875
456,456,2020-11-24,197.4600067138672
457,457,2020-11-25,198.72000122070312
458,458,2020-11-27,200.5200042724609
459,459,2020-11-30,200.72000122070312
460,460,2020-12-01,200.75
461,461,2020-12-02,200.2400054931641
462,462,2020-12-03,200.80999755859372
463,463,2020-12-04,203.9900054931641
464,464,2020-12-07,205.25999450683597
465,465,2020-12-08,206.9199981689453
466,466,2020-12-09,204.41000366210935
467,467,2020-12-10,207.75
468,468,2020-12-11,209.9900054931641
469,469,2020-12-14,212.1100006103516
470,470,2020-12-15,213.50999450683597
471,471,2020-12-16,215.47999572753903
472,472,2020-12-17,217.92999267578125
473,473,2020-12-18,217.82000732421875
474,474,2020-12-21,214.88999938964844
475,475,2020-12-22,216.33999633789065
476,476,2020-12-23,214.00999450683597
477,477,2020-12-24,214.58999633789065
478,478,2020-12-28,216.8000030517578
479,479,2020-12-29,215.6300048828125
480,480,2020-12-30,214.5
481,481,2020-12-31,216.3999938964844
482,482,2021-01-04,213.5800018310547
483,483,2021-01-05,206.5
484,484,2021-01-06,199.50999450683597
485,485,2021-01-07,200.0
486,486,2021-01-08,202.44000244140625
487,487,2021-01-11,199.1499938964844
488,488,2021-01-12,198.5800018310547
489,489,2021-01-13,199.3999938964844
490,490,2021-01-14,195.6999969482422
491,491,2021-01-15,195.2700042724609
492,492,2021-01-19,197.0800018310547
493,493,2021-01-20,199.94000244140625
494,494,2021-01-21,197.13999938964844
495,495,2021-01-22,194.75
496,496,2021-01-25,192.0
497,497,2021-01-26,196.0500030517578
498,498,2021-01-27,194.5800018310547
499,499,2021-01-28,196.80999755859372
500,500,2021-01-29,194.07000732421875
501,501,2021-02-01,198.7100067138672
502,502,2021-02-02,202.4600067138672
503,503,2021-02-03,199.1499938964844
504,504,2021-02-04,199.30999755859372
505,505,2021-02-05,199.5200042724609
506,506,2021-02-08,200.5200042724609
507,507,2021-02-09,200.2899932861328
508,508,2021-02-10,203.1499938964844
509,509,2021-02-11,204.5500030517578
510,510,2021-02-12,202.38999938964844
511,511,2021-02-16,198.1499938964844
512,512,2021-02-17,199.1100006103516
513,513,2021-02-18,201.08999633789065
514,514,2021-02-19,197.9499969482422
515,515,2021-02-22,193.22999572753903
516,516,2021-02-23,192.05999755859372
517,517,2021-02-24,195.50999450683597
518,518,2021-02-25,190.3600006103516
519,519,2021-02-26,194.02999877929688
520,520,2021-03-01,195.8000030517578
521,521,2021-03-02,193.9900054931641
522,522,2021-03-03,190.47999572753903
523,523,2021-03-04,190.3000030517578
524,524,2021-03-05,193.7700042724609
525,525,2021-03-08,188.8500061035156
526,526,2021-03-09,191.9900054931641
527,527,2021-03-10,190.1000061035156
528,528,2021-03-11,192.0200042724609
529,529,2021-03-12,188.1000061035156
530,530,2021-03-15,190.3699951171875
531,531,2021-03-16,191.1300048828125
532,532,2021-03-17,190.7400054931641
533,533,2021-03-18,188.5200042724609
534,534,2021-03-19,192.0500030517578
535,535,2021-03-22,194.4499969482422
536,536,2021-03-23,196.25999450683597
537,537,2021-03-24,195.02999877929688
538,538,2021-03-25,193.3800048828125
539,539,2021-03-26,199.67999267578125
540,540,2021-03-29,201.17999267578125
541,541,2021-03-30,194.8699951171875
542,542,2021-03-31,198.75999450683597
543,543,2021-04-01,201.8999938964844
544,544,2021-04-05,206.17999267578125
545,545,2021-04-06,205.5800018310547
546,546,2021-04-07,204.3699951171875
547,547,2021-04-08,204.7400054931641
548,548,2021-04-09,205.3000030517578
549,549,2021-04-12,203.72000122070312
550,550,2021-04-13,205.19000244140625
551,551,2021-04-14,203.8800048828125
552,552,2021-04-15,208.32000732421875
553,553,2021-04-16,208.16000366210935
554,554,2021-04-19,207.25999450683597
555,555,2021-04-20,209.5
556,556,2021-04-21,211.1100006103516
557,557,2021-04-22,212.3699951171875
558,558,2021-04-23,211.47000122070312
559,559,2021-04-26,216.66000366210935
560,560,2021-04-27,220.0500030517578
561,561,2021-04-28,218.1499938964844
562,562,2021-04-29,219.6199951171875
563,563,2021-04-30,218.7700042724609
564,564,2021-05-03,221.25
565,565,2021-05-04,219.22000122070312
566,566,2021-05-05,218.3999938964844
567,567,2021-05-06,223.2400054931641
568,568,2021-05-07,222.88999938964844
569,569,2021-05-10,221.88999938964844
570,570,2021-05-11,221.4600067138672
571,571,2021-05-12,218.5500030517578
572,572,2021-05-13,219.25
573,573,2021-05-14,220.9199981689453
574,574,2021-05-17,219.66000366210935
575,575,2021-05-18,217.9199981689453
576,576,2021-05-19,218.0200042724609
577,577,2021-05-20,222.9499969482422
578,578,2021-05-21,221.38999938964844
579,579,2021-05-24,224.5
580,580,2021-05-25,224.5
581,581,2021-05-26,223.6100006103516
582,582,2021-05-27,220.3999938964844
583,583,2021-05-28,219.9199981689453
584,584,2021-06-01,217.0800018310547
585,585,2021-06-02,216.9499969482422
586,586,2021-06-03,216.0
587,587,2021-06-04,219.25999450683597
588,588,2021-06-07,218.92999267578125
589,589,2021-06-08,218.7899932861328
590,590,2021-06-09,217.80999755859372
591,591,2021-06-10,220.97000122070312
592,592,2021-06-11,221.0
593,593,2021-06-14,220.1699981689453
594,594,2021-06-15,220.77999877929688
595,595,2021-06-16,218.8000030517578
596,596,2021-06-17,223.25999450683597
597,597,2021-06-18,223.1699981689453
598,598,2021-06-21,224.7400054931641
599,599,2021-06-22,226.8500061035156
600,600,2021-06-23,226.30999755859372
601,601,2021-06-24,229.42999267578125
602,602,2021-06-25,227.72999572753903
603,603,2021-06-28,228.69000244140625
604,604,2021-06-29,229.77999877929688
605,605,2021-06-30,227.69000244140625
606,606,2021-07-01,229.19000244140625
607,607,2021-07-02,231.3300018310547
608,608,2021-07-06,231.47000122070312
609,609,2021-07-07,232.8300018310547
610,610,2021-07-08,231.80999755859372
611,611,2021-07-09,233.02999877929688
612,612,2021-07-12,229.16000366210935
613,613,2021-07-13,228.4900054931641
614,614,2021-07-14,230.63999938964844
615,615,2021-07-15,229.2100067138672
616,616,2021-07-16,229.7400054931641
617,617,2021-07-19,228.5500030517578
618,618,2021-07-20,229.42999267578125
619,619,2021-07-21,230.1300048828125
620,620,2021-07-22,233.52999877929688
621,621,2021-07-23,222.5399932861328
622,622,2021-07-26,222.9600067138672
623,623,2021-07-27,219.1699981689453
624,624,2021-07-28,216.2400054931641
625,625,2021-07-29,216.0399932861328
626,626,2021-07-30,216.3699951171875
627,627,2021-08-02,216.44000244140625
628,628,2021-08-03,215.7700042724609
629,629,2021-08-04,213.8800048828125
630,630,2021-08-05,214.8699951171875
631,631,2021-08-06,213.91000366210935
632,632,2021-08-09,214.38999938964844
633,633,2021-08-10,211.9600067138672
634,634,2021-08-11,211.7400054931641
635,635,2021-08-12,210.3000030517578
636,636,2021-08-13,209.44000244140625
637,637,2021-08-16,210.6000061035156
638,638,2021-08-17,211.5500030517578
639,639,2021-08-18,208.7100067138672
640,640,2021-08-19,211.83999633789065
641,641,2021-08-20,213.0399932861328
642,642,2021-08-23,214.69000244140625
643,643,2021-08-24,213.3600006103516
644,644,2021-08-25,211.9600067138672
645,645,2021-08-26,212.72999572753903
646,646,2021-08-27,214.66000366210935
647,647,2021-08-30,216.1499938964844
648,648,2021-08-31,216.25999450683597
649,649,2021-09-01,218.50999450683597
650,650,2021-09-02,220.5
651,651,2021-09-03,220.22999572753903
652,652,2021-09-07,220.25
653,653,2021-09-08,222.72000122070312
654,654,2021-09-09,221.8999938964844
655,655,2021-09-10,221.1699981689453
656,656,2021-09-13,221.0800018310547
657,657,2021-09-14,221.9499969482422
658,658,2021-09-15,224.2700042724609
659,659,2021-09-16,224.72999572753903
660,660,2021-09-17,218.7700042724609
661,661,2021-09-20,214.0800018310547
662,662,2021-09-21,213.72000122070312
663,663,2021-09-22,214.8699951171875
664,664,2021-09-23,216.47999572753903
665,665,2021-09-24,217.7700042724609
666,666,2021-09-27,213.8999938964844
667,667,2021-09-28,205.66000366210935
668,668,2021-09-29,205.72999572753903
669,669,2021-09-30,205.00999450683597
670,670,2021-10-01,206.67999267578125
671,671,2021-10-04,205.3500061035156
672,672,2021-10-05,206.6300048828125
673,673,2021-10-06,208.19000244140625
674,674,2021-10-07,209.6300048828125
675,675,2021-10-08,205.94000244140625
676,676,2021-10-11,204.8300018310547
677,677,2021-10-12,204.6699981689453
678,678,2021-10-13,209.97000122070312
679,679,2021-10-14,213.22999572753903
680,680,2021-10-15,214.47000122070312
681,681,2021-10-18,214.41000366210935
682,682,2021-10-19,215.58999633789065
683,683,2021-10-20,214.2400054931641
684,684,2021-10-21,216.0800018310547
685,685,2021-10-22,218.75
686,686,2021-10-25,219.5200042724609
687,687,2021-10-26,215.7100067138672
688,688,2021-10-27,211.8300018310547
689,689,2021-10-28,210.7100067138672
690,690,2021-10-29,222.6699981689453
691,691,2021-11-01,223.07000732421875
692,692,2021-11-02,225.7100067138672
693,693,2021-11-03,226.08999633789065
694,694,2021-11-04,230.52999877929688
695,695,2021-11-05,232.66000366210935
696,696,2021-11-08,232.72000122070312
697,697,2021-11-09,233.5800018310547
698,698,2021-11-10,231.69000244140625
699,699,2021-11-11,233.13999938964844
700,700,2021-11-12,236.0500030517578
701,701,2021-11-15,239.2100067138672
702,702,2021-11-16,239.69000244140625
703,703,2021-11-17,239.5
704,704,2021-11-18,241.0200042724609
705,705,2021-11-19,245.6999969482422
706,706,2021-11-22,241.5
707,707,2021-11-23,241.8999938964844
708,708,2021-11-24,245.38999938964844
709,709,2021-11-26,241.0200042724609
710,710,2021-11-29,244.4600067138672
711,711,2021-11-30,239.91000366210935
712,712,2021-12-01,238.1499938964844
713,713,2021-12-02,240.72999572753903
714,714,2021-12-03,238.6100006103516
715,715,2021-12-06,240.0399932861328
716,716,2021-12-07,244.27999877929688
717,717,2021-12-08,242.92999267578125
718,718,2021-12-09,240.55999755859372
719,719,2021-12-10,244.6999969482422
720,720,2021-12-13,242.9199981689453
721,721,2021-12-14,238.07000732421875
722,722,2021-12-15,241.72000122070312
723,723,2021-12-16,239.9199981689453
724,724,2021-12-17,242.1100006103516
725,725,2021-12-20,241.1999969482422
726,726,2021-12-21,244.3000030517578
727,727,2021-12-22,246.72999572753903
728,728,2021-12-23,249.63999938964844
729,729,2021-12-27,252.0
730,730,2021-12-28,252.41000366210935
731,731,2021-12-29,255.92999267578125
732,732,2021-12-30,254.30999755859372
733,733,2021-12-31,253.82000732421875
734,734,2022-01-03,252.1100006103516
735,735,2022-01-04,250.42999267578125
736,736,2022-01-05,243.50999450683597
737,737,2022-01-06,241.82000732421875
738,738,2022-01-07,237.7100067138672
739,739,2022-01-10,236.6000061035156
740,740,2022-01-11,236.2400054931641
741,741,2022-01-12,238.25
742,742,2022-01-13,229.8600006103516
743,743,2022-01-14,226.47999572753903
744,744,2022-01-18,220.1000061035156
745,745,2022-01-19,217.2400054931641
746,746,2022-01-20,216.52999877929688
747,747,2022-01-21,217.13999938964844
748,748,2022-01-24,220.1000061035156
749,749,2022-01-25,212.75
750,750,2022-01-26,208.42999267578125
751,751,2022-01-27,207.44000244140625
752,752,2022-01-28,211.58999633789065
753,753,2022-01-31,217.17999267578125
754,754,2022-02-01,216.8500061035156
755,755,2022-02-02,223.47999572753903
756,756,2022-02-03,218.5500030517578
757,757,2022-02-04,218.42999267578125
758,758,2022-02-07,214.3999938964844
759,759,2022-02-08,216.82000732421875
760,760,2022-02-09,219.52999877929688
761,761,2022-02-10,212.72000122070312
762,762,2022-02-11,214.22999572753903
763,763,2022-02-14,213.55999755859372
764,764,2022-02-15,216.3000030517578
765,765,2022-02-16,212.25
766,766,2022-02-17,208.3699951171875
767,767,2022-02-18,208.22000122070312
768,768,2022-02-22,206.6699981689453
769,769,2022-02-23,202.94000244140625
770,770,2022-02-24,209.82000732421875
771,771,2022-02-25,214.19000244140625
772,772,2022-02-28,213.72000122070312
773,773,2022-03-01,216.0399932861328
774,774,2022-03-02,217.8500061035156
775,775,2022-03-03,218.72999572753903
776,776,2022-03-04,217.8699951171875
777,777,2022-03-07,214.8500061035156
778,778,2022-03-08,206.8300018310547
779,779,2022-03-09,209.58999633789065
780,780,2022-03-10,208.27999877929688
781,781,2022-03-11,204.16000366210935
782,782,2022-03-14,199.42999267578125
783,783,2022-03-15,204.38999938964844
784,784,2022-03-16,206.3500061035156
785,785,2022-03-17,212.66000366210935
786,786,2022-03-18,220.75
787,787,2022-03-21,214.9199981689453
788,788,2022-03-22,218.0800018310547
789,789,2022-03-23,211.8300018310547
790,790,2022-03-24,215.1100006103516
791,791,2022-03-25,215.75
792,792,2022-03-28,219.7400054931641
793,793,2022-03-29,221.3000030517578
794,794,2022-03-30,222.1199951171875
795,795,2022-03-31,222.4600067138672
796,796,2022-04-01,225.2700042724609
797,797,2022-04-04,226.5500030517578
798,798,2022-04-05,223.3999938964844
799,799,2022-04-06,220.0
800,800,2022-04-07,220.6999969482422
801,801,2022-04-08,218.77999877929688
802,802,2022-04-11,213.8500061035156
803,803,2022-04-12,213.33999633789065
804,804,2022-04-13,215.3300018310547
805,805,2022-04-14,215.3999938964844
806,806,2022-04-18,213.32000732421875
807,807,2022-04-19,218.27999877929688
808,808,2022-04-20,219.42999267578125
809,809,2022-04-21,212.5500030517578
810,810,2022-04-22,205.8500061035156
811,811,2022-04-25,211.1699981689453
812,812,2022-04-26,205.5800018310547
813,813,2022-04-27,203.6100006103516
814,814,2022-04-28,208.4199981689453
815,815,2022-04-29,178.69000244140625
816,816,2022-05-02,175.0
817,817,2022-05-03,183.13999938964844
818,818,2022-05-04,186.47999572753903
819,819,2022-05-05,175.75
820,820,2022-05-06,172.0500030517578
821,821,2022-05-09,164.86000061035156
822,822,2022-05-10,167.69000244140625
823,823,2022-05-11,166.94000244140625
824,824,2022-05-12,164.41000366210938
825,825,2022-05-13,165.11000061035156
826,826,2022-05-16,164.5500030517578
827,827,2022-05-17,168.52000427246094
828,828,2022-05-18,162.52000427246094
829,829,2022-05-19,163.4499969482422
830,830,2022-05-20,165.55999755859375
831,831,2022-05-23,166.7100067138672
832,832,2022-05-24,166.6199951171875
833,833,2022-05-25,170.97999572753906
834,834,2022-05-26,172.7100067138672
835,835,2022-05-27,176.32000732421875
836,836,2022-05-31,174.5500030517578
837,837,2022-06-01,174.3699951171875
838,838,2022-06-02,180.3300018310547
839,839,2022-06-03,177.6999969482422
840,840,2022-06-06,177.75999450683594
841,841,2022-06-07,179.0800018310547
842,842,2022-06-08,177.2100067138672
843,843,2022-06-09,173.61000061035156
844,844,2022-06-10,169.10000610351562
845,845,2022-06-13,162.6699981689453
846,846,2022-06-14,161.17999267578125
847,847,2022-06-15,163.8800048828125
848,848,2022-06-16,156.50999450683594
849,849,2022-06-17,157.5399932861328
850,850,2022-06-21,160.67999267578125
851,851,2022-06-22,157.77000427246094
852,852,2022-06-23,163.88999938964844
853,853,2022-06-24,169.27000427246094
854,854,2022-06-27,168.85000610351562
855,855,2022-06-28,164.25999450683594
856,856,2022-06-29,166.25999450683594
857,857,2022-06-30,167.3300018310547
858,858,2022-07-01,170.80999755859375
859,859,2022-07-05,172.3000030517578
860,860,2022-07-06,176.05999755859375
861,861,2022-07-07,178.6199951171875
862,862,2022-07-08,178.6300048828125
863,863,2022-07-11,175.83999633789062
864,864,2022-07-12,174.42999267578125
865,865,2022-07-13,175.27000427246094
866,866,2022-07-14,173.99000549316406
867,867,2022-07-15,177.47999572753906
868,868,2022-07-18,175.6300048828125
869,869,2022-07-19,181.82000732421875
870,870,2022-07-20,183.5800018310547
871,871,2022-07-21,186.75999450683597
872,872,2022-07-22,185.3000030517578
873,873,2022-07-25,181.44000244140625
874,874,2022-07-26,177.27999877929688
875,875,2022-07-27,181.38999938964844
876,876,2022-07-28,182.5399932861328
877,877,2022-07-29,189.16000366210935
878,878,2022-08-01,193.1199951171875
879,879,2022-08-02,193.1100006103516
880,880,2022-08-03,195.5399932861328
881,881,2022-08-04,197.1999969482422
882,882,2022-08-05,198.6999969482422
883,883,2022-08-08,197.6499938964844
884,884,2022-08-09,196.2400054931641
885,885,2022-08-10,199.8500061035156
886,886,2022-08-11,197.27999877929688
887,887,2022-08-12,202.08999633789065
888,888,2022-08-15,204.3300018310547
889,889,2022-08-16,204.0
890,890,2022-08-17,204.77999877929688
891,891,2022-08-18,206.47000122070312
892,892,2022-08-19,201.47000122070312
893,893,2022-08-22,196.00999450683597
894,894,2022-08-23,194.17999267578125
895,895,2022-08-24,193.3800048828125
896,896,2022-08-25,194.6100006103516
897,897,2022-08-26,187.50999450683597
898,898,2022-08-29,184.0800018310547
899,899,2022-08-30,181.75
900,900,2022-08-31,182.22000122070312
901,901,2022-09-01,182.42999267578125
902,902,2022-09-02,181.4499969482422
903,903,2022-09-06,182.2899932861328
904,904,2022-09-07,186.52999877929688
905,905,2022-09-08,187.3300018310547
906,906,2022-09-09,190.55999755859372
907,907,2022-09-12,189.0399932861328
908,908,2022-09-13,178.75
909,909,2022-09-14,178.33999633789062
910,910,2022-09-15,174.6199951171875
911,911,2022-09-16,175.02999877929688
912,912,2022-09-19,176.27000427246094
913,913,2022-09-20,174.72999572753906
914,914,2022-09-21,176.72000122070312
915,915,2022-09-22,174.63999938964844
916,916,2022-09-23,173.6999969482422
917,917,2022-09-26,173.3800048828125
918,918,2022-09-27,172.52999877929688
919,919,2022-09-28,177.2899932861328
920,920,2022-09-29,176.1699981689453
921,921,2022-09-30,173.6999969482422
922,922,2022-10-03,179.3000030517578
923,923,2022-10-04,183.4600067138672
924,924,2022-10-05,183.8699951171875
925,925,2022-10-06,182.0800018310547
926,926,2022-10-07,177.86000061035156
927,927,2022-10-10,176.99000549316406
928,928,2022-10-11,174.88999938964844
929,929,2022-10-12,175.67999267578125
930,930,2022-10-13,176.85000610351562
931,931,2022-10-14,174.0800018310547
932,932,2022-10-17,179.5500030517578
933,933,2022-10-18,182.88999938964844
934,934,2022-10-19,182.1000061035156
935,935,2022-10-20,178.6699981689453
936,936,2022-10-21,179.14999389648438
937,937,2022-10-24,182.1999969482422
938,938,2022-10-25,187.82000732421875
939,939,2022-10-26,184.9900054931641
940,940,2022-10-27,185.7899932861328
941,941,2022-10-28,203.3699951171875
942,942,2022-10-31,200.4600067138672
943,943,2022-11-01,196.97000122070312
944,944,2022-11-02,186.6100006103516
945,945,2022-11-03,180.19000244140625
946,946,2022-11-04,176.69000244140625
947,947,2022-11-07,177.8800048828125
948,948,2022-11-08,180.72999572753903
949,949,2022-11-09,178.32000732421875
950,950,2022-11-10,191.1199951171875
951,951,2022-11-11,192.38999938964844
952,952,2022-11-14,190.4499969482422
953,953,2022-11-15,195.52999877929688
954,954,2022-11-16,197.5500030517578
955,955,2022-11-17,195.5500030517578
956,956,2022-11-18,194.25
957,957,2022-11-21,195.50999450683597
958,958,2022-11-22,197.66000366210935
959,959,2022-11-23,199.30999755859372
960,960,2022-11-25,198.8699951171875
961,961,2022-11-28,197.75
962,962,2022-11-29,194.9600067138672
963,963,2022-11-30,199.80999755859372
964,964,2022-12-01,204.57000732421875
965,965,2022-12-02,202.1000061035156
966,966,2022-12-05,197.2899932861328
967,967,2022-12-06,197.4499969482422
968,968,2022-12-07,195.9900054931641
969,969,2022-12-08,197.3999938964844
970,970,2022-12-09,197.6699981689453
971,971,2022-12-12,199.69000244140625
972,972,2022-12-13,202.3500061035156
973,973,2022-12-14,200.8600006103516
974,974,2022-12-15,199.6699981689453
975,975,2022-12-16,200.6499938964844
976,976,2022-12-19,200.4900054931641
977,977,2022-12-20,202.7400054931641
978,978,2022-12-21,204.80999755859372
979,979,2022-12-22,203.42999267578125
980,980,2022-12-23,203.72000122070312
981,981,2022-12-27,204.07000732421875
982,982,2022-12-28,201.1300048828125
983,983,2022-12-29,205.3800048828125
984,984,2022-12-30,205.44000244140625
985,985,2023-01-03,201.9199981689453
986,986,2023-01-04,205.55999755859372
987,987,2023-01-05,200.0399932861328
988,988,2023-01-06,205.30999755859372
989,989,2023-01-09,208.25
990,990,2023-01-10,208.0
991,991,2023-01-11,211.6699981689453
992,992,2023-01-12,212.94000244140625
993,993,2023-01-13,213.91000366210935
994,994,2023-01-17,214.47999572753903
995,995,2023-01-18,212.32000732421875
996,996,2023-01-19,211.63999938964844
997,997,2023-01-20,214.91000366210935
998,998,2023-01-23,215.50999450683597
999,999,2023-01-24,215.50999450683597
1000,1000,2023-01-25,214.9499969482422
1001,1001,2023-01-26,217.88999938964844
1002,1002,2023-01-27,218.5200042724609
1003,1003,2023-01-30,216.19000244140625
1004,1004,2023-01-31,218.0500030517578
1005,1005,2023-02-01,220.72999572753903
1006,1006,2023-02-02,222.3699951171875
1007,1007,2023-02-03,217.72999572753903
1008,1008,2023-02-06,213.72999572753903
1009,1009,2023-02-07,215.8600006103516
1010,1010,2023-02-08,212.3600006103516
1011,1011,2023-02-09,208.08999633789065
1012,1012,2023-02-10,210.17999267578125
1013,1013,2023-02-13,212.8699951171875
1014,1014,2023-02-14,213.82000732421875
1015,1015,2023-02-15,213.5800018310547
1016,1016,2023-02-16,207.4199981689453
1017,1017,2023-02-17,204.7100067138672
1018,1018,2023-02-21,203.8699951171875
1019,1019,2023-02-22,203.0200042724609
1020,1020,2023-02-23,202.0
1021,1021,2023-02-24,198.3800048828125
1022,1022,2023-02-27,198.27999877929688
1023,1023,2023-02-28,196.8300018310547
1024,1024,2023-03-01,196.2700042724609
1025,1025,2023-03-02,197.0
1026,1026,2023-03-03,200.66000366210935
1027,1027,2023-03-06,199.8300018310547
1028,1028,2023-03-07,197.9499969482422
1029,1029,2023-03-08,198.3300018310547
1030,1030,2023-03-09,196.08999633789065
1031,1031,2023-03-10,191.1999969482422
1032,1032,2023-03-13,191.25999450683597
1033,1033,2023-03-14,192.05999755859372
1034,1034,2023-03-15,191.8999938964844
1035,1035,2023-03-16,194.17999267578125
1036,1036,2023-03-17,193.3500061035156
1037,1037,2023-03-20,198.17999267578125
1038,1038,2023-03-21,200.6000061035156
1039,1039,2023-03-22,197.16000366210935
1040,1040,2023-03-23,200.6199951171875
1041,1041,2023-03-24,201.8800048828125
1042,1042,2023-03-27,203.92999267578125
1043,1043,2023-03-28,204.1199951171875
1044,1044,2023-03-29,205.3699951171875
1045,1045,2023-03-30,206.1000061035156
1046,1046,2023-03-31,211.3300018310547
1047,1047,2023-04-03,213.33999633789065
1048,1048,2023-04-04,213.8500061035156
1049,1049,2023-04-05,212.44000244140625
1050,1050,2023-04-06,213.05999755859372
1051,1051,2023-04-10,212.5800018310547
1052,1052,2023-04-11,213.69000244140625
1053,1053,2023-04-12,212.6000061035156
1054,1054,2023-04-13,216.8699951171875
1055,1055,2023-04-14,216.4600067138672
1056,1056,2023-04-17,217.1300048828125
1057,1057,2023-04-18,217.97000122070312
1058,1058,2023-04-19,215.6199951171875
1059,1059,2023-04-20,215.2700042724609
1060,1060,2023-04-21,217.55999755859372
1061,1061,2023-04-24,215.63999938964844
1062,1062,2023-04-25,212.8300018310547
1063,1063,2023-04-26,212.1999969482422
1064,1064,2023-04-27,216.8999938964844
1065,1065,2023-04-28,221.8000030517578
1066,1066,2023-05-01,219.3999938964844
1067,1067,2023-05-02,219.6100006103516
1068,1068,2023-05-03,222.5800018310547
1069,1069,2023-05-04,220.7700042724609
1070,1070,2023-05-05,219.4900054931641
1071,1071,2023-05-08,219.8699951171875
1072,1072,2023-05-09,217.97000122070312
1073,1073,2023-05-10,222.94000244140625
1074,1074,2023-05-11,220.47000122070312
1075,1075,2023-05-12,222.72999572753903
1076,1076,2023-05-15,226.08999633789065
1077,1077,2023-05-16,224.47000122070312
1078,1078,2023-05-17,223.9600067138672
1079,1079,2023-05-18,225.9199981689453
1080,1080,2023-05-19,227.41000366210935
1081,1081,2023-05-22,228.5399932861328
1082,1082,2023-05-23,223.0200042724609
1083,1083,2023-05-24,222.0399932861328
1084,1084,2023-05-25,223.8500061035156
1085,1085,2023-05-26,225.9900054931641
1086,1086,2023-05-30,224.8500061035156
1087,1087,2023-05-31,223.32000732421875
1088,1088,2023-06-01,223.27999877929688
1089,1089,2023-06-02,226.97000122070312
1090,1090,2023-06-05,224.9600067138672
1091,1091,2023-06-06,224.3600006103516
1092,1092,2023-06-07,220.8300018310547
1093,1093,2023-06-08,220.50999450683597
1094,1094,2023-06-09,220.97000122070312
1095,1095,2023-06-12,223.91000366210935
1096,1096,2023-06-13,223.4499969482422
1097,1097,2023-06-14,220.7899932861328
1098,1098,2023-06-15,224.7100067138672
1099,1099,2023-06-16,223.69000244140625
1100,1100,2023-06-20,221.69000244140625
1101,1101,2023-06-21,220.3600006103516
1102,1102,2023-06-22,220.2700042724609
1103,1103,2023-06-23,221.3300018310547
1104,1104,2023-06-26,219.4499969482422
1105,1105,2023-06-27,221.44000244140625
1106,1106,2023-06-28,222.80999755859372
1107,1107,2023-06-29,222.92999267578125
1108,1108,2023-06-30,225.97000122070312
1109,1109,2023-07-03,222.91000366210935
1110,1110,2023-07-05,222.4499969482422
1111,1111,2023-07-06,223.1300048828125
1112,1112,2023-07-07,222.4499969482422
1113,1113,2023-07-10,225.08999633789065
1114,1114,2023-07-11,213.72999572753903
1115,1115,2023-07-12,215.8300018310547
1116,1116,2023-07-13,216.41000366210935
1117,1117,2023-07-14,216.6300048828125
1118,1118,2023-07-17,215.30999755859372
1119,1119,2023-07-18,215.4600067138672
1120,1120,2023-07-19,215.00999450683597
1121,1121,2023-07-20,213.6000061035156
1122,1122,2023-07-21,213.88999938964844
1123,1123,2023-07-24,211.8800048828125
1124,1124,2023-07-25,211.0500030517578
1125,1125,2023-07-26,210.83999633789065
1126,1126,2023-07-27,209.4499969482422
1127,1127,2023-07-28,208.27999877929688
1128,1128,2023-07-31,210.9499969482422
1129,1129,2023-08-01,211.3999938964844
1130,1130,2023-08-02,207.88999938964844
1131,1131,2023-08-03,208.1300048828125
1132,1132,2023-08-04,205.1100006103516
1133,1133,2023-08-07,205.25
1134,1134,2023-08-08,203.2100067138672
1135,1135,2023-08-09,204.6100006103516
1136,1136,2023-08-10,203.97000122070312
1137,1137,2023-08-11,205.9600067138672
1138,1138,2023-08-14,208.25999450683597
1139,1139,2023-08-15,206.1300048828125
1140,1140,2023-08-16,204.8699951171875
1141,1141,2023-08-17,201.1100006103516
1142,1142,2023-08-18,201.33999633789065
1143,1143,2023-08-21,201.92999267578125
1144,1144,2023-08-22,202.9900054931641
1145,1145,2023-08-23,205.19000244140625
1146,1146,2023-08-24,202.57000732421875
1147,1147,2023-08-25,205.7400054931641
1148,1148,2023-08-28,206.52999877929688
1149,1149,2023-08-29,207.3500061035156
1150,1150,2023-08-30,209.1199951171875
1151,1151,2023-08-31,207.7899932861328
1152,1152,2023-09-01,205.1499938964844
1153,1153,2023-09-05,206.25
1154,1154,2023-09-06,205.5800018310547
1155,1155,2023-09-07,207.75
1156,1156,2023-09-08,206.55999755859372
1157,1157,2023-09-11,202.25999450683597
1158,1158,2023-09-12,198.47999572753903
1159,1159,2023-09-13,199.47000122070312
1160,1160,2023-09-14,200.41000366210935
1161,1161,2023-09-15,200.72000122070312
1162,1162,2023-09-18,199.72000122070312
1163,1163,2023-09-19,200.3999938964844
1164,1164,2023-09-20,200.75
1165,1165,2023-09-21,200.3300018310547
1166,1166,2023-09-22,199.72000122070312
1167,1167,2023-09-25,200.94000244140625
1168,1168,2023-09-26,200.2899932861328
1169,1169,2023-09-27,200.47000122070312
1170,1170,2023-09-28,202.58999633789065
1171,1171,2023-09-29,202.52999877929688
1172,1172,2023-10-02,202.33999633789065
1173,1173,2023-10-03,201.30999755859372
1174,1174,2023-10-04,204.5
1175,1175,2023-10-05,205.0800018310547
1176,1176,2023-10-06,207.2100067138672
1177,1177,2023-10-09,207.7700042724609
1178,1178,2023-10-10,208.2899932861328
1179,1179,2023-10-11,210.08999633789065
1180,1180,2023-10-12,208.92999267578125
1181,1181,2023-10-13,207.47000122070312
1182,1182,2023-10-16,211.17999267578125
1183,1183,2023-10-17,214.2700042724609
1184,1184,2023-10-18,213.0399932861328
1185,1185,2023-10-19,211.66000366210935
1186,1186,2023-10-20,208.1199951171875
1187,1187,2023-10-23,206.4199981689453
1188,1188,2023-10-24,206.8699951171875
1189,1189,2023-10-25,206.47000122070312
1190,1190,2023-10-26,204.52999877929688
1191,1191,2023-10-27,192.6300048828125
1192,1192,2023-10-30,198.1300048828125
1193,1193,2023-10-31,199.66000366210935
1194,1194,2023-11-01,194.52999877929688
1195,1195,2023-11-02,200.3500061035156
1196,1196,2023-11-03,202.4900054931641
1197,1197,2023-11-06,203.30999755859372
1198,1198,2023-11-07,203.8600006103516
1199,1199,2023-11-08,205.0200042724609
1200,1200,2023-11-09,204.0399932861328
1201,1201,2023-11-10,207.25999450683597
1202,1202,2023-11-13,208.1199951171875
1203,1203,2023-11-14,208.1000061035156
1204,1204,2023-11-15,206.5500030517578
1205,1205,2023-11-16,209.32000732421875
1206,1206,2023-11-17,210.1199951171875
1207,1207,2023-11-20,210.8800048828125
1208,1208,2023-11-21,212.6000061035156
1209,1209,2023-11-22,214.16000366210935
1210,1210,2023-11-24,213.22999572753903
1211,1211,2023-11-27,213.9600067138672
1212,1212,2023-11-28,213.4900054931641
1213,1213,2023-11-29,211.6999969482422
1214,1214,2023-11-30,212.1999969482422
1215,1215,2023-12-01,217.7700042724609
1216,1216,2023-12-04,218.72999572753903
1217,1217,2023-12-05,217.17999267578125
1218,1218,2023-12-06,215.97999572753903
1219,1219,2023-12-07,214.58999633789065
1220,1220,2023-12-08,212.97000122070312
1221,1221,2023-12-11,213.9900054931641
1222,1222,2023-12-12,216.80999755859372
1223,1223,2023-12-13,220.0200042724609
1224,1224,2023-12-14,210.4900054931641
1225,1225,2023-12-15,206.6499938964844
1226,1226,2023-12-18,206.25
1227,1227,2023-12-19,205.13999938964844
1228,1228,2023-12-20,204.27999877929688
1229,1229,2023-12-21,204.4600067138672
1230,1230,2023-12-22,206.38999938964844
1231,1231,2023-12-26,206.8300018310547
1232,1232,2023-12-27,205.75
1233,1233,2023-12-28,206.27999877929688
1234,1234,2023-12-29,205.9600067138672
1235,1235,2024-01-02,201.55999755859372
1236,1236,2024-01-03,201.2100067138672
1237,1237,2024-01-04,198.47999572753903
1238,1238,2024-01-05,196.91000366210935
1239,1239,2024-01-08,199.0
1240,1240,2024-01-09,197.57000732421875
1241,1241,2024-01-10,203.4199981689453
1242,1242,2024-01-11,203.75999450683597
1243,1243,2024-01-12,204.17999267578125
1244,1244,2024-01-16,202.44000244140625
1245,1245,2024-01-17,201.83999633789065
1246,1246,2024-01-18,203.9900054931641
1247,1247,2024-01-19,205.3699951171875
1248,1248,2024-01-22,205.25999450683597
1249,1249,2024-01-23,206.3500061035156
1250,1250,2024-01-24,203.97999572753903
1251,1251,2024-01-25,203.0399932861328
1252,1252,2024-01-26,203.1100006103516
1253,1253,2024-01-29,202.8999938964844
1254,1254,2024-01-30,201.8000030517578
1255,1255,2024-01-31,198.8800048828125
1256,1256,2024-02-01,200.25
1257,1257,2024-02-02,199.6000061035156
1258,1258,2024-02-05,197.66000366210935
